,electricity,wind_speed
2019-01-01 00:00:00,0.874,21.58
2019-01-01 01:00:00,0.947,20.142
2019-01-01 02:00:00,0.978,18.87
2019-01-01 03:00:00,0.981,18.654
2019-01-01 04:00:00,0.98,18.751
2019-01-01 05:00:00,0.981,18.722
2019-01-01 06:00:00,0.983,18.528
2019-01-01 07:00:00,0.985,18.268
2019-01-01 08:00:00,0.988,17.786
2019-01-01 09:00:00,0.989,17.139
2019-01-01 10:00:00,0.985,16.265
2019-01-01 11:00:00,0.975,15.433
2019-01-01 12:00:00,0.961,14.65
2019-01-01 13:00:00,0.944,14.022
2019-01-01 14:00:00,0.923,13.394
2019-01-01 15:00:00,0.891,12.706
2019-01-01 16:00:00,0.852,12.034
2019-01-01 17:00:00,0.802,11.35
2019-01-01 18:00:00,0.749,10.77
2019-01-01 19:00:00,0.696,10.257
2019-01-01 20:00:00,0.636,9.745
2019-01-01 21:00:00,0.551,9.083
2019-01-01 22:00:00,0.444,8.284
2019-01-01 23:00:00,0.336,7.472
2019-01-02 00:00:00,0.246,6.711
2019-01-02 01:00:00,0.164,5.894
2019-01-02 02:00:00,0.111,5.236
2019-01-02 03:00:00,0.095,5.015
2019-01-02 04:00:00,0.118,5.34
2019-01-02 05:00:00,0.164,5.903
2019-01-02 06:00:00,0.21,6.378
2019-01-02 07:00:00,0.246,6.71
2019-01-02 08:00:00,0.273,6.953
2019-01-02 09:00:00,0.29,7.095
2019-01-02 10:00:00,0.303,7.213
2019-01-02 11:00:00,0.323,7.368
2019-01-02 12:00:00,0.336,7.476
2019-01-02 13:00:00,0.337,7.482
2019-01-02 14:00:00,0.335,7.466
2019-01-02 15:00:00,0.351,7.588
2019-01-02 16:00:00,0.386,7.859
2019-01-02 17:00:00,0.422,8.13
2019-01-02 18:00:00,0.453,8.355
2019-01-02 19:00:00,0.468,8.469
2019-01-02 20:00:00,0.468,8.469
2019-01-02 21:00:00,0.47,8.481
2019-01-02 22:00:00,0.484,8.59
2019-01-02 23:00:00,0.514,8.807
2019-01-03 00:00:00,0.551,9.085
2019-01-03 01:00:00,0.581,9.312
2019-01-03 02:00:00,0.598,9.439
2019-01-03 03:00:00,0.617,9.595
2019-01-03 04:00:00,0.656,9.902
2019-01-03 05:00:00,0.689,10.2
2019-01-03 06:00:00,0.707,10.353
2019-01-03 07:00:00,0.705,10.343
2019-01-03 08:00:00,0.677,10.085
2019-01-03 09:00:00,0.667,10.009
2019-01-03 10:00:00,0.701,10.309
2019-01-03 11:00:00,0.738,10.66
2019-01-03 12:00:00,0.76,10.882
2019-01-03 13:00:00,0.795,11.272
2019-01-03 14:00:00,0.832,11.741
2019-01-03 15:00:00,0.844,11.9
2019-01-03 16:00:00,0.862,12.191
2019-01-03 17:00:00,0.889,12.648
2019-01-03 18:00:00,0.887,12.62
2019-01-03 19:00:00,0.876,12.422
2019-01-03 20:00:00,0.874,12.388
2019-01-03 21:00:00,0.887,12.625
2019-01-03 22:00:00,0.903,12.951
2019-01-03 23:00:00,0.915,13.224
2019-01-04 00:00:00,0.923,13.418
2019-01-04 01:00:00,0.932,13.652
2019-01-04 02:00:00,0.939,13.832
2019-01-04 03:00:00,0.937,13.789
2019-01-04 04:00:00,0.927,13.519
2019-01-04 05:00:00,0.92,13.337
2019-01-04 06:00:00,0.924,13.423
2019-01-04 07:00:00,0.941,13.904
2019-01-04 08:00:00,0.952,14.3
2019-01-04 09:00:00,0.955,14.401
2019-01-04 10:00:00,0.956,14.443
2019-01-04 11:00:00,0.957,14.476
2019-01-04 12:00:00,0.956,14.428
2019-01-04 13:00:00,0.95,14.215
2019-01-04 14:00:00,0.942,13.956
2019-01-04 15:00:00,0.923,13.405
2019-01-04 16:00:00,0.904,12.973
2019-01-04 17:00:00,0.882,12.545
2019-01-04 18:00:00,0.867,12.283
2019-01-04 19:00:00,0.861,12.174
2019-01-04 20:00:00,0.855,12.079
2019-01-04 21:00:00,0.839,11.852
2019-01-04 22:00:00,0.815,11.511
2019-01-04 23:00:00,0.786,11.164
2019-01-05 00:00:00,0.762,10.891
2019-01-05 01:00:00,0.741,10.689
2019-01-05 02:00:00,0.722,10.491
2019-01-05 03:00:00,0.691,10.218
2019-01-05 04:00:00,0.662,9.959
2019-01-05 05:00:00,0.636,9.751
2019-01-05 06:00:00,0.61,9.541
2019-01-05 07:00:00,0.594,9.402
2019-01-05 08:00:00,0.586,9.351
2019-01-05 09:00:00,0.597,9.435
2019-01-05 10:00:00,0.633,9.71
2019-01-05 11:00:00,0.685,10.157
2019-01-05 12:00:00,0.722,10.495
2019-01-05 13:00:00,0.746,10.735
2019-01-05 14:00:00,0.766,10.944
2019-01-05 15:00:00,0.786,11.166
2019-01-05 16:00:00,0.801,11.331
2019-01-05 17:00:00,0.811,11.474
2019-01-05 18:00:00,0.825,11.643
2019-01-05 19:00:00,0.857,12.12
2019-01-05 20:00:00,0.89,12.67
2019-01-05 21:00:00,0.905,12.981
2019-01-05 22:00:00,0.88,12.493
2019-01-05 23:00:00,0.847,11.955
2019-01-06 00:00:00,0.815,11.509
2019-01-06 01:00:00,0.877,12.44
2019-01-06 02:00:00,0.909,13.075
2019-01-06 03:00:00,0.895,12.782
2019-01-06 04:00:00,0.866,12.263
2019-01-06 05:00:00,0.836,11.803
2019-01-06 06:00:00,0.802,11.351
2019-01-06 07:00:00,0.745,10.73
2019-01-06 08:00:00,0.648,9.846
2019-01-06 09:00:00,0.555,9.114
2019-01-06 10:00:00,0.497,8.671
2019-01-06 11:00:00,0.373,7.757
2019-01-06 12:00:00,0.28,7.011
2019-01-06 13:00:00,0.253,6.779
2019-01-06 14:00:00,0.206,6.339
2019-01-06 15:00:00,0.157,5.816
2019-01-06 16:00:00,0.134,5.539
2019-01-06 17:00:00,0.107,5.185
2019-01-06 18:00:00,0.06,4.389
2019-01-06 19:00:00,0.039,3.931
2019-01-06 20:00:00,0.087,4.889
2019-01-06 21:00:00,0.197,6.252
2019-01-06 22:00:00,0.403,7.984
2019-01-06 23:00:00,0.663,9.974
2019-01-07 00:00:00,0.844,11.916
2019-01-07 01:00:00,0.932,13.66
2019-01-07 02:00:00,0.976,15.482
2019-01-07 03:00:00,0.989,16.997
2019-01-07 04:00:00,0.988,17.854
2019-01-07 05:00:00,0.98,18.8
2019-01-07 06:00:00,0.931,20.56
2019-01-07 07:00:00,0.883,21.435
2019-01-07 08:00:00,0.882,21.452
2019-01-07 09:00:00,0.795,22.549
2019-01-07 10:00:00,0.657,23.798
2019-01-07 11:00:00,0.687,23.549
2019-01-07 12:00:00,0.765,22.848
2019-01-07 13:00:00,0.645,23.9
2019-01-07 14:00:00,0.596,24.287
2019-01-07 15:00:00,0.581,24.403
2019-01-07 16:00:00,0.43,25.544
2019-01-07 17:00:00,0.227,27.259
2019-01-07 18:00:00,0.203,27.507
2019-01-07 19:00:00,0.375,25.971
2019-01-07 20:00:00,0.608,24.193
2019-01-07 21:00:00,0.793,22.559
2019-01-07 22:00:00,0.91,20.986
2019-01-07 23:00:00,0.965,19.536
2019-01-08 00:00:00,0.986,18.121
2019-01-08 01:00:00,0.989,17.027
2019-01-08 02:00:00,0.986,16.432
2019-01-08 03:00:00,0.985,16.327
2019-01-08 04:00:00,0.988,16.679
2019-01-08 05:00:00,0.988,16.824
2019-01-08 06:00:00,0.988,16.873
2019-01-08 07:00:00,0.989,16.952
2019-01-08 08:00:00,0.987,16.598
2019-01-08 09:00:00,0.983,16.084
2019-01-08 10:00:00,0.978,15.632
2019-01-08 11:00:00,0.975,15.375
2019-01-08 12:00:00,0.972,15.201
2019-01-08 13:00:00,0.965,14.836
2019-01-08 14:00:00,0.949,14.194
2019-01-08 15:00:00,0.927,13.502
2019-01-08 16:00:00,0.901,12.907
2019-01-08 17:00:00,0.868,12.293
2019-01-08 18:00:00,0.811,11.474
2019-01-08 19:00:00,0.767,10.961
2019-01-08 20:00:00,0.704,10.328
2019-01-08 21:00:00,0.556,9.123
2019-01-08 22:00:00,0.406,8.004
2019-01-08 23:00:00,0.311,7.274
2019-01-09 00:00:00,0.235,6.612
2019-01-09 01:00:00,0.197,6.248
2019-01-09 02:00:00,0.179,6.05
2019-01-09 03:00:00,0.093,4.981
2019-01-09 04:00:00,0.071,4.604
2019-01-09 05:00:00,0.052,4.249
2019-01-09 06:00:00,0.048,4.154
2019-01-09 07:00:00,0.062,4.441
2019-01-09 08:00:00,0.105,5.149
2019-01-09 09:00:00,0.234,6.607
2019-01-09 10:00:00,0.425,8.145
2019-01-09 11:00:00,0.552,9.094
2019-01-09 12:00:00,0.636,9.745
2019-01-09 13:00:00,0.726,10.543
2019-01-09 14:00:00,0.811,11.465
2019-01-09 15:00:00,0.861,12.18
2019-01-09 16:00:00,0.876,12.422
2019-01-09 17:00:00,0.866,12.266
2019-01-09 18:00:00,0.851,12.02
2019-01-09 19:00:00,0.82,11.584
2019-01-09 20:00:00,0.822,11.613
2019-01-09 21:00:00,0.87,12.32
2019-01-09 22:00:00,0.896,12.804
2019-01-09 23:00:00,0.899,12.862
2019-01-10 00:00:00,0.903,12.942
2019-01-10 01:00:00,0.916,13.234
2019-01-10 02:00:00,0.926,13.476
2019-01-10 03:00:00,0.919,13.32
2019-01-10 04:00:00,0.929,13.558
2019-01-10 05:00:00,0.935,13.736
2019-01-10 06:00:00,0.944,14.003
2019-01-10 07:00:00,0.948,14.139
2019-01-10 08:00:00,0.944,13.998
2019-01-10 09:00:00,0.957,14.492
2019-01-10 10:00:00,0.966,14.912
2019-01-10 11:00:00,0.971,15.166
2019-01-10 12:00:00,0.98,15.803
2019-01-10 13:00:00,0.978,15.592
2019-01-10 14:00:00,0.97,15.094
2019-01-10 15:00:00,0.972,15.207
2019-01-10 16:00:00,0.977,15.55
2019-01-10 17:00:00,0.975,15.416
2019-01-10 18:00:00,0.97,15.097
2019-01-10 19:00:00,0.965,14.847
2019-01-10 20:00:00,0.965,14.815
2019-01-10 21:00:00,0.969,15.063
2019-01-10 22:00:00,0.976,15.447
2019-01-10 23:00:00,0.978,15.595
2019-01-11 00:00:00,0.978,15.626
2019-01-11 01:00:00,0.976,15.492
2019-01-11 02:00:00,0.968,15.004
2019-01-11 03:00:00,0.955,14.414
2019-01-11 04:00:00,0.937,13.782
2019-01-11 05:00:00,0.912,13.136
2019-01-11 06:00:00,0.871,12.332
2019-01-11 07:00:00,0.817,11.543
2019-01-11 08:00:00,0.764,10.928
2019-01-11 09:00:00,0.739,10.67
2019-01-11 10:00:00,0.732,10.596
2019-01-11 11:00:00,0.738,10.651
2019-01-11 12:00:00,0.754,10.819
2019-01-11 13:00:00,0.758,10.853
2019-01-11 14:00:00,0.739,10.672
2019-01-11 15:00:00,0.718,10.467
2019-01-11 16:00:00,0.705,10.334
2019-01-11 17:00:00,0.686,10.167
2019-01-11 18:00:00,0.722,10.491
2019-01-11 19:00:00,0.834,11.759
2019-01-11 20:00:00,0.932,13.637
2019-01-11 21:00:00,0.974,15.368
2019-01-11 22:00:00,0.988,16.889
2019-01-11 23:00:00,0.988,16.735
2019-01-12 00:00:00,0.987,16.529
2019-01-12 01:00:00,0.989,17.186
2019-01-12 02:00:00,0.989,17.344
2019-01-12 03:00:00,0.989,17.399
2019-01-12 04:00:00,0.987,17.981
2019-01-12 05:00:00,0.978,18.923
2019-01-12 06:00:00,0.966,19.526
2019-01-12 07:00:00,0.973,19.198
2019-01-12 08:00:00,0.978,18.92
2019-01-12 09:00:00,0.982,18.629
2019-01-12 10:00:00,0.988,17.92
2019-01-12 11:00:00,0.989,17.098
2019-01-12 12:00:00,0.986,16.444
2019-01-12 13:00:00,0.98,15.736
2019-01-12 14:00:00,0.963,14.725
2019-01-12 15:00:00,0.943,13.966
2019-01-12 16:00:00,0.922,13.367
2019-01-12 17:00:00,0.892,12.722
2019-01-12 18:00:00,0.834,11.77
2019-01-12 19:00:00,0.871,12.34
2019-01-12 20:00:00,0.97,15.077
2019-01-12 21:00:00,0.989,17.475
2019-01-12 22:00:00,0.982,18.613
2019-01-12 23:00:00,0.977,18.983
2019-01-13 00:00:00,0.981,18.671
2019-01-13 01:00:00,0.982,18.633
2019-01-13 02:00:00,0.98,18.74
2019-01-13 03:00:00,0.979,18.846
2019-01-13 04:00:00,0.981,18.696
2019-01-13 05:00:00,0.985,18.276
2019-01-13 06:00:00,0.988,17.823
2019-01-13 07:00:00,0.988,16.759
2019-01-13 08:00:00,0.97,15.085
2019-01-13 09:00:00,0.902,12.929
2019-01-13 10:00:00,0.823,11.624
2019-01-13 11:00:00,0.804,11.377
2019-01-13 12:00:00,0.841,11.88
2019-01-13 13:00:00,0.88,12.491
2019-01-13 14:00:00,0.906,13.019
2019-01-13 15:00:00,0.914,13.179
2019-01-13 16:00:00,0.917,13.257
2019-01-13 17:00:00,0.924,13.442
2019-01-13 18:00:00,0.937,13.797
2019-01-13 19:00:00,0.947,14.125
2019-01-13 20:00:00,0.95,14.215
2019-01-13 21:00:00,0.956,14.44
2019-01-13 22:00:00,0.96,14.618
2019-01-13 23:00:00,0.965,14.83
2019-01-14 00:00:00,0.968,14.984
2019-01-14 01:00:00,0.969,15.035
2019-01-14 02:00:00,0.963,14.747
2019-01-14 03:00:00,0.941,13.924
2019-01-14 04:00:00,0.898,12.834
2019-01-14 05:00:00,0.823,11.624
2019-01-14 06:00:00,0.701,10.303
2019-01-14 07:00:00,0.537,8.979
2019-01-14 08:00:00,0.361,7.659
2019-01-14 09:00:00,0.266,6.892
2019-01-14 10:00:00,0.229,6.559
2019-01-14 11:00:00,0.215,6.425
2019-01-14 12:00:00,0.244,6.694
2019-01-14 13:00:00,0.308,7.239
2019-01-14 14:00:00,0.396,7.933
2019-01-14 15:00:00,0.416,8.079
2019-01-14 16:00:00,0.266,6.89
2019-01-14 17:00:00,0.073,4.64
2019-01-14 18:00:00,0.01,2.895
2019-01-14 19:00:00,0.083,4.815
2019-01-14 20:00:00,0.363,7.686
2019-01-14 21:00:00,0.656,9.91
2019-01-14 22:00:00,0.83,11.723
2019-01-14 23:00:00,0.944,13.994
2019-01-15 00:00:00,0.989,17.288
2019-01-15 01:00:00,0.957,19.855
2019-01-15 02:00:00,0.949,20.097
2019-01-15 03:00:00,0.962,19.689
2019-01-15 04:00:00,0.973,19.195
2019-01-15 05:00:00,0.986,18.229
2019-01-15 06:00:00,0.989,17.12
2019-01-15 07:00:00,0.981,15.899
2019-01-15 08:00:00,0.965,14.828
2019-01-15 09:00:00,0.949,14.171
2019-01-15 10:00:00,0.922,13.371
2019-01-15 11:00:00,0.873,12.379
2019-01-15 12:00:00,0.803,11.37
2019-01-15 13:00:00,0.702,10.315
2019-01-15 14:00:00,0.516,8.821
2019-01-15 15:00:00,0.255,6.8
2019-01-15 16:00:00,0.055,4.301
2019-01-15 17:00:00,0.005,2.466
2019-01-15 18:00:00,0.021,3.41
2019-01-15 19:00:00,0.148,5.706
2019-01-15 20:00:00,0.319,7.337
2019-01-15 21:00:00,0.448,8.316
2019-01-15 22:00:00,0.49,8.632
2019-01-15 23:00:00,0.404,7.999
2019-01-16 00:00:00,0.28,7.019
2019-01-16 01:00:00,0.226,6.535
2019-01-16 02:00:00,0.21,6.375
2019-01-16 03:00:00,0.232,6.592
2019-01-16 04:00:00,0.328,7.4
2019-01-16 05:00:00,0.423,8.136
2019-01-16 06:00:00,0.511,8.782
2019-01-16 07:00:00,0.609,9.535
2019-01-16 08:00:00,0.72,10.481
2019-01-16 09:00:00,0.795,11.264
2019-01-16 10:00:00,0.843,11.909
2019-01-16 11:00:00,0.893,12.734
2019-01-16 12:00:00,0.933,13.684
2019-01-16 13:00:00,0.951,14.26
2019-01-16 14:00:00,0.962,14.72
2019-01-16 15:00:00,0.98,15.78
2019-01-16 16:00:00,0.989,17.085
2019-01-16 17:00:00,0.989,17.655
2019-01-16 18:00:00,0.987,18.113
2019-01-16 19:00:00,0.979,18.817
2019-01-16 20:00:00,0.968,19.436
2019-01-16 21:00:00,0.955,19.914
2019-01-16 22:00:00,0.942,20.286
2019-01-16 23:00:00,0.927,20.646
2019-01-17 00:00:00,0.904,21.095
2019-01-17 01:00:00,0.908,21.03
2019-01-17 02:00:00,0.948,20.115
2019-01-17 03:00:00,0.972,19.256
2019-01-17 04:00:00,0.981,18.641
2019-01-17 05:00:00,0.988,17.893
2019-01-17 06:00:00,0.989,16.957
2019-01-17 07:00:00,0.981,15.861
2019-01-17 08:00:00,0.962,14.674
2019-01-17 09:00:00,0.92,13.327
2019-01-17 10:00:00,0.851,12.011
2019-01-17 11:00:00,0.758,10.852
2019-01-17 12:00:00,0.639,9.776
2019-01-17 13:00:00,0.528,8.906
2019-01-17 14:00:00,0.465,8.441
2019-01-17 15:00:00,0.427,8.164
2019-01-17 16:00:00,0.381,7.82
2019-01-17 17:00:00,0.325,7.385
2019-01-17 18:00:00,0.255,6.802
2019-01-17 19:00:00,0.193,6.206
2019-01-17 20:00:00,0.131,5.506
2019-01-17 21:00:00,0.073,4.639
2019-01-17 22:00:00,0.032,3.749
2019-01-17 23:00:00,0.013,3.063
2019-01-18 00:00:00,0.007,2.708
2019-01-18 01:00:00,0.007,2.668
2019-01-18 02:00:00,0.013,3.05
2019-01-18 03:00:00,0.038,3.899
2019-01-18 04:00:00,0.092,4.964
2019-01-18 05:00:00,0.153,5.772
2019-01-18 06:00:00,0.191,6.182
2019-01-18 07:00:00,0.206,6.341
2019-01-18 08:00:00,0.211,6.394
2019-01-18 09:00:00,0.219,6.468
2019-01-18 10:00:00,0.232,6.588
2019-01-18 11:00:00,0.249,6.738
2019-01-18 12:00:00,0.26,6.841
2019-01-18 13:00:00,0.264,6.878
2019-01-18 14:00:00,0.262,6.857
2019-01-18 15:00:00,0.262,6.861
2019-01-18 16:00:00,0.275,6.974
2019-01-18 17:00:00,0.293,7.118
2019-01-18 18:00:00,0.305,7.228
2019-01-18 19:00:00,0.312,7.276
2019-01-18 20:00:00,0.311,7.273
2019-01-18 21:00:00,0.304,7.217
2019-01-18 22:00:00,0.293,7.121
2019-01-18 23:00:00,0.277,6.986
2019-01-19 00:00:00,0.259,6.835
2019-01-19 01:00:00,0.248,6.732
2019-01-19 02:00:00,0.247,6.724
2019-01-19 03:00:00,0.259,6.828
2019-01-19 04:00:00,0.275,6.974
2019-01-19 05:00:00,0.29,7.095
2019-01-19 06:00:00,0.298,7.164
2019-01-19 07:00:00,0.313,7.289
2019-01-19 08:00:00,0.353,7.603
2019-01-19 09:00:00,0.409,8.027
2019-01-19 10:00:00,0.464,8.435
2019-01-19 11:00:00,0.514,8.799
2019-01-19 12:00:00,0.542,9.016
2019-01-19 13:00:00,0.542,9.008
2019-01-19 14:00:00,0.524,8.883
2019-01-19 15:00:00,0.513,8.796
2019-01-19 16:00:00,0.51,8.776
2019-01-19 17:00:00,0.512,8.794
2019-01-19 18:00:00,0.528,8.9
2019-01-19 19:00:00,0.554,9.109
2019-01-19 20:00:00,0.58,9.307
2019-01-19 21:00:00,0.601,9.457
2019-01-19 22:00:00,0.605,9.493
2019-01-19 23:00:00,0.575,9.269
2019-01-20 00:00:00,0.522,8.87
2019-01-20 01:00:00,0.459,8.397
2019-01-20 02:00:00,0.404,7.987
2019-01-20 03:00:00,0.382,7.826
2019-01-20 04:00:00,0.418,8.095
2019-01-20 05:00:00,0.514,8.806
2019-01-20 06:00:00,0.604,9.484
2019-01-20 07:00:00,0.67,10.031
2019-01-20 08:00:00,0.797,11.301
2019-01-20 09:00:00,0.912,13.137
2019-01-20 10:00:00,0.957,14.479
2019-01-20 11:00:00,0.964,14.803
2019-01-20 12:00:00,0.968,14.986
2019-01-20 13:00:00,0.973,15.257
2019-01-20 14:00:00,0.97,15.119
2019-01-20 15:00:00,0.968,14.983
2019-01-20 16:00:00,0.966,14.896
2019-01-20 17:00:00,0.958,14.533
2019-01-20 18:00:00,0.947,14.127
2019-01-20 19:00:00,0.932,13.661
2019-01-20 20:00:00,0.899,12.871
2019-01-20 21:00:00,0.836,11.807
2019-01-20 22:00:00,0.769,10.977
2019-01-20 23:00:00,0.718,10.468
2019-01-21 00:00:00,0.705,10.33
2019-01-21 01:00:00,0.724,10.519
2019-01-21 02:00:00,0.757,10.845
2019-01-21 03:00:00,0.789,11.199
2019-01-21 04:00:00,0.832,11.752
2019-01-21 05:00:00,0.883,12.551
2019-01-21 06:00:00,0.928,13.526
2019-01-21 07:00:00,0.957,14.497
2019-01-21 08:00:00,0.974,15.328
2019-01-21 09:00:00,0.984,16.184
2019-01-21 10:00:00,0.989,17.051
2019-01-21 11:00:00,0.989,17.676
2019-01-21 12:00:00,0.987,18.042
2019-01-21 13:00:00,0.985,18.319
2019-01-21 14:00:00,0.984,18.387
2019-01-21 15:00:00,0.982,18.575
2019-01-21 16:00:00,0.978,18.89
2019-01-21 17:00:00,0.977,18.991
2019-01-21 18:00:00,0.986,18.245
2019-01-21 19:00:00,0.984,16.156
2019-01-21 20:00:00,0.915,13.222
2019-01-21 21:00:00,0.724,10.523
2019-01-21 22:00:00,0.608,9.512
2019-01-21 23:00:00,0.552,9.094
2019-01-22 00:00:00,0.518,8.828
2019-01-22 01:00:00,0.484,8.586
2019-01-22 02:00:00,0.467,8.463
2019-01-22 03:00:00,0.484,8.589
2019-01-22 04:00:00,0.509,8.762
2019-01-22 05:00:00,0.478,8.531
2019-01-22 06:00:00,0.38,7.813
2019-01-22 07:00:00,0.264,6.877
2019-01-22 08:00:00,0.181,6.077
2019-01-22 09:00:00,0.123,5.404
2019-01-22 10:00:00,0.074,4.658
2019-01-22 11:00:00,0.049,4.173
2019-01-22 12:00:00,0.049,4.166
2019-01-22 13:00:00,0.076,4.698
2019-01-22 14:00:00,0.147,5.695
2019-01-22 15:00:00,0.282,7.038
2019-01-22 16:00:00,0.426,8.16
2019-01-22 17:00:00,0.552,9.095
2019-01-22 18:00:00,0.656,9.907
2019-01-22 19:00:00,0.73,10.575
2019-01-22 20:00:00,0.768,10.964
2019-01-22 21:00:00,0.774,11.03
2019-01-22 22:00:00,0.763,10.91
2019-01-22 23:00:00,0.746,10.736
2019-01-23 00:00:00,0.736,10.634
2019-01-23 01:00:00,0.731,10.58
2019-01-23 02:00:00,0.735,10.621
2019-01-23 03:00:00,0.709,10.378
2019-01-23 04:00:00,0.636,9.75
2019-01-23 05:00:00,0.554,9.106
2019-01-23 06:00:00,0.462,8.417
2019-01-23 07:00:00,0.378,7.797
2019-01-23 08:00:00,0.326,7.39
2019-01-23 09:00:00,0.244,6.702
2019-01-23 10:00:00,0.189,6.163
2019-01-23 11:00:00,0.164,5.896
2019-01-23 12:00:00,0.162,5.875
2019-01-23 13:00:00,0.179,6.058
2019-01-23 14:00:00,0.175,6.021
2019-01-23 15:00:00,0.151,5.753
2019-01-23 16:00:00,0.129,5.486
2019-01-23 17:00:00,0.115,5.286
2019-01-23 18:00:00,0.11,5.22
2019-01-23 19:00:00,0.127,5.447
2019-01-23 20:00:00,0.156,5.804
2019-01-23 21:00:00,0.172,5.981
2019-01-23 22:00:00,0.164,5.894
2019-01-23 23:00:00,0.15,5.742
2019-01-24 00:00:00,0.174,6.005
2019-01-24 01:00:00,0.195,6.224
2019-01-24 02:00:00,0.183,6.107
2019-01-24 03:00:00,0.177,6.037
2019-01-24 04:00:00,0.19,6.168
2019-01-24 05:00:00,0.166,5.918
2019-01-24 06:00:00,0.135,5.546
2019-01-24 07:00:00,0.107,5.184
2019-01-24 08:00:00,0.086,4.86
2019-01-24 09:00:00,0.077,4.712
2019-01-24 10:00:00,0.093,4.98
2019-01-24 11:00:00,0.131,5.508
2019-01-24 12:00:00,0.165,5.905
2019-01-24 13:00:00,0.171,5.968
2019-01-24 14:00:00,0.167,5.931
2019-01-24 15:00:00,0.175,6.016
2019-01-24 16:00:00,0.187,6.145
2019-01-24 17:00:00,0.212,6.402
2019-01-24 18:00:00,0.277,6.985
2019-01-24 19:00:00,0.392,7.908
2019-01-24 20:00:00,0.528,8.909
2019-01-24 21:00:00,0.663,9.977
2019-01-24 22:00:00,0.785,11.151
2019-01-24 23:00:00,0.855,12.091
2019-01-25 00:00:00,0.889,12.663
2019-01-25 01:00:00,0.892,12.726
2019-01-25 02:00:00,0.825,11.644
2019-01-25 03:00:00,0.685,10.162
2019-01-25 04:00:00,0.743,10.712
2019-01-25 05:00:00,0.902,12.918
2019-01-25 06:00:00,0.949,14.192
2019-01-25 07:00:00,0.954,14.375
2019-01-25 08:00:00,0.953,14.326
2019-01-25 09:00:00,0.957,14.488
2019-01-25 10:00:00,0.964,14.804
2019-01-25 11:00:00,0.968,15.016
2019-01-25 12:00:00,0.972,15.233
2019-01-25 13:00:00,0.973,15.263
2019-01-25 14:00:00,0.974,15.334
2019-01-25 15:00:00,0.975,15.404
2019-01-25 16:00:00,0.974,15.353
2019-01-25 17:00:00,0.96,14.599
2019-01-25 18:00:00,0.929,13.577
2019-01-25 19:00:00,0.878,12.469
2019-01-25 20:00:00,0.81,11.451
2019-01-25 21:00:00,0.761,10.889
2019-01-25 22:00:00,0.744,10.715
2019-01-25 23:00:00,0.761,10.888
2019-01-26 00:00:00,0.795,11.267
2019-01-26 01:00:00,0.83,11.714
2019-01-26 02:00:00,0.853,12.049
2019-01-26 03:00:00,0.857,12.109
2019-01-26 04:00:00,0.836,11.8
2019-01-26 05:00:00,0.796,11.282
2019-01-26 06:00:00,0.739,10.665
2019-01-26 07:00:00,0.695,10.251
2019-01-26 08:00:00,0.687,10.181
2019-01-26 09:00:00,0.719,10.475
2019-01-26 10:00:00,0.742,10.699
2019-01-26 11:00:00,0.793,11.239
2019-01-26 12:00:00,0.865,12.251
2019-01-26 13:00:00,0.922,13.376
2019-01-26 14:00:00,0.956,14.422
2019-01-26 15:00:00,0.974,15.352
2019-01-26 16:00:00,0.982,15.954
2019-01-26 17:00:00,0.984,16.198
2019-01-26 18:00:00,0.984,16.21
2019-01-26 19:00:00,0.984,16.157
2019-01-26 20:00:00,0.986,16.36
2019-01-26 21:00:00,0.988,16.822
2019-01-26 22:00:00,0.989,17.441
2019-01-26 23:00:00,0.986,18.181
2019-01-27 00:00:00,0.98,18.76
2019-01-27 01:00:00,0.978,18.935
2019-01-27 02:00:00,0.98,18.795
2019-01-27 03:00:00,0.979,18.807
2019-01-27 04:00:00,0.978,18.908
2019-01-27 05:00:00,0.98,18.789
2019-01-27 06:00:00,0.982,18.63
2019-01-27 07:00:00,0.985,18.316
2019-01-27 08:00:00,0.988,17.784
2019-01-27 09:00:00,0.988,16.905
2019-01-27 10:00:00,0.982,15.962
2019-01-27 11:00:00,0.97,15.12
2019-01-27 12:00:00,0.956,14.459
2019-01-27 13:00:00,0.942,13.956
2019-01-27 14:00:00,0.933,13.663
2019-01-27 15:00:00,0.933,13.689
2019-01-27 16:00:00,0.938,13.825
2019-01-27 17:00:00,0.939,13.831
2019-01-27 18:00:00,0.937,13.789
2019-01-27 19:00:00,0.933,13.683
2019-01-27 20:00:00,0.926,13.496
2019-01-27 21:00:00,0.915,13.207
2019-01-27 22:00:00,0.896,12.797
2019-01-27 23:00:00,0.878,12.457
2019-01-28 00:00:00,0.86,12.154
2019-01-28 01:00:00,0.834,11.768
2019-01-28 02:00:00,0.798,11.315
2019-01-28 03:00:00,0.767,10.957
2019-01-28 04:00:00,0.74,10.677
2019-01-28 05:00:00,0.71,10.39
2019-01-28 06:00:00,0.679,10.111
2019-01-28 07:00:00,0.653,9.891
2019-01-28 08:00:00,0.61,9.54
2019-01-28 09:00:00,0.523,8.873
2019-01-28 10:00:00,0.387,7.863
2019-01-28 11:00:00,0.264,6.872
2019-01-28 12:00:00,0.193,6.203
2019-01-28 13:00:00,0.19,6.168
2019-01-28 14:00:00,0.261,6.847
2019-01-28 15:00:00,0.389,7.879
2019-01-28 16:00:00,0.503,8.728
2019-01-28 17:00:00,0.586,9.352
2019-01-28 18:00:00,0.685,10.153
2019-01-28 19:00:00,0.775,11.04
2019-01-28 20:00:00,0.807,11.424
2019-01-28 21:00:00,0.8,11.326
2019-01-28 22:00:00,0.767,10.96
2019-01-28 23:00:00,0.731,10.591
2019-01-29 00:00:00,0.709,10.369
2019-01-29 01:00:00,0.699,10.291
2019-01-29 02:00:00,0.691,10.22
2019-01-29 03:00:00,0.67,10.03
2019-01-29 04:00:00,0.638,9.766
2019-01-29 05:00:00,0.608,9.52
2019-01-29 06:00:00,0.588,9.367
2019-01-29 07:00:00,0.587,9.363
2019-01-29 08:00:00,0.587,9.356
2019-01-29 09:00:00,0.561,9.162
2019-01-29 10:00:00,0.523,8.873
2019-01-29 11:00:00,0.49,8.633
2019-01-29 12:00:00,0.462,8.418
2019-01-29 13:00:00,0.417,8.084
2019-01-29 14:00:00,0.361,7.657
2019-01-29 15:00:00,0.289,7.081
2019-01-29 16:00:00,0.222,6.492
2019-01-29 17:00:00,0.184,6.119
2019-01-29 18:00:00,0.184,6.115
2019-01-29 19:00:00,0.2,6.283
2019-01-29 20:00:00,0.21,6.383
2019-01-29 21:00:00,0.19,6.169
2019-01-29 22:00:00,0.138,5.594
2019-01-29 23:00:00,0.078,4.74
2019-01-30 00:00:00,0.038,3.922
2019-01-30 01:00:00,0.022,3.438
2019-01-30 02:00:00,0.02,3.339
2019-01-30 03:00:00,0.02,3.353
2019-01-30 04:00:00,0.021,3.401
2019-01-30 05:00:00,0.025,3.531
2019-01-30 06:00:00,0.026,3.577
2019-01-30 07:00:00,0.023,3.451
2019-01-30 08:00:00,0.016,3.182
2019-01-30 09:00:00,0.009,2.815
2019-01-30 10:00:00,0.004,2.439
2019-01-30 11:00:00,0.002,2.187
2019-01-30 12:00:00,0.003,2.22
2019-01-30 13:00:00,0.005,2.514
2019-01-30 14:00:00,0.009,2.835
2019-01-30 15:00:00,0.017,3.236
2019-01-30 16:00:00,0.027,3.594
2019-01-30 17:00:00,0.035,3.832
2019-01-30 18:00:00,0.042,4.008
2019-01-30 19:00:00,0.05,4.192
2019-01-30 20:00:00,0.064,4.488
2019-01-30 21:00:00,0.082,4.787
2019-01-30 22:00:00,0.105,5.152
2019-01-30 23:00:00,0.145,5.684
2019-01-31 00:00:00,0.207,6.346
2019-01-31 01:00:00,0.274,6.961
2019-01-31 02:00:00,0.333,7.447
2019-01-31 03:00:00,0.383,7.835
2019-01-31 04:00:00,0.429,8.184
2019-01-31 05:00:00,0.471,8.486
2019-01-31 06:00:00,0.502,8.719
2019-01-31 07:00:00,0.519,8.846
2019-01-31 08:00:00,0.525,8.889
2019-01-31 09:00:00,0.515,8.814
2019-01-31 10:00:00,0.485,8.595
2019-01-31 11:00:00,0.449,8.318
2019-01-31 12:00:00,0.412,8.048
2019-01-31 13:00:00,0.383,7.837
2019-01-31 14:00:00,0.37,7.734
2019-01-31 15:00:00,0.387,7.863
2019-01-31 16:00:00,0.448,8.317
2019-01-31 17:00:00,0.542,9.007
2019-01-31 18:00:00,0.646,9.824
2019-01-31 19:00:00,0.735,10.628
2019-01-31 20:00:00,0.8,11.328
2019-01-31 21:00:00,0.837,11.821
2019-01-31 22:00:00,0.855,12.085
2019-01-31 23:00:00,0.863,12.207
2019-02-01 00:00:00,0.861,12.182
2019-02-01 01:00:00,0.856,12.103
2019-02-01 02:00:00,0.851,12.021
2019-02-01 03:00:00,0.841,11.873
2019-02-01 04:00:00,0.829,11.705
2019-02-01 05:00:00,0.818,11.563
2019-02-01 06:00:00,0.813,11.496
2019-02-01 07:00:00,0.816,11.526
2019-02-01 08:00:00,0.822,11.607
2019-02-01 09:00:00,0.828,11.695
2019-02-01 10:00:00,0.844,11.916
2019-02-01 11:00:00,0.868,12.295
2019-02-01 12:00:00,0.891,12.708
2019-02-01 13:00:00,0.904,12.972
2019-02-01 14:00:00,0.907,13.036
2019-02-01 15:00:00,0.901,12.905
2019-02-01 16:00:00,0.886,12.602
2019-02-01 17:00:00,0.862,12.196
2019-02-01 18:00:00,0.839,11.846
2019-02-01 19:00:00,0.826,11.658
2019-02-01 20:00:00,0.827,11.668
2019-02-01 21:00:00,0.829,11.708
2019-02-01 22:00:00,0.829,11.704
2019-02-01 23:00:00,0.83,11.716
2019-02-02 00:00:00,0.828,11.696
2019-02-02 01:00:00,0.818,11.559
2019-02-02 02:00:00,0.806,11.406
2019-02-02 03:00:00,0.785,11.156
2019-02-02 04:00:00,0.752,10.795
2019-02-02 05:00:00,0.717,10.456
2019-02-02 06:00:00,0.687,10.178
2019-02-02 07:00:00,0.656,9.911
2019-02-02 08:00:00,0.608,9.524
2019-02-02 09:00:00,0.563,9.168
2019-02-02 10:00:00,0.518,8.836
2019-02-02 11:00:00,0.472,8.49
2019-02-02 12:00:00,0.417,8.09
2019-02-02 13:00:00,0.34,7.504
2019-02-02 14:00:00,0.244,6.701
2019-02-02 15:00:00,0.141,5.626
2019-02-02 16:00:00,0.073,4.641
2019-02-02 17:00:00,0.033,3.775
2019-02-02 18:00:00,0.025,3.533
2019-02-02 19:00:00,0.038,3.912
2019-02-02 20:00:00,0.066,4.519
2019-02-02 21:00:00,0.09,4.933
2019-02-02 22:00:00,0.093,4.975
2019-02-02 23:00:00,0.068,4.566
2019-02-03 00:00:00,0.041,3.987
2019-02-03 01:00:00,0.029,3.64
2019-02-03 02:00:00,0.032,3.736
2019-02-03 03:00:00,0.065,4.494
2019-02-03 04:00:00,0.148,5.712
2019-02-03 05:00:00,0.264,6.874
2019-02-03 06:00:00,0.366,7.709
2019-02-03 07:00:00,0.463,8.421
2019-02-03 08:00:00,0.548,9.064
2019-02-03 09:00:00,0.62,9.62
2019-02-03 10:00:00,0.688,10.185
2019-02-03 11:00:00,0.735,10.619
2019-02-03 12:00:00,0.762,10.889
2019-02-03 13:00:00,0.756,10.835
2019-02-03 14:00:00,0.677,10.087
2019-02-03 15:00:00,0.548,9.054
2019-02-03 16:00:00,0.466,8.457
2019-02-03 17:00:00,0.469,8.474
2019-02-03 18:00:00,0.575,9.257
2019-02-03 19:00:00,0.667,10.011
2019-02-03 20:00:00,0.714,10.426
2019-02-03 21:00:00,0.738,10.647
2019-02-03 22:00:00,0.757,10.847
2019-02-03 23:00:00,0.743,10.707
2019-02-04 00:00:00,0.681,10.127
2019-02-04 01:00:00,0.544,9.026
2019-02-04 02:00:00,0.369,7.729
2019-02-04 03:00:00,0.252,6.775
2019-02-04 04:00:00,0.189,6.164
2019-02-04 05:00:00,0.169,5.949
2019-02-04 06:00:00,0.187,6.145
2019-02-04 07:00:00,0.246,6.713
2019-02-04 08:00:00,0.339,7.493
2019-02-04 09:00:00,0.447,8.313
2019-02-04 10:00:00,0.558,9.138
2019-02-04 11:00:00,0.657,9.915
2019-02-04 12:00:00,0.733,10.611
2019-02-04 13:00:00,0.802,11.35
2019-02-04 14:00:00,0.85,11.998
2019-02-04 15:00:00,0.868,12.289
2019-02-04 16:00:00,0.861,12.179
2019-02-04 17:00:00,0.84,11.856
2019-02-04 18:00:00,0.818,11.565
2019-02-04 19:00:00,0.797,11.302
2019-02-04 20:00:00,0.773,11.024
2019-02-04 21:00:00,0.742,10.697
2019-02-04 22:00:00,0.707,10.35
2019-02-04 23:00:00,0.672,10.05
2019-02-05 00:00:00,0.639,9.771
2019-02-05 01:00:00,0.599,9.44
2019-02-05 02:00:00,0.534,8.956
2019-02-05 03:00:00,0.478,8.542
2019-02-05 04:00:00,0.413,8.063
2019-02-05 05:00:00,0.308,7.244
2019-02-05 06:00:00,0.178,6.046
2019-02-05 07:00:00,0.069,4.579
2019-02-05 08:00:00,0.019,3.311
2019-02-05 09:00:00,0.012,2.998
2019-02-05 10:00:00,0.033,3.768
2019-02-05 11:00:00,0.111,5.24
2019-02-05 12:00:00,0.239,6.653
2019-02-05 13:00:00,0.417,8.084
2019-02-05 14:00:00,0.625,9.657
2019-02-05 15:00:00,0.795,11.27
2019-02-05 16:00:00,0.881,12.525
2019-02-05 17:00:00,0.93,13.606
2019-02-05 18:00:00,0.97,15.109
2019-02-05 19:00:00,0.988,16.671
2019-02-05 20:00:00,0.988,17.875
2019-02-05 21:00:00,0.981,18.697
2019-02-05 22:00:00,0.977,18.961
2019-02-05 23:00:00,0.988,17.786
2019-02-06 00:00:00,0.972,15.193
2019-02-06 01:00:00,0.878,12.472
2019-02-06 02:00:00,0.848,11.975
2019-02-06 03:00:00,0.919,13.303
2019-02-06 04:00:00,0.944,14.021
2019-02-06 05:00:00,0.95,14.202
2019-02-06 06:00:00,0.953,14.336
2019-02-06 07:00:00,0.955,14.393
2019-02-06 08:00:00,0.951,14.259
2019-02-06 09:00:00,0.939,13.832
2019-02-06 10:00:00,0.925,13.468
2019-02-06 11:00:00,0.925,13.457
2019-02-06 12:00:00,0.936,13.772
2019-02-06 13:00:00,0.949,14.166
2019-02-06 14:00:00,0.954,14.357
2019-02-06 15:00:00,0.949,14.177
2019-02-06 16:00:00,0.927,13.52
2019-02-06 17:00:00,0.867,12.284
2019-02-06 18:00:00,0.773,11.01
2019-02-06 19:00:00,0.689,10.195
2019-02-06 20:00:00,0.625,9.654
2019-02-06 21:00:00,0.548,9.059
2019-02-06 22:00:00,0.475,8.52
2019-02-06 23:00:00,0.42,8.111
2019-02-07 00:00:00,0.409,8.026
2019-02-07 01:00:00,0.449,8.323
2019-02-07 02:00:00,0.503,8.727
2019-02-07 03:00:00,0.535,8.961
2019-02-07 04:00:00,0.542,9.02
2019-02-07 05:00:00,0.542,9.009
2019-02-07 06:00:00,0.518,8.84
2019-02-07 07:00:00,0.489,8.623
2019-02-07 08:00:00,0.463,8.432
2019-02-07 09:00:00,0.444,8.282
2019-02-07 10:00:00,0.412,8.051
2019-02-07 11:00:00,0.374,7.771
2019-02-07 12:00:00,0.33,7.424
2019-02-07 13:00:00,0.277,6.988
2019-02-07 14:00:00,0.217,6.441
2019-02-07 15:00:00,0.171,5.963
2019-02-07 16:00:00,0.156,5.799
2019-02-07 17:00:00,0.167,5.937
2019-02-07 18:00:00,0.206,6.338
2019-02-07 19:00:00,0.256,6.811
2019-02-07 20:00:00,0.302,7.192
2019-02-07 21:00:00,0.351,7.585
2019-02-07 22:00:00,0.407,8.012
2019-02-07 23:00:00,0.438,8.241
2019-02-08 00:00:00,0.457,8.386
2019-02-08 01:00:00,0.483,8.569
2019-02-08 02:00:00,0.49,8.633
2019-02-08 03:00:00,0.506,8.743
2019-02-08 04:00:00,0.54,9.0
2019-02-08 05:00:00,0.596,9.418
2019-02-08 06:00:00,0.691,10.216
2019-02-08 07:00:00,0.826,11.654
2019-02-08 08:00:00,0.924,13.44
2019-02-08 09:00:00,0.974,15.339
2019-02-08 10:00:00,0.989,17.144
2019-02-08 11:00:00,0.98,18.8
2019-02-08 12:00:00,0.963,19.653
2019-02-08 13:00:00,0.967,19.464
2019-02-08 14:00:00,0.986,18.188
2019-02-08 15:00:00,0.984,16.167
2019-02-08 16:00:00,0.944,14.025
2019-02-08 17:00:00,0.883,12.559
2019-02-08 18:00:00,0.848,11.975
2019-02-08 19:00:00,0.84,11.858
2019-02-08 20:00:00,0.783,11.128
2019-02-08 21:00:00,0.628,9.682
2019-02-08 22:00:00,0.456,8.381
2019-02-08 23:00:00,0.371,7.746
2019-02-09 00:00:00,0.362,7.676
2019-02-09 01:00:00,0.392,7.9
2019-02-09 02:00:00,0.45,8.332
2019-02-09 03:00:00,0.472,8.498
2019-02-09 04:00:00,0.454,8.365
2019-02-09 05:00:00,0.414,8.068
2019-02-09 06:00:00,0.374,7.765
2019-02-09 07:00:00,0.34,7.504
2019-02-09 08:00:00,0.309,7.256
2019-02-09 09:00:00,0.258,6.822
2019-02-09 10:00:00,0.197,6.238
2019-02-09 11:00:00,0.174,6.007
2019-02-09 12:00:00,0.192,6.199
2019-02-09 13:00:00,0.226,6.533
2019-02-09 14:00:00,0.293,7.127
2019-02-09 15:00:00,0.357,7.635
2019-02-09 16:00:00,0.386,7.851
2019-02-09 17:00:00,0.374,7.767
2019-02-09 18:00:00,0.356,7.626
2019-02-09 19:00:00,0.339,7.501
2019-02-09 20:00:00,0.33,7.423
2019-02-09 21:00:00,0.308,7.249
2019-02-09 22:00:00,0.279,7.004
2019-02-09 23:00:00,0.264,6.868
2019-02-10 00:00:00,0.262,6.86
2019-02-10 01:00:00,0.281,7.025
2019-02-10 02:00:00,0.322,7.362
2019-02-10 03:00:00,0.374,7.768
2019-02-10 04:00:00,0.42,8.112
2019-02-10 05:00:00,0.474,8.507
2019-02-10 06:00:00,0.568,9.21
2019-02-10 07:00:00,0.694,10.247
2019-02-10 08:00:00,0.82,11.577
2019-02-10 09:00:00,0.903,12.944
2019-02-10 10:00:00,0.945,14.051
2019-02-10 11:00:00,0.965,14.825
2019-02-10 12:00:00,0.974,15.325
2019-02-10 13:00:00,0.977,15.551
2019-02-10 14:00:00,0.977,15.553
2019-02-10 15:00:00,0.975,15.407
2019-02-10 16:00:00,0.973,15.245
2019-02-10 17:00:00,0.968,14.998
2019-02-10 18:00:00,0.957,14.474
2019-02-10 19:00:00,0.933,13.668
2019-02-10 20:00:00,0.896,12.799
2019-02-10 21:00:00,0.85,12.0
2019-02-10 22:00:00,0.808,11.436
2019-02-10 23:00:00,0.787,11.181
2019-02-11 00:00:00,0.779,11.08
2019-02-11 01:00:00,0.773,11.019
2019-02-11 02:00:00,0.775,11.047
2019-02-11 03:00:00,0.771,10.997
2019-02-11 04:00:00,0.738,10.658
2019-02-11 05:00:00,0.673,10.057
2019-02-11 06:00:00,0.566,9.191
2019-02-11 07:00:00,0.454,8.368
2019-02-11 08:00:00,0.392,7.902
2019-02-11 09:00:00,0.377,7.786
2019-02-11 10:00:00,0.313,7.283
2019-02-11 11:00:00,0.128,5.468
2019-02-11 12:00:00,0.048,4.148
2019-02-11 13:00:00,0.072,4.629
2019-02-11 14:00:00,0.19,6.172
2019-02-11 15:00:00,0.335,7.464
2019-02-11 16:00:00,0.497,8.678
2019-02-11 17:00:00,0.639,9.775
2019-02-11 18:00:00,0.751,10.785
2019-02-11 19:00:00,0.828,11.686
2019-02-11 20:00:00,0.899,12.871
2019-02-11 21:00:00,0.94,13.891
2019-02-11 22:00:00,0.958,14.548
2019-02-11 23:00:00,0.964,14.796
2019-02-12 00:00:00,0.962,14.672
2019-02-12 01:00:00,0.96,14.616
2019-02-12 02:00:00,0.972,15.233
2019-02-12 03:00:00,0.979,15.721
2019-02-12 04:00:00,0.981,15.892
2019-02-12 05:00:00,0.986,16.434
2019-02-12 06:00:00,0.989,17.578
2019-02-12 07:00:00,0.987,18.062
2019-02-12 08:00:00,0.987,18.092
2019-02-12 09:00:00,0.982,18.617
2019-02-12 10:00:00,0.966,19.532
2019-02-12 11:00:00,0.93,20.584
2019-02-12 12:00:00,0.871,21.627
2019-02-12 13:00:00,0.856,21.824
2019-02-12 14:00:00,0.726,23.209
2019-02-12 15:00:00,0.756,22.935
2019-02-12 16:00:00,0.803,22.459
2019-02-12 17:00:00,0.669,23.699
2019-02-12 18:00:00,0.558,24.578
2019-02-12 19:00:00,0.751,22.978
2019-02-12 20:00:00,0.892,21.294
2019-02-12 21:00:00,0.945,20.219
2019-02-12 22:00:00,0.968,19.44
2019-02-12 23:00:00,0.986,18.173
2019-02-13 00:00:00,0.988,16.755
2019-02-13 01:00:00,0.962,14.689
2019-02-13 02:00:00,0.878,12.465
2019-02-13 03:00:00,0.781,11.107
2019-02-13 04:00:00,0.721,10.488
2019-02-13 05:00:00,0.777,11.063
2019-02-13 06:00:00,0.882,12.527
2019-02-13 07:00:00,0.948,14.155
2019-02-13 08:00:00,0.977,15.548
2019-02-13 09:00:00,0.982,15.952
2019-02-13 10:00:00,0.987,16.61
2019-02-13 11:00:00,0.988,16.845
2019-02-13 12:00:00,0.988,16.894
2019-02-13 13:00:00,0.989,17.036
2019-02-13 14:00:00,0.989,17.624
2019-02-13 15:00:00,0.987,17.966
2019-02-13 16:00:00,0.988,17.851
2019-02-13 17:00:00,0.986,18.146
2019-02-13 18:00:00,0.979,18.827
2019-02-13 19:00:00,0.958,19.8
2019-02-13 20:00:00,0.917,20.86
2019-02-13 21:00:00,0.873,21.589
2019-02-13 22:00:00,0.836,22.081
2019-02-13 23:00:00,0.826,22.193
2019-02-14 00:00:00,0.851,21.889
2019-02-14 01:00:00,0.906,21.061
2019-02-14 02:00:00,0.949,20.082
2019-02-14 03:00:00,0.968,19.4
2019-02-14 04:00:00,0.971,19.266
2019-02-14 05:00:00,0.979,18.862
2019-02-14 06:00:00,0.986,18.201
2019-02-14 07:00:00,0.989,17.358
2019-02-14 08:00:00,0.985,16.226
2019-02-14 09:00:00,0.954,14.367
2019-02-14 10:00:00,0.885,12.592
2019-02-14 11:00:00,0.836,11.797
2019-02-14 12:00:00,0.768,10.968
2019-02-14 13:00:00,0.741,10.692
2019-02-14 14:00:00,0.808,11.427
2019-02-14 15:00:00,0.924,13.435
2019-02-14 16:00:00,0.977,15.536
2019-02-14 17:00:00,0.988,16.828
2019-02-14 18:00:00,0.989,17.227
2019-02-14 19:00:00,0.988,16.826
2019-02-14 20:00:00,0.979,15.705
2019-02-14 21:00:00,0.973,15.297
2019-02-14 22:00:00,0.971,15.139
2019-02-14 23:00:00,0.966,14.87
2019-02-15 00:00:00,0.958,14.523
2019-02-15 01:00:00,0.953,14.324
2019-02-15 02:00:00,0.949,14.177
2019-02-15 03:00:00,0.95,14.204
2019-02-15 04:00:00,0.947,14.111
2019-02-15 05:00:00,0.939,13.864
2019-02-15 06:00:00,0.941,13.921
2019-02-15 07:00:00,0.95,14.21
2019-02-15 08:00:00,0.955,14.4
2019-02-15 09:00:00,0.966,14.868
2019-02-15 10:00:00,0.976,15.502
2019-02-15 11:00:00,0.986,16.361
2019-02-15 12:00:00,0.989,16.996
2019-02-15 13:00:00,0.989,17.564
2019-02-15 14:00:00,0.988,17.881
2019-02-15 15:00:00,0.978,18.914
2019-02-15 16:00:00,0.973,19.199
2019-02-15 17:00:00,0.983,18.549
2019-02-15 18:00:00,0.988,16.684
2019-02-15 19:00:00,0.948,14.144
2019-02-15 20:00:00,0.857,12.11
2019-02-15 21:00:00,0.697,10.273
2019-02-15 22:00:00,0.479,8.547
2019-02-15 23:00:00,0.311,7.271
2019-02-16 00:00:00,0.232,6.59
2019-02-16 01:00:00,0.183,6.11
2019-02-16 02:00:00,0.142,5.647
2019-02-16 03:00:00,0.114,5.274
2019-02-16 04:00:00,0.113,5.265
2019-02-16 05:00:00,0.125,5.426
2019-02-16 06:00:00,0.179,6.058
2019-02-16 07:00:00,0.148,5.719
2019-02-16 08:00:00,0.093,4.97
2019-02-16 09:00:00,0.136,5.559
2019-02-16 10:00:00,0.229,6.56
2019-02-16 11:00:00,0.378,7.799
2019-02-16 12:00:00,0.526,8.896
2019-02-16 13:00:00,0.697,10.266
2019-02-16 14:00:00,0.798,11.304
2019-02-16 15:00:00,0.835,11.783
2019-02-16 16:00:00,0.853,12.05
2019-02-16 17:00:00,0.853,12.054
2019-02-16 18:00:00,0.829,11.709
2019-02-16 19:00:00,0.797,11.294
2019-02-16 20:00:00,0.773,11.024
2019-02-16 21:00:00,0.746,10.733
2019-02-16 22:00:00,0.709,10.378
2019-02-16 23:00:00,0.701,10.311
2019-02-17 00:00:00,0.71,10.387
2019-02-17 01:00:00,0.717,10.453
2019-02-17 02:00:00,0.749,10.764
2019-02-17 03:00:00,0.798,11.31
2019-02-17 04:00:00,0.822,11.61
2019-02-17 05:00:00,0.873,12.366
2019-02-17 06:00:00,0.891,12.707
2019-02-17 07:00:00,0.904,12.976
2019-02-17 08:00:00,0.912,13.147
2019-02-17 09:00:00,0.914,13.185
2019-02-17 10:00:00,0.92,13.335
2019-02-17 11:00:00,0.935,13.729
2019-02-17 12:00:00,0.955,14.416
2019-02-17 13:00:00,0.943,13.964
2019-02-17 14:00:00,0.951,14.246
2019-02-17 15:00:00,0.966,14.877
2019-02-17 16:00:00,0.96,14.616
2019-02-17 17:00:00,0.967,14.939
2019-02-17 18:00:00,0.974,15.333
2019-02-17 19:00:00,0.973,15.268
2019-02-17 20:00:00,0.977,15.556
2019-02-17 21:00:00,0.976,15.464
2019-02-17 22:00:00,0.968,15.02
2019-02-17 23:00:00,0.961,14.647
2019-02-18 00:00:00,0.953,14.31
2019-02-18 01:00:00,0.959,14.589
2019-02-18 02:00:00,0.965,14.825
2019-02-18 03:00:00,0.969,15.06
2019-02-18 04:00:00,0.976,15.488
2019-02-18 05:00:00,0.984,16.114
2019-02-18 06:00:00,0.985,16.254
2019-02-18 07:00:00,0.982,15.912
2019-02-18 08:00:00,0.977,15.549
2019-02-18 09:00:00,0.976,15.468
2019-02-18 10:00:00,0.98,15.767
2019-02-18 11:00:00,0.982,15.93
2019-02-18 12:00:00,0.978,15.614
2019-02-18 13:00:00,0.966,14.884
2019-02-18 14:00:00,0.931,13.633
2019-02-18 15:00:00,0.843,11.909
2019-02-18 16:00:00,0.723,10.507
2019-02-18 17:00:00,0.733,10.608
2019-02-18 18:00:00,0.861,12.181
2019-02-18 19:00:00,0.946,14.06
2019-02-18 20:00:00,0.971,15.183
2019-02-18 21:00:00,0.968,14.966
2019-02-18 22:00:00,0.958,14.534
2019-02-18 23:00:00,0.956,14.452
2019-02-19 00:00:00,0.959,14.563
2019-02-19 01:00:00,0.956,14.43
2019-02-19 02:00:00,0.944,14.025
2019-02-19 03:00:00,0.928,13.528
2019-02-19 04:00:00,0.914,13.188
2019-02-19 05:00:00,0.901,12.908
2019-02-19 06:00:00,0.884,12.573
2019-02-19 07:00:00,0.855,12.082
2019-02-19 08:00:00,0.813,11.496
2019-02-19 09:00:00,0.76,10.88
2019-02-19 10:00:00,0.676,10.078
2019-02-19 11:00:00,0.551,9.085
2019-02-19 12:00:00,0.404,7.99
2019-02-19 13:00:00,0.257,6.82
2019-02-19 14:00:00,0.137,5.566
2019-02-19 15:00:00,0.076,4.703
2019-02-19 16:00:00,0.066,4.521
2019-02-19 17:00:00,0.109,5.212
2019-02-19 18:00:00,0.21,6.371
2019-02-19 19:00:00,0.36,7.649
2019-02-19 20:00:00,0.495,8.665
2019-02-19 21:00:00,0.605,9.491
2019-02-19 22:00:00,0.717,10.443
2019-02-19 23:00:00,0.818,11.561
2019-02-20 00:00:00,0.89,12.695
2019-02-20 01:00:00,0.939,13.858
2019-02-20 02:00:00,0.97,15.111
2019-02-20 03:00:00,0.984,16.16
2019-02-20 04:00:00,0.988,16.697
2019-02-20 05:00:00,0.987,16.506
2019-02-20 06:00:00,0.978,15.613
2019-02-20 07:00:00,0.953,14.335
2019-02-20 08:00:00,0.93,13.587
2019-02-20 09:00:00,0.948,14.15
2019-02-20 10:00:00,0.969,15.043
2019-02-20 11:00:00,0.973,15.28
2019-02-20 12:00:00,0.973,15.295
2019-02-20 13:00:00,0.97,15.123
2019-02-20 14:00:00,0.971,15.143
2019-02-20 15:00:00,0.967,14.933
2019-02-20 16:00:00,0.958,14.522
2019-02-20 17:00:00,0.957,14.495
2019-02-20 18:00:00,0.964,14.803
2019-02-20 19:00:00,0.966,14.901
2019-02-20 20:00:00,0.966,14.875
2019-02-20 21:00:00,0.959,14.555
2019-02-20 22:00:00,0.934,13.714
2019-02-20 23:00:00,0.897,12.814
2019-02-21 00:00:00,0.822,11.61
2019-02-21 01:00:00,0.725,10.536
2019-02-21 02:00:00,0.71,10.386
2019-02-21 03:00:00,0.674,10.07
2019-02-21 04:00:00,0.602,9.477
2019-02-21 05:00:00,0.587,9.362
2019-02-21 06:00:00,0.693,10.235
2019-02-21 07:00:00,0.806,11.399
2019-02-21 08:00:00,0.869,12.315
2019-02-21 09:00:00,0.883,12.55
2019-02-21 10:00:00,0.84,11.861
2019-02-21 11:00:00,0.848,11.981
2019-02-21 12:00:00,0.897,12.814
2019-02-21 13:00:00,0.89,12.672
2019-02-21 14:00:00,0.882,12.542
2019-02-21 15:00:00,0.883,12.552
2019-02-21 16:00:00,0.85,12.005
2019-02-21 17:00:00,0.817,11.546
2019-02-21 18:00:00,0.808,11.426
2019-02-21 19:00:00,0.836,11.802
2019-02-21 20:00:00,0.862,12.199
2019-02-21 21:00:00,0.858,12.132
2019-02-21 22:00:00,0.847,11.967
2019-02-21 23:00:00,0.79,11.209
2019-02-22 00:00:00,0.761,10.889
2019-02-22 01:00:00,0.738,10.662
2019-02-22 02:00:00,0.734,10.612
2019-02-22 03:00:00,0.749,10.758
2019-02-22 04:00:00,0.782,11.114
2019-02-22 05:00:00,0.795,11.272
2019-02-22 06:00:00,0.806,11.407
2019-02-22 07:00:00,0.869,12.307
2019-02-22 08:00:00,0.918,13.287
2019-02-22 09:00:00,0.978,15.592
2019-02-22 10:00:00,0.972,15.237
2019-02-22 11:00:00,0.962,14.71
2019-02-22 12:00:00,0.969,15.047
2019-02-22 13:00:00,0.967,14.94
2019-02-22 14:00:00,0.978,15.593
2019-02-22 15:00:00,0.965,14.818
2019-02-22 16:00:00,0.923,13.41
2019-02-22 17:00:00,0.878,12.465
2019-02-22 18:00:00,0.902,12.921
2019-02-22 19:00:00,0.913,13.166
2019-02-22 20:00:00,0.917,13.261
2019-02-22 21:00:00,0.933,13.69
2019-02-22 22:00:00,0.936,13.767
2019-02-22 23:00:00,0.96,14.625
2019-02-23 00:00:00,0.972,15.207
2019-02-23 01:00:00,0.972,15.199
2019-02-23 02:00:00,0.973,15.245
2019-02-23 03:00:00,0.974,15.318
2019-02-23 04:00:00,0.974,15.325
2019-02-23 05:00:00,0.981,15.812
2019-02-23 06:00:00,0.986,16.36
2019-02-23 07:00:00,0.984,16.158
2019-02-23 08:00:00,0.985,16.252
2019-02-23 09:00:00,0.982,15.972
2019-02-23 10:00:00,0.976,15.472
2019-02-23 11:00:00,0.972,15.192
2019-02-23 12:00:00,0.97,15.13
2019-02-23 13:00:00,0.965,14.822
2019-02-23 14:00:00,0.961,14.645
2019-02-23 15:00:00,0.962,14.702
2019-02-23 16:00:00,0.971,15.172
2019-02-23 17:00:00,0.979,15.7
2019-02-23 18:00:00,0.984,16.214
2019-02-23 19:00:00,0.988,16.69
2019-02-23 20:00:00,0.989,17.591
2019-02-23 21:00:00,0.989,17.251
2019-02-23 22:00:00,0.984,16.122
2019-02-23 23:00:00,0.969,15.065
2019-02-24 00:00:00,0.959,14.577
2019-02-24 01:00:00,0.937,13.79
2019-02-24 02:00:00,0.915,13.211
2019-02-24 03:00:00,0.898,12.829
2019-02-24 04:00:00,0.857,12.118
2019-02-24 05:00:00,0.798,11.312
2019-02-24 06:00:00,0.702,10.315
2019-02-24 07:00:00,0.589,9.374
2019-02-24 08:00:00,0.491,8.639
2019-02-24 09:00:00,0.426,8.154
2019-02-24 10:00:00,0.448,8.315
2019-02-24 11:00:00,0.514,8.798
2019-02-24 12:00:00,0.656,9.91
2019-02-24 13:00:00,0.769,10.974
2019-02-24 14:00:00,0.836,11.805
2019-02-24 15:00:00,0.877,12.444
2019-02-24 16:00:00,0.89,12.692
2019-02-24 17:00:00,0.892,12.719
2019-02-24 18:00:00,0.891,12.702
2019-02-24 19:00:00,0.878,12.46
2019-02-24 20:00:00,0.869,12.301
2019-02-24 21:00:00,0.87,12.327
2019-02-24 22:00:00,0.862,12.184
2019-02-24 23:00:00,0.886,12.6
2019-02-25 00:00:00,0.875,12.397
2019-02-25 01:00:00,0.872,12.359
2019-02-25 02:00:00,0.858,12.131
2019-02-25 03:00:00,0.813,11.487
2019-02-25 04:00:00,0.754,10.82
2019-02-25 05:00:00,0.685,10.16
2019-02-25 06:00:00,0.561,9.161
2019-02-25 07:00:00,0.451,8.341
2019-02-25 08:00:00,0.27,6.923
2019-02-25 09:00:00,0.141,5.629
2019-02-25 10:00:00,0.125,5.426
2019-02-25 11:00:00,0.117,5.308
2019-02-25 12:00:00,0.14,5.618
2019-02-25 13:00:00,0.225,6.525
2019-02-25 14:00:00,0.369,7.729
2019-02-25 15:00:00,0.601,9.463
2019-02-25 16:00:00,0.739,10.669
2019-02-25 17:00:00,0.818,11.556
2019-02-25 18:00:00,0.873,12.378
2019-02-25 19:00:00,0.897,12.824
2019-02-25 20:00:00,0.909,13.078
2019-02-25 21:00:00,0.908,13.052
2019-02-25 22:00:00,0.906,13.009
2019-02-25 23:00:00,0.909,13.078
2019-02-26 00:00:00,0.919,13.312
2019-02-26 01:00:00,0.933,13.672
2019-02-26 02:00:00,0.95,14.191
2019-02-26 03:00:00,0.952,14.274
2019-02-26 04:00:00,0.97,15.097
2019-02-26 05:00:00,0.98,15.786
2019-02-26 06:00:00,0.982,15.959
2019-02-26 07:00:00,0.971,15.172
2019-02-26 08:00:00,0.936,13.754
2019-02-26 09:00:00,0.883,12.549
2019-02-26 10:00:00,0.834,11.764
2019-02-26 11:00:00,0.797,11.303
2019-02-26 12:00:00,0.785,11.146
2019-02-26 13:00:00,0.789,11.203
2019-02-26 14:00:00,0.795,11.259
2019-02-26 15:00:00,0.785,11.151
2019-02-26 16:00:00,0.756,10.831
2019-02-26 17:00:00,0.72,10.483
2019-02-26 18:00:00,0.682,10.136
2019-02-26 19:00:00,0.652,9.876
2019-02-26 20:00:00,0.623,9.641
2019-02-26 21:00:00,0.556,9.12
2019-02-26 22:00:00,0.458,8.392
2019-02-26 23:00:00,0.365,7.703
2019-02-27 00:00:00,0.287,7.072
2019-02-27 01:00:00,0.211,6.386
2019-02-27 02:00:00,0.143,5.653
2019-02-27 03:00:00,0.104,5.135
2019-02-27 04:00:00,0.091,4.94
2019-02-27 05:00:00,0.076,4.698
2019-02-27 06:00:00,0.062,4.45
2019-02-27 07:00:00,0.055,4.311
2019-02-27 08:00:00,0.071,4.614
2019-02-27 09:00:00,0.117,5.314
2019-02-27 10:00:00,0.156,5.812
2019-02-27 11:00:00,0.18,6.073
2019-02-27 12:00:00,0.22,6.473
2019-02-27 13:00:00,0.244,6.697
2019-02-27 14:00:00,0.276,6.983
2019-02-27 15:00:00,0.339,7.488
2019-02-27 16:00:00,0.378,7.797
2019-02-27 17:00:00,0.361,7.658
2019-02-27 18:00:00,0.315,7.31
2019-02-27 19:00:00,0.277,6.985
2019-02-27 20:00:00,0.262,6.857
2019-02-27 21:00:00,0.259,6.827
2019-02-27 22:00:00,0.246,6.718
2019-02-27 23:00:00,0.203,6.308
2019-02-28 00:00:00,0.14,5.623
2019-02-28 01:00:00,0.087,4.877
2019-02-28 02:00:00,0.055,4.305
2019-02-28 03:00:00,0.056,4.319
2019-02-28 04:00:00,0.079,4.755
2019-02-28 05:00:00,0.11,5.223
2019-02-28 06:00:00,0.125,5.423
2019-02-28 07:00:00,0.112,5.257
2019-02-28 08:00:00,0.078,4.739
2019-02-28 09:00:00,0.051,4.228
2019-02-28 10:00:00,0.04,3.959
2019-02-28 11:00:00,0.035,3.824
2019-02-28 12:00:00,0.034,3.808
2019-02-28 13:00:00,0.038,3.905
2019-02-28 14:00:00,0.049,4.185
2019-02-28 15:00:00,0.065,4.503
2019-02-28 16:00:00,0.076,4.704
2019-02-28 17:00:00,0.063,4.472
2019-02-28 18:00:00,0.046,4.11
2019-02-28 19:00:00,0.03,3.678
2019-02-28 20:00:00,0.027,3.591
2019-02-28 21:00:00,0.036,3.85
2019-02-28 22:00:00,0.051,4.211
2019-02-28 23:00:00,0.074,4.668
2019-03-01 00:00:00,0.1,5.073
2019-03-01 01:00:00,0.121,5.382
2019-03-01 02:00:00,0.146,5.69
2019-03-01 03:00:00,0.171,5.966
2019-03-01 04:00:00,0.187,6.15
2019-03-01 05:00:00,0.206,6.339
2019-03-01 06:00:00,0.234,6.599
2019-03-01 07:00:00,0.281,7.029
2019-03-01 08:00:00,0.362,7.681
2019-03-01 09:00:00,0.463,8.423
2019-03-01 10:00:00,0.563,9.166
2019-03-01 11:00:00,0.649,9.852
2019-03-01 12:00:00,0.714,10.421
2019-03-01 13:00:00,0.749,10.765
2019-03-01 14:00:00,0.745,10.731
2019-03-01 15:00:00,0.718,10.467
2019-03-01 16:00:00,0.693,10.238
2019-03-01 17:00:00,0.648,9.849
2019-03-01 18:00:00,0.61,9.536
2019-03-01 19:00:00,0.636,9.746
2019-03-01 20:00:00,0.673,10.057
2019-03-01 21:00:00,0.666,9.996
2019-03-01 22:00:00,0.664,9.979
2019-03-01 23:00:00,0.7,10.299
2019-03-02 00:00:00,0.718,10.463
2019-03-02 01:00:00,0.696,10.265
2019-03-02 02:00:00,0.656,9.914
2019-03-02 03:00:00,0.635,9.736
2019-03-02 04:00:00,0.621,9.624
2019-03-02 05:00:00,0.642,9.795
2019-03-02 06:00:00,0.585,9.34
2019-03-02 07:00:00,0.33,7.421
2019-03-02 08:00:00,0.204,6.319
2019-03-02 09:00:00,0.183,6.105
2019-03-02 10:00:00,0.208,6.349
2019-03-02 11:00:00,0.255,6.803
2019-03-02 12:00:00,0.31,7.261
2019-03-02 13:00:00,0.412,8.052
2019-03-02 14:00:00,0.552,9.091
2019-03-02 15:00:00,0.749,10.769
2019-03-02 16:00:00,0.916,13.25
2019-03-02 17:00:00,0.974,15.334
2019-03-02 18:00:00,0.984,16.216
2019-03-02 19:00:00,0.971,15.144
2019-03-02 20:00:00,0.933,13.664
2019-03-02 21:00:00,0.933,13.671
2019-03-02 22:00:00,0.924,13.425
2019-03-02 23:00:00,0.893,12.743
2019-03-03 00:00:00,0.899,12.853
2019-03-03 01:00:00,0.927,13.51
2019-03-03 02:00:00,0.939,13.841
2019-03-03 03:00:00,0.94,13.895
2019-03-03 04:00:00,0.93,13.596
2019-03-03 05:00:00,0.897,12.826
2019-03-03 06:00:00,0.858,12.129
2019-03-03 07:00:00,0.866,12.26
2019-03-03 08:00:00,0.875,12.415
2019-03-03 09:00:00,0.887,12.633
2019-03-03 10:00:00,0.895,12.791
2019-03-03 11:00:00,0.894,12.772
2019-03-03 12:00:00,0.886,12.604
2019-03-03 13:00:00,0.868,12.29
2019-03-03 14:00:00,0.831,11.733
2019-03-03 15:00:00,0.783,11.137
2019-03-03 16:00:00,0.721,10.488
2019-03-03 17:00:00,0.636,9.744
2019-03-03 18:00:00,0.536,8.971
2019-03-03 19:00:00,0.446,8.311
2019-03-03 20:00:00,0.389,7.879
2019-03-03 21:00:00,0.335,7.466
2019-03-03 22:00:00,0.264,6.875
2019-03-03 23:00:00,0.185,6.129
2019-03-04 00:00:00,0.116,5.298
2019-03-04 01:00:00,0.06,4.389
2019-03-04 02:00:00,0.022,3.439
2019-03-04 03:00:00,0.013,3.059
2019-03-04 04:00:00,0.017,3.254
2019-03-04 05:00:00,0.027,3.584
2019-03-04 06:00:00,0.037,3.883
2019-03-04 07:00:00,0.041,4.0
2019-03-04 08:00:00,0.035,3.823
2019-03-04 09:00:00,0.023,3.466
2019-03-04 10:00:00,0.013,3.029
2019-03-04 11:00:00,0.009,2.813
2019-03-04 12:00:00,0.013,3.073
2019-03-04 13:00:00,0.02,3.361
2019-03-04 14:00:00,0.026,3.574
2019-03-04 15:00:00,0.034,3.796
2019-03-04 16:00:00,0.042,4.015
2019-03-04 17:00:00,0.054,4.281
2019-03-04 18:00:00,0.073,4.631
2019-03-04 19:00:00,0.099,5.058
2019-03-04 20:00:00,0.144,5.669
2019-03-04 21:00:00,0.211,6.39
2019-03-04 22:00:00,0.285,7.056
2019-03-04 23:00:00,0.336,7.478
2019-03-05 00:00:00,0.433,8.21
2019-03-05 01:00:00,0.53,8.922
2019-03-05 02:00:00,0.593,9.396
2019-03-05 03:00:00,0.611,9.549
2019-03-05 04:00:00,0.604,9.487
2019-03-05 05:00:00,0.593,9.399
2019-03-05 06:00:00,0.59,9.385
2019-03-05 07:00:00,0.6,9.455
2019-03-05 08:00:00,0.608,9.519
2019-03-05 09:00:00,0.608,9.527
2019-03-05 10:00:00,0.599,9.443
2019-03-05 11:00:00,0.587,9.361
2019-03-05 12:00:00,0.582,9.318
2019-03-05 13:00:00,0.585,9.34
2019-03-05 14:00:00,0.595,9.415
2019-03-05 15:00:00,0.594,9.405
2019-03-05 16:00:00,0.564,9.181
2019-03-05 17:00:00,0.509,8.759
2019-03-05 18:00:00,0.438,8.242
2019-03-05 19:00:00,0.377,7.785
2019-03-05 20:00:00,0.341,7.507
2019-03-05 21:00:00,0.342,7.521
2019-03-05 22:00:00,0.365,7.701
2019-03-05 23:00:00,0.397,7.943
2019-03-06 00:00:00,0.438,8.247
2019-03-06 01:00:00,0.478,8.541
2019-03-06 02:00:00,0.524,8.886
2019-03-06 03:00:00,0.594,9.404
2019-03-06 04:00:00,0.658,9.929
2019-03-06 05:00:00,0.71,10.391
2019-03-06 06:00:00,0.767,10.962
2019-03-06 07:00:00,0.826,11.662
2019-03-06 08:00:00,0.87,12.326
2019-03-06 09:00:00,0.881,12.521
2019-03-06 10:00:00,0.885,12.586
2019-03-06 11:00:00,0.903,12.941
2019-03-06 12:00:00,0.914,13.191
2019-03-06 13:00:00,0.924,13.434
2019-03-06 14:00:00,0.935,13.731
2019-03-06 15:00:00,0.941,13.926
2019-03-06 16:00:00,0.944,14.014
2019-03-06 17:00:00,0.946,14.094
2019-03-06 18:00:00,0.953,14.315
2019-03-06 19:00:00,0.96,14.618
2019-03-06 20:00:00,0.968,14.975
2019-03-06 21:00:00,0.976,15.503
2019-03-06 22:00:00,0.985,16.227
2019-03-06 23:00:00,0.989,16.962
2019-03-07 00:00:00,0.989,17.504
2019-03-07 01:00:00,0.988,17.809
2019-03-07 02:00:00,0.988,17.916
2019-03-07 03:00:00,0.987,18.003
2019-03-07 04:00:00,0.986,18.167
2019-03-07 05:00:00,0.986,18.234
2019-03-07 06:00:00,0.986,18.181
2019-03-07 07:00:00,0.986,18.127
2019-03-07 08:00:00,0.987,18.106
2019-03-07 09:00:00,0.987,17.973
2019-03-07 10:00:00,0.988,17.746
2019-03-07 11:00:00,0.989,17.481
2019-03-07 12:00:00,0.989,17.094
2019-03-07 13:00:00,0.987,16.638
2019-03-07 14:00:00,0.984,16.147
2019-03-07 15:00:00,0.977,15.557
2019-03-07 16:00:00,0.965,14.851
2019-03-07 17:00:00,0.945,14.052
2019-03-07 18:00:00,0.911,13.126
2019-03-07 19:00:00,0.858,12.13
2019-03-07 20:00:00,0.796,11.276
2019-03-07 21:00:00,0.729,10.569
2019-03-07 22:00:00,0.66,9.944
2019-03-07 23:00:00,0.58,9.302
2019-03-08 00:00:00,0.509,8.772
2019-03-08 01:00:00,0.468,8.467
2019-03-08 02:00:00,0.441,8.263
2019-03-08 03:00:00,0.386,7.859
2019-03-08 04:00:00,0.291,7.107
2019-03-08 05:00:00,0.186,6.139
2019-03-08 06:00:00,0.087,4.882
2019-03-08 07:00:00,0.018,3.278
2019-03-08 08:00:00,0.003,2.222
2019-03-08 09:00:00,0.008,2.764
2019-03-08 10:00:00,0.053,4.264
2019-03-08 11:00:00,0.163,5.893
2019-03-08 12:00:00,0.304,7.215
2019-03-08 13:00:00,0.413,8.059
2019-03-08 14:00:00,0.461,8.414
2019-03-08 15:00:00,0.466,8.452
2019-03-08 16:00:00,0.492,8.645
2019-03-08 17:00:00,0.541,9.004
2019-03-08 18:00:00,0.586,9.352
2019-03-08 19:00:00,0.595,9.417
2019-03-08 20:00:00,0.55,9.074
2019-03-08 21:00:00,0.45,8.339
2019-03-08 22:00:00,0.357,7.635
2019-03-08 23:00:00,0.278,6.996
2019-03-09 00:00:00,0.219,6.458
2019-03-09 01:00:00,0.213,6.412
2019-03-09 02:00:00,0.332,7.437
2019-03-09 03:00:00,0.502,8.721
2019-03-09 04:00:00,0.585,9.346
2019-03-09 05:00:00,0.586,9.355
2019-03-09 06:00:00,0.518,8.837
2019-03-09 07:00:00,0.463,8.421
2019-03-09 08:00:00,0.454,8.37
2019-03-09 09:00:00,0.469,8.475
2019-03-09 10:00:00,0.462,8.416
2019-03-09 11:00:00,0.428,8.166
2019-03-09 12:00:00,0.36,7.656
2019-03-09 13:00:00,0.254,6.79
2019-03-09 14:00:00,0.16,5.849
2019-03-09 15:00:00,0.094,4.995
2019-03-09 16:00:00,0.075,4.675
2019-03-09 17:00:00,0.108,5.191
2019-03-09 18:00:00,0.225,6.523
2019-03-09 19:00:00,0.404,7.992
2019-03-09 20:00:00,0.564,9.173
2019-03-09 21:00:00,0.691,10.211
2019-03-09 22:00:00,0.744,10.723
2019-03-09 23:00:00,0.758,10.852
2019-03-10 00:00:00,0.744,10.716
2019-03-10 01:00:00,0.697,10.269
2019-03-10 02:00:00,0.64,9.778
2019-03-10 03:00:00,0.582,9.324
2019-03-10 04:00:00,0.475,8.519
2019-03-10 05:00:00,0.328,7.4
2019-03-10 06:00:00,0.203,6.31
2019-03-10 07:00:00,0.106,5.167
2019-03-10 08:00:00,0.033,3.777
2019-03-10 09:00:00,0.012,2.983
2019-03-10 10:00:00,0.007,2.708
2019-03-10 11:00:00,0.006,2.583
2019-03-10 12:00:00,0.005,2.501
2019-03-10 13:00:00,0.003,2.295
2019-03-10 14:00:00,0.003,2.279
2019-03-10 15:00:00,0.006,2.633
2019-03-10 16:00:00,0.012,3.018
2019-03-10 17:00:00,0.019,3.313
2019-03-10 18:00:00,0.027,3.586
2019-03-10 19:00:00,0.039,3.928
2019-03-10 20:00:00,0.063,4.472
2019-03-10 21:00:00,0.098,5.041
2019-03-10 22:00:00,0.123,5.408
2019-03-10 23:00:00,0.167,5.93
2019-03-11 00:00:00,0.253,6.783
2019-03-11 01:00:00,0.401,7.975
2019-03-11 02:00:00,0.601,9.464
2019-03-11 03:00:00,0.754,10.816
2019-03-11 04:00:00,0.876,12.419
2019-03-11 05:00:00,0.95,14.205
2019-03-11 06:00:00,0.976,15.478
2019-03-11 07:00:00,0.984,16.212
2019-03-11 08:00:00,0.985,16.255
2019-03-11 09:00:00,0.984,16.129
2019-03-11 10:00:00,0.982,15.962
2019-03-11 11:00:00,0.974,15.314
2019-03-11 12:00:00,0.962,14.711
2019-03-11 13:00:00,0.943,13.983
2019-03-11 14:00:00,0.885,12.593
2019-03-11 15:00:00,0.826,11.663
2019-03-11 16:00:00,0.788,11.187
2019-03-11 17:00:00,0.829,11.71
2019-03-11 18:00:00,0.894,12.769
2019-03-11 19:00:00,0.95,14.232
2019-03-11 20:00:00,0.982,15.94
2019-03-11 21:00:00,0.989,17.599
2019-03-11 22:00:00,0.968,19.424
2019-03-11 23:00:00,0.896,21.229
2019-03-12 00:00:00,0.748,23.009
2019-03-12 01:00:00,0.693,23.504
2019-03-12 02:00:00,0.915,20.896
2019-03-12 03:00:00,0.989,17.716
2019-03-12 04:00:00,0.985,16.23
2019-03-12 05:00:00,0.98,15.752
2019-03-12 06:00:00,0.977,15.538
2019-03-12 07:00:00,0.974,15.343
2019-03-12 08:00:00,0.976,15.447
2019-03-12 09:00:00,0.978,15.579
2019-03-12 10:00:00,0.977,15.565
2019-03-12 11:00:00,0.976,15.45
2019-03-12 12:00:00,0.978,15.582
2019-03-12 13:00:00,0.981,15.864
2019-03-12 14:00:00,0.981,15.88
2019-03-12 15:00:00,0.979,15.675
2019-03-12 16:00:00,0.98,15.785
2019-03-12 17:00:00,0.984,16.166
2019-03-12 18:00:00,0.984,16.213
2019-03-12 19:00:00,0.977,15.521
2019-03-12 20:00:00,0.947,14.117
2019-03-12 21:00:00,0.848,11.979
2019-03-12 22:00:00,0.652,9.883
2019-03-12 23:00:00,0.559,9.142
2019-03-13 00:00:00,0.636,9.741
2019-03-13 01:00:00,0.732,10.596
2019-03-13 02:00:00,0.781,11.099
2019-03-13 03:00:00,0.803,11.364
2019-03-13 04:00:00,0.82,11.585
2019-03-13 05:00:00,0.827,11.685
2019-03-13 06:00:00,0.823,11.624
2019-03-13 07:00:00,0.804,11.385
2019-03-13 08:00:00,0.774,11.034
2019-03-13 09:00:00,0.731,10.583
2019-03-13 10:00:00,0.732,10.595
2019-03-13 11:00:00,0.763,10.906
2019-03-13 12:00:00,0.767,10.957
2019-03-13 13:00:00,0.763,10.907
2019-03-13 14:00:00,0.753,10.814
2019-03-13 15:00:00,0.691,10.219
2019-03-13 16:00:00,0.597,9.435
2019-03-13 17:00:00,0.45,8.332
2019-03-13 18:00:00,0.281,7.026
2019-03-13 19:00:00,0.196,6.236
2019-03-13 20:00:00,0.12,5.356
2019-03-13 21:00:00,0.078,4.736
2019-03-13 22:00:00,0.095,5.007
2019-03-13 23:00:00,0.115,5.284
2019-03-14 00:00:00,0.179,6.059
2019-03-14 01:00:00,0.225,6.529
2019-03-14 02:00:00,0.217,6.44
2019-03-14 03:00:00,0.14,5.617
2019-03-14 04:00:00,0.068,4.565
2019-03-14 05:00:00,0.043,4.042
2019-03-14 06:00:00,0.048,4.162
2019-03-14 07:00:00,0.043,4.028
2019-03-14 08:00:00,0.031,3.702
2019-03-14 09:00:00,0.037,3.871
2019-03-14 10:00:00,0.091,4.947
2019-03-14 11:00:00,0.229,6.562
2019-03-14 12:00:00,0.446,8.298
2019-03-14 13:00:00,0.633,9.72
2019-03-14 14:00:00,0.747,10.749
2019-03-14 15:00:00,0.787,11.178
2019-03-14 16:00:00,0.768,10.969
2019-03-14 17:00:00,0.717,10.451
2019-03-14 18:00:00,0.694,10.239
2019-03-14 19:00:00,0.723,10.51
2019-03-14 20:00:00,0.774,11.029
2019-03-14 21:00:00,0.803,11.37
2019-03-14 22:00:00,0.797,11.299
2019-03-14 23:00:00,0.802,11.353
2019-03-15 00:00:00,0.818,11.56
2019-03-15 01:00:00,0.798,11.306
2019-03-15 02:00:00,0.756,10.834
2019-03-15 03:00:00,0.707,10.352
2019-03-15 04:00:00,0.649,9.852
2019-03-15 05:00:00,0.623,9.641
2019-03-15 06:00:00,0.647,9.833
2019-03-15 07:00:00,0.709,10.382
2019-03-15 08:00:00,0.777,11.071
2019-03-15 09:00:00,0.826,11.658
2019-03-15 10:00:00,0.859,12.145
2019-03-15 11:00:00,0.882,12.543
2019-03-15 12:00:00,0.9,12.877
2019-03-15 13:00:00,0.917,13.242
2019-03-15 14:00:00,0.926,13.478
2019-03-15 15:00:00,0.928,13.539
2019-03-15 16:00:00,0.923,13.405
2019-03-15 17:00:00,0.909,13.068
2019-03-15 18:00:00,0.889,12.652
2019-03-15 19:00:00,0.865,12.245
2019-03-15 20:00:00,0.846,11.936
2019-03-15 21:00:00,0.829,11.701
2019-03-15 22:00:00,0.81,11.462
2019-03-15 23:00:00,0.773,11.01
2019-03-16 00:00:00,0.72,10.481
2019-03-16 01:00:00,0.688,10.183
2019-03-16 02:00:00,0.648,9.85
2019-03-16 03:00:00,0.572,9.235
2019-03-16 04:00:00,0.504,8.731
2019-03-16 05:00:00,0.424,8.142
2019-03-16 06:00:00,0.339,7.497
2019-03-16 07:00:00,0.267,6.906
2019-03-16 08:00:00,0.228,6.557
2019-03-16 09:00:00,0.206,6.332
2019-03-16 10:00:00,0.179,6.059
2019-03-16 11:00:00,0.157,5.823
2019-03-16 12:00:00,0.146,5.686
2019-03-16 13:00:00,0.116,5.303
2019-03-16 14:00:00,0.074,4.65
2019-03-16 15:00:00,0.039,3.93
2019-03-16 16:00:00,0.014,3.112
2019-03-16 17:00:00,0.011,2.959
2019-03-16 18:00:00,0.018,3.273
2019-03-16 19:00:00,0.039,3.932
2019-03-16 20:00:00,0.097,5.03
2019-03-16 21:00:00,0.203,6.308
2019-03-16 22:00:00,0.327,7.398
2019-03-16 23:00:00,0.463,8.427
2019-03-17 00:00:00,0.599,9.452
2019-03-17 01:00:00,0.73,10.572
2019-03-17 02:00:00,0.824,11.641
2019-03-17 03:00:00,0.904,12.963
2019-03-17 04:00:00,0.958,14.533
2019-03-17 05:00:00,0.983,16.047
2019-03-17 06:00:00,0.989,17.08
2019-03-17 07:00:00,0.989,17.536
2019-03-17 08:00:00,0.989,17.718
2019-03-17 09:00:00,0.988,17.91
2019-03-17 10:00:00,0.987,18.029
2019-03-17 11:00:00,0.987,17.99
2019-03-17 12:00:00,0.989,17.667
2019-03-17 13:00:00,0.989,17.173
2019-03-17 14:00:00,0.988,16.697
2019-03-17 15:00:00,0.985,16.289
2019-03-17 16:00:00,0.982,15.909
2019-03-17 17:00:00,0.976,15.479
2019-03-17 18:00:00,0.966,14.909
2019-03-17 19:00:00,0.948,14.156
2019-03-17 20:00:00,0.915,13.212
2019-03-17 21:00:00,0.858,12.128
2019-03-17 22:00:00,0.773,11.022
2019-03-17 23:00:00,0.666,10.0
2019-03-18 00:00:00,0.552,9.089
2019-03-18 01:00:00,0.438,8.242
2019-03-18 02:00:00,0.342,7.51
2019-03-18 03:00:00,0.25,6.748
2019-03-18 04:00:00,0.16,5.856
2019-03-18 05:00:00,0.079,4.753
2019-03-18 06:00:00,0.031,3.708
2019-03-18 07:00:00,0.011,2.932
2019-03-18 08:00:00,0.006,2.586
2019-03-18 09:00:00,0.009,2.815
2019-03-18 10:00:00,0.032,3.735
2019-03-18 11:00:00,0.087,4.882
2019-03-18 12:00:00,0.158,5.833
2019-03-18 13:00:00,0.234,6.601
2019-03-18 14:00:00,0.315,7.307
2019-03-18 15:00:00,0.395,7.927
2019-03-18 16:00:00,0.454,8.365
2019-03-18 17:00:00,0.511,8.783
2019-03-18 18:00:00,0.582,9.319
2019-03-18 19:00:00,0.655,9.898
2019-03-18 20:00:00,0.729,10.568
2019-03-18 21:00:00,0.792,11.236
2019-03-18 22:00:00,0.837,11.823
2019-03-18 23:00:00,0.865,12.247
2019-03-19 00:00:00,0.868,12.297
2019-03-19 01:00:00,0.863,12.205
2019-03-19 02:00:00,0.864,12.222
2019-03-19 03:00:00,0.872,12.354
2019-03-19 04:00:00,0.885,12.579
2019-03-19 05:00:00,0.9,12.887
2019-03-19 06:00:00,0.913,13.168
2019-03-19 07:00:00,0.941,13.926
2019-03-19 08:00:00,0.968,15.001
2019-03-19 09:00:00,0.98,15.784
2019-03-19 10:00:00,0.986,16.461
2019-03-19 11:00:00,0.987,16.633
2019-03-19 12:00:00,0.988,16.672
2019-03-19 13:00:00,0.986,16.423
2019-03-19 14:00:00,0.981,15.841
2019-03-19 15:00:00,0.982,15.964
2019-03-19 16:00:00,0.983,16.06
2019-03-19 17:00:00,0.986,16.393
2019-03-19 18:00:00,0.989,16.962
2019-03-19 19:00:00,0.989,17.543
2019-03-19 20:00:00,0.987,18.057
2019-03-19 21:00:00,0.987,18.1
2019-03-19 22:00:00,0.987,17.97
2019-03-19 23:00:00,0.987,18.027
2019-03-20 00:00:00,0.988,17.892
2019-03-20 01:00:00,0.989,17.619
2019-03-20 02:00:00,0.989,17.233
2019-03-20 03:00:00,0.987,16.621
2019-03-20 04:00:00,0.983,16.053
2019-03-20 05:00:00,0.976,15.474
2019-03-20 06:00:00,0.962,14.68
2019-03-20 07:00:00,0.937,13.796
2019-03-20 08:00:00,0.89,12.684
2019-03-20 09:00:00,0.834,11.776
2019-03-20 10:00:00,0.809,11.444
2019-03-20 11:00:00,0.815,11.522
2019-03-20 12:00:00,0.877,12.443
2019-03-20 13:00:00,0.934,13.703
2019-03-20 14:00:00,0.956,14.45
2019-03-20 15:00:00,0.976,15.459
2019-03-20 16:00:00,0.988,17.853
2019-03-20 17:00:00,0.913,20.93
2019-03-20 18:00:00,0.836,22.079
2019-03-20 19:00:00,0.868,21.657
2019-03-20 20:00:00,0.912,20.958
2019-03-20 21:00:00,0.972,19.231
2019-03-20 22:00:00,0.989,17.177
2019-03-20 23:00:00,0.981,15.827
2019-03-21 00:00:00,0.967,14.956
2019-03-21 01:00:00,0.954,14.372
2019-03-21 02:00:00,0.949,14.175
2019-03-21 03:00:00,0.946,14.082
2019-03-21 04:00:00,0.934,13.708
2019-03-21 05:00:00,0.895,12.774
2019-03-21 06:00:00,0.843,11.9
2019-03-21 07:00:00,0.807,11.425
2019-03-21 08:00:00,0.817,11.537
2019-03-21 09:00:00,0.82,11.58
2019-03-21 10:00:00,0.773,11.015
2019-03-21 11:00:00,0.696,10.26
2019-03-21 12:00:00,0.66,9.95
2019-03-21 13:00:00,0.686,10.167
2019-03-21 14:00:00,0.707,10.353
2019-03-21 15:00:00,0.705,10.336
2019-03-21 16:00:00,0.639,9.772
2019-03-21 17:00:00,0.636,9.75
2019-03-21 18:00:00,0.642,9.794
2019-03-21 19:00:00,0.65,9.862
2019-03-21 20:00:00,0.867,12.274
2019-03-21 21:00:00,0.965,14.86
2019-03-21 22:00:00,0.989,16.971
2019-03-21 23:00:00,0.986,18.179
2019-03-22 00:00:00,0.984,18.421
2019-03-22 01:00:00,0.985,18.316
2019-03-22 02:00:00,0.986,18.226
2019-03-22 03:00:00,0.982,18.586
2019-03-22 04:00:00,0.963,19.638
2019-03-22 05:00:00,0.899,21.187
2019-03-22 06:00:00,0.81,22.376
2019-03-22 07:00:00,0.667,23.72
2019-03-22 08:00:00,0.602,24.239
2019-03-22 09:00:00,0.731,23.158
2019-03-22 10:00:00,0.883,21.441
2019-03-22 11:00:00,0.941,20.31
2019-03-22 12:00:00,0.961,19.697
2019-03-22 13:00:00,0.962,19.678
2019-03-22 14:00:00,0.944,20.227
2019-03-22 15:00:00,0.926,20.662
2019-03-22 16:00:00,0.874,21.571
2019-03-22 17:00:00,0.726,23.2
2019-03-22 18:00:00,0.564,24.532
2019-03-22 19:00:00,0.577,24.432
2019-03-22 20:00:00,0.671,23.688
2019-03-22 21:00:00,0.723,23.238
2019-03-22 22:00:00,0.741,23.078
2019-03-22 23:00:00,0.681,23.602
2019-03-23 00:00:00,0.607,24.195
2019-03-23 01:00:00,0.583,24.379
2019-03-23 02:00:00,0.55,24.64
2019-03-23 03:00:00,0.54,24.706
2019-03-23 04:00:00,0.522,24.85
2019-03-23 05:00:00,0.526,24.819
2019-03-23 06:00:00,0.56,24.551
2019-03-23 07:00:00,0.629,24.02
2019-03-23 08:00:00,0.696,23.475
2019-03-23 09:00:00,0.757,22.925
2019-03-23 10:00:00,0.829,22.165
2019-03-23 11:00:00,0.913,20.936
2019-03-23 12:00:00,0.962,19.668
2019-03-23 13:00:00,0.985,18.345
2019-03-23 14:00:00,0.989,17.401
2019-03-23 15:00:00,0.989,16.991
2019-03-23 16:00:00,0.988,16.772
2019-03-23 17:00:00,0.987,16.605
2019-03-23 18:00:00,0.988,16.672
2019-03-23 19:00:00,0.989,16.968
2019-03-23 20:00:00,0.989,17.167
2019-03-23 21:00:00,0.989,17.105
2019-03-23 22:00:00,0.989,17.065
2019-03-23 23:00:00,0.989,17.245
2019-03-24 00:00:00,0.989,17.398
2019-03-24 01:00:00,0.989,17.474
2019-03-24 02:00:00,0.989,17.559
2019-03-24 03:00:00,0.989,17.684
2019-03-24 04:00:00,0.988,17.734
2019-03-24 05:00:00,0.988,17.867
2019-03-24 06:00:00,0.989,17.62
2019-03-24 07:00:00,0.989,17.287
2019-03-24 08:00:00,0.989,17.153
2019-03-24 09:00:00,0.988,16.759
2019-03-24 10:00:00,0.988,16.827
2019-03-24 11:00:00,0.987,17.984
2019-03-24 12:00:00,0.975,19.075
2019-03-24 13:00:00,0.977,18.961
2019-03-24 14:00:00,0.985,18.307
2019-03-24 15:00:00,0.989,17.664
2019-03-24 16:00:00,0.989,17.045
2019-03-24 17:00:00,0.984,16.185
2019-03-24 18:00:00,0.975,15.375
2019-03-24 19:00:00,0.965,14.843
2019-03-24 20:00:00,0.957,14.484
2019-03-24 21:00:00,0.948,14.146
2019-03-24 22:00:00,0.946,14.087
2019-03-24 23:00:00,0.953,14.342
2019-03-25 00:00:00,0.961,14.644
2019-03-25 01:00:00,0.96,14.621
2019-03-25 02:00:00,0.947,14.122
2019-03-25 03:00:00,0.922,13.381
2019-03-25 04:00:00,0.889,12.659
2019-03-25 05:00:00,0.86,12.163
2019-03-25 06:00:00,0.833,11.755
2019-03-25 07:00:00,0.796,11.284
2019-03-25 08:00:00,0.738,10.658
2019-03-25 09:00:00,0.647,9.827
2019-03-25 10:00:00,0.643,9.804
2019-03-25 11:00:00,0.71,10.389
2019-03-25 12:00:00,0.738,10.657
2019-03-25 13:00:00,0.75,10.782
2019-03-25 14:00:00,0.734,10.612
2019-03-25 15:00:00,0.692,10.226
2019-03-25 16:00:00,0.673,10.061
2019-03-25 17:00:00,0.698,10.276
2019-03-25 18:00:00,0.723,10.51
2019-03-25 19:00:00,0.717,10.441
2019-03-25 20:00:00,0.714,10.417
2019-03-25 21:00:00,0.763,10.919
2019-03-25 22:00:00,0.816,11.529
2019-03-25 23:00:00,0.847,11.969
2019-03-26 00:00:00,0.866,12.255
2019-03-26 01:00:00,0.878,12.465
2019-03-26 02:00:00,0.899,12.87
2019-03-26 03:00:00,0.929,13.557
2019-03-26 04:00:00,0.956,14.457
2019-03-26 05:00:00,0.967,14.914
2019-03-26 06:00:00,0.974,15.354
2019-03-26 07:00:00,0.98,15.773
2019-03-26 08:00:00,0.982,15.931
2019-03-26 09:00:00,0.979,15.727
2019-03-26 10:00:00,0.977,15.537
2019-03-26 11:00:00,0.977,15.518
2019-03-26 12:00:00,0.97,15.112
2019-03-26 13:00:00,0.959,14.561
2019-03-26 14:00:00,0.93,13.586
2019-03-26 15:00:00,0.893,12.732
2019-03-26 16:00:00,0.826,11.653
2019-03-26 17:00:00,0.736,10.638
2019-03-26 18:00:00,0.644,9.812
2019-03-26 19:00:00,0.596,9.419
2019-03-26 20:00:00,0.542,9.019
2019-03-26 21:00:00,0.511,8.778
2019-03-26 22:00:00,0.422,8.133
2019-03-26 23:00:00,0.356,7.624
2019-03-27 00:00:00,0.33,7.428
2019-03-27 01:00:00,0.322,7.361
2019-03-27 02:00:00,0.319,7.33
2019-03-27 03:00:00,0.32,7.342
2019-03-27 04:00:00,0.389,7.886
2019-03-27 05:00:00,0.45,8.332
2019-03-27 06:00:00,0.608,9.516
2019-03-27 07:00:00,0.751,10.787
2019-03-27 08:00:00,0.818,11.561
2019-03-27 09:00:00,0.899,12.856
2019-03-27 10:00:00,0.906,13.012
2019-03-27 11:00:00,0.937,13.797
2019-03-27 12:00:00,0.948,14.141
2019-03-27 13:00:00,0.942,13.932
2019-03-27 14:00:00,0.957,14.48
2019-03-27 15:00:00,0.962,14.697
2019-03-27 16:00:00,0.972,15.216
2019-03-27 17:00:00,0.973,15.268
2019-03-27 18:00:00,0.966,14.912
2019-03-27 19:00:00,0.969,15.058
2019-03-27 20:00:00,0.979,15.666
2019-03-27 21:00:00,0.978,15.58
2019-03-27 22:00:00,0.978,15.626
2019-03-27 23:00:00,0.973,15.282
2019-03-28 00:00:00,0.969,15.063
2019-03-28 01:00:00,0.986,16.356
2019-03-28 02:00:00,0.989,17.127
2019-03-28 03:00:00,0.989,17.123
2019-03-28 04:00:00,0.989,17.127
2019-03-28 05:00:00,0.989,17.674
2019-03-28 06:00:00,0.983,18.508
2019-03-28 07:00:00,0.977,18.984
2019-03-28 08:00:00,0.969,19.389
2019-03-28 09:00:00,0.955,19.926
2019-03-28 10:00:00,0.937,20.42
2019-03-28 11:00:00,0.922,20.759
2019-03-28 12:00:00,0.908,21.03
2019-03-28 13:00:00,0.899,21.187
2019-03-28 14:00:00,0.882,21.463
2019-03-28 15:00:00,0.904,21.092
2019-03-28 16:00:00,0.922,20.752
2019-03-28 17:00:00,0.924,20.709
2019-03-28 18:00:00,0.916,20.872
2019-03-28 19:00:00,0.908,21.024
2019-03-28 20:00:00,0.896,21.237
2019-03-28 21:00:00,0.897,21.217
2019-03-28 22:00:00,0.923,20.742
2019-03-28 23:00:00,0.957,19.837
2019-03-29 00:00:00,0.984,18.423
2019-03-29 01:00:00,0.988,16.845
2019-03-29 02:00:00,0.982,15.906
2019-03-29 03:00:00,0.976,15.44
2019-03-29 04:00:00,0.97,15.103
2019-03-29 05:00:00,0.969,15.025
2019-03-29 06:00:00,0.963,14.749
2019-03-29 07:00:00,0.965,14.834
2019-03-29 08:00:00,0.965,14.842
2019-03-29 09:00:00,0.961,14.658
2019-03-29 10:00:00,0.954,14.346
2019-03-29 11:00:00,0.95,14.191
2019-03-29 12:00:00,0.941,13.909
2019-03-29 13:00:00,0.93,13.593
2019-03-29 14:00:00,0.93,13.583
2019-03-29 15:00:00,0.928,13.55
2019-03-29 16:00:00,0.924,13.428
2019-03-29 17:00:00,0.918,13.292
2019-03-29 18:00:00,0.911,13.122
2019-03-29 19:00:00,0.897,12.826
2019-03-29 20:00:00,0.9,12.891
2019-03-29 21:00:00,0.904,12.972
2019-03-29 22:00:00,0.905,12.999
2019-03-29 23:00:00,0.911,13.13
2019-03-30 00:00:00,0.917,13.256
2019-03-30 01:00:00,0.92,13.326
2019-03-30 02:00:00,0.918,13.284
2019-03-30 03:00:00,0.921,13.365
2019-03-30 04:00:00,0.931,13.632
2019-03-30 05:00:00,0.947,14.11
2019-03-30 06:00:00,0.961,14.643
2019-03-30 07:00:00,0.97,15.097
2019-03-30 08:00:00,0.98,15.765
2019-03-30 09:00:00,0.987,16.522
2019-03-30 10:00:00,0.989,17.172
2019-03-30 11:00:00,0.989,17.69
2019-03-30 12:00:00,0.989,17.416
2019-03-30 13:00:00,0.987,16.618
2019-03-30 14:00:00,0.981,15.898
2019-03-30 15:00:00,0.963,14.741
2019-03-30 16:00:00,0.93,13.595
2019-03-30 17:00:00,0.898,12.834
2019-03-30 18:00:00,0.859,12.143
2019-03-30 19:00:00,0.806,11.411
2019-03-30 20:00:00,0.735,10.623
2019-03-30 21:00:00,0.652,9.876
2019-03-30 22:00:00,0.561,9.159
2019-03-30 23:00:00,0.446,8.306
2019-03-31 00:00:00,0.319,7.341
2019-03-31 01:00:00,0.222,6.484
2019-03-31 02:00:00,0.161,5.87
2019-03-31 03:00:00,0.135,5.542
2019-03-31 04:00:00,0.144,5.67
2019-03-31 05:00:00,0.192,6.197
2019-03-31 06:00:00,0.282,7.032
2019-03-31 07:00:00,0.407,8.013
2019-03-31 08:00:00,0.535,8.966
2019-03-31 09:00:00,0.643,9.804
2019-03-31 10:00:00,0.722,10.501
2019-03-31 11:00:00,0.783,11.128
2019-03-31 12:00:00,0.832,11.747
2019-03-31 13:00:00,0.868,12.294
2019-03-31 14:00:00,0.892,12.722
2019-03-31 15:00:00,0.902,12.923
2019-03-31 16:00:00,0.903,12.938
2019-03-31 17:00:00,0.902,12.924
2019-03-31 18:00:00,0.902,12.93
2019-03-31 19:00:00,0.906,13.005
2019-03-31 20:00:00,0.909,13.078
2019-03-31 21:00:00,0.907,13.031
2019-03-31 22:00:00,0.898,12.836
2019-03-31 23:00:00,0.89,12.673
2019-04-01 00:00:00,0.886,12.615
2019-04-01 01:00:00,0.889,12.654
2019-04-01 02:00:00,0.891,12.714
2019-04-01 03:00:00,0.9,12.876
2019-04-01 04:00:00,0.912,13.141
2019-04-01 05:00:00,0.926,13.484
2019-04-01 06:00:00,0.941,13.92
2019-04-01 07:00:00,0.953,14.343
2019-04-01 08:00:00,0.961,14.661
2019-04-01 09:00:00,0.963,14.742
2019-04-01 10:00:00,0.965,14.864
2019-04-01 11:00:00,0.969,15.027
2019-04-01 12:00:00,0.972,15.206
2019-04-01 13:00:00,0.976,15.482
2019-04-01 14:00:00,0.98,15.783
2019-04-01 15:00:00,0.981,15.861
2019-04-01 16:00:00,0.982,15.921
2019-04-01 17:00:00,0.983,16.025
2019-04-01 18:00:00,0.982,15.996
2019-04-01 19:00:00,0.973,15.279
2019-04-01 20:00:00,0.939,13.869
2019-04-01 21:00:00,0.864,12.21
2019-04-01 22:00:00,0.735,10.631
2019-04-01 23:00:00,0.589,9.379
2019-04-02 00:00:00,0.459,8.396
2019-04-02 01:00:00,0.381,7.822
2019-04-02 02:00:00,0.327,7.397
2019-04-02 03:00:00,0.255,6.801
2019-04-02 04:00:00,0.17,5.955
2019-04-02 05:00:00,0.114,5.276
2019-04-02 06:00:00,0.074,4.648
2019-04-02 07:00:00,0.051,4.225
2019-04-02 08:00:00,0.046,4.102
2019-04-02 09:00:00,0.07,4.587
2019-04-02 10:00:00,0.167,5.933
2019-04-02 11:00:00,0.313,7.281
2019-04-02 12:00:00,0.491,8.636
2019-04-02 13:00:00,0.681,10.132
2019-04-02 14:00:00,0.826,11.652
2019-04-02 15:00:00,0.91,13.102
2019-04-02 16:00:00,0.957,14.474
2019-04-02 17:00:00,0.979,15.692
2019-04-02 18:00:00,0.987,16.635
2019-04-02 19:00:00,0.989,17.305
2019-04-02 20:00:00,0.989,17.555
2019-04-02 21:00:00,0.989,17.417
2019-04-02 22:00:00,0.989,17.262
2019-04-02 23:00:00,0.989,17.29
2019-04-03 00:00:00,0.989,17.507
2019-04-03 01:00:00,0.988,17.832
2019-04-03 02:00:00,0.986,18.25
2019-04-03 03:00:00,0.982,18.606
2019-04-03 04:00:00,0.978,18.907
2019-04-03 05:00:00,0.976,19.043
2019-04-03 06:00:00,0.979,18.837
2019-04-03 07:00:00,0.984,18.412
2019-04-03 08:00:00,0.988,17.945
2019-04-03 09:00:00,0.989,17.458
2019-04-03 10:00:00,0.988,16.909
2019-04-03 11:00:00,0.986,16.414
2019-04-03 12:00:00,0.982,15.923
2019-04-03 13:00:00,0.974,15.329
2019-04-03 14:00:00,0.962,14.671
2019-04-03 15:00:00,0.949,14.177
2019-04-03 16:00:00,0.932,13.639
2019-04-03 17:00:00,0.907,13.042
2019-04-03 18:00:00,0.886,12.607
2019-04-03 19:00:00,0.862,12.2
2019-04-03 20:00:00,0.832,11.737
2019-04-03 21:00:00,0.809,11.446
2019-04-03 22:00:00,0.795,11.262
2019-04-03 23:00:00,0.791,11.226
2019-04-04 00:00:00,0.791,11.223
2019-04-04 01:00:00,0.804,11.378
2019-04-04 02:00:00,0.839,11.84
2019-04-04 03:00:00,0.891,12.696
2019-04-04 04:00:00,0.93,13.583
2019-04-04 05:00:00,0.95,14.23
2019-04-04 06:00:00,0.962,14.695
2019-04-04 07:00:00,0.972,15.199
2019-04-04 08:00:00,0.979,15.722
2019-04-04 09:00:00,0.983,16.105
2019-04-04 10:00:00,0.987,16.629
2019-04-04 11:00:00,0.989,17.041
2019-04-04 12:00:00,0.989,17.079
2019-04-04 13:00:00,0.988,16.897
2019-04-04 14:00:00,0.986,16.487
2019-04-04 15:00:00,0.981,15.865
2019-04-04 16:00:00,0.968,14.968
2019-04-04 17:00:00,0.941,13.902
2019-04-04 18:00:00,0.915,13.218
2019-04-04 19:00:00,0.872,12.357
2019-04-04 20:00:00,0.81,11.461
2019-04-04 21:00:00,0.736,10.639
2019-04-04 22:00:00,0.669,10.028
2019-04-04 23:00:00,0.62,9.619
2019-04-05 00:00:00,0.573,9.249
2019-04-05 01:00:00,0.538,8.983
2019-04-05 02:00:00,0.545,9.04
2019-04-05 03:00:00,0.594,9.401
2019-04-05 04:00:00,0.635,9.735
2019-04-05 05:00:00,0.608,9.525
2019-04-05 06:00:00,0.537,8.981
2019-04-05 07:00:00,0.466,8.458
2019-04-05 08:00:00,0.383,7.839
2019-04-05 09:00:00,0.257,6.82
2019-04-05 10:00:00,0.151,5.754
2019-04-05 11:00:00,0.084,4.835
2019-04-05 12:00:00,0.051,4.218
2019-04-05 13:00:00,0.033,3.769
2019-04-05 14:00:00,0.026,3.582
2019-04-05 15:00:00,0.034,3.8
2019-04-05 16:00:00,0.061,4.43
2019-04-05 17:00:00,0.104,5.135
2019-04-05 18:00:00,0.153,5.771
2019-04-05 19:00:00,0.205,6.325
2019-04-05 20:00:00,0.251,6.759
2019-04-05 21:00:00,0.27,6.919
2019-04-05 22:00:00,0.277,6.986
2019-04-05 23:00:00,0.294,7.131
2019-04-06 00:00:00,0.317,7.322
2019-04-06 01:00:00,0.344,7.539
2019-04-06 02:00:00,0.377,7.793
2019-04-06 03:00:00,0.426,8.153
2019-04-06 04:00:00,0.483,8.571
2019-04-06 05:00:00,0.545,9.033
2019-04-06 06:00:00,0.594,9.409
2019-04-06 07:00:00,0.636,9.751
2019-04-06 08:00:00,0.687,10.172
2019-04-06 09:00:00,0.738,10.66
2019-04-06 10:00:00,0.771,10.993
2019-04-06 11:00:00,0.785,11.162
2019-04-06 12:00:00,0.804,11.376
2019-04-06 13:00:00,0.819,11.571
2019-04-06 14:00:00,0.837,11.816
2019-04-06 15:00:00,0.848,11.981
2019-04-06 16:00:00,0.861,12.177
2019-04-06 17:00:00,0.87,12.32
2019-04-06 18:00:00,0.877,12.439
2019-04-06 19:00:00,0.881,12.505
2019-04-06 20:00:00,0.885,12.586
2019-04-06 21:00:00,0.886,12.596
2019-04-06 22:00:00,0.883,12.553
2019-04-06 23:00:00,0.88,12.503
2019-04-07 00:00:00,0.878,12.464
2019-04-07 01:00:00,0.877,12.444
2019-04-07 02:00:00,0.881,12.506
2019-04-07 03:00:00,0.894,12.756
2019-04-07 04:00:00,0.91,13.105
2019-04-07 05:00:00,0.923,13.413
2019-04-07 06:00:00,0.933,13.666
2019-04-07 07:00:00,0.94,13.88
2019-04-07 08:00:00,0.945,14.052
2019-04-07 09:00:00,0.947,14.13
2019-04-07 10:00:00,0.949,14.196
2019-04-07 11:00:00,0.95,14.202
2019-04-07 12:00:00,0.949,14.166
2019-04-07 13:00:00,0.946,14.072
2019-04-07 14:00:00,0.942,13.955
2019-04-07 15:00:00,0.94,13.894
2019-04-07 16:00:00,0.939,13.85
2019-04-07 17:00:00,0.94,13.871
2019-04-07 18:00:00,0.944,14.001
2019-04-07 19:00:00,0.95,14.236
2019-04-07 20:00:00,0.956,14.463
2019-04-07 21:00:00,0.961,14.639
2019-04-07 22:00:00,0.965,14.834
2019-04-07 23:00:00,0.969,15.029
2019-04-08 00:00:00,0.973,15.26
2019-04-08 01:00:00,0.977,15.517
2019-04-08 02:00:00,0.98,15.752
2019-04-08 03:00:00,0.981,15.861
2019-04-08 04:00:00,0.981,15.887
2019-04-08 05:00:00,0.982,15.906
2019-04-08 06:00:00,0.982,15.968
2019-04-08 07:00:00,0.983,16.065
2019-04-08 08:00:00,0.984,16.19
2019-04-08 09:00:00,0.985,16.326
2019-04-08 10:00:00,0.985,16.318
2019-04-08 11:00:00,0.983,16.107
2019-04-08 12:00:00,0.979,15.707
2019-04-08 13:00:00,0.972,15.194
2019-04-08 14:00:00,0.962,14.693
2019-04-08 15:00:00,0.951,14.252
2019-04-08 16:00:00,0.942,13.938
2019-04-08 17:00:00,0.935,13.732
2019-04-08 18:00:00,0.928,13.538
2019-04-08 19:00:00,0.918,13.289
2019-04-08 20:00:00,0.902,12.921
2019-04-08 21:00:00,0.881,12.513
2019-04-08 22:00:00,0.856,12.101
2019-04-08 23:00:00,0.826,11.659
2019-04-09 00:00:00,0.791,11.228
2019-04-09 01:00:00,0.756,10.833
2019-04-09 02:00:00,0.722,10.489
2019-04-09 03:00:00,0.687,10.179
2019-04-09 04:00:00,0.664,9.981
2019-04-09 05:00:00,0.647,9.836
2019-04-09 06:00:00,0.64,9.777
2019-04-09 07:00:00,0.636,9.746
2019-04-09 08:00:00,0.634,9.732
2019-04-09 09:00:00,0.62,9.619
2019-04-09 10:00:00,0.585,9.346
2019-04-09 11:00:00,0.556,9.122
2019-04-09 12:00:00,0.542,9.011
2019-04-09 13:00:00,0.536,8.976
2019-04-09 14:00:00,0.536,8.972
2019-04-09 15:00:00,0.539,8.986
2019-04-09 16:00:00,0.543,9.023
2019-04-09 17:00:00,0.536,8.97
2019-04-09 18:00:00,0.517,8.824
2019-04-09 19:00:00,0.493,8.646
2019-04-09 20:00:00,0.463,8.428
2019-04-09 21:00:00,0.432,8.201
2019-04-09 22:00:00,0.401,7.971
2019-04-09 23:00:00,0.375,7.775
2019-04-10 00:00:00,0.357,7.634
2019-04-10 01:00:00,0.347,7.563
2019-04-10 02:00:00,0.342,7.516
2019-04-10 03:00:00,0.335,7.469
2019-04-10 04:00:00,0.332,7.435
2019-04-10 05:00:00,0.335,7.468
2019-04-10 06:00:00,0.343,7.524
2019-04-10 07:00:00,0.348,7.571
2019-04-10 08:00:00,0.35,7.579
2019-04-10 09:00:00,0.344,7.542
2019-04-10 10:00:00,0.339,7.501
2019-04-10 11:00:00,0.324,7.374
2019-04-10 12:00:00,0.296,7.145
2019-04-10 13:00:00,0.262,6.86
2019-04-10 14:00:00,0.228,6.55
2019-04-10 15:00:00,0.203,6.312
2019-04-10 16:00:00,0.19,6.182
2019-04-10 17:00:00,0.191,6.186
2019-04-10 18:00:00,0.197,6.24
2019-04-10 19:00:00,0.199,6.276
2019-04-10 20:00:00,0.2,6.277
2019-04-10 21:00:00,0.201,6.294
2019-04-10 22:00:00,0.207,6.344
2019-04-10 23:00:00,0.212,6.402
2019-04-11 00:00:00,0.218,6.454
2019-04-11 01:00:00,0.219,6.468
2019-04-11 02:00:00,0.211,6.386
2019-04-11 03:00:00,0.192,6.193
2019-04-11 04:00:00,0.169,5.947
2019-04-11 05:00:00,0.15,5.74
2019-04-11 06:00:00,0.139,5.604
2019-04-11 07:00:00,0.139,5.611
2019-04-11 08:00:00,0.146,5.687
2019-04-11 09:00:00,0.148,5.7
2019-04-11 10:00:00,0.137,5.573
2019-04-11 11:00:00,0.119,5.346
2019-04-11 12:00:00,0.1,5.068
2019-04-11 13:00:00,0.073,4.638
2019-04-11 14:00:00,0.051,4.227
2019-04-11 15:00:00,0.047,4.115
2019-04-11 16:00:00,0.059,4.381
2019-04-11 17:00:00,0.088,4.904
2019-04-11 18:00:00,0.121,5.376
2019-04-11 19:00:00,0.154,5.778
2019-04-11 20:00:00,0.171,5.964
2019-04-11 21:00:00,0.182,6.092
2019-04-11 22:00:00,0.206,6.343
2019-04-11 23:00:00,0.24,6.662
2019-04-12 00:00:00,0.276,6.983
2019-04-12 01:00:00,0.299,7.178
2019-04-12 02:00:00,0.306,7.231
2019-04-12 03:00:00,0.311,7.274
2019-04-12 04:00:00,0.327,7.394
2019-04-12 05:00:00,0.364,7.692
2019-04-12 06:00:00,0.451,8.344
2019-04-12 07:00:00,0.584,9.336
2019-04-12 08:00:00,0.712,10.411
2019-04-12 09:00:00,0.796,11.275
2019-04-12 10:00:00,0.829,11.708
2019-04-12 11:00:00,0.84,11.865
2019-04-12 12:00:00,0.848,11.975
2019-04-12 13:00:00,0.861,12.176
2019-04-12 14:00:00,0.881,12.514
2019-04-12 15:00:00,0.904,12.964
2019-04-12 16:00:00,0.924,13.423
2019-04-12 17:00:00,0.935,13.749
2019-04-12 18:00:00,0.941,13.914
2019-04-12 19:00:00,0.944,14.026
2019-04-12 20:00:00,0.947,14.127
2019-04-12 21:00:00,0.951,14.237
2019-04-12 22:00:00,0.952,14.275
2019-04-12 23:00:00,0.949,14.186
2019-04-13 00:00:00,0.943,13.975
2019-04-13 01:00:00,0.933,13.675
2019-04-13 02:00:00,0.921,13.365
2019-04-13 03:00:00,0.91,13.108
2019-04-13 04:00:00,0.901,12.897
2019-04-13 05:00:00,0.896,12.801
2019-04-13 06:00:00,0.895,12.785
2019-04-13 07:00:00,0.895,12.783
2019-04-13 08:00:00,0.89,12.678
2019-04-13 09:00:00,0.871,12.328
2019-04-13 10:00:00,0.86,12.15
2019-04-13 11:00:00,0.869,12.304
2019-04-13 12:00:00,0.887,12.635
2019-04-13 13:00:00,0.906,13.004
2019-04-13 14:00:00,0.917,13.257
2019-04-13 15:00:00,0.921,13.356
2019-04-13 16:00:00,0.924,13.433
2019-04-13 17:00:00,0.929,13.577
2019-04-13 18:00:00,0.936,13.767
2019-04-13 19:00:00,0.94,13.883
2019-04-13 20:00:00,0.943,13.963
2019-04-13 21:00:00,0.942,13.95
2019-04-13 22:00:00,0.943,13.977
2019-04-13 23:00:00,0.945,14.033
2019-04-14 00:00:00,0.941,13.915
2019-04-14 01:00:00,0.927,13.506
2019-04-14 02:00:00,0.903,12.945
2019-04-14 03:00:00,0.885,12.578
2019-04-14 04:00:00,0.878,12.458
2019-04-14 05:00:00,0.878,12.461
2019-04-14 06:00:00,0.883,12.56
2019-04-14 07:00:00,0.899,12.849
2019-04-14 08:00:00,0.919,13.319
2019-04-14 09:00:00,0.932,13.661
2019-04-14 10:00:00,0.936,13.765
2019-04-14 11:00:00,0.935,13.736
2019-04-14 12:00:00,0.933,13.679
2019-04-14 13:00:00,0.929,13.563
2019-04-14 14:00:00,0.925,13.467
2019-04-14 15:00:00,0.928,13.525
2019-04-14 16:00:00,0.933,13.685
2019-04-14 17:00:00,0.94,13.894
2019-04-14 18:00:00,0.948,14.137
2019-04-14 19:00:00,0.954,14.361
2019-04-14 20:00:00,0.956,14.463
2019-04-14 21:00:00,0.954,14.351
2019-04-14 22:00:00,0.946,14.062
2019-04-14 23:00:00,0.934,13.709
2019-04-15 00:00:00,0.926,13.495
2019-04-15 01:00:00,0.923,13.409
2019-04-15 02:00:00,0.924,13.424
2019-04-15 03:00:00,0.929,13.563
2019-04-15 04:00:00,0.93,13.583
2019-04-15 05:00:00,0.927,13.519
2019-04-15 06:00:00,0.93,13.587
2019-04-15 07:00:00,0.939,13.861
2019-04-15 08:00:00,0.949,14.196
2019-04-15 09:00:00,0.956,14.427
2019-04-15 10:00:00,0.962,14.673
2019-04-15 11:00:00,0.968,14.978
2019-04-15 12:00:00,0.972,15.194
2019-04-15 13:00:00,0.973,15.285
2019-04-15 14:00:00,0.975,15.382
2019-04-15 15:00:00,0.98,15.756
2019-04-15 16:00:00,0.985,16.341
2019-04-15 17:00:00,0.989,16.949
2019-04-15 18:00:00,0.989,17.446
2019-04-15 19:00:00,0.989,17.691
2019-04-15 20:00:00,0.988,17.767
2019-04-15 21:00:00,0.989,17.712
2019-04-15 22:00:00,0.989,17.65
2019-04-15 23:00:00,0.989,17.639
2019-04-16 00:00:00,0.989,17.546
2019-04-16 01:00:00,0.989,17.326
2019-04-16 02:00:00,0.989,17.019
2019-04-16 03:00:00,0.988,16.797
2019-04-16 04:00:00,0.987,16.657
2019-04-16 05:00:00,0.987,16.502
2019-04-16 06:00:00,0.985,16.292
2019-04-16 07:00:00,0.984,16.158
2019-04-16 08:00:00,0.983,16.043
2019-04-16 09:00:00,0.982,15.998
2019-04-16 10:00:00,0.981,15.867
2019-04-16 11:00:00,0.978,15.591
2019-04-16 12:00:00,0.972,15.233
2019-04-16 13:00:00,0.966,14.867
2019-04-16 14:00:00,0.959,14.583
2019-04-16 15:00:00,0.956,14.424
2019-04-16 16:00:00,0.956,14.42
2019-04-16 17:00:00,0.957,14.483
2019-04-16 18:00:00,0.96,14.604
2019-04-16 19:00:00,0.964,14.793
2019-04-16 20:00:00,0.967,14.957
2019-04-16 21:00:00,0.968,14.999
2019-04-16 22:00:00,0.968,14.997
2019-04-16 23:00:00,0.965,14.82
2019-04-17 00:00:00,0.957,14.49
2019-04-17 01:00:00,0.948,14.149
2019-04-17 02:00:00,0.939,13.847
2019-04-17 03:00:00,0.932,13.657
2019-04-17 04:00:00,0.927,13.518
2019-04-17 05:00:00,0.921,13.344
2019-04-17 06:00:00,0.914,13.194
2019-04-17 07:00:00,0.906,13.018
2019-04-17 08:00:00,0.893,12.736
2019-04-17 09:00:00,0.876,12.425
2019-04-17 10:00:00,0.86,12.162
2019-04-17 11:00:00,0.852,12.039
2019-04-17 12:00:00,0.85,11.997
2019-04-17 13:00:00,0.84,11.858
2019-04-17 14:00:00,0.815,11.514
2019-04-17 15:00:00,0.785,11.147
2019-04-17 16:00:00,0.76,10.869
2019-04-17 17:00:00,0.744,10.721
2019-04-17 18:00:00,0.739,10.667
2019-04-17 19:00:00,0.749,10.77
2019-04-17 20:00:00,0.762,10.898
2019-04-17 21:00:00,0.763,10.899
2019-04-17 22:00:00,0.753,10.808
2019-04-17 23:00:00,0.74,10.681
2019-04-18 00:00:00,0.735,10.623
2019-04-18 01:00:00,0.736,10.634
2019-04-18 02:00:00,0.74,10.681
2019-04-18 03:00:00,0.742,10.696
2019-04-18 04:00:00,0.74,10.676
2019-04-18 05:00:00,0.739,10.664
2019-04-18 06:00:00,0.745,10.731
2019-04-18 07:00:00,0.745,10.724
2019-04-18 08:00:00,0.748,10.756
2019-04-18 09:00:00,0.743,10.709
2019-04-18 10:00:00,0.744,10.721
2019-04-18 11:00:00,0.756,10.837
2019-04-18 12:00:00,0.774,11.035
2019-04-18 13:00:00,0.787,11.177
2019-04-18 14:00:00,0.793,11.244
2019-04-18 15:00:00,0.802,11.357
2019-04-18 16:00:00,0.809,11.439
2019-04-18 17:00:00,0.806,11.404
2019-04-18 18:00:00,0.826,11.664
2019-04-18 19:00:00,0.851,12.009
2019-04-18 20:00:00,0.837,11.812
2019-04-18 21:00:00,0.823,11.625
2019-04-18 22:00:00,0.82,11.584
2019-04-18 23:00:00,0.824,11.641
2019-04-19 00:00:00,0.822,11.607
2019-04-19 01:00:00,0.814,11.503
2019-04-19 02:00:00,0.801,11.339
2019-04-19 03:00:00,0.796,11.277
2019-04-19 04:00:00,0.802,11.361
2019-04-19 05:00:00,0.813,11.497
2019-04-19 06:00:00,0.828,11.687
2019-04-19 07:00:00,0.841,11.877
2019-04-19 08:00:00,0.848,11.977
2019-04-19 09:00:00,0.853,12.046
2019-04-19 10:00:00,0.857,12.121
2019-04-19 11:00:00,0.851,12.019
2019-04-19 12:00:00,0.832,11.737
2019-04-19 13:00:00,0.813,11.492
2019-04-19 14:00:00,0.801,11.333
2019-04-19 15:00:00,0.797,11.293
2019-04-19 16:00:00,0.809,11.439
2019-04-19 17:00:00,0.834,11.76
2019-04-19 18:00:00,0.852,12.032
2019-04-19 19:00:00,0.863,12.203
2019-04-19 20:00:00,0.885,12.586
2019-04-19 21:00:00,0.91,13.09
2019-04-19 22:00:00,0.912,13.143
2019-04-19 23:00:00,0.9,12.891
2019-04-20 00:00:00,0.9,12.89
2019-04-20 01:00:00,0.885,12.589
2019-04-20 02:00:00,0.847,11.962
2019-04-20 03:00:00,0.821,11.591
2019-04-20 04:00:00,0.818,11.56
2019-04-20 05:00:00,0.831,11.729
2019-04-20 06:00:00,0.843,11.908
2019-04-20 07:00:00,0.851,12.021
2019-04-20 08:00:00,0.823,11.619
2019-04-20 09:00:00,0.809,11.448
2019-04-20 10:00:00,0.811,11.474
2019-04-20 11:00:00,0.805,11.392
2019-04-20 12:00:00,0.806,11.406
2019-04-20 13:00:00,0.806,11.399
2019-04-20 14:00:00,0.79,11.21
2019-04-20 15:00:00,0.767,10.962
2019-04-20 16:00:00,0.747,10.742
2019-04-20 17:00:00,0.733,10.608
2019-04-20 18:00:00,0.722,10.502
2019-04-20 19:00:00,0.714,10.416
2019-04-20 20:00:00,0.733,10.605
2019-04-20 21:00:00,0.674,10.063
2019-04-20 22:00:00,0.587,9.356
2019-04-20 23:00:00,0.511,8.783
2019-04-21 00:00:00,0.435,8.228
2019-04-21 01:00:00,0.323,7.365
2019-04-21 02:00:00,0.199,6.263
2019-04-21 03:00:00,0.093,4.971
2019-04-21 04:00:00,0.033,3.766
2019-04-21 05:00:00,0.015,3.151
2019-04-21 06:00:00,0.025,3.532
2019-04-21 07:00:00,0.069,4.585
2019-04-21 08:00:00,0.145,5.681
2019-04-21 09:00:00,0.278,6.99
2019-04-21 10:00:00,0.422,8.121
2019-04-21 11:00:00,0.523,8.877
2019-04-21 12:00:00,0.628,9.683
2019-04-21 13:00:00,0.722,10.489
2019-04-21 14:00:00,0.798,11.314
2019-04-21 15:00:00,0.86,12.151
2019-04-21 16:00:00,0.912,13.134
2019-04-21 17:00:00,0.933,13.673
2019-04-21 18:00:00,0.936,13.755
2019-04-21 19:00:00,0.95,14.226
2019-04-21 20:00:00,0.953,14.311
2019-04-21 21:00:00,0.941,13.911
2019-04-21 22:00:00,0.952,14.288
2019-04-21 23:00:00,0.939,13.835
2019-04-22 00:00:00,0.926,13.499
2019-04-22 01:00:00,0.93,13.598
2019-04-22 02:00:00,0.908,13.066
2019-04-22 03:00:00,0.876,12.415
2019-04-22 04:00:00,0.824,11.642
2019-04-22 05:00:00,0.801,11.338
2019-04-22 06:00:00,0.781,11.113
2019-04-22 07:00:00,0.786,11.166
2019-04-22 08:00:00,0.794,11.253
2019-04-22 09:00:00,0.802,11.357
2019-04-22 10:00:00,0.813,11.485
2019-04-22 11:00:00,0.827,11.683
2019-04-22 12:00:00,0.852,12.034
2019-04-22 13:00:00,0.873,12.385
2019-04-22 14:00:00,0.885,12.59
2019-04-22 15:00:00,0.891,12.699
2019-04-22 16:00:00,0.896,12.812
2019-04-22 17:00:00,0.906,13.01
2019-04-22 18:00:00,0.911,13.117
2019-04-22 19:00:00,0.914,13.179
2019-04-22 20:00:00,0.918,13.294
2019-04-22 21:00:00,0.918,13.288
2019-04-22 22:00:00,0.918,13.293
2019-04-22 23:00:00,0.914,13.199
2019-04-23 00:00:00,0.91,13.079
2019-04-23 01:00:00,0.905,12.989
2019-04-23 02:00:00,0.901,12.908
2019-04-23 03:00:00,0.901,12.901
2019-04-23 04:00:00,0.905,12.988
2019-04-23 05:00:00,0.911,13.115
2019-04-23 06:00:00,0.913,13.155
2019-04-23 07:00:00,0.911,13.123
2019-04-23 08:00:00,0.917,13.255
2019-04-23 09:00:00,0.925,13.468
2019-04-23 10:00:00,0.941,13.92
2019-04-23 11:00:00,0.959,14.575
2019-04-23 12:00:00,0.966,14.904
2019-04-23 13:00:00,0.965,14.835
2019-04-23 14:00:00,0.961,14.658
2019-04-23 15:00:00,0.959,14.58
2019-04-23 16:00:00,0.96,14.623
2019-04-23 17:00:00,0.965,14.814
2019-04-23 18:00:00,0.97,15.086
2019-04-23 19:00:00,0.984,16.163
2019-04-23 20:00:00,0.985,16.269
2019-04-23 21:00:00,0.982,15.999
2019-04-23 22:00:00,0.978,15.608
2019-04-23 23:00:00,0.972,15.191
2019-04-24 00:00:00,0.964,14.773
2019-04-24 01:00:00,0.961,14.648
2019-04-24 02:00:00,0.964,14.777
2019-04-24 03:00:00,0.973,15.252
2019-04-24 04:00:00,0.978,15.635
2019-04-24 05:00:00,0.987,16.518
2019-04-24 06:00:00,0.988,16.893
2019-04-24 07:00:00,0.988,16.816
2019-04-24 08:00:00,0.98,15.744
2019-04-24 09:00:00,0.968,14.967
2019-04-24 10:00:00,0.954,14.348
2019-04-24 11:00:00,0.936,13.767
2019-04-24 12:00:00,0.922,13.368
2019-04-24 13:00:00,0.925,13.468
2019-04-24 14:00:00,0.928,13.533
2019-04-24 15:00:00,0.93,13.593
2019-04-24 16:00:00,0.929,13.564
2019-04-24 17:00:00,0.926,13.496
2019-04-24 18:00:00,0.951,14.261
2019-04-24 19:00:00,0.959,14.579
2019-04-24 20:00:00,0.966,14.883
2019-04-24 21:00:00,0.975,15.383
2019-04-24 22:00:00,0.983,16.078
2019-04-24 23:00:00,0.983,16.014
2019-04-25 00:00:00,0.97,15.087
2019-04-25 01:00:00,0.948,14.163
2019-04-25 02:00:00,0.921,13.346
2019-04-25 03:00:00,0.933,13.686
2019-04-25 04:00:00,0.939,13.835
2019-04-25 05:00:00,0.923,13.397
2019-04-25 06:00:00,0.898,12.832
2019-04-25 07:00:00,0.913,13.166
2019-04-25 08:00:00,0.927,13.492
2019-04-25 09:00:00,0.929,13.569
2019-04-25 10:00:00,0.913,13.164
2019-04-25 11:00:00,0.883,12.562
2019-04-25 12:00:00,0.845,11.931
2019-04-25 13:00:00,0.801,11.344
2019-04-25 14:00:00,0.777,11.065
2019-04-25 15:00:00,0.77,10.982
2019-04-25 16:00:00,0.768,10.973
2019-04-25 17:00:00,0.789,11.208
2019-04-25 18:00:00,0.813,11.5
2019-04-25 19:00:00,0.81,11.459
2019-04-25 20:00:00,0.796,11.29
2019-04-25 21:00:00,0.798,11.308
2019-04-25 22:00:00,0.802,11.351
2019-04-25 23:00:00,0.832,11.744
2019-04-26 00:00:00,0.898,12.845
2019-04-26 01:00:00,0.917,13.243
2019-04-26 02:00:00,0.915,13.204
2019-04-26 03:00:00,0.904,12.976
2019-04-26 04:00:00,0.913,13.153
2019-04-26 05:00:00,0.904,12.975
2019-04-26 06:00:00,0.9,12.877
2019-04-26 07:00:00,0.891,12.708
2019-04-26 08:00:00,0.885,12.587
2019-04-26 09:00:00,0.873,12.382
2019-04-26 10:00:00,0.868,12.285
2019-04-26 11:00:00,0.882,12.532
2019-04-26 12:00:00,0.899,12.862
2019-04-26 13:00:00,0.889,12.664
2019-04-26 14:00:00,0.868,12.3
2019-04-26 15:00:00,0.896,12.801
2019-04-26 16:00:00,0.925,13.466
2019-04-26 17:00:00,0.929,13.572
2019-04-26 18:00:00,0.927,13.506
2019-04-26 19:00:00,0.922,13.389
2019-04-26 20:00:00,0.917,13.24
2019-04-26 21:00:00,0.903,12.946
2019-04-26 22:00:00,0.902,12.923
2019-04-26 23:00:00,0.907,13.032
2019-04-27 00:00:00,0.911,13.12
2019-04-27 01:00:00,0.908,13.052
2019-04-27 02:00:00,0.893,12.733
2019-04-27 03:00:00,0.884,12.565
2019-04-27 04:00:00,0.861,12.18
2019-04-27 05:00:00,0.823,11.619
2019-04-27 06:00:00,0.801,11.341
2019-04-27 07:00:00,0.784,11.144
2019-04-27 08:00:00,0.722,10.494
2019-04-27 09:00:00,0.618,9.599
2019-04-27 10:00:00,0.53,8.917
2019-04-27 11:00:00,0.473,8.504
2019-04-27 12:00:00,0.423,8.141
2019-04-27 13:00:00,0.389,7.879
2019-04-27 14:00:00,0.364,7.692
2019-04-27 15:00:00,0.371,7.738
2019-04-27 16:00:00,0.375,7.772
2019-04-27 17:00:00,0.342,7.512
2019-04-27 18:00:00,0.289,7.083
2019-04-27 19:00:00,0.248,6.73
2019-04-27 20:00:00,0.211,6.386
2019-04-27 21:00:00,0.158,5.836
2019-04-27 22:00:00,0.12,5.358
2019-04-27 23:00:00,0.101,5.099
2019-04-28 00:00:00,0.091,4.952
2019-04-28 01:00:00,0.09,4.925
2019-04-28 02:00:00,0.097,5.036
2019-04-28 03:00:00,0.112,5.252
2019-04-28 04:00:00,0.118,5.322
2019-04-28 05:00:00,0.136,5.561
2019-04-28 06:00:00,0.145,5.673
2019-04-28 07:00:00,0.153,5.774
2019-04-28 08:00:00,0.201,6.292
2019-04-28 09:00:00,0.217,6.45
2019-04-28 10:00:00,0.218,6.453
2019-04-28 11:00:00,0.208,6.354
2019-04-28 12:00:00,0.212,6.403
2019-04-28 13:00:00,0.21,6.371
2019-04-28 14:00:00,0.199,6.266
2019-04-28 15:00:00,0.2,6.281
2019-04-28 16:00:00,0.222,6.495
2019-04-28 17:00:00,0.252,6.762
2019-04-28 18:00:00,0.28,7.014
2019-04-28 19:00:00,0.319,7.338
2019-04-28 20:00:00,0.371,7.746
2019-04-28 21:00:00,0.401,7.974
2019-04-28 22:00:00,0.402,7.982
2019-04-28 23:00:00,0.39,7.891
2019-04-29 00:00:00,0.377,7.786
2019-04-29 01:00:00,0.367,7.714
2019-04-29 02:00:00,0.367,7.714
2019-04-29 03:00:00,0.374,7.762
2019-04-29 04:00:00,0.394,7.917
2019-04-29 05:00:00,0.417,8.082
2019-04-29 06:00:00,0.444,8.283
2019-04-29 07:00:00,0.472,8.501
2019-04-29 08:00:00,0.502,8.721
2019-04-29 09:00:00,0.511,8.778
2019-04-29 10:00:00,0.49,8.631
2019-04-29 11:00:00,0.453,8.348
2019-04-29 12:00:00,0.404,7.991
2019-04-29 13:00:00,0.345,7.546
2019-04-29 14:00:00,0.28,7.015
2019-04-29 15:00:00,0.231,6.578
2019-04-29 16:00:00,0.2,6.283
2019-04-29 17:00:00,0.183,6.111
2019-04-29 18:00:00,0.183,6.099
2019-04-29 19:00:00,0.197,6.247
2019-04-29 20:00:00,0.222,6.495
2019-04-29 21:00:00,0.25,6.744
2019-04-29 22:00:00,0.264,6.875
2019-04-29 23:00:00,0.26,6.837
2019-04-30 00:00:00,0.246,6.715
2019-04-30 01:00:00,0.236,6.619
2019-04-30 02:00:00,0.227,6.541
2019-04-30 03:00:00,0.229,6.563
2019-04-30 04:00:00,0.237,6.638
2019-04-30 05:00:00,0.234,6.612
2019-04-30 06:00:00,0.222,6.487
2019-04-30 07:00:00,0.204,6.317
2019-04-30 08:00:00,0.188,6.154
2019-04-30 09:00:00,0.179,6.052
2019-04-30 10:00:00,0.163,5.886
2019-04-30 11:00:00,0.141,5.632
2019-04-30 12:00:00,0.117,5.315
2019-04-30 13:00:00,0.099,5.061
2019-04-30 14:00:00,0.092,4.961
2019-04-30 15:00:00,0.089,4.917
2019-04-30 16:00:00,0.088,4.897
2019-04-30 17:00:00,0.084,4.832
2019-04-30 18:00:00,0.074,4.659
2019-04-30 19:00:00,0.058,4.367
2019-04-30 20:00:00,0.042,4.019
2019-04-30 21:00:00,0.032,3.746
2019-04-30 22:00:00,0.027,3.603
2019-04-30 23:00:00,0.041,3.983
2019-05-01 00:00:00,0.067,4.535
2019-05-01 01:00:00,0.093,4.971
2019-05-01 02:00:00,0.109,5.2
2019-05-01 03:00:00,0.107,5.183
2019-05-01 04:00:00,0.098,5.043
2019-05-01 05:00:00,0.088,4.906
2019-05-01 06:00:00,0.087,4.868
2019-05-01 07:00:00,0.085,4.849
2019-05-01 08:00:00,0.08,4.768
2019-05-01 09:00:00,0.07,4.602
2019-05-01 10:00:00,0.068,4.567
2019-05-01 11:00:00,0.084,4.833
2019-05-01 12:00:00,0.115,5.286
2019-05-01 13:00:00,0.157,5.825
2019-05-01 14:00:00,0.217,6.439
2019-05-01 15:00:00,0.306,7.234
2019-05-01 16:00:00,0.408,8.022
2019-05-01 17:00:00,0.485,8.591
2019-05-01 18:00:00,0.534,8.959
2019-05-01 19:00:00,0.566,9.197
2019-05-01 20:00:00,0.581,9.311
2019-05-01 21:00:00,0.586,9.35
2019-05-01 22:00:00,0.608,9.513
2019-05-01 23:00:00,0.647,9.83
2019-05-02 00:00:00,0.695,10.256
2019-05-02 01:00:00,0.758,10.856
2019-05-02 02:00:00,0.817,11.535
2019-05-02 03:00:00,0.852,12.044
2019-05-02 04:00:00,0.876,12.424
2019-05-02 05:00:00,0.895,12.781
2019-05-02 06:00:00,0.911,13.114
2019-05-02 07:00:00,0.924,13.424
2019-05-02 08:00:00,0.931,13.61
2019-05-02 09:00:00,0.93,13.589
2019-05-02 10:00:00,0.922,13.383
2019-05-02 11:00:00,0.91,13.098
2019-05-02 12:00:00,0.896,12.795
2019-05-02 13:00:00,0.883,12.547
2019-05-02 14:00:00,0.876,12.417
2019-05-02 15:00:00,0.877,12.447
2019-05-02 16:00:00,0.887,12.636
2019-05-02 17:00:00,0.896,12.8
2019-05-02 18:00:00,0.901,12.905
2019-05-02 19:00:00,0.907,13.039
2019-05-02 20:00:00,0.916,13.238
2019-05-02 21:00:00,0.928,13.539
2019-05-02 22:00:00,0.944,14.017
2019-05-02 23:00:00,0.959,14.558
2019-05-03 00:00:00,0.969,15.045
2019-05-03 01:00:00,0.975,15.406
2019-05-03 02:00:00,0.979,15.647
2019-05-03 03:00:00,0.981,15.848
2019-05-03 04:00:00,0.983,16.053
2019-05-03 05:00:00,0.985,16.257
2019-05-03 06:00:00,0.986,16.462
2019-05-03 07:00:00,0.988,16.727
2019-05-03 08:00:00,0.989,17.087
2019-05-03 09:00:00,0.989,17.101
2019-05-03 10:00:00,0.988,16.669
2019-05-03 11:00:00,0.986,16.354
2019-05-03 12:00:00,0.984,16.223
2019-05-03 13:00:00,0.983,16.079
2019-05-03 14:00:00,0.979,15.706
2019-05-03 15:00:00,0.976,15.469
2019-05-03 16:00:00,0.978,15.605
2019-05-03 17:00:00,0.98,15.798
2019-05-03 18:00:00,0.981,15.826
2019-05-03 19:00:00,0.979,15.681
2019-05-03 20:00:00,0.974,15.355
2019-05-03 21:00:00,0.969,15.042
2019-05-03 22:00:00,0.967,14.919
2019-05-03 23:00:00,0.966,14.91
2019-05-04 00:00:00,0.968,14.97
2019-05-04 01:00:00,0.97,15.125
2019-05-04 02:00:00,0.973,15.272
2019-05-04 03:00:00,0.974,15.311
2019-05-04 04:00:00,0.971,15.17
2019-05-04 05:00:00,0.967,14.935
2019-05-04 06:00:00,0.96,14.592
2019-05-04 07:00:00,0.946,14.068
2019-05-04 08:00:00,0.924,13.424
2019-05-04 09:00:00,0.889,12.654
2019-05-04 10:00:00,0.85,12.0
2019-05-04 11:00:00,0.826,11.661
2019-05-04 12:00:00,0.828,11.698
2019-05-04 13:00:00,0.838,11.827
2019-05-04 14:00:00,0.844,11.916
2019-05-04 15:00:00,0.849,11.983
2019-05-04 16:00:00,0.85,12.004
2019-05-04 17:00:00,0.855,12.088
2019-05-04 18:00:00,0.867,12.276
2019-05-04 19:00:00,0.873,12.371
2019-05-04 20:00:00,0.868,12.293
2019-05-04 21:00:00,0.866,12.259
2019-05-04 22:00:00,0.882,12.537
2019-05-04 23:00:00,0.902,12.921
2019-05-05 00:00:00,0.921,13.349
2019-05-05 01:00:00,0.935,13.728
2019-05-05 02:00:00,0.944,14.0
2019-05-05 03:00:00,0.95,14.224
2019-05-05 04:00:00,0.958,14.518
2019-05-05 05:00:00,0.965,14.812
2019-05-05 06:00:00,0.968,14.993
2019-05-05 07:00:00,0.969,15.061
2019-05-05 08:00:00,0.969,15.062
2019-05-05 09:00:00,0.967,14.936
2019-05-05 10:00:00,0.961,14.652
2019-05-05 11:00:00,0.954,14.386
2019-05-05 12:00:00,0.951,14.241
2019-05-05 13:00:00,0.95,14.22
2019-05-05 14:00:00,0.947,14.123
2019-05-05 15:00:00,0.946,14.077
2019-05-05 16:00:00,0.946,14.089
2019-05-05 17:00:00,0.945,14.053
2019-05-05 18:00:00,0.941,13.921
2019-05-05 19:00:00,0.936,13.751
2019-05-05 20:00:00,0.93,13.605
2019-05-05 21:00:00,0.924,13.429
2019-05-05 22:00:00,0.916,13.232
2019-05-05 23:00:00,0.907,13.027
2019-05-06 00:00:00,0.895,12.778
2019-05-06 01:00:00,0.88,12.497
2019-05-06 02:00:00,0.864,12.211
2019-05-06 03:00:00,0.848,11.97
2019-05-06 04:00:00,0.841,11.871
2019-05-06 05:00:00,0.834,11.762
2019-05-06 06:00:00,0.818,11.56
2019-05-06 07:00:00,0.795,11.273
2019-05-06 08:00:00,0.763,10.915
2019-05-06 09:00:00,0.726,10.539
2019-05-06 10:00:00,0.681,10.125
2019-05-06 11:00:00,0.638,9.764
2019-05-06 12:00:00,0.605,9.501
2019-05-06 13:00:00,0.582,9.317
2019-05-06 14:00:00,0.573,9.249
2019-05-06 15:00:00,0.586,9.355
2019-05-06 16:00:00,0.609,9.529
2019-05-06 17:00:00,0.621,9.627
2019-05-06 18:00:00,0.617,9.596
2019-05-06 19:00:00,0.601,9.463
2019-05-06 20:00:00,0.577,9.286
2019-05-06 21:00:00,0.55,9.074
2019-05-06 22:00:00,0.514,8.801
2019-05-06 23:00:00,0.472,8.492
2019-05-07 00:00:00,0.431,8.199
2019-05-07 01:00:00,0.407,8.009
2019-05-07 02:00:00,0.392,7.906
2019-05-07 03:00:00,0.389,7.88
2019-05-07 04:00:00,0.392,7.906
2019-05-07 05:00:00,0.396,7.939
2019-05-07 06:00:00,0.401,7.972
2019-05-07 07:00:00,0.401,7.975
2019-05-07 08:00:00,0.398,7.951
2019-05-07 09:00:00,0.386,7.849
2019-05-07 10:00:00,0.353,7.605
2019-05-07 11:00:00,0.315,7.308
2019-05-07 12:00:00,0.285,7.056
2019-05-07 13:00:00,0.257,6.821
2019-05-07 14:00:00,0.238,6.648
2019-05-07 15:00:00,0.226,6.535
2019-05-07 16:00:00,0.232,6.586
2019-05-07 17:00:00,0.248,6.732
2019-05-07 18:00:00,0.253,6.778
2019-05-07 19:00:00,0.239,6.656
2019-05-07 20:00:00,0.21,6.378
2019-05-07 21:00:00,0.177,6.035
2019-05-07 22:00:00,0.14,5.616
2019-05-07 23:00:00,0.107,5.179
2019-05-08 00:00:00,0.08,4.772
2019-05-08 01:00:00,0.066,4.517
2019-05-08 02:00:00,0.061,4.435
2019-05-08 03:00:00,0.063,4.459
2019-05-08 04:00:00,0.07,4.589
2019-05-08 05:00:00,0.074,4.667
2019-05-08 06:00:00,0.073,4.63
2019-05-08 07:00:00,0.069,4.58
2019-05-08 08:00:00,0.073,4.642
2019-05-08 09:00:00,0.091,4.949
2019-05-08 10:00:00,0.115,5.282
2019-05-08 11:00:00,0.138,5.582
2019-05-08 12:00:00,0.162,5.877
2019-05-08 13:00:00,0.181,6.075
2019-05-08 14:00:00,0.187,6.148
2019-05-08 15:00:00,0.183,6.1
2019-05-08 16:00:00,0.175,6.017
2019-05-08 17:00:00,0.169,5.947
2019-05-08 18:00:00,0.172,5.983
2019-05-08 19:00:00,0.19,6.176
2019-05-08 20:00:00,0.216,6.433
2019-05-08 21:00:00,0.245,6.706
2019-05-08 22:00:00,0.278,6.999
2019-05-08 23:00:00,0.313,7.281
2019-05-09 00:00:00,0.338,7.485
2019-05-09 01:00:00,0.351,7.585
2019-05-09 02:00:00,0.342,7.511
2019-05-09 03:00:00,0.326,7.39
2019-05-09 04:00:00,0.323,7.367
2019-05-09 05:00:00,0.336,7.473
2019-05-09 06:00:00,0.359,7.648
2019-05-09 07:00:00,0.384,7.842
2019-05-09 08:00:00,0.408,8.023
2019-05-09 09:00:00,0.421,8.115
2019-05-09 10:00:00,0.426,8.157
2019-05-09 11:00:00,0.443,8.278
2019-05-09 12:00:00,0.468,8.467
2019-05-09 13:00:00,0.497,8.675
2019-05-09 14:00:00,0.527,8.899
2019-05-09 15:00:00,0.55,9.081
2019-05-09 16:00:00,0.561,9.149
2019-05-09 17:00:00,0.551,9.082
2019-05-09 18:00:00,0.521,8.861
2019-05-09 19:00:00,0.472,8.492
2019-05-09 20:00:00,0.404,7.992
2019-05-09 21:00:00,0.342,7.514
2019-05-09 22:00:00,0.293,7.118
2019-05-09 23:00:00,0.248,6.732
2019-05-10 00:00:00,0.213,6.409
2019-05-10 01:00:00,0.185,6.131
2019-05-10 02:00:00,0.164,5.9
2019-05-10 03:00:00,0.148,5.707
2019-05-10 04:00:00,0.128,5.471
2019-05-10 05:00:00,0.107,5.187
2019-05-10 06:00:00,0.086,4.867
2019-05-10 07:00:00,0.068,4.55
2019-05-10 08:00:00,0.05,4.193
2019-05-10 09:00:00,0.036,3.85
2019-05-10 10:00:00,0.024,3.475
2019-05-10 11:00:00,0.014,3.108
2019-05-10 12:00:00,0.008,2.782
2019-05-10 13:00:00,0.005,2.515
2019-05-10 14:00:00,0.003,2.31
2019-05-10 15:00:00,0.002,2.159
2019-05-10 16:00:00,0.002,2.101
2019-05-10 17:00:00,0.002,2.144
2019-05-10 18:00:00,0.003,2.261
2019-05-10 19:00:00,0.004,2.422
2019-05-10 20:00:00,0.005,2.507
2019-05-10 21:00:00,0.005,2.46
2019-05-10 22:00:00,0.003,2.302
2019-05-10 23:00:00,0.002,2.074
2019-05-11 00:00:00,0.002,2.042
2019-05-11 01:00:00,0.002,2.157
2019-05-11 02:00:00,0.005,2.524
2019-05-11 03:00:00,0.012,2.976
2019-05-11 04:00:00,0.022,3.419
2019-05-11 05:00:00,0.039,3.942
2019-05-11 06:00:00,0.073,4.635
2019-05-11 07:00:00,0.128,5.47
2019-05-11 08:00:00,0.202,6.306
2019-05-11 09:00:00,0.266,6.897
2019-05-11 10:00:00,0.299,7.177
2019-05-11 11:00:00,0.301,7.187
2019-05-11 12:00:00,0.281,7.024
2019-05-11 13:00:00,0.253,6.779
2019-05-11 14:00:00,0.229,6.564
2019-05-11 15:00:00,0.218,6.455
2019-05-11 16:00:00,0.201,6.291
2019-05-11 17:00:00,0.169,5.947
2019-05-11 18:00:00,0.128,5.457
2019-05-11 19:00:00,0.083,4.807
2019-05-11 20:00:00,0.052,4.235
2019-05-11 21:00:00,0.054,4.282
2019-05-11 22:00:00,0.093,4.979
2019-05-11 23:00:00,0.165,5.912
2019-05-12 00:00:00,0.308,7.245
2019-05-12 01:00:00,0.454,8.363
2019-05-12 02:00:00,0.552,9.096
2019-05-12 03:00:00,0.617,9.594
2019-05-12 04:00:00,0.658,9.919
2019-05-12 05:00:00,0.679,10.098
2019-05-12 06:00:00,0.643,9.808
2019-05-12 07:00:00,0.568,9.214
2019-05-12 08:00:00,0.545,9.029
2019-05-12 09:00:00,0.511,8.784
2019-05-12 10:00:00,0.438,8.246
2019-05-12 11:00:00,0.368,7.722
2019-05-12 12:00:00,0.313,7.288
2019-05-12 13:00:00,0.229,6.566
2019-05-12 14:00:00,0.158,5.831
2019-05-12 15:00:00,0.095,5.003
2019-05-12 16:00:00,0.047,4.123
2019-05-12 17:00:00,0.018,3.272
2019-05-12 18:00:00,0.011,2.933
2019-05-12 19:00:00,0.021,3.409
2019-05-12 20:00:00,0.061,4.417
2019-05-12 21:00:00,0.121,5.378
2019-05-12 22:00:00,0.194,6.209
2019-05-12 23:00:00,0.28,7.011
2019-05-13 00:00:00,0.362,7.677
2019-05-13 01:00:00,0.43,8.192
2019-05-13 02:00:00,0.475,8.522
2019-05-13 03:00:00,0.489,8.624
2019-05-13 04:00:00,0.491,8.637
2019-05-13 05:00:00,0.531,8.938
2019-05-13 06:00:00,0.617,9.598
2019-05-13 07:00:00,0.701,10.306
2019-05-13 08:00:00,0.743,10.708
2019-05-13 09:00:00,0.762,10.893
2019-05-13 10:00:00,0.765,10.931
2019-05-13 11:00:00,0.779,11.082
2019-05-13 12:00:00,0.781,11.098
2019-05-13 13:00:00,0.781,11.11
2019-05-13 14:00:00,0.769,10.975
2019-05-13 15:00:00,0.762,10.896
2019-05-13 16:00:00,0.746,10.734
2019-05-13 17:00:00,0.738,10.649
2019-05-13 18:00:00,0.746,10.733
2019-05-13 19:00:00,0.753,10.809
2019-05-13 20:00:00,0.747,10.737
2019-05-13 21:00:00,0.735,10.619
2019-05-13 22:00:00,0.696,10.259
2019-05-13 23:00:00,0.672,10.05
2019-05-14 00:00:00,0.677,10.088
2019-05-14 01:00:00,0.655,9.896
2019-05-14 02:00:00,0.618,9.599
2019-05-14 03:00:00,0.569,9.224
2019-05-14 04:00:00,0.539,8.986
2019-05-14 05:00:00,0.533,8.949
2019-05-14 06:00:00,0.522,8.866
2019-05-14 07:00:00,0.501,8.708
2019-05-14 08:00:00,0.46,8.402
2019-05-14 09:00:00,0.399,7.958
2019-05-14 10:00:00,0.346,7.554
2019-05-14 11:00:00,0.328,7.407
2019-05-14 12:00:00,0.316,7.312
2019-05-14 13:00:00,0.282,7.035
2019-05-14 14:00:00,0.23,6.569
2019-05-14 15:00:00,0.163,5.891
2019-05-14 16:00:00,0.096,5.024
2019-05-14 17:00:00,0.053,4.262
2019-05-14 18:00:00,0.047,4.117
2019-05-14 19:00:00,0.076,4.702
2019-05-14 20:00:00,0.135,5.552
2019-05-14 21:00:00,0.201,6.29
2019-05-14 22:00:00,0.253,6.78
2019-05-14 23:00:00,0.289,7.091
2019-05-15 00:00:00,0.308,7.244
2019-05-15 01:00:00,0.31,7.264
2019-05-15 02:00:00,0.31,7.265
2019-05-15 03:00:00,0.314,7.299
2019-05-15 04:00:00,0.325,7.384
2019-05-15 05:00:00,0.333,7.448
2019-05-15 06:00:00,0.335,7.465
2019-05-15 07:00:00,0.345,7.547
2019-05-15 08:00:00,0.377,7.787
2019-05-15 09:00:00,0.426,8.161
2019-05-15 10:00:00,0.489,8.623
2019-05-15 11:00:00,0.545,9.038
2019-05-15 12:00:00,0.585,9.343
2019-05-15 13:00:00,0.61,9.54
2019-05-15 14:00:00,0.625,9.651
2019-05-15 15:00:00,0.635,9.736
2019-05-15 16:00:00,0.643,9.803
2019-05-15 17:00:00,0.651,9.869
2019-05-15 18:00:00,0.665,9.988
2019-05-15 19:00:00,0.681,10.125
2019-05-15 20:00:00,0.696,10.259
2019-05-15 21:00:00,0.691,10.208
2019-05-15 22:00:00,0.673,10.057
2019-05-15 23:00:00,0.665,9.989
2019-05-16 00:00:00,0.671,10.038
2019-05-16 01:00:00,0.685,10.156
2019-05-16 02:00:00,0.696,10.264
2019-05-16 03:00:00,0.695,10.256
2019-05-16 04:00:00,0.69,10.205
2019-05-16 05:00:00,0.694,10.243
2019-05-16 06:00:00,0.71,10.391
2019-05-16 07:00:00,0.729,10.571
2019-05-16 08:00:00,0.744,10.715
2019-05-16 09:00:00,0.764,10.926
2019-05-16 10:00:00,0.78,11.094
2019-05-16 11:00:00,0.79,11.218
2019-05-16 12:00:00,0.8,11.327
2019-05-16 13:00:00,0.811,11.474
2019-05-16 14:00:00,0.814,11.49
2019-05-16 15:00:00,0.821,11.592
2019-05-16 16:00:00,0.831,11.728
2019-05-16 17:00:00,0.84,11.862
2019-05-16 18:00:00,0.853,12.048
2019-05-16 19:00:00,0.863,12.202
2019-05-16 20:00:00,0.866,12.252
2019-05-16 21:00:00,0.863,12.207
2019-05-16 22:00:00,0.855,12.08
2019-05-16 23:00:00,0.847,11.957
2019-05-17 00:00:00,0.837,11.815
2019-05-17 01:00:00,0.815,11.509
2019-05-17 02:00:00,0.781,11.101
2019-05-17 03:00:00,0.745,10.726
2019-05-17 04:00:00,0.692,10.225
2019-05-17 05:00:00,0.619,9.612
2019-05-17 06:00:00,0.57,9.231
2019-05-17 07:00:00,0.523,8.878
2019-05-17 08:00:00,0.478,8.531
2019-05-17 09:00:00,0.426,8.162
2019-05-17 10:00:00,0.384,7.843
2019-05-17 11:00:00,0.365,7.704
2019-05-17 12:00:00,0.378,7.801
2019-05-17 13:00:00,0.413,8.056
2019-05-17 14:00:00,0.451,8.342
2019-05-17 15:00:00,0.477,8.53
2019-05-17 16:00:00,0.49,8.629
2019-05-17 17:00:00,0.495,8.666
2019-05-17 18:00:00,0.487,8.612
2019-05-17 19:00:00,0.463,8.423
2019-05-17 20:00:00,0.423,8.135
2019-05-17 21:00:00,0.38,7.813
2019-05-17 22:00:00,0.363,7.682
2019-05-17 23:00:00,0.382,7.826
2019-05-18 00:00:00,0.427,8.165
2019-05-18 01:00:00,0.484,8.578
2019-05-18 02:00:00,0.537,8.978
2019-05-18 03:00:00,0.576,9.276
2019-05-18 04:00:00,0.616,9.584
2019-05-18 05:00:00,0.663,9.964
2019-05-18 06:00:00,0.679,10.106
2019-05-18 07:00:00,0.687,10.173
2019-05-18 08:00:00,0.685,10.16
2019-05-18 09:00:00,0.677,10.087
2019-05-18 10:00:00,0.68,10.124
2019-05-18 11:00:00,0.66,9.948
2019-05-18 12:00:00,0.601,9.465
2019-05-18 13:00:00,0.498,8.685
2019-05-18 14:00:00,0.358,7.641
2019-05-18 15:00:00,0.226,6.536
2019-05-18 16:00:00,0.142,5.641
2019-05-18 17:00:00,0.12,5.36
2019-05-18 18:00:00,0.149,5.727
2019-05-18 19:00:00,0.186,6.139
2019-05-18 20:00:00,0.207,6.345
2019-05-18 21:00:00,0.206,6.341
2019-05-18 22:00:00,0.198,6.257
2019-05-18 23:00:00,0.187,6.15
2019-05-19 00:00:00,0.186,6.132
2019-05-19 01:00:00,0.2,6.284
2019-05-19 02:00:00,0.211,6.388
2019-05-19 03:00:00,0.234,6.606
2019-05-19 04:00:00,0.254,6.79
2019-05-19 05:00:00,0.247,6.724
2019-05-19 06:00:00,0.236,6.632
2019-05-19 07:00:00,0.238,6.651
2019-05-19 08:00:00,0.234,6.61
2019-05-19 09:00:00,0.224,6.517
2019-05-19 10:00:00,0.206,6.329
2019-05-19 11:00:00,0.189,6.163
2019-05-19 12:00:00,0.184,6.112
2019-05-19 13:00:00,0.179,6.064
2019-05-19 14:00:00,0.172,5.989
2019-05-19 15:00:00,0.159,5.84
2019-05-19 16:00:00,0.138,5.58
2019-05-19 17:00:00,0.106,5.17
2019-05-19 18:00:00,0.075,4.676
2019-05-19 19:00:00,0.049,4.174
2019-05-19 20:00:00,0.032,3.752
2019-05-19 21:00:00,0.021,3.387
2019-05-19 22:00:00,0.015,3.126
2019-05-19 23:00:00,0.011,2.95
2019-05-20 00:00:00,0.009,2.839
2019-05-20 01:00:00,0.01,2.895
2019-05-20 02:00:00,0.014,3.093
2019-05-20 03:00:00,0.018,3.28
2019-05-20 04:00:00,0.022,3.422
2019-05-20 05:00:00,0.028,3.623
2019-05-20 06:00:00,0.038,3.914
2019-05-20 07:00:00,0.05,4.189
2019-05-20 08:00:00,0.06,4.399
2019-05-20 09:00:00,0.062,4.451
2019-05-20 10:00:00,0.059,4.372
2019-05-20 11:00:00,0.051,4.227
2019-05-20 12:00:00,0.041,3.978
2019-05-20 13:00:00,0.029,3.665
2019-05-20 14:00:00,0.021,3.389
2019-05-20 15:00:00,0.015,3.146
2019-05-20 16:00:00,0.012,3.005
2019-05-20 17:00:00,0.011,2.942
2019-05-20 18:00:00,0.01,2.902
2019-05-20 19:00:00,0.009,2.854
2019-05-20 20:00:00,0.009,2.817
2019-05-20 21:00:00,0.009,2.822
2019-05-20 22:00:00,0.011,2.961
2019-05-20 23:00:00,0.018,3.263
2019-05-21 00:00:00,0.029,3.674
2019-05-21 01:00:00,0.048,4.153
2019-05-21 02:00:00,0.068,4.563
2019-05-21 03:00:00,0.083,4.817
2019-05-21 04:00:00,0.094,4.99
2019-05-21 05:00:00,0.106,5.165
2019-05-21 06:00:00,0.111,5.234
2019-05-21 07:00:00,0.101,5.093
2019-05-21 08:00:00,0.087,4.884
2019-05-21 09:00:00,0.077,4.709
2019-05-21 10:00:00,0.074,4.673
2019-05-21 11:00:00,0.078,4.742
2019-05-21 12:00:00,0.086,4.861
2019-05-21 13:00:00,0.1,5.072
2019-05-21 14:00:00,0.122,5.391
2019-05-21 15:00:00,0.141,5.632
2019-05-21 16:00:00,0.155,5.786
2019-05-21 17:00:00,0.158,5.828
2019-05-21 18:00:00,0.157,5.819
2019-05-21 19:00:00,0.15,5.742
2019-05-21 20:00:00,0.145,5.681
2019-05-21 21:00:00,0.157,5.823
2019-05-21 22:00:00,0.195,6.227
2019-05-21 23:00:00,0.25,6.748
2019-05-22 00:00:00,0.319,7.337
2019-05-22 01:00:00,0.392,7.903
2019-05-22 02:00:00,0.463,8.424
2019-05-22 03:00:00,0.511,8.786
2019-05-22 04:00:00,0.55,9.075
2019-05-22 05:00:00,0.578,9.288
2019-05-22 06:00:00,0.611,9.545
2019-05-22 07:00:00,0.66,9.948
2019-05-22 08:00:00,0.709,10.384
2019-05-22 09:00:00,0.738,10.663
2019-05-22 10:00:00,0.773,11.009
2019-05-22 11:00:00,0.813,11.496
2019-05-22 12:00:00,0.847,11.956
2019-05-22 13:00:00,0.868,12.292
2019-05-22 14:00:00,0.882,12.532
2019-05-22 15:00:00,0.894,12.765
2019-05-22 16:00:00,0.902,12.929
2019-05-22 17:00:00,0.905,13.0
2019-05-22 18:00:00,0.9,12.877
2019-05-22 19:00:00,0.887,12.631
2019-05-22 20:00:00,0.866,12.259
2019-05-22 21:00:00,0.843,11.906
2019-05-22 22:00:00,0.823,11.622
2019-05-22 23:00:00,0.806,11.407
2019-05-23 00:00:00,0.793,11.238
2019-05-23 01:00:00,0.783,11.135
2019-05-23 02:00:00,0.768,10.972
2019-05-23 03:00:00,0.754,10.816
2019-05-23 04:00:00,0.763,10.9
2019-05-23 05:00:00,0.766,10.941
2019-05-23 06:00:00,0.777,11.066
2019-05-23 07:00:00,0.804,11.385
2019-05-23 08:00:00,0.829,11.704
2019-05-23 09:00:00,0.839,11.85
2019-05-23 10:00:00,0.843,11.894
2019-05-23 11:00:00,0.849,11.989
2019-05-23 12:00:00,0.854,12.062
2019-05-23 13:00:00,0.85,11.999
2019-05-23 14:00:00,0.835,11.786
2019-05-23 15:00:00,0.818,11.554
2019-05-23 16:00:00,0.787,11.18
2019-05-23 17:00:00,0.746,10.736
2019-05-23 18:00:00,0.699,10.292
2019-05-23 19:00:00,0.631,9.702
2019-05-23 20:00:00,0.525,8.89
2019-05-23 21:00:00,0.398,7.954
2019-05-23 22:00:00,0.274,6.959
2019-05-23 23:00:00,0.179,6.06
2019-05-24 00:00:00,0.124,5.412
2019-05-24 01:00:00,0.093,4.969
2019-05-24 02:00:00,0.079,4.751
2019-05-24 03:00:00,0.095,5.006
2019-05-24 04:00:00,0.131,5.507
2019-05-24 05:00:00,0.156,5.811
2019-05-24 06:00:00,0.154,5.775
2019-05-24 07:00:00,0.128,5.464
2019-05-24 08:00:00,0.1,5.068
2019-05-24 09:00:00,0.077,4.723
2019-05-24 10:00:00,0.063,4.462
2019-05-24 11:00:00,0.058,4.36
2019-05-24 12:00:00,0.067,4.526
2019-05-24 13:00:00,0.08,4.76
2019-05-24 14:00:00,0.107,5.178
2019-05-24 15:00:00,0.165,5.908
2019-05-24 16:00:00,0.241,6.667
2019-05-24 17:00:00,0.316,7.317
2019-05-24 18:00:00,0.378,7.801
2019-05-24 19:00:00,0.41,8.039
2019-05-24 20:00:00,0.429,8.174
2019-05-24 21:00:00,0.447,8.312
2019-05-24 22:00:00,0.465,8.448
2019-05-24 23:00:00,0.495,8.666
2019-05-25 00:00:00,0.516,8.822
2019-05-25 01:00:00,0.514,8.807
2019-05-25 02:00:00,0.513,8.794
2019-05-25 03:00:00,0.509,8.766
2019-05-25 04:00:00,0.466,8.453
2019-05-25 05:00:00,0.422,8.125
2019-05-25 06:00:00,0.37,7.735
2019-05-25 07:00:00,0.338,7.486
2019-05-25 08:00:00,0.32,7.342
2019-05-25 09:00:00,0.318,7.325
2019-05-25 10:00:00,0.32,7.342
2019-05-25 11:00:00,0.312,7.276
2019-05-25 12:00:00,0.302,7.205
2019-05-25 13:00:00,0.305,7.229
2019-05-25 14:00:00,0.319,7.341
2019-05-25 15:00:00,0.328,7.407
2019-05-25 16:00:00,0.327,7.398
2019-05-25 17:00:00,0.328,7.407
2019-05-25 18:00:00,0.335,7.464
2019-05-25 19:00:00,0.34,7.503
2019-05-25 20:00:00,0.342,7.512
2019-05-25 21:00:00,0.33,7.426
2019-05-25 22:00:00,0.295,7.136
2019-05-25 23:00:00,0.257,6.817
2019-05-26 00:00:00,0.222,6.487
2019-05-26 01:00:00,0.21,6.38
2019-05-26 02:00:00,0.237,6.638
2019-05-26 03:00:00,0.262,6.858
2019-05-26 04:00:00,0.289,7.094
2019-05-26 05:00:00,0.297,7.158
2019-05-26 06:00:00,0.278,6.992
2019-05-26 07:00:00,0.316,7.314
2019-05-26 08:00:00,0.346,7.556
2019-05-26 09:00:00,0.302,7.195
2019-05-26 10:00:00,0.307,7.236
2019-05-26 11:00:00,0.334,7.46
2019-05-26 12:00:00,0.34,7.503
2019-05-26 13:00:00,0.351,7.581
2019-05-26 14:00:00,0.39,7.892
2019-05-26 15:00:00,0.447,8.311
2019-05-26 16:00:00,0.512,8.792
2019-05-26 17:00:00,0.564,9.181
2019-05-26 18:00:00,0.596,9.424
2019-05-26 19:00:00,0.604,9.487
2019-05-26 20:00:00,0.597,9.433
2019-05-26 21:00:00,0.575,9.26
2019-05-26 22:00:00,0.545,9.029
2019-05-26 23:00:00,0.534,8.954
2019-05-27 00:00:00,0.542,9.014
2019-05-27 01:00:00,0.564,9.177
2019-05-27 02:00:00,0.594,9.414
2019-05-27 03:00:00,0.618,9.603
2019-05-27 04:00:00,0.62,9.618
2019-05-27 05:00:00,0.598,9.438
2019-05-27 06:00:00,0.553,9.097
2019-05-27 07:00:00,0.508,8.756
2019-05-27 08:00:00,0.473,8.505
2019-05-27 09:00:00,0.441,8.26
2019-05-27 10:00:00,0.4,7.968
2019-05-27 11:00:00,0.369,7.73
2019-05-27 12:00:00,0.361,7.662
2019-05-27 13:00:00,0.377,7.782
2019-05-27 14:00:00,0.402,7.979
2019-05-27 15:00:00,0.449,8.319
2019-05-27 16:00:00,0.511,8.79
2019-05-27 17:00:00,0.572,9.235
2019-05-27 18:00:00,0.604,9.486
2019-05-27 19:00:00,0.615,9.575
2019-05-27 20:00:00,0.62,9.616
2019-05-27 21:00:00,0.628,9.673
2019-05-27 22:00:00,0.643,9.801
2019-05-27 23:00:00,0.673,10.062
2019-05-28 00:00:00,0.702,10.312
2019-05-28 01:00:00,0.717,10.459
2019-05-28 02:00:00,0.717,10.454
2019-05-28 03:00:00,0.719,10.47
2019-05-28 04:00:00,0.723,10.508
2019-05-28 05:00:00,0.722,10.489
2019-05-28 06:00:00,0.71,10.39
2019-05-28 07:00:00,0.69,10.206
2019-05-28 08:00:00,0.663,9.968
2019-05-28 09:00:00,0.617,9.596
2019-05-28 10:00:00,0.558,9.135
2019-05-28 11:00:00,0.515,8.815
2019-05-28 12:00:00,0.511,8.786
2019-05-28 13:00:00,0.528,8.908
2019-05-28 14:00:00,0.539,8.989
2019-05-28 15:00:00,0.564,9.182
2019-05-28 16:00:00,0.594,9.411
2019-05-28 17:00:00,0.623,9.641
2019-05-28 18:00:00,0.636,9.739
2019-05-28 19:00:00,0.63,9.69
2019-05-28 20:00:00,0.613,9.561
2019-05-28 21:00:00,0.583,9.327
2019-05-28 22:00:00,0.558,9.139
2019-05-28 23:00:00,0.548,9.06
2019-05-29 00:00:00,0.538,8.983
2019-05-29 01:00:00,0.506,8.738
2019-05-29 02:00:00,0.451,8.343
2019-05-29 03:00:00,0.371,7.746
2019-05-29 04:00:00,0.279,7.003
2019-05-29 05:00:00,0.196,6.23
2019-05-29 06:00:00,0.138,5.579
2019-05-29 07:00:00,0.093,4.979
2019-05-29 08:00:00,0.057,4.343
2019-05-29 09:00:00,0.038,3.905
2019-05-29 10:00:00,0.033,3.788
2019-05-29 11:00:00,0.034,3.796
2019-05-29 12:00:00,0.034,3.809
2019-05-29 13:00:00,0.041,3.983
2019-05-29 14:00:00,0.052,4.242
2019-05-29 15:00:00,0.067,4.533
2019-05-29 16:00:00,0.077,4.724
2019-05-29 17:00:00,0.086,4.86
2019-05-29 18:00:00,0.088,4.892
2019-05-29 19:00:00,0.093,4.972
2019-05-29 20:00:00,0.114,5.276
2019-05-29 21:00:00,0.125,5.429
2019-05-29 22:00:00,0.134,5.537
2019-05-29 23:00:00,0.171,5.965
2019-05-30 00:00:00,0.23,6.573
2019-05-30 01:00:00,0.29,7.097
2019-05-30 02:00:00,0.348,7.566
2019-05-30 03:00:00,0.402,7.978
2019-05-30 04:00:00,0.432,8.206
2019-05-30 05:00:00,0.449,8.323
2019-05-30 06:00:00,0.475,8.52
2019-05-30 07:00:00,0.518,8.838
2019-05-30 08:00:00,0.564,9.18
2019-05-30 09:00:00,0.628,9.671
2019-05-30 10:00:00,0.681,10.126
2019-05-30 11:00:00,0.686,10.164
2019-05-30 12:00:00,0.653,9.885
2019-05-30 13:00:00,0.608,9.513
2019-05-30 14:00:00,0.567,9.204
2019-05-30 15:00:00,0.545,9.037
2019-05-30 16:00:00,0.509,8.772
2019-05-30 17:00:00,0.44,8.256
2019-05-30 18:00:00,0.412,8.052
2019-05-30 19:00:00,0.398,7.951
2019-05-30 20:00:00,0.344,7.535
2019-05-30 21:00:00,0.257,6.814
2019-05-30 22:00:00,0.179,6.056
2019-05-30 23:00:00,0.117,5.316
2019-05-31 00:00:00,0.067,4.536
2019-05-31 01:00:00,0.03,3.677
2019-05-31 02:00:00,0.014,3.084
2019-05-31 03:00:00,0.006,2.578
2019-05-31 04:00:00,0.003,2.263
2019-05-31 05:00:00,0.011,2.938
2019-05-31 06:00:00,0.053,4.266
2019-05-31 07:00:00,0.159,5.839
2019-05-31 08:00:00,0.342,7.514
2019-05-31 09:00:00,0.561,9.152
2019-05-31 10:00:00,0.731,10.59
2019-05-31 11:00:00,0.826,11.652
2019-05-31 12:00:00,0.856,12.092
2019-05-31 13:00:00,0.872,12.347
2019-05-31 14:00:00,0.895,12.792
2019-05-31 15:00:00,0.924,13.435
2019-05-31 16:00:00,0.944,14.018
2019-05-31 17:00:00,0.949,14.178
2019-05-31 18:00:00,0.927,13.494
2019-05-31 19:00:00,0.841,11.881
2019-05-31 20:00:00,0.685,10.158
2019-05-31 21:00:00,0.503,8.726
2019-05-31 22:00:00,0.381,7.821
2019-05-31 23:00:00,0.329,7.417
2019-06-01 00:00:00,0.302,7.194
2019-06-01 01:00:00,0.275,6.977
2019-06-01 02:00:00,0.229,6.563
2019-06-01 03:00:00,0.2,6.281
2019-06-01 04:00:00,0.21,6.369
2019-06-01 05:00:00,0.259,6.83
2019-06-01 06:00:00,0.297,7.157
2019-06-01 07:00:00,0.322,7.362
2019-06-01 08:00:00,0.344,7.534
2019-06-01 09:00:00,0.395,7.921
2019-06-01 10:00:00,0.515,8.817
2019-06-01 11:00:00,0.628,9.682
2019-06-01 12:00:00,0.668,10.018
2019-06-01 13:00:00,0.647,9.83
2019-06-01 14:00:00,0.582,9.322
2019-06-01 15:00:00,0.537,8.976
2019-06-01 16:00:00,0.531,8.933
2019-06-01 17:00:00,0.555,9.117
2019-06-01 18:00:00,0.581,9.315
2019-06-01 19:00:00,0.565,9.186
2019-06-01 20:00:00,0.554,9.104
2019-06-01 21:00:00,0.542,9.016
2019-06-01 22:00:00,0.511,8.781
2019-06-01 23:00:00,0.494,8.656
2019-06-02 00:00:00,0.466,8.456
2019-06-02 01:00:00,0.42,8.112
2019-06-02 02:00:00,0.322,7.36
2019-06-02 03:00:00,0.257,6.814
2019-06-02 04:00:00,0.26,6.838
2019-06-02 05:00:00,0.342,7.523
2019-06-02 06:00:00,0.485,8.592
2019-06-02 07:00:00,0.633,9.713
2019-06-02 08:00:00,0.722,10.498
2019-06-02 09:00:00,0.806,11.412
2019-06-02 10:00:00,0.866,12.258
2019-06-02 11:00:00,0.891,12.703
2019-06-02 12:00:00,0.871,12.345
2019-06-02 13:00:00,0.82,11.575
2019-06-02 14:00:00,0.769,10.979
2019-06-02 15:00:00,0.749,10.764
2019-06-02 16:00:00,0.723,10.514
2019-06-02 17:00:00,0.643,9.809
2019-06-02 18:00:00,0.548,9.063
2019-06-02 19:00:00,0.514,8.8
2019-06-02 20:00:00,0.524,8.88
2019-06-02 21:00:00,0.475,8.512
2019-06-02 22:00:00,0.356,7.63
2019-06-02 23:00:00,0.215,6.424
2019-06-03 00:00:00,0.119,5.345
2019-06-03 01:00:00,0.153,5.773
2019-06-03 02:00:00,0.25,6.747
2019-06-03 03:00:00,0.313,7.28
2019-06-03 04:00:00,0.33,7.427
2019-06-03 05:00:00,0.319,7.334
2019-06-03 06:00:00,0.308,7.242
2019-06-03 07:00:00,0.36,7.651
2019-06-03 08:00:00,0.461,8.416
2019-06-03 09:00:00,0.478,8.542
2019-06-03 10:00:00,0.427,8.162
2019-06-03 11:00:00,0.456,8.385
2019-06-03 12:00:00,0.534,8.96
2019-06-03 13:00:00,0.644,9.811
2019-06-03 14:00:00,0.758,10.851
2019-06-03 15:00:00,0.848,11.977
2019-06-03 16:00:00,0.898,12.831
2019-06-03 17:00:00,0.933,13.692
2019-06-03 18:00:00,0.96,14.592
2019-06-03 19:00:00,0.975,15.394
2019-06-03 20:00:00,0.977,15.548
2019-06-03 21:00:00,0.978,15.643
2019-06-03 22:00:00,0.981,15.888
2019-06-03 23:00:00,0.984,16.195
2019-06-04 00:00:00,0.986,16.452
2019-06-04 01:00:00,0.987,16.568
2019-06-04 02:00:00,0.986,16.442
2019-06-04 03:00:00,0.981,15.88
2019-06-04 04:00:00,0.969,15.053
2019-06-04 05:00:00,0.948,14.152
2019-06-04 06:00:00,0.915,13.223
2019-06-04 07:00:00,0.871,12.342
2019-06-04 08:00:00,0.814,11.49
2019-06-04 09:00:00,0.77,10.985
2019-06-04 10:00:00,0.735,10.62
2019-06-04 11:00:00,0.707,10.348
2019-06-04 12:00:00,0.696,10.265
2019-06-04 13:00:00,0.696,10.263
2019-06-04 14:00:00,0.683,10.143
2019-06-04 15:00:00,0.646,9.827
2019-06-04 16:00:00,0.588,9.369
2019-06-04 17:00:00,0.542,9.017
2019-06-04 18:00:00,0.495,8.665
2019-06-04 19:00:00,0.441,8.263
2019-06-04 20:00:00,0.404,7.997
2019-06-04 21:00:00,0.366,7.711
2019-06-04 22:00:00,0.321,7.355
2019-06-04 23:00:00,0.263,6.865
2019-06-05 00:00:00,0.194,6.221
2019-06-05 01:00:00,0.129,5.485
2019-06-05 02:00:00,0.069,4.584
2019-06-05 03:00:00,0.04,3.953
2019-06-05 04:00:00,0.026,3.575
2019-06-05 05:00:00,0.021,3.388
2019-06-05 06:00:00,0.019,3.336
2019-06-05 07:00:00,0.017,3.251
2019-06-05 08:00:00,0.016,3.188
2019-06-05 09:00:00,0.019,3.335
2019-06-05 10:00:00,0.023,3.455
2019-06-05 11:00:00,0.024,3.508
2019-06-05 12:00:00,0.026,3.56
2019-06-05 13:00:00,0.027,3.587
2019-06-05 14:00:00,0.023,3.444
2019-06-05 15:00:00,0.019,3.308
2019-06-05 16:00:00,0.028,3.634
2019-06-05 17:00:00,0.041,3.983
2019-06-05 18:00:00,0.035,3.827
2019-06-05 19:00:00,0.053,4.256
2019-06-05 20:00:00,0.052,4.237
2019-06-05 21:00:00,0.038,3.909
2019-06-05 22:00:00,0.027,3.61
2019-06-05 23:00:00,0.006,2.639
2019-06-06 00:00:00,0.005,2.483
2019-06-06 01:00:00,0.006,2.583
2019-06-06 02:00:00,0.01,2.862
2019-06-06 03:00:00,0.03,3.682
2019-06-06 04:00:00,0.056,4.324
2019-06-06 05:00:00,0.1,5.087
2019-06-06 06:00:00,0.151,5.75
2019-06-06 07:00:00,0.224,6.512
2019-06-06 08:00:00,0.327,7.396
2019-06-06 09:00:00,0.367,7.715
2019-06-06 10:00:00,0.31,7.266
2019-06-06 11:00:00,0.41,8.038
2019-06-06 12:00:00,0.582,9.319
2019-06-06 13:00:00,0.56,9.148
2019-06-06 14:00:00,0.567,9.207
2019-06-06 15:00:00,0.581,9.316
2019-06-06 16:00:00,0.575,9.265
2019-06-06 17:00:00,0.555,9.113
2019-06-06 18:00:00,0.509,8.762
2019-06-06 19:00:00,0.417,8.089
2019-06-06 20:00:00,0.309,7.253
2019-06-06 21:00:00,0.19,6.169
2019-06-06 22:00:00,0.095,5.0
2019-06-06 23:00:00,0.045,4.092
2019-06-07 00:00:00,0.051,4.223
2019-06-07 01:00:00,0.067,4.535
2019-06-07 02:00:00,0.083,4.821
2019-06-07 03:00:00,0.099,5.062
2019-06-07 04:00:00,0.129,5.479
2019-06-07 05:00:00,0.192,6.193
2019-06-07 06:00:00,0.286,7.069
2019-06-07 07:00:00,0.351,7.584
2019-06-07 08:00:00,0.377,7.794
2019-06-07 09:00:00,0.396,7.938
2019-06-07 10:00:00,0.445,8.295
2019-06-07 11:00:00,0.456,8.378
2019-06-07 12:00:00,0.436,8.232
2019-06-07 13:00:00,0.38,7.817
2019-06-07 14:00:00,0.323,7.367
2019-06-07 15:00:00,0.253,6.783
2019-06-07 16:00:00,0.187,6.148
2019-06-07 17:00:00,0.152,5.758
2019-06-07 18:00:00,0.14,5.62
2019-06-07 19:00:00,0.142,5.642
2019-06-07 20:00:00,0.149,5.721
2019-06-07 21:00:00,0.143,5.652
2019-06-07 22:00:00,0.13,5.491
2019-06-07 23:00:00,0.124,5.419
2019-06-08 00:00:00,0.125,5.432
2019-06-08 01:00:00,0.14,5.613
2019-06-08 02:00:00,0.175,6.01
2019-06-08 03:00:00,0.212,6.396
2019-06-08 04:00:00,0.235,6.616
2019-06-08 05:00:00,0.256,6.807
2019-06-08 06:00:00,0.28,7.01
2019-06-08 07:00:00,0.276,6.981
2019-06-08 08:00:00,0.302,7.197
2019-06-08 09:00:00,0.362,7.669
2019-06-08 10:00:00,0.433,8.21
2019-06-08 11:00:00,0.502,8.718
2019-06-08 12:00:00,0.576,9.273
2019-06-08 13:00:00,0.651,9.869
2019-06-08 14:00:00,0.713,10.414
2019-06-08 15:00:00,0.74,10.679
2019-06-08 16:00:00,0.743,10.706
2019-06-08 17:00:00,0.747,10.742
2019-06-08 18:00:00,0.739,10.671
2019-06-08 19:00:00,0.726,10.543
2019-06-08 20:00:00,0.725,10.531
2019-06-08 21:00:00,0.722,10.495
2019-06-08 22:00:00,0.7,10.295
2019-06-08 23:00:00,0.691,10.217
2019-06-09 00:00:00,0.705,10.338
2019-06-09 01:00:00,0.712,10.408
2019-06-09 02:00:00,0.708,10.363
2019-06-09 03:00:00,0.69,10.205
2019-06-09 04:00:00,0.665,9.992
2019-06-09 05:00:00,0.632,9.708
2019-06-09 06:00:00,0.58,9.309
2019-06-09 07:00:00,0.503,8.726
2019-06-09 08:00:00,0.422,8.124
2019-06-09 09:00:00,0.359,7.648
2019-06-09 10:00:00,0.334,7.463
2019-06-09 11:00:00,0.313,7.294
2019-06-09 12:00:00,0.279,7.003
2019-06-09 13:00:00,0.232,6.586
2019-06-09 14:00:00,0.196,6.234
2019-06-09 15:00:00,0.182,6.092
2019-06-09 16:00:00,0.199,6.259
2019-06-09 17:00:00,0.222,6.493
2019-06-09 18:00:00,0.233,6.597
2019-06-09 19:00:00,0.23,6.569
2019-06-09 20:00:00,0.225,6.526
2019-06-09 21:00:00,0.234,6.606
2019-06-09 22:00:00,0.26,6.842
2019-06-09 23:00:00,0.303,7.212
2019-06-10 00:00:00,0.359,7.649
2019-06-10 01:00:00,0.41,8.035
2019-06-10 02:00:00,0.438,8.246
2019-06-10 03:00:00,0.444,8.283
2019-06-10 04:00:00,0.426,8.16
2019-06-10 05:00:00,0.394,7.916
2019-06-10 06:00:00,0.355,7.616
2019-06-10 07:00:00,0.322,7.36
2019-06-10 08:00:00,0.301,7.186
2019-06-10 09:00:00,0.287,7.075
2019-06-10 10:00:00,0.283,7.043
2019-06-10 11:00:00,0.288,7.078
2019-06-10 12:00:00,0.313,7.286
2019-06-10 13:00:00,0.358,7.639
2019-06-10 14:00:00,0.41,8.031
2019-06-10 15:00:00,0.461,8.416
2019-06-10 16:00:00,0.513,8.795
2019-06-10 17:00:00,0.566,9.19
2019-06-10 18:00:00,0.621,9.629
2019-06-10 19:00:00,0.679,10.098
2019-06-10 20:00:00,0.724,10.52
2019-06-10 21:00:00,0.745,10.73
2019-06-10 22:00:00,0.76,10.872
2019-06-10 23:00:00,0.781,11.099
2019-06-11 00:00:00,0.815,11.518
2019-06-11 01:00:00,0.851,12.013
2019-06-11 02:00:00,0.877,12.445
2019-06-11 03:00:00,0.903,12.944
2019-06-11 04:00:00,0.923,13.423
2019-06-11 05:00:00,0.937,13.781
2019-06-11 06:00:00,0.94,13.873
2019-06-11 07:00:00,0.934,13.702
2019-06-11 08:00:00,0.928,13.543
2019-06-11 09:00:00,0.922,13.386
2019-06-11 10:00:00,0.914,13.194
2019-06-11 11:00:00,0.912,13.148
2019-06-11 12:00:00,0.912,13.139
2019-06-11 13:00:00,0.903,12.957
2019-06-11 14:00:00,0.892,12.726
2019-06-11 15:00:00,0.889,12.662
2019-06-11 16:00:00,0.9,12.878
2019-06-11 17:00:00,0.922,13.376
2019-06-11 18:00:00,0.944,14.002
2019-06-11 19:00:00,0.956,14.422
2019-06-11 20:00:00,0.96,14.597
2019-06-11 21:00:00,0.96,14.613
2019-06-11 22:00:00,0.962,14.691
2019-06-11 23:00:00,0.965,14.864
2019-06-12 00:00:00,0.97,15.079
2019-06-12 01:00:00,0.972,15.198
2019-06-12 02:00:00,0.972,15.229
2019-06-12 03:00:00,0.973,15.261
2019-06-12 04:00:00,0.973,15.24
2019-06-12 05:00:00,0.973,15.267
2019-06-12 06:00:00,0.976,15.473
2019-06-12 07:00:00,0.98,15.803
2019-06-12 08:00:00,0.983,16.016
2019-06-12 09:00:00,0.979,15.715
2019-06-12 10:00:00,0.971,15.153
2019-06-12 11:00:00,0.964,14.772
2019-06-12 12:00:00,0.96,14.602
2019-06-12 13:00:00,0.956,14.421
2019-06-12 14:00:00,0.955,14.388
2019-06-12 15:00:00,0.958,14.523
2019-06-12 16:00:00,0.958,14.529
2019-06-12 17:00:00,0.961,14.654
2019-06-12 18:00:00,0.952,14.304
2019-06-12 19:00:00,0.935,13.73
2019-06-12 20:00:00,0.921,13.359
2019-06-12 21:00:00,0.912,13.147
2019-06-12 22:00:00,0.896,12.812
2019-06-12 23:00:00,0.888,12.644
2019-06-13 00:00:00,0.874,12.392
2019-06-13 01:00:00,0.873,12.377
2019-06-13 02:00:00,0.882,12.544
2019-06-13 03:00:00,0.895,12.79
2019-06-13 04:00:00,0.913,13.158
2019-06-13 05:00:00,0.923,13.417
2019-06-13 06:00:00,0.929,13.568
2019-06-13 07:00:00,0.934,13.712
2019-06-13 08:00:00,0.936,13.744
2019-06-13 09:00:00,0.939,13.865
2019-06-13 10:00:00,0.948,14.133
2019-06-13 11:00:00,0.958,14.522
2019-06-13 12:00:00,0.967,14.933
2019-06-13 13:00:00,0.973,15.296
2019-06-13 14:00:00,0.976,15.465
2019-06-13 15:00:00,0.977,15.509
2019-06-13 16:00:00,0.973,15.292
2019-06-13 17:00:00,0.965,14.856
2019-06-13 18:00:00,0.957,14.504
2019-06-13 19:00:00,0.931,13.618
2019-06-13 20:00:00,0.881,12.525
2019-06-13 21:00:00,0.843,11.896
2019-06-13 22:00:00,0.873,12.368
2019-06-13 23:00:00,0.923,13.406
2019-06-14 00:00:00,0.939,13.855
2019-06-14 01:00:00,0.954,14.36
2019-06-14 02:00:00,0.956,14.458
2019-06-14 03:00:00,0.953,14.322
2019-06-14 04:00:00,0.947,14.103
2019-06-14 05:00:00,0.943,13.981
2019-06-14 06:00:00,0.918,13.285
2019-06-14 07:00:00,0.91,13.106
2019-06-14 08:00:00,0.898,12.834
2019-06-14 09:00:00,0.895,12.774
2019-06-14 10:00:00,0.891,12.711
2019-06-14 11:00:00,0.896,12.807
2019-06-14 12:00:00,0.899,12.847
2019-06-14 13:00:00,0.895,12.787
2019-06-14 14:00:00,0.907,13.032
2019-06-14 15:00:00,0.923,13.404
2019-06-14 16:00:00,0.929,13.555
2019-06-14 17:00:00,0.922,13.379
2019-06-14 18:00:00,0.904,12.965
2019-06-14 19:00:00,0.869,12.303
2019-06-14 20:00:00,0.828,11.686
2019-06-14 21:00:00,0.792,11.232
2019-06-14 22:00:00,0.769,10.976
2019-06-14 23:00:00,0.741,10.686
2019-06-15 00:00:00,0.711,10.393
2019-06-15 01:00:00,0.672,10.047
2019-06-15 02:00:00,0.634,9.731
2019-06-15 03:00:00,0.622,9.633
2019-06-15 04:00:00,0.63,9.697
2019-06-15 05:00:00,0.63,9.7
2019-06-15 06:00:00,0.621,9.627
2019-06-15 07:00:00,0.62,9.619
2019-06-15 08:00:00,0.618,9.606
2019-06-15 09:00:00,0.621,9.625
2019-06-15 10:00:00,0.634,9.732
2019-06-15 11:00:00,0.664,9.981
2019-06-15 12:00:00,0.706,10.344
2019-06-15 13:00:00,0.759,10.864
2019-06-15 14:00:00,0.801,11.332
2019-06-15 15:00:00,0.794,11.253
2019-06-15 16:00:00,0.787,11.186
2019-06-15 17:00:00,0.809,11.439
2019-06-15 18:00:00,0.808,11.427
2019-06-15 19:00:00,0.804,11.388
2019-06-15 20:00:00,0.806,11.413
2019-06-15 21:00:00,0.815,11.521
2019-06-15 22:00:00,0.78,11.097
2019-06-15 23:00:00,0.709,10.38
2019-06-16 00:00:00,0.641,9.787
2019-06-16 01:00:00,0.588,9.364
2019-06-16 02:00:00,0.534,8.956
2019-06-16 03:00:00,0.5,8.703
2019-06-16 04:00:00,0.475,8.52
2019-06-16 05:00:00,0.463,8.423
2019-06-16 06:00:00,0.462,8.42
2019-06-16 07:00:00,0.438,8.248
2019-06-16 08:00:00,0.399,7.957
2019-06-16 09:00:00,0.376,7.777
2019-06-16 10:00:00,0.38,7.814
2019-06-16 11:00:00,0.399,7.958
2019-06-16 12:00:00,0.422,8.133
2019-06-16 13:00:00,0.445,8.296
2019-06-16 14:00:00,0.477,8.527
2019-06-16 15:00:00,0.503,8.724
2019-06-16 16:00:00,0.518,8.834
2019-06-16 17:00:00,0.527,8.899
2019-06-16 18:00:00,0.503,8.728
2019-06-16 19:00:00,0.463,8.43
2019-06-16 20:00:00,0.414,8.068
2019-06-16 21:00:00,0.366,7.708
2019-06-16 22:00:00,0.337,7.481
2019-06-16 23:00:00,0.333,7.446
2019-06-17 00:00:00,0.335,7.466
2019-06-17 01:00:00,0.326,7.388
2019-06-17 02:00:00,0.315,7.311
2019-06-17 03:00:00,0.315,7.307
2019-06-17 04:00:00,0.335,7.465
2019-06-17 05:00:00,0.348,7.572
2019-06-17 06:00:00,0.33,7.426
2019-06-17 07:00:00,0.285,7.059
2019-06-17 08:00:00,0.245,6.708
2019-06-17 09:00:00,0.184,6.117
2019-06-17 10:00:00,0.109,5.207
2019-06-17 11:00:00,0.092,4.96
2019-06-17 12:00:00,0.234,6.61
2019-06-17 13:00:00,0.49,8.634
2019-06-17 14:00:00,0.656,9.908
2019-06-17 15:00:00,0.63,9.699
2019-06-17 16:00:00,0.491,8.638
2019-06-17 17:00:00,0.386,7.853
2019-06-17 18:00:00,0.352,7.597
2019-06-17 19:00:00,0.356,7.624
2019-06-17 20:00:00,0.364,7.695
2019-06-17 21:00:00,0.353,7.607
2019-06-17 22:00:00,0.33,7.428
2019-06-17 23:00:00,0.324,7.372
2019-06-18 00:00:00,0.335,7.467
2019-06-18 01:00:00,0.349,7.574
2019-06-18 02:00:00,0.389,7.883
2019-06-18 03:00:00,0.509,8.764
2019-06-18 04:00:00,0.643,9.805
2019-06-18 05:00:00,0.754,10.821
2019-06-18 06:00:00,0.82,11.577
2019-06-18 07:00:00,0.832,11.749
2019-06-18 08:00:00,0.813,11.486
2019-06-18 09:00:00,0.806,11.397
2019-06-18 10:00:00,0.768,10.971
2019-06-18 11:00:00,0.711,10.393
2019-06-18 12:00:00,0.696,10.26
2019-06-18 13:00:00,0.726,10.545
2019-06-18 14:00:00,0.754,10.822
2019-06-18 15:00:00,0.779,11.077
2019-06-18 16:00:00,0.785,11.153
2019-06-18 17:00:00,0.79,11.213
2019-06-18 18:00:00,0.793,11.238
2019-06-18 19:00:00,0.789,11.202
2019-06-18 20:00:00,0.759,10.866
2019-06-18 21:00:00,0.738,10.659
2019-06-18 22:00:00,0.729,10.57
2019-06-18 23:00:00,0.726,10.537
2019-06-19 00:00:00,0.738,10.662
2019-06-19 01:00:00,0.733,10.598
2019-06-19 02:00:00,0.691,10.216
2019-06-19 03:00:00,0.651,9.876
2019-06-19 04:00:00,0.636,9.737
2019-06-19 05:00:00,0.636,9.748
2019-06-19 06:00:00,0.651,9.875
2019-06-19 07:00:00,0.667,10.006
2019-06-19 08:00:00,0.677,10.081
2019-06-19 09:00:00,0.658,9.919
2019-06-19 10:00:00,0.628,9.673
2019-06-19 11:00:00,0.591,9.388
2019-06-19 12:00:00,0.548,9.052
2019-06-19 13:00:00,0.506,8.741
2019-06-19 14:00:00,0.466,8.453
2019-06-19 15:00:00,0.432,8.206
2019-06-19 16:00:00,0.389,7.88
2019-06-19 17:00:00,0.341,7.506
2019-06-19 18:00:00,0.297,7.157
2019-06-19 19:00:00,0.262,6.849
2019-06-19 20:00:00,0.234,6.606
2019-06-19 21:00:00,0.215,6.422
2019-06-19 22:00:00,0.212,6.403
2019-06-19 23:00:00,0.215,6.428
2019-06-20 00:00:00,0.226,6.533
2019-06-20 01:00:00,0.244,6.694
2019-06-20 02:00:00,0.278,6.994
2019-06-20 03:00:00,0.317,7.322
2019-06-20 04:00:00,0.359,7.649
2019-06-20 05:00:00,0.383,7.84
2019-06-20 06:00:00,0.367,7.718
2019-06-20 07:00:00,0.336,7.478
2019-06-20 08:00:00,0.299,7.175
2019-06-20 09:00:00,0.267,6.907
2019-06-20 10:00:00,0.239,6.658
2019-06-20 11:00:00,0.217,6.439
2019-06-20 12:00:00,0.206,6.337
2019-06-20 13:00:00,0.196,6.235
2019-06-20 14:00:00,0.187,6.151
2019-06-20 15:00:00,0.196,6.23
2019-06-20 16:00:00,0.225,6.522
2019-06-20 17:00:00,0.257,6.819
2019-06-20 18:00:00,0.291,7.105
2019-06-20 19:00:00,0.335,7.47
2019-06-20 20:00:00,0.377,7.79
2019-06-20 21:00:00,0.396,7.937
2019-06-20 22:00:00,0.392,7.901
2019-06-20 23:00:00,0.381,7.822
2019-06-21 00:00:00,0.371,7.748
2019-06-21 01:00:00,0.371,7.74
2019-06-21 02:00:00,0.374,7.76
2019-06-21 03:00:00,0.391,7.896
2019-06-21 04:00:00,0.429,8.179
2019-06-21 05:00:00,0.484,8.591
2019-06-21 06:00:00,0.555,9.116
2019-06-21 07:00:00,0.625,9.656
2019-06-21 08:00:00,0.687,10.177
2019-06-21 09:00:00,0.742,10.699
2019-06-21 10:00:00,0.79,11.212
2019-06-21 11:00:00,0.832,11.745
2019-06-21 12:00:00,0.864,12.221
2019-06-21 13:00:00,0.881,12.525
2019-06-21 14:00:00,0.883,12.561
2019-06-21 15:00:00,0.867,12.271
2019-06-21 16:00:00,0.84,11.858
2019-06-21 17:00:00,0.806,11.404
2019-06-21 18:00:00,0.775,11.041
2019-06-21 19:00:00,0.758,10.852
2019-06-21 20:00:00,0.746,10.736
2019-06-21 21:00:00,0.742,10.7
2019-06-21 22:00:00,0.739,10.667
2019-06-21 23:00:00,0.749,10.772
2019-06-22 00:00:00,0.767,10.955
2019-06-22 01:00:00,0.783,11.135
2019-06-22 02:00:00,0.796,11.289
2019-06-22 03:00:00,0.824,11.637
2019-06-22 04:00:00,0.84,11.857
2019-06-22 05:00:00,0.822,11.611
2019-06-22 06:00:00,0.796,11.29
2019-06-22 07:00:00,0.785,11.152
2019-06-22 08:00:00,0.775,11.048
2019-06-22 09:00:00,0.752,10.802
2019-06-22 10:00:00,0.687,10.174
2019-06-22 11:00:00,0.654,9.893
2019-06-22 12:00:00,0.65,9.866
2019-06-22 13:00:00,0.663,9.976
2019-06-22 14:00:00,0.644,9.812
2019-06-22 15:00:00,0.588,9.367
2019-06-22 16:00:00,0.506,8.743
2019-06-22 17:00:00,0.407,8.01
2019-06-22 18:00:00,0.333,7.444
2019-06-22 19:00:00,0.28,7.021
2019-06-22 20:00:00,0.236,6.627
2019-06-22 21:00:00,0.186,6.135
2019-06-22 22:00:00,0.145,5.673
2019-06-22 23:00:00,0.11,5.228
2019-06-23 00:00:00,0.083,4.809
2019-06-23 01:00:00,0.063,4.457
2019-06-23 02:00:00,0.049,4.174
2019-06-23 03:00:00,0.042,4.02
2019-06-23 04:00:00,0.041,3.99
2019-06-23 05:00:00,0.04,3.966
2019-06-23 06:00:00,0.042,4.007
2019-06-23 07:00:00,0.044,4.052
2019-06-23 08:00:00,0.042,4.019
2019-06-23 09:00:00,0.041,3.986
2019-06-23 10:00:00,0.05,4.193
2019-06-23 11:00:00,0.074,4.654
2019-06-23 12:00:00,0.107,5.179
2019-06-23 13:00:00,0.149,5.731
2019-06-23 14:00:00,0.191,6.183
2019-06-23 15:00:00,0.227,6.544
2019-06-23 16:00:00,0.259,6.827
2019-06-23 17:00:00,0.302,7.197
2019-06-23 18:00:00,0.361,7.66
2019-06-23 19:00:00,0.425,8.146
2019-06-23 20:00:00,0.518,8.839
2019-06-23 21:00:00,0.561,9.155
2019-06-23 22:00:00,0.601,9.461
2019-06-23 23:00:00,0.601,9.462
2019-06-24 00:00:00,0.566,9.19
2019-06-24 01:00:00,0.548,9.051
2019-06-24 02:00:00,0.535,8.965
2019-06-24 03:00:00,0.519,8.844
2019-06-24 04:00:00,0.511,8.787
2019-06-24 05:00:00,0.494,8.654
2019-06-24 06:00:00,0.484,8.577
2019-06-24 07:00:00,0.483,8.569
2019-06-24 08:00:00,0.491,8.636
2019-06-24 09:00:00,0.506,8.743
2019-06-24 10:00:00,0.514,8.8
2019-06-24 11:00:00,0.509,8.771
2019-06-24 12:00:00,0.518,8.833
2019-06-24 13:00:00,0.528,8.905
2019-06-24 14:00:00,0.542,9.015
2019-06-24 15:00:00,0.528,8.911
2019-06-24 16:00:00,0.522,8.871
2019-06-24 17:00:00,0.531,8.936
2019-06-24 18:00:00,0.54,8.996
2019-06-24 19:00:00,0.567,9.202
2019-06-24 20:00:00,0.633,9.723
2019-06-24 21:00:00,0.677,10.091
2019-06-24 22:00:00,0.693,10.231
2019-06-24 23:00:00,0.7,10.302
2019-06-25 00:00:00,0.712,10.41
2019-06-25 01:00:00,0.72,10.479
2019-06-25 02:00:00,0.733,10.611
2019-06-25 03:00:00,0.741,10.686
2019-06-25 04:00:00,0.753,10.814
2019-06-25 05:00:00,0.776,11.054
2019-06-25 06:00:00,0.788,11.195
2019-06-25 07:00:00,0.784,11.143
2019-06-25 08:00:00,0.764,10.922
2019-06-25 09:00:00,0.731,10.59
2019-06-25 10:00:00,0.679,10.108
2019-06-25 11:00:00,0.613,9.561
2019-06-25 12:00:00,0.554,9.107
2019-06-25 13:00:00,0.499,8.7
2019-06-25 14:00:00,0.474,8.506
2019-06-25 15:00:00,0.457,8.388
2019-06-25 16:00:00,0.417,8.086
2019-06-25 17:00:00,0.348,7.566
2019-06-25 18:00:00,0.278,6.988
2019-06-25 19:00:00,0.252,6.76
2019-06-25 20:00:00,0.265,6.885
2019-06-25 21:00:00,0.285,7.063
2019-06-25 22:00:00,0.313,7.294
2019-06-25 23:00:00,0.356,7.625
2019-06-26 00:00:00,0.4,7.968
2019-06-26 01:00:00,0.453,8.356
2019-06-26 02:00:00,0.49,8.632
2019-06-26 03:00:00,0.511,8.78
2019-06-26 04:00:00,0.53,8.928
2019-06-26 05:00:00,0.561,9.151
2019-06-26 06:00:00,0.566,9.19
2019-06-26 07:00:00,0.586,9.351
2019-06-26 08:00:00,0.651,9.875
2019-06-26 09:00:00,0.717,10.454
2019-06-26 10:00:00,0.748,10.755
2019-06-26 11:00:00,0.766,10.948
2019-06-26 12:00:00,0.79,11.22
2019-06-26 13:00:00,0.802,11.347
2019-06-26 14:00:00,0.813,11.485
2019-06-26 15:00:00,0.828,11.699
2019-06-26 16:00:00,0.865,12.249
2019-06-26 17:00:00,0.878,12.461
2019-06-26 18:00:00,0.877,12.452
2019-06-26 19:00:00,0.862,12.189
2019-06-26 20:00:00,0.839,11.84
2019-06-26 21:00:00,0.797,11.296
2019-06-26 22:00:00,0.761,10.887
2019-06-26 23:00:00,0.696,10.266
2019-06-27 00:00:00,0.609,9.53
2019-06-27 01:00:00,0.497,8.681
2019-06-27 02:00:00,0.4,7.969
2019-06-27 03:00:00,0.33,7.421
2019-06-27 04:00:00,0.275,6.972
2019-06-27 05:00:00,0.233,6.595
2019-06-27 06:00:00,0.213,6.411
2019-06-27 07:00:00,0.217,6.442
2019-06-27 08:00:00,0.224,6.511
2019-06-27 09:00:00,0.232,6.582
2019-06-27 10:00:00,0.273,6.955
2019-06-27 11:00:00,0.324,7.371
2019-06-27 12:00:00,0.377,7.785
2019-06-27 13:00:00,0.417,8.086
2019-06-27 14:00:00,0.454,8.365
2019-06-27 15:00:00,0.469,8.477
2019-06-27 16:00:00,0.465,8.444
2019-06-27 17:00:00,0.45,8.331
2019-06-27 18:00:00,0.429,8.178
2019-06-27 19:00:00,0.406,8.007
2019-06-27 20:00:00,0.386,7.86
2019-06-27 21:00:00,0.343,7.525
2019-06-27 22:00:00,0.301,7.186
2019-06-27 23:00:00,0.299,7.175
2019-06-28 00:00:00,0.306,7.23
2019-06-28 01:00:00,0.309,7.255
2019-06-28 02:00:00,0.306,7.231
2019-06-28 03:00:00,0.279,7.003
2019-06-28 04:00:00,0.217,6.451
2019-06-28 05:00:00,0.159,5.842
2019-06-28 06:00:00,0.129,5.484
2019-06-28 07:00:00,0.12,5.366
2019-06-28 08:00:00,0.119,5.344
2019-06-28 09:00:00,0.118,5.325
2019-06-28 10:00:00,0.132,5.516
2019-06-28 11:00:00,0.172,5.983
2019-06-28 12:00:00,0.204,6.321
2019-06-28 13:00:00,0.202,6.306
2019-06-28 14:00:00,0.21,6.377
2019-06-28 15:00:00,0.228,6.554
2019-06-28 16:00:00,0.22,6.472
2019-06-28 17:00:00,0.205,6.326
2019-06-28 18:00:00,0.217,6.445
2019-06-28 19:00:00,0.273,6.954
2019-06-28 20:00:00,0.344,7.531
2019-06-28 21:00:00,0.391,7.893
2019-06-28 22:00:00,0.402,7.978
2019-06-28 23:00:00,0.395,7.933
2019-06-29 00:00:00,0.395,7.92
2019-06-29 01:00:00,0.412,8.05
2019-06-29 02:00:00,0.419,8.1
2019-06-29 03:00:00,0.364,7.692
2019-06-29 04:00:00,0.293,7.125
2019-06-29 05:00:00,0.249,6.734
2019-06-29 06:00:00,0.239,6.656
2019-06-29 07:00:00,0.252,6.77
2019-06-29 08:00:00,0.31,7.259
2019-06-29 09:00:00,0.426,8.157
2019-06-29 10:00:00,0.581,9.312
2019-06-29 11:00:00,0.695,10.253
2019-06-29 12:00:00,0.754,10.816
2019-06-29 13:00:00,0.773,11.016
2019-06-29 14:00:00,0.744,10.722
2019-06-29 15:00:00,0.667,10.008
2019-06-29 16:00:00,0.586,9.352
2019-06-29 17:00:00,0.521,8.86
2019-06-29 18:00:00,0.454,8.367
2019-06-29 19:00:00,0.364,7.693
2019-06-29 20:00:00,0.286,7.068
2019-06-29 21:00:00,0.246,6.713
2019-06-29 22:00:00,0.184,6.12
2019-06-29 23:00:00,0.192,6.198
2019-06-30 00:00:00,0.215,6.418
2019-06-30 01:00:00,0.208,6.355
2019-06-30 02:00:00,0.211,6.394
2019-06-30 03:00:00,0.269,6.916
2019-06-30 04:00:00,0.31,7.265
2019-06-30 05:00:00,0.392,7.903
2019-06-30 06:00:00,0.511,8.78
2019-06-30 07:00:00,0.594,9.402
2019-06-30 08:00:00,0.663,9.974
2019-06-30 09:00:00,0.739,10.667
2019-06-30 10:00:00,0.796,11.275
2019-06-30 11:00:00,0.782,11.114
2019-06-30 12:00:00,0.756,10.833
2019-06-30 13:00:00,0.786,11.171
2019-06-30 14:00:00,0.84,11.867
2019-06-30 15:00:00,0.86,12.155
2019-06-30 16:00:00,0.842,11.89
2019-06-30 17:00:00,0.811,11.467
2019-06-30 18:00:00,0.764,10.921
2019-06-30 19:00:00,0.697,10.27
2019-06-30 20:00:00,0.67,10.034
2019-06-30 21:00:00,0.68,10.115
2019-06-30 22:00:00,0.687,10.172
2019-06-30 23:00:00,0.725,10.534
2019-07-01 00:00:00,0.748,10.756
2019-07-01 01:00:00,0.754,10.816
2019-07-01 02:00:00,0.749,10.762
2019-07-01 03:00:00,0.751,10.786
2019-07-01 04:00:00,0.806,11.41
2019-07-01 05:00:00,0.892,12.731
2019-07-01 06:00:00,0.944,13.995
2019-07-01 07:00:00,0.954,14.384
2019-07-01 08:00:00,0.947,14.098
2019-07-01 09:00:00,0.932,13.651
2019-07-01 10:00:00,0.91,13.085
2019-07-01 11:00:00,0.875,12.413
2019-07-01 12:00:00,0.837,11.811
2019-07-01 13:00:00,0.805,11.391
2019-07-01 14:00:00,0.774,11.032
2019-07-01 15:00:00,0.755,10.824
2019-07-01 16:00:00,0.743,10.707
2019-07-01 17:00:00,0.733,10.598
2019-07-01 18:00:00,0.724,10.524
2019-07-01 19:00:00,0.718,10.463
2019-07-01 20:00:00,0.694,10.243
2019-07-01 21:00:00,0.647,9.832
2019-07-01 22:00:00,0.586,9.348
2019-07-01 23:00:00,0.514,8.808
2019-07-02 00:00:00,0.45,8.336
2019-07-02 01:00:00,0.385,7.848
2019-07-02 02:00:00,0.323,7.368
2019-07-02 03:00:00,0.27,6.925
2019-07-02 04:00:00,0.231,6.574
2019-07-02 05:00:00,0.208,6.349
2019-07-02 06:00:00,0.202,6.302
2019-07-02 07:00:00,0.226,6.536
2019-07-02 08:00:00,0.293,7.119
2019-07-02 09:00:00,0.356,7.629
2019-07-02 10:00:00,0.417,8.09
2019-07-02 11:00:00,0.494,8.658
2019-07-02 12:00:00,0.575,9.26
2019-07-02 13:00:00,0.643,9.803
2019-07-02 14:00:00,0.7,10.294
2019-07-02 15:00:00,0.747,10.749
2019-07-02 16:00:00,0.793,11.247
2019-07-02 17:00:00,0.822,11.604
2019-07-02 18:00:00,0.83,11.724
2019-07-02 19:00:00,0.831,11.731
2019-07-02 20:00:00,0.824,11.632
2019-07-02 21:00:00,0.813,11.495
2019-07-02 22:00:00,0.806,11.406
2019-07-02 23:00:00,0.803,11.371
2019-07-03 00:00:00,0.802,11.36
2019-07-03 01:00:00,0.787,11.178
2019-07-03 02:00:00,0.749,10.757
2019-07-03 03:00:00,0.693,10.235
2019-07-03 04:00:00,0.639,9.769
2019-07-03 05:00:00,0.599,9.444
2019-07-03 06:00:00,0.584,9.337
2019-07-03 07:00:00,0.578,9.289
2019-07-03 08:00:00,0.576,9.277
2019-07-03 09:00:00,0.601,9.457
2019-07-03 10:00:00,0.66,9.946
2019-07-03 11:00:00,0.732,10.596
2019-07-03 12:00:00,0.791,11.225
2019-07-03 13:00:00,0.822,11.602
2019-07-03 14:00:00,0.825,11.647
2019-07-03 15:00:00,0.818,11.565
2019-07-03 16:00:00,0.81,11.459
2019-07-03 17:00:00,0.836,11.807
2019-07-03 18:00:00,0.864,12.215
2019-07-03 19:00:00,0.896,12.813
2019-07-03 20:00:00,0.913,13.166
2019-07-03 21:00:00,0.899,12.87
2019-07-03 22:00:00,0.891,12.71
2019-07-03 23:00:00,0.896,12.8
2019-07-04 00:00:00,0.894,12.769
2019-07-04 01:00:00,0.889,12.648
2019-07-04 02:00:00,0.885,12.589
2019-07-04 03:00:00,0.877,12.44
2019-07-04 04:00:00,0.854,12.064
2019-07-04 05:00:00,0.844,11.913
2019-07-04 06:00:00,0.852,12.038
2019-07-04 07:00:00,0.803,11.369
2019-07-04 08:00:00,0.754,10.821
2019-07-04 09:00:00,0.677,10.087
2019-07-04 10:00:00,0.526,8.895
2019-07-04 11:00:00,0.389,7.884
2019-07-04 12:00:00,0.277,6.984
2019-07-04 13:00:00,0.18,6.07
2019-07-04 14:00:00,0.112,5.253
2019-07-04 15:00:00,0.084,4.834
2019-07-04 16:00:00,0.071,4.614
2019-07-04 17:00:00,0.066,4.515
2019-07-04 18:00:00,0.059,4.378
2019-07-04 19:00:00,0.051,4.217
2019-07-04 20:00:00,0.044,4.062
2019-07-04 21:00:00,0.035,3.836
2019-07-04 22:00:00,0.027,3.598
2019-07-04 23:00:00,0.029,3.64
2019-07-05 00:00:00,0.043,4.043
2019-07-05 01:00:00,0.073,4.633
2019-07-05 02:00:00,0.116,5.302
2019-07-05 03:00:00,0.147,5.695
2019-07-05 04:00:00,0.168,5.941
2019-07-05 05:00:00,0.206,6.336
2019-07-05 06:00:00,0.244,6.703
2019-07-05 07:00:00,0.291,7.107
2019-07-05 08:00:00,0.332,7.438
2019-07-05 09:00:00,0.353,7.606
2019-07-05 10:00:00,0.352,7.594
2019-07-05 11:00:00,0.328,7.411
2019-07-05 12:00:00,0.276,6.981
2019-07-05 13:00:00,0.216,6.434
2019-07-05 14:00:00,0.16,5.857
2019-07-05 15:00:00,0.131,5.504
2019-07-05 16:00:00,0.163,5.891
2019-07-05 17:00:00,0.293,7.117
2019-07-05 18:00:00,0.472,8.496
2019-07-05 19:00:00,0.574,9.253
2019-07-05 20:00:00,0.617,9.594
2019-07-05 21:00:00,0.651,9.873
2019-07-05 22:00:00,0.701,10.304
2019-07-05 23:00:00,0.763,10.907
2019-07-06 00:00:00,0.822,11.607
2019-07-06 01:00:00,0.867,12.278
2019-07-06 02:00:00,0.899,12.856
2019-07-06 03:00:00,0.911,13.121
2019-07-06 04:00:00,0.907,13.027
2019-07-06 05:00:00,0.886,12.614
2019-07-06 06:00:00,0.846,11.946
2019-07-06 07:00:00,0.785,11.156
2019-07-06 08:00:00,0.702,10.317
2019-07-06 09:00:00,0.621,9.629
2019-07-06 10:00:00,0.56,9.148
2019-07-06 11:00:00,0.528,8.912
2019-07-06 12:00:00,0.536,8.969
2019-07-06 13:00:00,0.568,9.217
2019-07-06 14:00:00,0.608,9.514
2019-07-06 15:00:00,0.646,9.823
2019-07-06 16:00:00,0.69,10.205
2019-07-06 17:00:00,0.726,10.539
2019-07-06 18:00:00,0.749,10.76
2019-07-06 19:00:00,0.753,10.806
2019-07-06 20:00:00,0.75,10.774
2019-07-06 21:00:00,0.746,10.735
2019-07-06 22:00:00,0.764,10.92
2019-07-06 23:00:00,0.795,11.267
2019-07-07 00:00:00,0.822,11.613
2019-07-07 01:00:00,0.844,11.917
2019-07-07 02:00:00,0.864,12.23
2019-07-07 03:00:00,0.894,12.757
2019-07-07 04:00:00,0.919,13.308
2019-07-07 05:00:00,0.936,13.767
2019-07-07 06:00:00,0.944,14.023
2019-07-07 07:00:00,0.943,13.967
2019-07-07 08:00:00,0.931,13.617
2019-07-07 09:00:00,0.91,13.091
2019-07-07 10:00:00,0.875,12.396
2019-07-07 11:00:00,0.829,11.71
2019-07-07 12:00:00,0.79,11.22
2019-07-07 13:00:00,0.747,10.749
2019-07-07 14:00:00,0.708,10.363
2019-07-07 15:00:00,0.685,10.163
2019-07-07 16:00:00,0.665,9.988
2019-07-07 17:00:00,0.641,9.787
2019-07-07 18:00:00,0.619,9.61
2019-07-07 19:00:00,0.586,9.348
2019-07-07 20:00:00,0.53,8.924
2019-07-07 21:00:00,0.46,8.404
2019-07-07 22:00:00,0.42,8.113
2019-07-07 23:00:00,0.407,8.009
2019-07-08 00:00:00,0.404,7.994
2019-07-08 01:00:00,0.413,8.061
2019-07-08 02:00:00,0.42,8.113
2019-07-08 03:00:00,0.43,8.19
2019-07-08 04:00:00,0.438,8.241
2019-07-08 05:00:00,0.421,8.118
2019-07-08 06:00:00,0.395,7.928
2019-07-08 07:00:00,0.359,7.642
2019-07-08 08:00:00,0.299,7.175
2019-07-08 09:00:00,0.232,6.58
2019-07-08 10:00:00,0.177,6.032
2019-07-08 11:00:00,0.143,5.651
2019-07-08 12:00:00,0.125,5.426
2019-07-08 13:00:00,0.112,5.253
2019-07-08 14:00:00,0.09,4.938
2019-07-08 15:00:00,0.066,4.515
2019-07-08 16:00:00,0.052,4.232
2019-07-08 17:00:00,0.045,4.078
2019-07-08 18:00:00,0.045,4.09
2019-07-08 19:00:00,0.051,4.23
2019-07-08 20:00:00,0.061,4.425
2019-07-08 21:00:00,0.062,4.445
2019-07-08 22:00:00,0.057,4.339
2019-07-08 23:00:00,0.061,4.42
2019-07-09 00:00:00,0.077,4.725
2019-07-09 01:00:00,0.111,5.24
2019-07-09 02:00:00,0.155,5.79
2019-07-09 03:00:00,0.198,6.256
2019-07-09 04:00:00,0.253,6.782
2019-07-09 05:00:00,0.324,7.376
2019-07-09 06:00:00,0.407,8.02
2019-07-09 07:00:00,0.475,8.516
2019-07-09 08:00:00,0.509,8.767
2019-07-09 09:00:00,0.523,8.878
2019-07-09 10:00:00,0.535,8.966
2019-07-09 11:00:00,0.545,9.031
2019-07-09 12:00:00,0.551,9.084
2019-07-09 13:00:00,0.555,9.116
2019-07-09 14:00:00,0.557,9.127
2019-07-09 15:00:00,0.56,9.146
2019-07-09 16:00:00,0.571,9.231
2019-07-09 17:00:00,0.586,9.349
2019-07-09 18:00:00,0.608,9.525
2019-07-09 19:00:00,0.636,9.745
2019-07-09 20:00:00,0.652,9.884
2019-07-09 21:00:00,0.68,10.115
2019-07-09 22:00:00,0.706,10.347
2019-07-09 23:00:00,0.725,10.532
2019-07-10 00:00:00,0.756,10.843
2019-07-10 01:00:00,0.776,11.052
2019-07-10 02:00:00,0.788,11.186
2019-07-10 03:00:00,0.807,11.413
2019-07-10 04:00:00,0.81,11.452
2019-07-10 05:00:00,0.785,11.148
2019-07-10 06:00:00,0.763,10.901
2019-07-10 07:00:00,0.751,10.787
2019-07-10 08:00:00,0.721,10.488
2019-07-10 09:00:00,0.7,10.296
2019-07-10 10:00:00,0.661,9.952
2019-07-10 11:00:00,0.635,9.733
2019-07-10 12:00:00,0.629,9.685
2019-07-10 13:00:00,0.609,9.53
2019-07-10 14:00:00,0.575,9.262
2019-07-10 15:00:00,0.53,8.927
2019-07-10 16:00:00,0.478,8.54
2019-07-10 17:00:00,0.449,8.318
2019-07-10 18:00:00,0.433,8.211
2019-07-10 19:00:00,0.429,8.184
2019-07-10 20:00:00,0.431,8.198
2019-07-10 21:00:00,0.446,8.298
2019-07-10 22:00:00,0.444,8.289
2019-07-10 23:00:00,0.426,8.158
2019-07-11 00:00:00,0.409,8.028
2019-07-11 01:00:00,0.409,8.027
2019-07-11 02:00:00,0.438,8.24
2019-07-11 03:00:00,0.472,8.492
2019-07-11 04:00:00,0.492,8.642
2019-07-11 05:00:00,0.52,8.854
2019-07-11 06:00:00,0.545,9.037
2019-07-11 07:00:00,0.567,9.206
2019-07-11 08:00:00,0.61,9.54
2019-07-11 09:00:00,0.624,9.645
2019-07-11 10:00:00,0.647,9.83
2019-07-11 11:00:00,0.674,10.065
2019-07-11 12:00:00,0.691,10.212
2019-07-11 13:00:00,0.706,10.346
2019-07-11 14:00:00,0.702,10.316
2019-07-11 15:00:00,0.709,10.381
2019-07-11 16:00:00,0.705,10.341
2019-07-11 17:00:00,0.687,10.178
2019-07-11 18:00:00,0.649,9.852
2019-07-11 19:00:00,0.6,9.455
2019-07-11 20:00:00,0.533,8.953
2019-07-11 21:00:00,0.495,8.663
2019-07-11 22:00:00,0.458,8.394
2019-07-11 23:00:00,0.414,8.069
2019-07-12 00:00:00,0.363,7.682
2019-07-12 01:00:00,0.319,7.33
2019-07-12 02:00:00,0.282,7.034
2019-07-12 03:00:00,0.263,6.865
2019-07-12 04:00:00,0.257,6.819
2019-07-12 05:00:00,0.249,6.736
2019-07-12 06:00:00,0.232,6.59
2019-07-12 07:00:00,0.201,6.292
2019-07-12 08:00:00,0.148,5.718
2019-07-12 09:00:00,0.098,5.039
2019-07-12 10:00:00,0.06,4.405
2019-07-12 11:00:00,0.043,4.041
2019-07-12 12:00:00,0.056,4.315
2019-07-12 13:00:00,0.077,4.713
2019-07-12 14:00:00,0.088,4.894
2019-07-12 15:00:00,0.087,4.886
2019-07-12 16:00:00,0.085,4.843
2019-07-12 17:00:00,0.084,4.826
2019-07-12 18:00:00,0.08,4.763
2019-07-12 19:00:00,0.07,4.586
2019-07-12 20:00:00,0.063,4.458
2019-07-12 21:00:00,0.061,4.429
2019-07-12 22:00:00,0.058,4.366
2019-07-12 23:00:00,0.054,4.273
2019-07-13 00:00:00,0.056,4.329
2019-07-13 01:00:00,0.059,4.384
2019-07-13 02:00:00,0.048,4.146
2019-07-13 03:00:00,0.033,3.789
2019-07-13 04:00:00,0.024,3.507
2019-07-13 05:00:00,0.023,3.447
2019-07-13 06:00:00,0.024,3.505
2019-07-13 07:00:00,0.03,3.677
2019-07-13 08:00:00,0.037,3.88
2019-07-13 09:00:00,0.049,4.179
2019-07-13 10:00:00,0.059,4.38
2019-07-13 11:00:00,0.066,4.523
2019-07-13 12:00:00,0.076,4.697
2019-07-13 13:00:00,0.085,4.854
2019-07-13 14:00:00,0.094,4.994
2019-07-13 15:00:00,0.112,5.253
2019-07-13 16:00:00,0.135,5.551
2019-07-13 17:00:00,0.147,5.699
2019-07-13 18:00:00,0.119,5.344
2019-07-13 19:00:00,0.089,4.92
2019-07-13 20:00:00,0.081,4.78
2019-07-13 21:00:00,0.07,4.598
2019-07-13 22:00:00,0.065,4.51
2019-07-13 23:00:00,0.074,4.67
2019-07-14 00:00:00,0.075,4.686
2019-07-14 01:00:00,0.072,4.626
2019-07-14 02:00:00,0.078,4.73
2019-07-14 03:00:00,0.088,4.903
2019-07-14 04:00:00,0.092,4.969
2019-07-14 05:00:00,0.114,5.277
2019-07-14 06:00:00,0.143,5.654
2019-07-14 07:00:00,0.173,6.0
2019-07-14 08:00:00,0.21,6.373
2019-07-14 09:00:00,0.248,6.732
2019-07-14 10:00:00,0.268,6.911
2019-07-14 11:00:00,0.261,6.849
2019-07-14 12:00:00,0.245,6.705
2019-07-14 13:00:00,0.246,6.71
2019-07-14 14:00:00,0.246,6.71
2019-07-14 15:00:00,0.208,6.358
2019-07-14 16:00:00,0.169,5.947
2019-07-14 17:00:00,0.165,5.906
2019-07-14 18:00:00,0.179,6.062
2019-07-14 19:00:00,0.19,6.168
2019-07-14 20:00:00,0.19,6.174
2019-07-14 21:00:00,0.191,6.184
2019-07-14 22:00:00,0.203,6.311
2019-07-14 23:00:00,0.221,6.482
2019-07-15 00:00:00,0.252,6.764
2019-07-15 01:00:00,0.293,7.123
2019-07-15 02:00:00,0.348,7.571
2019-07-15 03:00:00,0.4,7.966
2019-07-15 04:00:00,0.452,8.345
2019-07-15 05:00:00,0.487,8.611
2019-07-15 06:00:00,0.503,8.725
2019-07-15 07:00:00,0.497,8.674
2019-07-15 08:00:00,0.471,8.485
2019-07-15 09:00:00,0.432,8.208
2019-07-15 10:00:00,0.385,7.845
2019-07-15 11:00:00,0.332,7.437
2019-07-15 12:00:00,0.269,6.917
2019-07-15 13:00:00,0.205,6.325
2019-07-15 14:00:00,0.151,5.753
2019-07-15 15:00:00,0.107,5.189
2019-07-15 16:00:00,0.071,4.606
2019-07-15 17:00:00,0.044,4.071
2019-07-15 18:00:00,0.027,3.591
2019-07-15 19:00:00,0.016,3.174
2019-07-15 20:00:00,0.008,2.777
2019-07-15 21:00:00,0.003,2.343
2019-07-15 22:00:00,0.005,2.488
2019-07-15 23:00:00,0.016,3.181
2019-07-16 00:00:00,0.043,4.024
2019-07-16 01:00:00,0.079,4.755
2019-07-16 02:00:00,0.115,5.284
2019-07-16 03:00:00,0.144,5.662
2019-07-16 04:00:00,0.175,6.015
2019-07-16 05:00:00,0.212,6.397
2019-07-16 06:00:00,0.254,6.787
2019-07-16 07:00:00,0.291,7.107
2019-07-16 08:00:00,0.313,7.279
2019-07-16 09:00:00,0.321,7.348
2019-07-16 10:00:00,0.33,7.421
2019-07-16 11:00:00,0.342,7.519
2019-07-16 12:00:00,0.347,7.564
2019-07-16 13:00:00,0.352,7.595
2019-07-16 14:00:00,0.36,7.657
2019-07-16 15:00:00,0.358,7.637
2019-07-16 16:00:00,0.344,7.534
2019-07-16 17:00:00,0.326,7.386
2019-07-16 18:00:00,0.287,7.075
2019-07-16 19:00:00,0.259,6.833
2019-07-16 20:00:00,0.272,6.951
2019-07-16 21:00:00,0.326,7.39
2019-07-16 22:00:00,0.398,7.95
2019-07-16 23:00:00,0.453,8.358
2019-07-17 00:00:00,0.487,8.607
2019-07-17 01:00:00,0.522,8.867
2019-07-17 02:00:00,0.556,9.121
2019-07-17 03:00:00,0.593,9.396
2019-07-17 04:00:00,0.632,9.706
2019-07-17 05:00:00,0.645,9.82
2019-07-17 06:00:00,0.67,10.029
2019-07-17 07:00:00,0.712,10.411
2019-07-17 08:00:00,0.739,10.672
2019-07-17 09:00:00,0.768,10.964
2019-07-17 10:00:00,0.807,11.422
2019-07-17 11:00:00,0.826,11.657
2019-07-17 12:00:00,0.841,11.876
2019-07-17 13:00:00,0.866,12.268
2019-07-17 14:00:00,0.892,12.718
2019-07-17 15:00:00,0.911,13.124
2019-07-17 16:00:00,0.913,13.158
2019-07-17 17:00:00,0.91,13.093
2019-07-17 18:00:00,0.892,12.726
2019-07-17 19:00:00,0.847,11.966
2019-07-17 20:00:00,0.797,11.301
2019-07-17 21:00:00,0.712,10.401
2019-07-17 22:00:00,0.573,9.243
2019-07-17 23:00:00,0.414,8.069
2019-07-18 00:00:00,0.289,7.092
2019-07-18 01:00:00,0.206,6.342
2019-07-18 02:00:00,0.153,5.771
2019-07-18 03:00:00,0.138,5.59
2019-07-18 04:00:00,0.151,5.754
2019-07-18 05:00:00,0.175,6.019
2019-07-18 06:00:00,0.206,6.339
2019-07-18 07:00:00,0.236,6.624
2019-07-18 08:00:00,0.259,6.832
2019-07-18 09:00:00,0.278,6.999
2019-07-18 10:00:00,0.295,7.135
2019-07-18 11:00:00,0.304,7.216
2019-07-18 12:00:00,0.305,7.228
2019-07-18 13:00:00,0.297,7.159
2019-07-18 14:00:00,0.301,7.186
2019-07-18 15:00:00,0.315,7.311
2019-07-18 16:00:00,0.34,7.502
2019-07-18 17:00:00,0.355,7.619
2019-07-18 18:00:00,0.367,7.714
2019-07-18 19:00:00,0.379,7.811
2019-07-18 20:00:00,0.403,7.984
2019-07-18 21:00:00,0.438,8.243
2019-07-18 22:00:00,0.476,8.524
2019-07-18 23:00:00,0.502,8.721
2019-07-19 00:00:00,0.529,8.913
2019-07-19 01:00:00,0.573,9.25
2019-07-19 02:00:00,0.623,9.64
2019-07-19 03:00:00,0.689,10.193
2019-07-19 04:00:00,0.752,10.8
2019-07-19 05:00:00,0.802,11.35
2019-07-19 06:00:00,0.82,11.589
2019-07-19 07:00:00,0.845,11.919
2019-07-19 08:00:00,0.845,11.917
2019-07-19 09:00:00,0.834,11.765
2019-07-19 10:00:00,0.815,11.513
2019-07-19 11:00:00,0.813,11.486
2019-07-19 12:00:00,0.779,11.082
2019-07-19 13:00:00,0.719,10.475
2019-07-19 14:00:00,0.633,9.725
2019-07-19 15:00:00,0.549,9.072
2019-07-19 16:00:00,0.48,8.556
2019-07-19 17:00:00,0.426,8.159
2019-07-19 18:00:00,0.386,7.858
2019-07-19 19:00:00,0.356,7.628
2019-07-19 20:00:00,0.333,7.444
2019-07-19 21:00:00,0.294,7.132
2019-07-19 22:00:00,0.254,6.792
2019-07-19 23:00:00,0.246,6.721
2019-07-20 00:00:00,0.256,6.805
2019-07-20 01:00:00,0.27,6.927
2019-07-20 02:00:00,0.287,7.072
2019-07-20 03:00:00,0.345,7.544
2019-07-20 04:00:00,0.426,8.159
2019-07-20 05:00:00,0.45,8.333
2019-07-20 06:00:00,0.425,8.148
2019-07-20 07:00:00,0.396,7.939
2019-07-20 08:00:00,0.385,7.845
2019-07-20 09:00:00,0.408,8.024
2019-07-20 10:00:00,0.397,7.944
2019-07-20 11:00:00,0.342,7.514
2019-07-20 12:00:00,0.29,7.096
2019-07-20 13:00:00,0.252,6.76
2019-07-20 14:00:00,0.259,6.826
2019-07-20 15:00:00,0.304,7.215
2019-07-20 16:00:00,0.401,7.97
2019-07-20 17:00:00,0.494,8.65
2019-07-20 18:00:00,0.541,9.005
2019-07-20 19:00:00,0.553,9.101
2019-07-20 20:00:00,0.55,9.078
2019-07-20 21:00:00,0.546,9.042
2019-07-20 22:00:00,0.545,9.029
2019-07-20 23:00:00,0.53,8.925
2019-07-21 00:00:00,0.512,8.792
2019-07-21 01:00:00,0.49,8.632
2019-07-21 02:00:00,0.47,8.482
2019-07-21 03:00:00,0.448,8.315
2019-07-21 04:00:00,0.434,8.216
2019-07-21 05:00:00,0.439,8.255
2019-07-21 06:00:00,0.465,8.441
2019-07-21 07:00:00,0.512,8.791
2019-07-21 08:00:00,0.58,9.302
2019-07-21 09:00:00,0.628,9.676
2019-07-21 10:00:00,0.647,9.839
2019-07-21 11:00:00,0.642,9.799
2019-07-21 12:00:00,0.636,9.745
2019-07-21 13:00:00,0.633,9.713
2019-07-21 14:00:00,0.589,9.378
2019-07-21 15:00:00,0.54,8.996
2019-07-21 16:00:00,0.546,9.044
2019-07-21 17:00:00,0.623,9.642
2019-07-21 18:00:00,0.704,10.325
2019-07-21 19:00:00,0.772,11.006
2019-07-21 20:00:00,0.83,11.716
2019-07-21 21:00:00,0.88,12.49
2019-07-21 22:00:00,0.923,13.416
2019-07-21 23:00:00,0.947,14.104
2019-07-22 00:00:00,0.961,14.652
2019-07-22 01:00:00,0.968,14.961
2019-07-22 02:00:00,0.958,14.515
2019-07-22 03:00:00,0.946,14.076
2019-07-22 04:00:00,0.916,13.23
2019-07-22 05:00:00,0.904,12.968
2019-07-22 06:00:00,0.904,12.963
2019-07-22 07:00:00,0.914,13.177
2019-07-22 08:00:00,0.919,13.31
2019-07-22 09:00:00,0.897,12.817
2019-07-22 10:00:00,0.864,12.215
2019-07-22 11:00:00,0.809,11.446
2019-07-22 12:00:00,0.745,10.728
2019-07-22 13:00:00,0.677,10.081
2019-07-22 14:00:00,0.569,9.222
2019-07-22 15:00:00,0.433,8.213
2019-07-22 16:00:00,0.32,7.343
2019-07-22 17:00:00,0.219,6.467
2019-07-22 18:00:00,0.12,5.364
2019-07-22 19:00:00,0.081,4.778
2019-07-22 20:00:00,0.083,4.811
2019-07-22 21:00:00,0.128,5.468
2019-07-22 22:00:00,0.21,6.371
2019-07-22 23:00:00,0.346,7.552
2019-07-23 00:00:00,0.498,8.687
2019-07-23 01:00:00,0.647,9.839
2019-07-23 02:00:00,0.76,10.869
2019-07-23 03:00:00,0.85,11.99
2019-07-23 04:00:00,0.918,13.295
2019-07-23 05:00:00,0.94,13.872
2019-07-23 06:00:00,0.925,13.472
2019-07-23 07:00:00,0.902,12.917
2019-07-23 08:00:00,0.899,12.866
2019-07-23 09:00:00,0.893,12.736
2019-07-23 10:00:00,0.885,12.587
2019-07-23 11:00:00,0.874,12.392
2019-07-23 12:00:00,0.875,12.4
2019-07-23 13:00:00,0.886,12.597
2019-07-23 14:00:00,0.862,12.195
2019-07-23 15:00:00,0.808,11.434
2019-07-23 16:00:00,0.763,10.899
2019-07-23 17:00:00,0.723,10.514
2019-07-23 18:00:00,0.689,10.199
2019-07-23 19:00:00,0.687,10.169
2019-07-23 20:00:00,0.664,9.978
2019-07-23 21:00:00,0.594,9.402
2019-07-23 22:00:00,0.537,8.981
2019-07-23 23:00:00,0.488,8.614
2019-07-24 00:00:00,0.485,8.596
2019-07-24 01:00:00,0.535,8.965
2019-07-24 02:00:00,0.584,9.334
2019-07-24 03:00:00,0.627,9.668
2019-07-24 04:00:00,0.669,10.026
2019-07-24 05:00:00,0.714,10.427
2019-07-24 06:00:00,0.764,10.926
2019-07-24 07:00:00,0.82,11.59
2019-07-24 08:00:00,0.817,11.54
2019-07-24 09:00:00,0.807,11.425
2019-07-24 10:00:00,0.835,11.783
2019-07-24 11:00:00,0.858,12.124
2019-07-24 12:00:00,0.864,12.213
2019-07-24 13:00:00,0.839,11.853
2019-07-24 14:00:00,0.845,11.918
2019-07-24 15:00:00,0.871,12.344
2019-07-24 16:00:00,0.856,12.107
2019-07-24 17:00:00,0.726,10.544
2019-07-24 18:00:00,0.547,9.046
2019-07-24 19:00:00,0.383,7.839
2019-07-24 20:00:00,0.274,6.961
2019-07-24 21:00:00,0.2,6.281
2019-07-24 22:00:00,0.17,5.957
2019-07-24 23:00:00,0.135,5.548
2019-07-25 00:00:00,0.112,5.257
2019-07-25 01:00:00,0.11,5.232
2019-07-25 02:00:00,0.119,5.354
2019-07-25 03:00:00,0.149,5.729
2019-07-25 04:00:00,0.215,6.426
2019-07-25 05:00:00,0.293,7.122
2019-07-25 06:00:00,0.327,7.393
2019-07-25 07:00:00,0.38,7.812
2019-07-25 08:00:00,0.446,8.298
2019-07-25 09:00:00,0.489,8.626
2019-07-25 10:00:00,0.502,8.708
2019-07-25 11:00:00,0.527,8.898
2019-07-25 12:00:00,0.587,9.356
2019-07-25 13:00:00,0.646,9.825
2019-07-25 14:00:00,0.695,10.254
2019-07-25 15:00:00,0.756,10.83
2019-07-25 16:00:00,0.793,11.248
2019-07-25 17:00:00,0.819,11.569
2019-07-25 18:00:00,0.851,12.021
2019-07-25 19:00:00,0.888,12.647
2019-07-25 20:00:00,0.924,13.426
2019-07-25 21:00:00,0.962,14.702
2019-07-25 22:00:00,0.98,15.773
2019-07-25 23:00:00,0.97,15.111
2019-07-26 00:00:00,0.965,14.851
2019-07-26 01:00:00,0.956,14.439
2019-07-26 02:00:00,0.944,14.008
2019-07-26 03:00:00,0.943,13.979
2019-07-26 04:00:00,0.937,13.78
2019-07-26 05:00:00,0.927,13.523
2019-07-26 06:00:00,0.915,13.217
2019-07-26 07:00:00,0.894,12.773
2019-07-26 08:00:00,0.86,12.162
2019-07-26 09:00:00,0.785,11.147
2019-07-26 10:00:00,0.678,10.096
2019-07-26 11:00:00,0.574,9.256
2019-07-26 12:00:00,0.504,8.732
2019-07-26 13:00:00,0.506,8.744
2019-07-26 14:00:00,0.552,9.092
2019-07-26 15:00:00,0.635,9.734
2019-07-26 16:00:00,0.695,10.248
2019-07-26 17:00:00,0.735,10.626
2019-07-26 18:00:00,0.775,11.043
2019-07-26 19:00:00,0.797,11.301
2019-07-26 20:00:00,0.8,11.329
2019-07-26 21:00:00,0.763,10.915
2019-07-26 22:00:00,0.717,10.46
2019-07-26 23:00:00,0.663,9.96
2019-07-27 00:00:00,0.553,9.101
2019-07-27 01:00:00,0.478,8.542
2019-07-27 02:00:00,0.499,8.695
2019-07-27 03:00:00,0.479,8.545
2019-07-27 04:00:00,0.479,8.544
2019-07-27 05:00:00,0.544,9.028
2019-07-27 06:00:00,0.613,9.561
2019-07-27 07:00:00,0.676,10.077
2019-07-27 08:00:00,0.722,10.497
2019-07-27 09:00:00,0.752,10.795
2019-07-27 10:00:00,0.781,11.11
2019-07-27 11:00:00,0.79,11.212
2019-07-27 12:00:00,0.786,11.173
2019-07-27 13:00:00,0.781,11.102
2019-07-27 14:00:00,0.769,10.979
2019-07-27 15:00:00,0.781,11.1
2019-07-27 16:00:00,0.769,10.979
2019-07-27 17:00:00,0.731,10.592
2019-07-27 18:00:00,0.716,10.449
2019-07-27 19:00:00,0.728,10.558
2019-07-27 20:00:00,0.751,10.786
2019-07-27 21:00:00,0.774,11.038
2019-07-27 22:00:00,0.801,11.33
2019-07-27 23:00:00,0.82,11.588
2019-07-28 00:00:00,0.818,11.564
2019-07-28 01:00:00,0.8,11.328
2019-07-28 02:00:00,0.773,11.024
2019-07-28 03:00:00,0.754,10.815
2019-07-28 04:00:00,0.742,10.7
2019-07-28 05:00:00,0.735,10.625
2019-07-28 06:00:00,0.722,10.489
2019-07-28 07:00:00,0.709,10.368
2019-07-28 08:00:00,0.705,10.342
2019-07-28 09:00:00,0.72,10.482
2019-07-28 10:00:00,0.736,10.634
2019-07-28 11:00:00,0.73,10.575
2019-07-28 12:00:00,0.7,10.3
2019-07-28 13:00:00,0.651,9.87
2019-07-28 14:00:00,0.596,9.418
2019-07-28 15:00:00,0.542,9.016
2019-07-28 16:00:00,0.488,8.619
2019-07-28 17:00:00,0.431,8.198
2019-07-28 18:00:00,0.374,7.765
2019-07-28 19:00:00,0.321,7.353
2019-07-28 20:00:00,0.274,6.957
2019-07-28 21:00:00,0.22,6.475
2019-07-28 22:00:00,0.166,5.921
2019-07-28 23:00:00,0.131,5.5
2019-07-29 00:00:00,0.114,5.279
2019-07-29 01:00:00,0.112,5.252
2019-07-29 02:00:00,0.125,5.424
2019-07-29 03:00:00,0.138,5.579
2019-07-29 04:00:00,0.132,5.519
2019-07-29 05:00:00,0.128,5.461
2019-07-29 06:00:00,0.138,5.588
2019-07-29 07:00:00,0.158,5.829
2019-07-29 08:00:00,0.206,6.343
2019-07-29 09:00:00,0.275,6.978
2019-07-29 10:00:00,0.349,7.572
2019-07-29 11:00:00,0.41,8.035
2019-07-29 12:00:00,0.448,8.318
2019-07-29 13:00:00,0.466,8.457
2019-07-29 14:00:00,0.475,8.51
2019-07-29 15:00:00,0.499,8.7
2019-07-29 16:00:00,0.548,9.061
2019-07-29 17:00:00,0.586,9.353
2019-07-29 18:00:00,0.605,9.492
2019-07-29 19:00:00,0.599,9.451
2019-07-29 20:00:00,0.581,9.315
2019-07-29 21:00:00,0.564,9.179
2019-07-29 22:00:00,0.537,8.979
2019-07-29 23:00:00,0.502,8.718
2019-07-30 00:00:00,0.466,8.453
2019-07-30 01:00:00,0.445,8.297
2019-07-30 02:00:00,0.438,8.246
2019-07-30 03:00:00,0.435,8.23
2019-07-30 04:00:00,0.448,8.317
2019-07-30 05:00:00,0.478,8.533
2019-07-30 06:00:00,0.514,8.81
2019-07-30 07:00:00,0.552,9.091
2019-07-30 08:00:00,0.565,9.184
2019-07-30 09:00:00,0.545,9.031
2019-07-30 10:00:00,0.504,8.733
2019-07-30 11:00:00,0.469,8.476
2019-07-30 12:00:00,0.442,8.274
2019-07-30 13:00:00,0.427,8.164
2019-07-30 14:00:00,0.405,8.004
2019-07-30 15:00:00,0.399,7.962
2019-07-30 16:00:00,0.395,7.931
2019-07-30 17:00:00,0.377,7.792
2019-07-30 18:00:00,0.351,7.586
2019-07-30 19:00:00,0.332,7.438
2019-07-30 20:00:00,0.315,7.307
2019-07-30 21:00:00,0.266,6.894
2019-07-30 22:00:00,0.194,6.215
2019-07-30 23:00:00,0.138,5.586
2019-07-31 00:00:00,0.109,5.205
2019-07-31 01:00:00,0.1,5.082
2019-07-31 02:00:00,0.101,5.1
2019-07-31 03:00:00,0.105,5.159
2019-07-31 04:00:00,0.101,5.1
2019-07-31 05:00:00,0.087,4.881
2019-07-31 06:00:00,0.071,4.606
2019-07-31 07:00:00,0.06,4.395
2019-07-31 08:00:00,0.053,4.261
2019-07-31 09:00:00,0.05,4.187
2019-07-31 10:00:00,0.051,4.216
2019-07-31 11:00:00,0.048,4.162
2019-07-31 12:00:00,0.037,3.882
2019-07-31 13:00:00,0.024,3.516
2019-07-31 14:00:00,0.018,3.276
2019-07-31 15:00:00,0.015,3.132
2019-07-31 16:00:00,0.012,2.994
2019-07-31 17:00:00,0.012,2.972
2019-07-31 18:00:00,0.012,3.022
2019-07-31 19:00:00,0.013,3.057
2019-07-31 20:00:00,0.014,3.096
2019-07-31 21:00:00,0.018,3.275
2019-07-31 22:00:00,0.029,3.652
2019-07-31 23:00:00,0.048,4.137
2019-08-01 00:00:00,0.074,4.667
2019-08-01 01:00:00,0.1,5.077
2019-08-01 02:00:00,0.12,5.359
2019-08-01 03:00:00,0.128,5.465
2019-08-01 04:00:00,0.121,5.377
2019-08-01 05:00:00,0.106,5.168
2019-08-01 06:00:00,0.09,4.931
2019-08-01 07:00:00,0.073,4.647
2019-08-01 08:00:00,0.059,4.376
2019-08-01 09:00:00,0.055,4.308
2019-08-01 10:00:00,0.064,4.486
2019-08-01 11:00:00,0.079,4.756
2019-08-01 12:00:00,0.095,5.011
2019-08-01 13:00:00,0.112,5.257
2019-08-01 14:00:00,0.13,5.497
2019-08-01 15:00:00,0.144,5.667
2019-08-01 16:00:00,0.151,5.75
2019-08-01 17:00:00,0.148,5.717
2019-08-01 18:00:00,0.137,5.57
2019-08-01 19:00:00,0.117,5.308
2019-08-01 20:00:00,0.092,4.961
2019-08-01 21:00:00,0.075,4.686
2019-08-01 22:00:00,0.074,4.671
2019-08-01 23:00:00,0.085,4.845
2019-08-02 00:00:00,0.1,5.075
2019-08-02 01:00:00,0.11,5.225
2019-08-02 02:00:00,0.114,5.276
2019-08-02 03:00:00,0.111,5.239
2019-08-02 04:00:00,0.104,5.137
2019-08-02 05:00:00,0.099,5.055
2019-08-02 06:00:00,0.096,5.016
2019-08-02 07:00:00,0.091,4.951
2019-08-02 08:00:00,0.087,4.889
2019-08-02 09:00:00,0.09,4.927
2019-08-02 10:00:00,0.098,5.043
2019-08-02 11:00:00,0.112,5.25
2019-08-02 12:00:00,0.129,5.476
2019-08-02 13:00:00,0.141,5.635
2019-08-02 14:00:00,0.146,5.687
2019-08-02 15:00:00,0.143,5.659
2019-08-02 16:00:00,0.139,5.61
2019-08-02 17:00:00,0.133,5.527
2019-08-02 18:00:00,0.123,5.406
2019-08-02 19:00:00,0.115,5.282
2019-08-02 20:00:00,0.103,5.129
2019-08-02 21:00:00,0.092,4.968
2019-08-02 22:00:00,0.085,4.859
2019-08-02 23:00:00,0.082,4.793
2019-08-03 00:00:00,0.08,4.772
2019-08-03 01:00:00,0.083,4.802
2019-08-03 02:00:00,0.088,4.894
2019-08-03 03:00:00,0.09,4.931
2019-08-03 04:00:00,0.09,4.931
2019-08-03 05:00:00,0.091,4.952
2019-08-03 06:00:00,0.089,4.911
2019-08-03 07:00:00,0.081,4.777
2019-08-03 08:00:00,0.074,4.651
2019-08-03 09:00:00,0.07,4.588
2019-08-03 10:00:00,0.071,4.612
2019-08-03 11:00:00,0.074,4.67
2019-08-03 12:00:00,0.073,4.644
2019-08-03 13:00:00,0.068,4.563
2019-08-03 14:00:00,0.065,4.5
2019-08-03 15:00:00,0.07,4.599
2019-08-03 16:00:00,0.084,4.829
2019-08-03 17:00:00,0.102,5.112
2019-08-03 18:00:00,0.124,5.411
2019-08-03 19:00:00,0.148,5.71
2019-08-03 20:00:00,0.173,5.998
2019-08-03 21:00:00,0.186,6.141
2019-08-03 22:00:00,0.187,6.147
2019-08-03 23:00:00,0.179,6.056
2019-08-04 00:00:00,0.167,5.935
2019-08-04 01:00:00,0.159,5.846
2019-08-04 02:00:00,0.156,5.798
2019-08-04 03:00:00,0.144,5.668
2019-08-04 04:00:00,0.13,5.491
2019-08-04 05:00:00,0.126,5.442
2019-08-04 06:00:00,0.142,5.644
2019-08-04 07:00:00,0.177,6.034
2019-08-04 08:00:00,0.217,6.45
2019-08-04 09:00:00,0.246,6.712
2019-08-04 10:00:00,0.25,6.745
2019-08-04 11:00:00,0.234,6.606
2019-08-04 12:00:00,0.211,6.394
2019-08-04 13:00:00,0.187,6.146
2019-08-04 14:00:00,0.167,5.928
2019-08-04 15:00:00,0.158,5.827
2019-08-04 16:00:00,0.161,5.867
2019-08-04 17:00:00,0.171,5.965
2019-08-04 18:00:00,0.181,6.08
2019-08-04 19:00:00,0.196,6.232
2019-08-04 20:00:00,0.215,6.428
2019-08-04 21:00:00,0.228,6.556
2019-08-04 22:00:00,0.238,6.642
2019-08-04 23:00:00,0.238,6.644
2019-08-05 00:00:00,0.233,6.595
2019-08-05 01:00:00,0.229,6.561
2019-08-05 02:00:00,0.239,6.659
2019-08-05 03:00:00,0.274,6.969
2019-08-05 04:00:00,0.326,7.389
2019-08-05 05:00:00,0.386,7.859
2019-08-05 06:00:00,0.446,8.309
2019-08-05 07:00:00,0.502,8.714
2019-08-05 08:00:00,0.557,9.133
2019-08-05 09:00:00,0.611,9.544
2019-08-05 10:00:00,0.656,9.903
2019-08-05 11:00:00,0.678,10.096
2019-08-05 12:00:00,0.692,10.223
2019-08-05 13:00:00,0.709,10.378
2019-08-05 14:00:00,0.733,10.609
2019-08-05 15:00:00,0.737,10.645
2019-08-05 16:00:00,0.73,10.573
2019-08-05 17:00:00,0.711,10.394
2019-08-05 18:00:00,0.697,10.268
2019-08-05 19:00:00,0.679,10.107
2019-08-05 20:00:00,0.647,9.832
2019-08-05 21:00:00,0.605,9.494
2019-08-05 22:00:00,0.569,9.22
2019-08-05 23:00:00,0.534,8.959
2019-08-06 00:00:00,0.51,8.774
2019-08-06 01:00:00,0.513,8.796
2019-08-06 02:00:00,0.521,8.859
2019-08-06 03:00:00,0.533,8.952
2019-08-06 04:00:00,0.561,9.151
2019-08-06 05:00:00,0.585,9.342
2019-08-06 06:00:00,0.603,9.481
2019-08-06 07:00:00,0.633,9.719
2019-08-06 08:00:00,0.633,9.711
2019-08-06 09:00:00,0.62,9.618
2019-08-06 10:00:00,0.615,9.574
2019-08-06 11:00:00,0.621,9.626
2019-08-06 12:00:00,0.626,9.663
2019-08-06 13:00:00,0.641,9.785
2019-08-06 14:00:00,0.658,9.923
2019-08-06 15:00:00,0.669,10.026
2019-08-06 16:00:00,0.679,10.115
2019-08-06 17:00:00,0.689,10.188
2019-08-06 18:00:00,0.713,10.416
2019-08-06 19:00:00,0.726,10.539
2019-08-06 20:00:00,0.718,10.468
2019-08-06 21:00:00,0.72,10.479
2019-08-06 22:00:00,0.714,10.427
2019-08-06 23:00:00,0.728,10.561
2019-08-07 00:00:00,0.758,10.851
2019-08-07 01:00:00,0.789,11.199
2019-08-07 02:00:00,0.806,11.397
2019-08-07 03:00:00,0.82,11.58
2019-08-07 04:00:00,0.835,11.776
2019-08-07 05:00:00,0.84,11.857
2019-08-07 06:00:00,0.846,11.94
2019-08-07 07:00:00,0.853,12.046
2019-08-07 08:00:00,0.858,12.137
2019-08-07 09:00:00,0.868,12.294
2019-08-07 10:00:00,0.88,12.49
2019-08-07 11:00:00,0.884,12.571
2019-08-07 12:00:00,0.886,12.61
2019-08-07 13:00:00,0.889,12.659
2019-08-07 14:00:00,0.892,12.721
2019-08-07 15:00:00,0.89,12.692
2019-08-07 16:00:00,0.886,12.595
2019-08-07 17:00:00,0.874,12.393
2019-08-07 18:00:00,0.86,12.16
2019-08-07 19:00:00,0.845,11.927
2019-08-07 20:00:00,0.823,11.631
2019-08-07 21:00:00,0.795,11.263
2019-08-07 22:00:00,0.774,11.037
2019-08-07 23:00:00,0.771,11.001
2019-08-08 00:00:00,0.773,11.015
2019-08-08 01:00:00,0.781,11.105
2019-08-08 02:00:00,0.776,11.053
2019-08-08 03:00:00,0.78,11.096
2019-08-08 04:00:00,0.78,11.097
2019-08-08 05:00:00,0.773,11.023
2019-08-08 06:00:00,0.766,10.945
2019-08-08 07:00:00,0.753,10.814
2019-08-08 08:00:00,0.727,10.551
2019-08-08 09:00:00,0.681,10.126
2019-08-08 10:00:00,0.613,9.562
2019-08-08 11:00:00,0.542,9.016
2019-08-08 12:00:00,0.481,8.561
2019-08-08 13:00:00,0.429,8.177
2019-08-08 14:00:00,0.383,7.84
2019-08-08 15:00:00,0.343,7.524
2019-08-08 16:00:00,0.297,7.155
2019-08-08 17:00:00,0.249,6.733
2019-08-08 18:00:00,0.214,6.412
2019-08-08 19:00:00,0.202,6.302
2019-08-08 20:00:00,0.186,6.141
2019-08-08 21:00:00,0.177,6.03
2019-08-08 22:00:00,0.183,6.104
2019-08-08 23:00:00,0.162,5.878
2019-08-09 00:00:00,0.125,5.427
2019-08-09 01:00:00,0.122,5.385
2019-08-09 02:00:00,0.186,6.137
2019-08-09 03:00:00,0.307,7.235
2019-08-09 04:00:00,0.419,8.109
2019-08-09 05:00:00,0.519,8.847
2019-08-09 06:00:00,0.599,9.449
2019-08-09 07:00:00,0.638,9.767
2019-08-09 08:00:00,0.684,10.145
2019-08-09 09:00:00,0.734,10.616
2019-08-09 10:00:00,0.749,10.773
2019-08-09 11:00:00,0.735,10.627
2019-08-09 12:00:00,0.733,10.604
2019-08-09 13:00:00,0.768,10.97
2019-08-09 14:00:00,0.826,11.657
2019-08-09 15:00:00,0.867,12.277
2019-08-09 16:00:00,0.894,12.757
2019-08-09 17:00:00,0.908,13.057
2019-08-09 18:00:00,0.916,13.234
2019-08-09 19:00:00,0.923,13.397
2019-08-09 20:00:00,0.931,13.631
2019-08-09 21:00:00,0.938,13.81
2019-08-09 22:00:00,0.937,13.796
2019-08-09 23:00:00,0.937,13.784
2019-08-10 00:00:00,0.935,13.749
2019-08-10 01:00:00,0.933,13.664
2019-08-10 02:00:00,0.931,13.624
2019-08-10 03:00:00,0.941,13.931
2019-08-10 04:00:00,0.95,14.237
2019-08-10 05:00:00,0.953,14.328
2019-08-10 06:00:00,0.953,14.321
2019-08-10 07:00:00,0.946,14.061
2019-08-10 08:00:00,0.935,13.724
2019-08-10 09:00:00,0.929,13.573
2019-08-10 10:00:00,0.901,12.895
2019-08-10 11:00:00,0.879,12.477
2019-08-10 12:00:00,0.88,12.5
2019-08-10 13:00:00,0.886,12.6
2019-08-10 14:00:00,0.904,12.968
2019-08-10 15:00:00,0.933,13.682
2019-08-10 16:00:00,0.961,14.659
2019-08-10 17:00:00,0.98,15.745
2019-08-10 18:00:00,0.988,16.777
2019-08-10 19:00:00,0.989,17.337
2019-08-10 20:00:00,0.989,17.482
2019-08-10 21:00:00,0.989,17.532
2019-08-10 22:00:00,0.989,17.621
2019-08-10 23:00:00,0.989,17.59
2019-08-11 00:00:00,0.989,17.368
2019-08-11 01:00:00,0.989,16.985
2019-08-11 02:00:00,0.987,16.616
2019-08-11 03:00:00,0.985,16.226
2019-08-11 04:00:00,0.98,15.805
2019-08-11 05:00:00,0.975,15.4
2019-08-11 06:00:00,0.968,14.991
2019-08-11 07:00:00,0.958,14.515
2019-08-11 08:00:00,0.946,14.069
2019-08-11 09:00:00,0.931,13.624
2019-08-11 10:00:00,0.909,13.072
2019-08-11 11:00:00,0.878,12.456
2019-08-11 12:00:00,0.838,11.83
2019-08-11 13:00:00,0.787,11.181
2019-08-11 14:00:00,0.726,10.537
2019-08-11 15:00:00,0.665,9.993
2019-08-11 16:00:00,0.617,9.596
2019-08-11 17:00:00,0.577,9.284
2019-08-11 18:00:00,0.545,9.038
2019-08-11 19:00:00,0.502,8.718
2019-08-11 20:00:00,0.447,8.313
2019-08-11 21:00:00,0.4,7.966
2019-08-11 22:00:00,0.365,7.703
2019-08-11 23:00:00,0.333,7.451
2019-08-12 00:00:00,0.302,7.199
2019-08-12 01:00:00,0.28,7.012
2019-08-12 02:00:00,0.262,6.852
2019-08-12 03:00:00,0.232,6.592
2019-08-12 04:00:00,0.197,6.242
2019-08-12 05:00:00,0.155,5.79
2019-08-12 06:00:00,0.113,5.271
2019-08-12 07:00:00,0.083,4.809
2019-08-12 08:00:00,0.065,4.494
2019-08-12 09:00:00,0.064,4.479
2019-08-12 10:00:00,0.069,4.581
2019-08-12 11:00:00,0.075,4.683
2019-08-12 12:00:00,0.083,4.826
2019-08-12 13:00:00,0.097,5.029
2019-08-12 14:00:00,0.113,5.27
2019-08-12 15:00:00,0.132,5.516
2019-08-12 16:00:00,0.15,5.735
2019-08-12 17:00:00,0.171,5.962
2019-08-12 18:00:00,0.193,6.207
2019-08-12 19:00:00,0.215,6.427
2019-08-12 20:00:00,0.235,6.617
2019-08-12 21:00:00,0.238,6.647
2019-08-12 22:00:00,0.22,6.476
2019-08-12 23:00:00,0.193,6.205
2019-08-13 00:00:00,0.162,5.871
2019-08-13 01:00:00,0.14,5.618
2019-08-13 02:00:00,0.13,5.49
2019-08-13 03:00:00,0.127,5.445
2019-08-13 04:00:00,0.124,5.418
2019-08-13 05:00:00,0.122,5.393
2019-08-13 06:00:00,0.127,5.447
2019-08-13 07:00:00,0.137,5.572
2019-08-13 08:00:00,0.152,5.759
2019-08-13 09:00:00,0.164,5.896
2019-08-13 10:00:00,0.173,5.994
2019-08-13 11:00:00,0.182,6.094
2019-08-13 12:00:00,0.203,6.315
2019-08-13 13:00:00,0.236,6.623
2019-08-13 14:00:00,0.27,6.929
2019-08-13 15:00:00,0.289,7.086
2019-08-13 16:00:00,0.299,7.17
2019-08-13 17:00:00,0.315,7.311
2019-08-13 18:00:00,0.333,7.447
2019-08-13 19:00:00,0.34,7.502
2019-08-13 20:00:00,0.344,7.537
2019-08-13 21:00:00,0.346,7.551
2019-08-13 22:00:00,0.357,7.634
2019-08-13 23:00:00,0.379,7.807
2019-08-14 00:00:00,0.399,7.961
2019-08-14 01:00:00,0.422,8.127
2019-08-14 02:00:00,0.446,8.311
2019-08-14 03:00:00,0.473,8.502
2019-08-14 04:00:00,0.49,8.629
2019-08-14 05:00:00,0.496,8.667
2019-08-14 06:00:00,0.501,8.705
2019-08-14 07:00:00,0.506,8.744
2019-08-14 08:00:00,0.489,8.626
2019-08-14 09:00:00,0.46,8.408
2019-08-14 10:00:00,0.419,8.109
2019-08-14 11:00:00,0.382,7.824
2019-08-14 12:00:00,0.351,7.586
2019-08-14 13:00:00,0.321,7.352
2019-08-14 14:00:00,0.284,7.055
2019-08-14 15:00:00,0.238,6.649
2019-08-14 16:00:00,0.196,6.235
2019-08-14 17:00:00,0.163,5.885
2019-08-14 18:00:00,0.16,5.849
2019-08-14 19:00:00,0.184,6.113
2019-08-14 20:00:00,0.243,6.685
2019-08-14 21:00:00,0.3,7.183
2019-08-14 22:00:00,0.328,7.403
2019-08-14 23:00:00,0.327,7.394
2019-08-15 00:00:00,0.315,7.304
2019-08-15 01:00:00,0.339,7.495
2019-08-15 02:00:00,0.367,7.714
2019-08-15 03:00:00,0.344,7.528
2019-08-15 04:00:00,0.277,6.987
2019-08-15 05:00:00,0.213,6.407
2019-08-15 06:00:00,0.201,6.288
2019-08-15 07:00:00,0.327,7.398
2019-08-15 08:00:00,0.571,9.234
2019-08-15 09:00:00,0.775,11.041
2019-08-15 10:00:00,0.885,12.595
2019-08-15 11:00:00,0.914,13.196
2019-08-15 12:00:00,0.915,13.207
2019-08-15 13:00:00,0.915,13.207
2019-08-15 14:00:00,0.927,13.512
2019-08-15 15:00:00,0.914,13.176
2019-08-15 16:00:00,0.878,12.463
2019-08-15 17:00:00,0.833,11.758
2019-08-15 18:00:00,0.758,10.863
2019-08-15 19:00:00,0.663,9.969
2019-08-15 20:00:00,0.512,8.793
2019-08-15 21:00:00,0.389,7.88
2019-08-15 22:00:00,0.292,7.113
2019-08-15 23:00:00,0.227,6.543
2019-08-16 00:00:00,0.254,6.793
2019-08-16 01:00:00,0.392,7.903
2019-08-16 02:00:00,0.608,9.511
2019-08-16 03:00:00,0.791,11.223
2019-08-16 04:00:00,0.882,12.532
2019-08-16 05:00:00,0.904,12.972
2019-08-16 06:00:00,0.895,12.784
2019-08-16 07:00:00,0.889,12.654
2019-08-16 08:00:00,0.895,12.778
2019-08-16 09:00:00,0.904,12.976
2019-08-16 10:00:00,0.922,13.378
2019-08-16 11:00:00,0.928,13.528
2019-08-16 12:00:00,0.95,14.209
2019-08-16 13:00:00,0.961,14.661
2019-08-16 14:00:00,0.976,15.439
2019-08-16 15:00:00,0.977,15.545
2019-08-16 16:00:00,0.961,14.667
2019-08-16 17:00:00,0.944,14.016
2019-08-16 18:00:00,0.902,12.919
2019-08-16 19:00:00,0.841,11.868
2019-08-16 20:00:00,0.773,11.022
2019-08-16 21:00:00,0.72,10.481
2019-08-16 22:00:00,0.687,10.176
2019-08-16 23:00:00,0.664,9.983
2019-08-17 00:00:00,0.599,9.45
2019-08-17 01:00:00,0.539,8.986
2019-08-17 02:00:00,0.511,8.786
2019-08-17 03:00:00,0.487,8.613
2019-08-17 04:00:00,0.462,8.417
2019-08-17 05:00:00,0.426,8.149
2019-08-17 06:00:00,0.396,7.936
2019-08-17 07:00:00,0.381,7.822
2019-08-17 08:00:00,0.368,7.727
2019-08-17 09:00:00,0.374,7.76
2019-08-17 10:00:00,0.388,7.875
2019-08-17 11:00:00,0.407,8.017
2019-08-17 12:00:00,0.44,8.257
2019-08-17 13:00:00,0.472,8.496
2019-08-17 14:00:00,0.498,8.684
2019-08-17 15:00:00,0.524,8.881
2019-08-17 16:00:00,0.557,9.126
2019-08-17 17:00:00,0.599,9.448
2019-08-17 18:00:00,0.641,9.786
2019-08-17 19:00:00,0.692,10.224
2019-08-17 20:00:00,0.77,10.983
2019-08-17 21:00:00,0.82,11.588
2019-08-17 22:00:00,0.84,11.857
2019-08-17 23:00:00,0.87,12.327
2019-08-18 00:00:00,0.867,12.272
2019-08-18 01:00:00,0.857,12.118
2019-08-18 02:00:00,0.836,11.803
2019-08-18 03:00:00,0.79,11.21
2019-08-18 04:00:00,0.725,10.535
2019-08-18 05:00:00,0.653,9.887
2019-08-18 06:00:00,0.608,9.518
2019-08-18 07:00:00,0.608,9.52
2019-08-18 08:00:00,0.606,9.503
2019-08-18 09:00:00,0.58,9.306
2019-08-18 10:00:00,0.523,8.878
2019-08-18 11:00:00,0.453,8.361
2019-08-18 12:00:00,0.378,7.798
2019-08-18 13:00:00,0.293,7.122
2019-08-18 14:00:00,0.204,6.319
2019-08-18 15:00:00,0.134,5.539
2019-08-18 16:00:00,0.092,4.959
2019-08-18 17:00:00,0.079,4.748
2019-08-18 18:00:00,0.103,5.124
2019-08-18 19:00:00,0.167,5.935
2019-08-18 20:00:00,0.249,6.734
2019-08-18 21:00:00,0.317,7.323
2019-08-18 22:00:00,0.374,7.769
2019-08-18 23:00:00,0.405,8.001
2019-08-19 00:00:00,0.414,8.068
2019-08-19 01:00:00,0.411,8.045
2019-08-19 02:00:00,0.397,7.946
2019-08-19 03:00:00,0.368,7.722
2019-08-19 04:00:00,0.342,7.52
2019-08-19 05:00:00,0.335,7.464
2019-08-19 06:00:00,0.339,7.493
2019-08-19 07:00:00,0.346,7.552
2019-08-19 08:00:00,0.353,7.608
2019-08-19 09:00:00,0.36,7.652
2019-08-19 10:00:00,0.371,7.744
2019-08-19 11:00:00,0.407,8.021
2019-08-19 12:00:00,0.45,8.333
2019-08-19 13:00:00,0.49,8.631
2019-08-19 14:00:00,0.527,8.897
2019-08-19 15:00:00,0.55,9.081
2019-08-19 16:00:00,0.588,9.366
2019-08-19 17:00:00,0.652,9.881
2019-08-19 18:00:00,0.729,10.567
2019-08-19 19:00:00,0.785,11.16
2019-08-19 20:00:00,0.822,11.604
2019-08-19 21:00:00,0.839,11.851
2019-08-19 22:00:00,0.85,11.993
2019-08-19 23:00:00,0.855,12.083
2019-08-20 00:00:00,0.856,12.105
2019-08-20 01:00:00,0.857,12.108
2019-08-20 02:00:00,0.854,12.064
2019-08-20 03:00:00,0.85,11.998
2019-08-20 04:00:00,0.85,12.004
2019-08-20 05:00:00,0.847,11.958
2019-08-20 06:00:00,0.835,11.78
2019-08-20 07:00:00,0.818,11.556
2019-08-20 08:00:00,0.799,11.32
2019-08-20 09:00:00,0.765,10.94
2019-08-20 10:00:00,0.719,10.478
2019-08-20 11:00:00,0.675,10.072
2019-08-20 12:00:00,0.628,9.672
2019-08-20 13:00:00,0.566,9.191
2019-08-20 14:00:00,0.48,8.55
2019-08-20 15:00:00,0.391,7.895
2019-08-20 16:00:00,0.31,7.268
2019-08-20 17:00:00,0.232,6.585
2019-08-20 18:00:00,0.161,5.869
2019-08-20 19:00:00,0.109,5.21
2019-08-20 20:00:00,0.084,4.83
2019-08-20 21:00:00,0.084,4.841
2019-08-20 22:00:00,0.109,5.217
2019-08-20 23:00:00,0.166,5.923
2019-08-21 00:00:00,0.256,6.811
2019-08-21 01:00:00,0.367,7.715
2019-08-21 02:00:00,0.48,8.549
2019-08-21 03:00:00,0.599,9.443
2019-08-21 04:00:00,0.685,10.163
2019-08-21 05:00:00,0.736,10.64
2019-08-21 06:00:00,0.789,11.203
2019-08-21 07:00:00,0.817,11.551
2019-08-21 08:00:00,0.82,11.579
2019-08-21 09:00:00,0.807,11.424
2019-08-21 10:00:00,0.768,10.965
2019-08-21 11:00:00,0.743,10.709
2019-08-21 12:00:00,0.749,10.76
2019-08-21 13:00:00,0.773,11.014
2019-08-21 14:00:00,0.791,11.223
2019-08-21 15:00:00,0.82,11.589
2019-08-21 16:00:00,0.869,12.303
2019-08-21 17:00:00,0.895,12.777
2019-08-21 18:00:00,0.898,12.829
2019-08-21 19:00:00,0.89,12.679
2019-08-21 20:00:00,0.878,12.461
2019-08-21 21:00:00,0.817,11.543
2019-08-21 22:00:00,0.729,10.572
2019-08-21 23:00:00,0.689,10.201
2019-08-22 00:00:00,0.647,9.834
2019-08-22 01:00:00,0.612,9.552
2019-08-22 02:00:00,0.626,9.663
2019-08-22 03:00:00,0.674,10.066
2019-08-22 04:00:00,0.74,10.682
2019-08-22 05:00:00,0.76,10.878
2019-08-22 06:00:00,0.776,11.061
2019-08-22 07:00:00,0.783,11.127
2019-08-22 08:00:00,0.789,11.203
2019-08-22 09:00:00,0.808,11.436
2019-08-22 10:00:00,0.838,11.826
2019-08-22 11:00:00,0.859,12.144
2019-08-22 12:00:00,0.883,12.553
2019-08-22 13:00:00,0.931,13.611
2019-08-22 14:00:00,0.948,14.134
2019-08-22 15:00:00,0.953,14.327
2019-08-22 16:00:00,0.95,14.218
2019-08-22 17:00:00,0.941,13.915
2019-08-22 18:00:00,0.892,12.728
2019-08-22 19:00:00,0.848,11.971
2019-08-22 20:00:00,0.818,11.553
2019-08-22 21:00:00,0.838,11.833
2019-08-22 22:00:00,0.864,12.211
2019-08-22 23:00:00,0.853,12.056
2019-08-23 00:00:00,0.806,11.405
2019-08-23 01:00:00,0.801,11.338
2019-08-23 02:00:00,0.786,11.164
2019-08-23 03:00:00,0.76,10.872
2019-08-23 04:00:00,0.698,10.277
2019-08-23 05:00:00,0.608,9.522
2019-08-23 06:00:00,0.511,8.788
2019-08-23 07:00:00,0.45,8.333
2019-08-23 08:00:00,0.285,7.059
2019-08-23 09:00:00,0.19,6.169
2019-08-23 10:00:00,0.191,6.185
2019-08-23 11:00:00,0.327,7.397
2019-08-23 12:00:00,0.53,8.921
2019-08-23 13:00:00,0.672,10.046
2019-08-23 14:00:00,0.799,11.322
2019-08-23 15:00:00,0.867,12.275
2019-08-23 16:00:00,0.901,12.905
2019-08-23 17:00:00,0.905,12.993
2019-08-23 18:00:00,0.922,13.372
2019-08-23 19:00:00,0.909,13.076
2019-08-23 20:00:00,0.884,12.568
2019-08-23 21:00:00,0.872,12.359
2019-08-23 22:00:00,0.875,12.41
2019-08-23 23:00:00,0.872,12.348
2019-08-24 00:00:00,0.872,12.359
2019-08-24 01:00:00,0.886,12.608
2019-08-24 02:00:00,0.885,12.595
2019-08-24 03:00:00,0.886,12.603
2019-08-24 04:00:00,0.85,11.99
2019-08-24 05:00:00,0.835,11.776
2019-08-24 06:00:00,0.857,12.108
2019-08-24 07:00:00,0.873,12.373
2019-08-24 08:00:00,0.89,12.684
2019-08-24 09:00:00,0.919,13.303
2019-08-24 10:00:00,0.859,12.144
2019-08-24 11:00:00,0.84,11.862
2019-08-24 12:00:00,0.874,12.387
2019-08-24 13:00:00,0.899,12.848
2019-08-24 14:00:00,0.904,12.975
2019-08-24 15:00:00,0.899,12.85
2019-08-24 16:00:00,0.89,12.685
2019-08-24 17:00:00,0.855,12.078
2019-08-24 18:00:00,0.848,11.981
2019-08-24 19:00:00,0.832,11.737
2019-08-24 20:00:00,0.835,11.783
2019-08-24 21:00:00,0.822,11.599
2019-08-24 22:00:00,0.81,11.452
2019-08-24 23:00:00,0.763,10.902
2019-08-25 00:00:00,0.658,9.925
2019-08-25 01:00:00,0.531,8.938
2019-08-25 02:00:00,0.378,7.802
2019-08-25 03:00:00,0.242,6.679
2019-08-25 04:00:00,0.146,5.693
2019-08-25 05:00:00,0.083,4.826
2019-08-25 06:00:00,0.042,4.005
2019-08-25 07:00:00,0.015,3.139
2019-08-25 08:00:00,0.018,3.275
2019-08-25 09:00:00,0.049,4.171
2019-08-25 10:00:00,0.125,5.432
2019-08-25 11:00:00,0.201,6.295
2019-08-25 12:00:00,0.257,6.817
2019-08-25 13:00:00,0.27,6.921
2019-08-25 14:00:00,0.289,7.094
2019-08-25 15:00:00,0.365,7.697
2019-08-25 16:00:00,0.39,7.891
2019-08-25 17:00:00,0.374,7.759
2019-08-25 18:00:00,0.362,7.675
2019-08-25 19:00:00,0.401,7.976
2019-08-25 20:00:00,0.484,8.576
2019-08-25 21:00:00,0.549,9.066
2019-08-25 22:00:00,0.568,9.215
2019-08-25 23:00:00,0.573,9.251
2019-08-26 00:00:00,0.589,9.377
2019-08-26 01:00:00,0.576,9.277
2019-08-26 02:00:00,0.574,9.256
2019-08-26 03:00:00,0.616,9.589
2019-08-26 04:00:00,0.673,10.06
2019-08-26 05:00:00,0.728,10.56
2019-08-26 06:00:00,0.779,11.086
2019-08-26 07:00:00,0.817,11.534
2019-08-26 08:00:00,0.839,11.852
2019-08-26 09:00:00,0.841,11.877
2019-08-26 10:00:00,0.837,11.82
2019-08-26 11:00:00,0.865,12.244
2019-08-26 12:00:00,0.877,12.442
2019-08-26 13:00:00,0.851,12.008
2019-08-26 14:00:00,0.825,11.648
2019-08-26 15:00:00,0.779,11.078
2019-08-26 16:00:00,0.675,10.071
2019-08-26 17:00:00,0.594,9.406
2019-08-26 18:00:00,0.489,8.622
2019-08-26 19:00:00,0.351,7.582
2019-08-26 20:00:00,0.254,6.791
2019-08-26 21:00:00,0.169,5.95
2019-08-26 22:00:00,0.126,5.436
2019-08-26 23:00:00,0.126,5.436
2019-08-27 00:00:00,0.126,5.444
2019-08-27 01:00:00,0.104,5.145
2019-08-27 02:00:00,0.073,4.642
2019-08-27 03:00:00,0.051,4.227
2019-08-27 04:00:00,0.041,3.973
2019-08-27 05:00:00,0.033,3.771
2019-08-27 06:00:00,0.025,3.534
2019-08-27 07:00:00,0.021,3.369
2019-08-27 08:00:00,0.019,3.311
2019-08-27 09:00:00,0.017,3.24
2019-08-27 10:00:00,0.014,3.114
2019-08-27 11:00:00,0.014,3.089
2019-08-27 12:00:00,0.017,3.211
2019-08-27 13:00:00,0.019,3.301
2019-08-27 14:00:00,0.021,3.397
2019-08-27 15:00:00,0.031,3.72
2019-08-27 16:00:00,0.051,4.225
2019-08-27 17:00:00,0.083,4.826
2019-08-27 18:00:00,0.127,5.447
2019-08-27 19:00:00,0.188,6.156
2019-08-27 20:00:00,0.278,6.999
2019-08-27 21:00:00,0.418,8.094
2019-08-27 22:00:00,0.547,9.047
2019-08-27 23:00:00,0.601,9.458
2019-08-28 00:00:00,0.633,9.721
2019-08-28 01:00:00,0.688,10.183
2019-08-28 02:00:00,0.716,10.438
2019-08-28 03:00:00,0.73,10.576
2019-08-28 04:00:00,0.746,10.733
2019-08-28 05:00:00,0.747,10.75
2019-08-28 06:00:00,0.712,10.403
2019-08-28 07:00:00,0.704,10.325
2019-08-28 08:00:00,0.738,10.648
2019-08-28 09:00:00,0.753,10.815
2019-08-28 10:00:00,0.753,10.814
2019-08-28 11:00:00,0.739,10.667
2019-08-28 12:00:00,0.709,10.372
2019-08-28 13:00:00,0.646,9.825
2019-08-28 14:00:00,0.54,9.0
2019-08-28 15:00:00,0.452,8.344
2019-08-28 16:00:00,0.45,8.326
2019-08-28 17:00:00,0.557,9.131
2019-08-28 18:00:00,0.695,10.251
2019-08-28 19:00:00,0.77,10.982
2019-08-28 20:00:00,0.796,11.278
2019-08-28 21:00:00,0.756,10.836
2019-08-28 22:00:00,0.599,9.449
2019-08-28 23:00:00,0.362,7.667
2019-08-29 00:00:00,0.179,6.061
2019-08-29 01:00:00,0.128,5.455
2019-08-29 02:00:00,0.172,5.992
2019-08-29 03:00:00,0.289,7.089
2019-08-29 04:00:00,0.454,8.366
2019-08-29 05:00:00,0.605,9.495
2019-08-29 06:00:00,0.691,10.215
2019-08-29 07:00:00,0.734,10.612
2019-08-29 08:00:00,0.733,10.608
2019-08-29 09:00:00,0.719,10.478
2019-08-29 10:00:00,0.739,10.666
2019-08-29 11:00:00,0.773,11.014
2019-08-29 12:00:00,0.822,11.61
2019-08-29 13:00:00,0.89,12.68
2019-08-29 14:00:00,0.936,13.757
2019-08-29 15:00:00,0.959,14.55
2019-08-29 16:00:00,0.965,14.815
2019-08-29 17:00:00,0.966,14.906
2019-08-29 18:00:00,0.967,14.933
2019-08-29 19:00:00,0.956,14.458
2019-08-29 20:00:00,0.956,14.42
2019-08-29 21:00:00,0.959,14.577
2019-08-29 22:00:00,0.956,14.421
2019-08-29 23:00:00,0.95,14.23
2019-08-30 00:00:00,0.951,14.255
2019-08-30 01:00:00,0.956,14.425
2019-08-30 02:00:00,0.96,14.623
2019-08-30 03:00:00,0.97,15.084
2019-08-30 04:00:00,0.971,15.17
2019-08-30 05:00:00,0.97,15.094
2019-08-30 06:00:00,0.968,14.981
2019-08-30 07:00:00,0.965,14.831
2019-08-30 08:00:00,0.957,14.485
2019-08-30 09:00:00,0.934,13.697
2019-08-30 10:00:00,0.899,12.858
2019-08-30 11:00:00,0.852,12.041
2019-08-30 12:00:00,0.796,11.279
2019-08-30 13:00:00,0.762,10.896
2019-08-30 14:00:00,0.783,11.14
2019-08-30 15:00:00,0.815,11.511
2019-08-30 16:00:00,0.839,11.852
2019-08-30 17:00:00,0.851,12.016
2019-08-30 18:00:00,0.854,12.072
2019-08-30 19:00:00,0.848,11.974
2019-08-30 20:00:00,0.848,11.972
2019-08-30 21:00:00,0.819,11.567
2019-08-30 22:00:00,0.771,10.991
2019-08-30 23:00:00,0.699,10.284
2019-08-31 00:00:00,0.576,9.273
2019-08-31 01:00:00,0.404,7.994
2019-08-31 02:00:00,0.272,6.943
2019-08-31 03:00:00,0.169,5.95
2019-08-31 04:00:00,0.099,5.052
2019-08-31 05:00:00,0.073,4.642
2019-08-31 06:00:00,0.081,4.783
2019-08-31 07:00:00,0.108,5.196
2019-08-31 08:00:00,0.157,5.822
2019-08-31 09:00:00,0.157,5.824
2019-08-31 10:00:00,0.128,5.456
2019-08-31 11:00:00,0.173,5.998
2019-08-31 12:00:00,0.293,7.124
2019-08-31 13:00:00,0.438,8.25
2019-08-31 14:00:00,0.602,9.473
2019-08-31 15:00:00,0.709,10.371
2019-08-31 16:00:00,0.735,10.627
2019-08-31 17:00:00,0.743,10.705
2019-08-31 18:00:00,0.725,10.532
2019-08-31 19:00:00,0.665,9.992
2019-08-31 20:00:00,0.626,9.662
2019-08-31 21:00:00,0.618,9.6
2019-08-31 22:00:00,0.652,9.881
2019-08-31 23:00:00,0.727,10.55
2019-09-01 00:00:00,0.847,11.961
2019-09-01 01:00:00,0.939,13.852
2019-09-01 02:00:00,0.972,15.196
2019-09-01 03:00:00,0.971,15.173
2019-09-01 04:00:00,0.962,14.722
2019-09-01 05:00:00,0.956,14.419
2019-09-01 06:00:00,0.943,13.988
2019-09-01 07:00:00,0.925,13.472
2019-09-01 08:00:00,0.905,12.982
2019-09-01 09:00:00,0.875,12.408
2019-09-01 10:00:00,0.835,11.778
2019-09-01 11:00:00,0.786,11.171
2019-09-01 12:00:00,0.724,10.518
2019-09-01 13:00:00,0.648,9.846
2019-09-01 14:00:00,0.56,9.145
2019-09-01 15:00:00,0.484,8.591
2019-09-01 16:00:00,0.429,8.178
2019-09-01 17:00:00,0.38,7.812
2019-09-01 18:00:00,0.355,7.616
2019-09-01 19:00:00,0.366,7.71
2019-09-01 20:00:00,0.426,8.149
2019-09-01 21:00:00,0.49,8.635
2019-09-01 22:00:00,0.532,8.944
2019-09-01 23:00:00,0.55,9.08
2019-09-02 00:00:00,0.554,9.109
2019-09-02 01:00:00,0.566,9.193
2019-09-02 02:00:00,0.54,8.998
2019-09-02 03:00:00,0.545,9.033
2019-09-02 04:00:00,0.608,9.513
2019-09-02 05:00:00,0.654,9.895
2019-09-02 06:00:00,0.684,10.147
2019-09-02 07:00:00,0.689,10.201
2019-09-02 08:00:00,0.672,10.048
2019-09-02 09:00:00,0.61,9.538
2019-09-02 10:00:00,0.506,8.74
2019-09-02 11:00:00,0.388,7.869
2019-09-02 12:00:00,0.256,6.805
2019-09-02 13:00:00,0.131,5.506
2019-09-02 14:00:00,0.047,4.123
2019-09-02 15:00:00,0.02,3.336
2019-09-02 16:00:00,0.048,4.14
2019-09-02 17:00:00,0.156,5.802
2019-09-02 18:00:00,0.326,7.389
2019-09-02 19:00:00,0.475,8.521
2019-09-02 20:00:00,0.548,9.063
2019-09-02 21:00:00,0.518,8.83
2019-09-02 22:00:00,0.411,8.044
2019-09-02 23:00:00,0.295,7.135
2019-09-03 00:00:00,0.202,6.302
2019-09-03 01:00:00,0.144,5.671
2019-09-03 02:00:00,0.109,5.213
2019-09-03 03:00:00,0.092,4.958
2019-09-03 04:00:00,0.089,4.916
2019-09-03 05:00:00,0.083,4.811
2019-09-03 06:00:00,0.069,4.579
2019-09-03 07:00:00,0.058,4.364
2019-09-03 08:00:00,0.061,4.415
2019-09-03 09:00:00,0.076,4.707
2019-09-03 10:00:00,0.094,4.992
2019-09-03 11:00:00,0.121,5.374
2019-09-03 12:00:00,0.16,5.854
2019-09-03 13:00:00,0.232,6.586
2019-09-03 14:00:00,0.361,7.662
2019-09-03 15:00:00,0.497,8.679
2019-09-03 16:00:00,0.617,9.596
2019-09-03 17:00:00,0.733,10.606
2019-09-03 18:00:00,0.827,11.671
2019-09-03 19:00:00,0.884,12.565
2019-09-03 20:00:00,0.881,12.508
2019-09-03 21:00:00,0.808,11.437
2019-09-03 22:00:00,0.705,10.339
2019-09-03 23:00:00,0.569,9.221
2019-09-04 00:00:00,0.477,8.528
2019-09-04 01:00:00,0.454,8.37
2019-09-04 02:00:00,0.413,8.067
2019-09-04 03:00:00,0.327,7.396
2019-09-04 04:00:00,0.23,6.572
2019-09-04 05:00:00,0.13,5.487
2019-09-04 06:00:00,0.07,4.596
2019-09-04 07:00:00,0.076,4.697
2019-09-04 08:00:00,0.151,5.747
2019-09-04 09:00:00,0.457,8.388
2019-09-04 10:00:00,0.817,11.549
2019-09-04 11:00:00,0.944,14.015
2019-09-04 12:00:00,0.981,15.855
2019-09-04 13:00:00,0.989,17.148
2019-09-04 14:00:00,0.988,17.868
2019-09-04 15:00:00,0.989,17.667
2019-09-04 16:00:00,0.989,17.239
2019-09-04 17:00:00,0.988,16.914
2019-09-04 18:00:00,0.987,16.583
2019-09-04 19:00:00,0.984,16.223
2019-09-04 20:00:00,0.982,16.002
2019-09-04 21:00:00,0.979,15.724
2019-09-04 22:00:00,0.974,15.326
2019-09-04 23:00:00,0.965,14.824
2019-09-05 00:00:00,0.948,14.148
2019-09-05 01:00:00,0.923,13.415
2019-09-05 02:00:00,0.882,12.54
2019-09-05 03:00:00,0.817,11.534
2019-09-05 04:00:00,0.722,10.506
2019-09-05 05:00:00,0.595,9.416
2019-09-05 06:00:00,0.459,8.398
2019-09-05 07:00:00,0.333,7.44
2019-09-05 08:00:00,0.234,6.606
2019-09-05 09:00:00,0.179,6.051
2019-09-05 10:00:00,0.172,5.979
2019-09-05 11:00:00,0.229,6.566
2019-09-05 12:00:00,0.333,7.448
2019-09-05 13:00:00,0.478,8.54
2019-09-05 14:00:00,0.63,9.701
2019-09-05 15:00:00,0.714,10.422
2019-09-05 16:00:00,0.698,10.275
2019-09-05 17:00:00,0.722,10.502
2019-09-05 18:00:00,0.779,11.088
2019-09-05 19:00:00,0.842,11.883
2019-09-05 20:00:00,0.775,11.049
2019-09-05 21:00:00,0.812,11.479
2019-09-05 22:00:00,0.854,12.064
2019-09-05 23:00:00,0.847,11.96
2019-09-06 00:00:00,0.773,11.021
2019-09-06 01:00:00,0.614,9.57
2019-09-06 02:00:00,0.49,8.628
2019-09-06 03:00:00,0.585,9.345
2019-09-06 04:00:00,0.705,10.339
2019-09-06 05:00:00,0.738,10.652
2019-09-06 06:00:00,0.71,10.392
2019-09-06 07:00:00,0.68,10.118
2019-09-06 08:00:00,0.697,10.274
2019-09-06 09:00:00,0.707,10.356
2019-09-06 10:00:00,0.702,10.32
2019-09-06 11:00:00,0.709,10.37
2019-09-06 12:00:00,0.729,10.569
2019-09-06 13:00:00,0.765,10.941
2019-09-06 14:00:00,0.813,11.492
2019-09-06 15:00:00,0.86,12.162
2019-09-06 16:00:00,0.883,12.557
2019-09-06 17:00:00,0.883,12.559
2019-09-06 18:00:00,0.872,12.359
2019-09-06 19:00:00,0.853,12.059
2019-09-06 20:00:00,0.827,11.669
2019-09-06 21:00:00,0.782,11.114
2019-09-06 22:00:00,0.735,10.622
2019-09-06 23:00:00,0.71,10.386
2019-09-07 00:00:00,0.689,10.201
2019-09-07 01:00:00,0.663,9.968
2019-09-07 02:00:00,0.617,9.591
2019-09-07 03:00:00,0.592,9.394
2019-09-07 04:00:00,0.605,9.491
2019-09-07 05:00:00,0.572,9.238
2019-09-07 06:00:00,0.512,8.79
2019-09-07 07:00:00,0.413,8.064
2019-09-07 08:00:00,0.324,7.375
2019-09-07 09:00:00,0.256,6.809
2019-09-07 10:00:00,0.204,6.32
2019-09-07 11:00:00,0.164,5.901
2019-09-07 12:00:00,0.122,5.393
2019-09-07 13:00:00,0.103,5.131
2019-09-07 14:00:00,0.108,5.198
2019-09-07 15:00:00,0.115,5.284
2019-09-07 16:00:00,0.097,5.035
2019-09-07 17:00:00,0.071,4.605
2019-09-07 18:00:00,0.07,4.588
2019-09-07 19:00:00,0.11,5.221
2019-09-07 20:00:00,0.179,6.052
2019-09-07 21:00:00,0.234,6.612
2019-09-07 22:00:00,0.272,6.951
2019-09-07 23:00:00,0.333,7.445
2019-09-08 00:00:00,0.428,8.168
2019-09-08 01:00:00,0.526,8.894
2019-09-08 02:00:00,0.601,9.47
2019-09-08 03:00:00,0.654,9.891
2019-09-08 04:00:00,0.682,10.135
2019-09-08 05:00:00,0.694,10.244
2019-09-08 06:00:00,0.722,10.507
2019-09-08 07:00:00,0.765,10.933
2019-09-08 08:00:00,0.799,11.317
2019-09-08 09:00:00,0.821,11.595
2019-09-08 10:00:00,0.82,11.59
2019-09-08 11:00:00,0.818,11.557
2019-09-08 12:00:00,0.804,11.385
2019-09-08 13:00:00,0.782,11.119
2019-09-08 14:00:00,0.75,10.781
2019-09-08 15:00:00,0.766,10.951
2019-09-08 16:00:00,0.804,11.377
2019-09-08 17:00:00,0.81,11.458
2019-09-08 18:00:00,0.816,11.527
2019-09-08 19:00:00,0.832,11.739
2019-09-08 20:00:00,0.845,11.925
2019-09-08 21:00:00,0.828,11.694
2019-09-08 22:00:00,0.818,11.562
2019-09-08 23:00:00,0.813,11.487
2019-09-09 00:00:00,0.788,11.197
2019-09-09 01:00:00,0.769,10.977
2019-09-09 02:00:00,0.761,10.885
2019-09-09 03:00:00,0.762,10.897
2019-09-09 04:00:00,0.769,10.98
2019-09-09 05:00:00,0.789,11.203
2019-09-09 06:00:00,0.818,11.564
2019-09-09 07:00:00,0.839,11.841
2019-09-09 08:00:00,0.843,11.895
2019-09-09 09:00:00,0.834,11.772
2019-09-09 10:00:00,0.821,11.594
2019-09-09 11:00:00,0.802,11.353
2019-09-09 12:00:00,0.774,11.031
2019-09-09 13:00:00,0.751,10.79
2019-09-09 14:00:00,0.731,10.586
2019-09-09 15:00:00,0.664,9.983
2019-09-09 16:00:00,0.534,8.957
2019-09-09 17:00:00,0.377,7.782
2019-09-09 18:00:00,0.239,6.653
2019-09-09 19:00:00,0.162,5.881
2019-09-09 20:00:00,0.158,5.826
2019-09-09 21:00:00,0.171,5.965
2019-09-09 22:00:00,0.201,6.295
2019-09-09 23:00:00,0.224,6.512
2019-09-10 00:00:00,0.253,6.785
2019-09-10 01:00:00,0.297,7.15
2019-09-10 02:00:00,0.289,7.083
2019-09-10 03:00:00,0.236,6.624
2019-09-10 04:00:00,0.171,5.969
2019-09-10 05:00:00,0.108,5.191
2019-09-10 06:00:00,0.066,4.522
2019-09-10 07:00:00,0.061,4.429
2019-09-10 08:00:00,0.113,5.262
2019-09-10 09:00:00,0.203,6.31
2019-09-10 10:00:00,0.326,7.386
2019-09-10 11:00:00,0.496,8.667
2019-09-10 12:00:00,0.666,10.0
2019-09-10 13:00:00,0.817,11.545
2019-09-10 14:00:00,0.872,12.35
2019-09-10 15:00:00,0.927,13.516
2019-09-10 16:00:00,0.966,14.91
2019-09-10 17:00:00,0.987,16.558
2019-09-10 18:00:00,0.982,18.599
2019-09-10 19:00:00,0.941,20.317
2019-09-10 20:00:00,0.9,21.173
2019-09-10 21:00:00,0.909,21.014
2019-09-10 22:00:00,0.972,19.223
2019-09-10 23:00:00,0.986,16.48
2019-09-11 00:00:00,0.957,14.495
2019-09-11 01:00:00,0.936,13.741
2019-09-11 02:00:00,0.925,13.451
2019-09-11 03:00:00,0.932,13.649
2019-09-11 04:00:00,0.93,13.581
2019-09-11 05:00:00,0.916,13.248
2019-09-11 06:00:00,0.917,13.245
2019-09-11 07:00:00,0.932,13.645
2019-09-11 08:00:00,0.949,14.195
2019-09-11 09:00:00,0.959,14.549
2019-09-11 10:00:00,0.965,14.824
2019-09-11 11:00:00,0.964,14.783
2019-09-11 12:00:00,0.964,14.773
2019-09-11 13:00:00,0.962,14.716
2019-09-11 14:00:00,0.96,14.601
2019-09-11 15:00:00,0.954,14.369
2019-09-11 16:00:00,0.948,14.154
2019-09-11 17:00:00,0.941,13.923
2019-09-11 18:00:00,0.943,13.965
2019-09-11 19:00:00,0.944,14.021
2019-09-11 20:00:00,0.923,13.418
2019-09-11 21:00:00,0.927,13.517
2019-09-11 22:00:00,0.953,14.318
2019-09-11 23:00:00,0.966,14.895
2019-09-12 00:00:00,0.959,14.574
2019-09-12 01:00:00,0.95,14.222
2019-09-12 02:00:00,0.933,13.676
2019-09-12 03:00:00,0.902,12.928
2019-09-12 04:00:00,0.851,12.01
2019-09-12 05:00:00,0.791,11.224
2019-09-12 06:00:00,0.763,10.914
2019-09-12 07:00:00,0.739,10.665
2019-09-12 08:00:00,0.758,10.86
2019-09-12 09:00:00,0.796,11.287
2019-09-12 10:00:00,0.836,11.808
2019-09-12 11:00:00,0.871,12.327
2019-09-12 12:00:00,0.904,12.961
2019-09-12 13:00:00,0.928,13.544
2019-09-12 14:00:00,0.936,13.752
2019-09-12 15:00:00,0.936,13.773
2019-09-12 16:00:00,0.934,13.696
2019-09-12 17:00:00,0.932,13.639
2019-09-12 18:00:00,0.933,13.676
2019-09-12 19:00:00,0.934,13.706
2019-09-12 20:00:00,0.941,13.921
2019-09-12 21:00:00,0.947,14.124
2019-09-12 22:00:00,0.951,14.241
2019-09-12 23:00:00,0.952,14.296
2019-09-13 00:00:00,0.951,14.271
2019-09-13 01:00:00,0.95,14.236
2019-09-13 02:00:00,0.951,14.245
2019-09-13 03:00:00,0.956,14.455
2019-09-13 04:00:00,0.969,15.065
2019-09-13 05:00:00,0.978,15.618
2019-09-13 06:00:00,0.979,15.712
2019-09-13 07:00:00,0.98,15.788
2019-09-13 08:00:00,0.983,16.078
2019-09-13 09:00:00,0.985,16.294
2019-09-13 10:00:00,0.986,16.469
2019-09-13 11:00:00,0.987,16.593
2019-09-13 12:00:00,0.986,16.423
2019-09-13 13:00:00,0.986,16.349
2019-09-13 14:00:00,0.983,16.073
2019-09-13 15:00:00,0.982,15.966
2019-09-13 16:00:00,0.982,15.903
2019-09-13 17:00:00,0.973,15.289
2019-09-13 18:00:00,0.958,14.548
2019-09-13 19:00:00,0.942,13.932
2019-09-13 20:00:00,0.905,12.998
2019-09-13 21:00:00,0.862,12.185
2019-09-13 22:00:00,0.801,11.337
2019-09-13 23:00:00,0.743,10.706
2019-09-14 00:00:00,0.722,10.496
2019-09-14 01:00:00,0.755,10.824
2019-09-14 02:00:00,0.817,11.545
2019-09-14 03:00:00,0.852,12.03
2019-09-14 04:00:00,0.915,13.22
2019-09-14 05:00:00,0.948,14.148
2019-09-14 06:00:00,0.97,15.127
2019-09-14 07:00:00,0.989,17.106
2019-09-14 08:00:00,0.977,18.954
2019-09-14 09:00:00,0.932,20.525
2019-09-14 10:00:00,0.865,21.698
2019-09-14 11:00:00,0.84,22.037
2019-09-14 12:00:00,0.888,21.359
2019-09-14 13:00:00,0.868,21.66
2019-09-14 14:00:00,0.814,22.333
2019-09-14 15:00:00,0.841,22.013
2019-09-14 16:00:00,0.771,22.789
2019-09-14 17:00:00,0.66,23.781
2019-09-14 18:00:00,0.537,24.733
2019-09-14 19:00:00,0.412,25.68
2019-09-14 20:00:00,0.315,26.458
2019-09-14 21:00:00,0.282,26.747
2019-09-14 22:00:00,0.291,26.66
2019-09-14 23:00:00,0.291,26.668
2019-09-15 00:00:00,0.274,26.818
2019-09-15 01:00:00,0.255,26.98
2019-09-15 02:00:00,0.264,26.904
2019-09-15 03:00:00,0.277,26.787
2019-09-15 04:00:00,0.341,26.242
2019-09-15 05:00:00,0.483,25.144
2019-09-15 06:00:00,0.662,23.76
2019-09-15 07:00:00,0.813,22.341
2019-09-15 08:00:00,0.907,21.04
2019-09-15 09:00:00,0.96,19.743
2019-09-15 10:00:00,0.984,18.386
2019-09-15 11:00:00,0.989,17.365
2019-09-15 12:00:00,0.987,16.594
2019-09-15 13:00:00,0.98,15.764
2019-09-15 14:00:00,0.97,15.098
2019-09-15 15:00:00,0.966,14.912
2019-09-15 16:00:00,0.963,14.73
2019-09-15 17:00:00,0.956,14.452
2019-09-15 18:00:00,0.947,14.099
2019-09-15 19:00:00,0.931,13.633
2019-09-15 20:00:00,0.907,13.027
2019-09-15 21:00:00,0.877,12.448
2019-09-15 22:00:00,0.864,12.213
2019-09-15 23:00:00,0.876,12.428
2019-09-16 00:00:00,0.895,12.787
2019-09-16 01:00:00,0.912,13.138
2019-09-16 02:00:00,0.926,13.498
2019-09-16 03:00:00,0.934,13.7
2019-09-16 04:00:00,0.94,13.891
2019-09-16 05:00:00,0.945,14.054
2019-09-16 06:00:00,0.942,13.944
2019-09-16 07:00:00,0.934,13.718
2019-09-16 08:00:00,0.931,13.621
2019-09-16 09:00:00,0.934,13.707
2019-09-16 10:00:00,0.939,13.83
2019-09-16 11:00:00,0.948,14.137
2019-09-16 12:00:00,0.96,14.614
2019-09-16 13:00:00,0.968,15.013
2019-09-16 14:00:00,0.974,15.367
2019-09-16 15:00:00,0.979,15.729
2019-09-16 16:00:00,0.984,16.196
2019-09-16 17:00:00,0.988,16.731
2019-09-16 18:00:00,0.989,17.33
2019-09-16 19:00:00,0.988,17.933
2019-09-16 20:00:00,0.986,18.148
2019-09-16 21:00:00,0.987,18.042
2019-09-16 22:00:00,0.988,17.797
2019-09-16 23:00:00,0.989,17.45
2019-09-17 00:00:00,0.989,17.08
2019-09-17 01:00:00,0.988,16.855
2019-09-17 02:00:00,0.987,16.576
2019-09-17 03:00:00,0.984,16.182
2019-09-17 04:00:00,0.976,15.446
2019-09-17 05:00:00,0.958,14.536
2019-09-17 06:00:00,0.935,13.735
2019-09-17 07:00:00,0.91,13.089
2019-09-17 08:00:00,0.88,12.503
2019-09-17 09:00:00,0.842,11.883
2019-09-17 10:00:00,0.781,11.11
2019-09-17 11:00:00,0.708,10.367
2019-09-17 12:00:00,0.654,9.892
2019-09-17 13:00:00,0.608,9.516
2019-09-17 14:00:00,0.538,8.984
2019-09-17 15:00:00,0.476,8.526
2019-09-17 16:00:00,0.417,8.08
2019-09-17 17:00:00,0.345,7.547
2019-09-17 18:00:00,0.267,6.902
2019-09-17 19:00:00,0.198,6.258
2019-09-17 20:00:00,0.152,5.756
2019-09-17 21:00:00,0.113,5.271
2019-09-17 22:00:00,0.083,4.801
2019-09-17 23:00:00,0.061,4.419
2019-09-18 00:00:00,0.052,4.234
2019-09-18 01:00:00,0.043,4.022
2019-09-18 02:00:00,0.023,3.465
2019-09-18 03:00:00,0.015,3.148
2019-09-18 04:00:00,0.012,3.008
2019-09-18 05:00:00,0.012,2.965
2019-09-18 06:00:00,0.014,3.081
2019-09-18 07:00:00,0.02,3.364
2019-09-18 08:00:00,0.03,3.694
2019-09-18 09:00:00,0.037,3.874
2019-09-18 10:00:00,0.033,3.79
2019-09-18 11:00:00,0.029,3.644
2019-09-18 12:00:00,0.024,3.493
2019-09-18 13:00:00,0.025,3.542
2019-09-18 14:00:00,0.035,3.823
2019-09-18 15:00:00,0.053,4.271
2019-09-18 16:00:00,0.077,4.722
2019-09-18 17:00:00,0.117,5.318
2019-09-18 18:00:00,0.143,5.654
2019-09-18 19:00:00,0.171,5.964
2019-09-18 20:00:00,0.253,6.784
2019-09-18 21:00:00,0.41,8.035
2019-09-18 22:00:00,0.563,9.168
2019-09-18 23:00:00,0.641,9.786
2019-09-19 00:00:00,0.692,10.229
2019-09-19 01:00:00,0.722,10.489
2019-09-19 02:00:00,0.694,10.243
2019-09-19 03:00:00,0.635,9.735
2019-09-19 04:00:00,0.607,9.508
2019-09-19 05:00:00,0.633,9.715
2019-09-19 06:00:00,0.646,9.826
2019-09-19 07:00:00,0.714,10.423
2019-09-19 08:00:00,0.788,11.187
2019-09-19 09:00:00,0.802,11.351
2019-09-19 10:00:00,0.812,11.484
2019-09-19 11:00:00,0.848,11.977
2019-09-19 12:00:00,0.848,11.982
2019-09-19 13:00:00,0.857,12.11
2019-09-19 14:00:00,0.879,12.481
2019-09-19 15:00:00,0.901,12.893
2019-09-19 16:00:00,0.903,12.955
2019-09-19 17:00:00,0.902,12.918
2019-09-19 18:00:00,0.881,12.519
2019-09-19 19:00:00,0.872,12.363
2019-09-19 20:00:00,0.845,11.919
2019-09-19 21:00:00,0.813,11.493
2019-09-19 22:00:00,0.805,11.391
2019-09-19 23:00:00,0.796,11.282
2019-09-20 00:00:00,0.771,11.001
2019-09-20 01:00:00,0.738,10.657
2019-09-20 02:00:00,0.716,10.439
2019-09-20 03:00:00,0.705,10.332
2019-09-20 04:00:00,0.705,10.33
2019-09-20 05:00:00,0.709,10.381
2019-09-20 06:00:00,0.712,10.402
2019-09-20 07:00:00,0.709,10.378
2019-09-20 08:00:00,0.708,10.363
2019-09-20 09:00:00,0.709,10.369
2019-09-20 10:00:00,0.698,10.279
2019-09-20 11:00:00,0.673,10.054
2019-09-20 12:00:00,0.643,9.808
2019-09-20 13:00:00,0.621,9.627
2019-09-20 14:00:00,0.608,9.51
2019-09-20 15:00:00,0.583,9.33
2019-09-20 16:00:00,0.552,9.096
2019-09-20 17:00:00,0.531,8.937
2019-09-20 18:00:00,0.525,8.89
2019-09-20 19:00:00,0.525,8.891
2019-09-20 20:00:00,0.515,8.815
2019-09-20 21:00:00,0.494,8.657
2019-09-20 22:00:00,0.466,8.459
2019-09-20 23:00:00,0.438,8.239
2019-09-21 00:00:00,0.412,8.048
2019-09-21 01:00:00,0.401,7.975
2019-09-21 02:00:00,0.413,8.059
2019-09-21 03:00:00,0.44,8.255
2019-09-21 04:00:00,0.485,8.598
2019-09-21 05:00:00,0.531,8.937
2019-09-21 06:00:00,0.568,9.217
2019-09-21 07:00:00,0.597,9.434
2019-09-21 08:00:00,0.635,9.736
2019-09-21 09:00:00,0.705,10.335
2019-09-21 10:00:00,0.783,11.139
2019-09-21 11:00:00,0.845,11.933
2019-09-21 12:00:00,0.887,12.635
2019-09-21 13:00:00,0.915,13.206
2019-09-21 14:00:00,0.93,13.601
2019-09-21 15:00:00,0.936,13.752
2019-09-21 16:00:00,0.933,13.662
2019-09-21 17:00:00,0.926,13.48
2019-09-21 18:00:00,0.918,13.278
2019-09-21 19:00:00,0.909,13.073
2019-09-21 20:00:00,0.899,12.865
2019-09-21 21:00:00,0.884,12.568
2019-09-21 22:00:00,0.867,12.274
2019-09-21 23:00:00,0.853,12.06
2019-09-22 00:00:00,0.844,11.914
2019-09-22 01:00:00,0.839,11.845
2019-09-22 02:00:00,0.841,11.868
2019-09-22 03:00:00,0.85,12.001
2019-09-22 04:00:00,0.858,12.126
2019-09-22 05:00:00,0.864,12.23
2019-09-22 06:00:00,0.872,12.354
2019-09-22 07:00:00,0.879,12.481
2019-09-22 08:00:00,0.885,12.591
2019-09-22 09:00:00,0.886,12.615
2019-09-22 10:00:00,0.887,12.629
2019-09-22 11:00:00,0.887,12.637
2019-09-22 12:00:00,0.887,12.621
2019-09-22 13:00:00,0.885,12.584
2019-09-22 14:00:00,0.881,12.523
2019-09-22 15:00:00,0.88,12.499
2019-09-22 16:00:00,0.882,12.532
2019-09-22 17:00:00,0.884,12.569
2019-09-22 18:00:00,0.883,12.547
2019-09-22 19:00:00,0.877,12.441
2019-09-22 20:00:00,0.868,12.293
2019-09-22 21:00:00,0.857,12.12
2019-09-22 22:00:00,0.847,11.957
2019-09-22 23:00:00,0.837,11.818
2019-09-23 00:00:00,0.828,11.687
2019-09-23 01:00:00,0.823,11.623
2019-09-23 02:00:00,0.827,11.683
2019-09-23 03:00:00,0.846,11.948
2019-09-23 04:00:00,0.866,12.265
2019-09-23 05:00:00,0.882,12.543
2019-09-23 06:00:00,0.897,12.816
2019-09-23 07:00:00,0.91,13.104
2019-09-23 08:00:00,0.934,13.711
2019-09-23 09:00:00,0.942,13.948
2019-09-23 10:00:00,0.945,14.031
2019-09-23 11:00:00,0.941,13.898
2019-09-23 12:00:00,0.93,13.605
2019-09-23 13:00:00,0.908,13.053
2019-09-23 14:00:00,0.893,12.744
2019-09-23 15:00:00,0.893,12.751
2019-09-23 16:00:00,0.906,13.015
2019-09-23 17:00:00,0.903,12.943
2019-09-23 18:00:00,0.913,13.164
2019-09-23 19:00:00,0.912,13.142
2019-09-23 20:00:00,0.917,13.262
2019-09-23 21:00:00,0.911,13.13
2019-09-23 22:00:00,0.9,12.885
2019-09-23 23:00:00,0.885,12.589
2019-09-24 00:00:00,0.872,12.353
2019-09-24 01:00:00,0.863,12.208
2019-09-24 02:00:00,0.855,12.09
2019-09-24 03:00:00,0.857,12.112
2019-09-24 04:00:00,0.866,12.264
2019-09-24 05:00:00,0.881,12.519
2019-09-24 06:00:00,0.899,12.863
2019-09-24 07:00:00,0.917,13.257
2019-09-24 08:00:00,0.932,13.647
2019-09-24 09:00:00,0.939,13.855
2019-09-24 10:00:00,0.953,14.343
2019-09-24 11:00:00,0.965,14.845
2019-09-24 12:00:00,0.962,14.693
2019-09-24 13:00:00,0.948,14.132
2019-09-24 14:00:00,0.945,14.042
2019-09-24 15:00:00,0.945,14.048
2019-09-24 16:00:00,0.941,13.897
2019-09-24 17:00:00,0.949,14.179
2019-09-24 18:00:00,0.933,13.681
2019-09-24 19:00:00,0.925,13.457
2019-09-24 20:00:00,0.931,13.624
2019-09-24 21:00:00,0.934,13.711
2019-09-24 22:00:00,0.944,13.994
2019-09-24 23:00:00,0.943,13.964
2019-09-25 00:00:00,0.926,13.486
2019-09-25 01:00:00,0.917,13.256
2019-09-25 02:00:00,0.924,13.437
2019-09-25 03:00:00,0.934,13.704
2019-09-25 04:00:00,0.932,13.656
2019-09-25 05:00:00,0.944,14.007
2019-09-25 06:00:00,0.947,14.13
2019-09-25 07:00:00,0.94,13.885
2019-09-25 08:00:00,0.941,13.902
2019-09-25 09:00:00,0.95,14.201
2019-09-25 10:00:00,0.953,14.312
2019-09-25 11:00:00,0.969,15.063
2019-09-25 12:00:00,0.966,14.869
2019-09-25 13:00:00,0.967,14.929
2019-09-25 14:00:00,0.969,15.027
2019-09-25 15:00:00,0.966,14.905
2019-09-25 16:00:00,0.973,15.263
2019-09-25 17:00:00,0.975,15.426
2019-09-25 18:00:00,0.983,16.017
2019-09-25 19:00:00,0.985,16.267
2019-09-25 20:00:00,0.987,16.621
2019-09-25 21:00:00,0.988,16.706
2019-09-25 22:00:00,0.988,16.797
2019-09-25 23:00:00,0.989,16.936
2019-09-26 00:00:00,0.989,16.961
2019-09-26 01:00:00,0.988,16.877
2019-09-26 02:00:00,0.989,16.957
2019-09-26 03:00:00,0.989,17.509
2019-09-26 04:00:00,0.987,18.012
2019-09-26 05:00:00,0.989,17.639
2019-09-26 06:00:00,0.989,17.495
2019-09-26 07:00:00,0.989,17.522
2019-09-26 08:00:00,0.989,17.656
2019-09-26 09:00:00,0.987,18.007
2019-09-26 10:00:00,0.984,18.457
2019-09-26 11:00:00,0.981,18.662
2019-09-26 12:00:00,0.983,18.531
2019-09-26 13:00:00,0.989,17.589
2019-09-26 14:00:00,0.985,16.246
2019-09-26 15:00:00,0.969,15.038
2019-09-26 16:00:00,0.934,13.698
2019-09-26 17:00:00,0.902,12.919
2019-09-26 18:00:00,0.877,12.443
2019-09-26 19:00:00,0.771,10.993
2019-09-26 20:00:00,0.575,9.263
2019-09-26 21:00:00,0.436,8.233
2019-09-26 22:00:00,0.327,7.394
2019-09-26 23:00:00,0.263,6.866
2019-09-27 00:00:00,0.234,6.601
2019-09-27 01:00:00,0.231,6.576
2019-09-27 02:00:00,0.238,6.649
2019-09-27 03:00:00,0.285,7.061
2019-09-27 04:00:00,0.344,7.531
2019-09-27 05:00:00,0.371,7.743
2019-09-27 06:00:00,0.386,7.862
2019-09-27 07:00:00,0.395,7.92
2019-09-27 08:00:00,0.383,7.832
2019-09-27 09:00:00,0.346,7.557
2019-09-27 10:00:00,0.337,7.482
2019-09-27 11:00:00,0.352,7.597
2019-09-27 12:00:00,0.365,7.699
2019-09-27 13:00:00,0.377,7.794
2019-09-27 14:00:00,0.389,7.887
2019-09-27 15:00:00,0.395,7.92
2019-09-27 16:00:00,0.39,7.889
2019-09-27 17:00:00,0.378,7.797
2019-09-27 18:00:00,0.37,7.734
2019-09-27 19:00:00,0.364,7.696
2019-09-27 20:00:00,0.364,7.694
2019-09-27 21:00:00,0.366,7.705
2019-09-27 22:00:00,0.366,7.711
2019-09-27 23:00:00,0.371,7.747
2019-09-28 00:00:00,0.372,7.751
2019-09-28 01:00:00,0.368,7.725
2019-09-28 02:00:00,0.361,7.662
2019-09-28 03:00:00,0.365,7.701
2019-09-28 04:00:00,0.374,7.768
2019-09-28 05:00:00,0.369,7.733
2019-09-28 06:00:00,0.354,7.614
2019-09-28 07:00:00,0.342,7.513
2019-09-28 08:00:00,0.338,7.487
2019-09-28 09:00:00,0.328,7.407
2019-09-28 10:00:00,0.313,7.287
2019-09-28 11:00:00,0.3,7.181
2019-09-28 12:00:00,0.288,7.076
2019-09-28 13:00:00,0.288,7.079
2019-09-28 14:00:00,0.284,7.047
2019-09-28 15:00:00,0.271,6.933
2019-09-28 16:00:00,0.253,6.785
2019-09-28 17:00:00,0.234,6.598
2019-09-28 18:00:00,0.213,6.407
2019-09-28 19:00:00,0.192,6.191
2019-09-28 20:00:00,0.167,5.938
2019-09-28 21:00:00,0.158,5.829
2019-09-28 22:00:00,0.163,5.886
2019-09-28 23:00:00,0.165,5.905
2019-09-29 00:00:00,0.16,5.849
2019-09-29 01:00:00,0.156,5.81
2019-09-29 02:00:00,0.16,5.856
2019-09-29 03:00:00,0.179,6.065
2019-09-29 04:00:00,0.202,6.3
2019-09-29 05:00:00,0.212,6.402
2019-09-29 06:00:00,0.217,6.443
2019-09-29 07:00:00,0.222,6.497
2019-09-29 08:00:00,0.236,6.62
2019-09-29 09:00:00,0.251,6.756
2019-09-29 10:00:00,0.28,7.009
2019-09-29 11:00:00,0.315,7.31
2019-09-29 12:00:00,0.363,7.686
2019-09-29 13:00:00,0.433,8.211
2019-09-29 14:00:00,0.509,8.764
2019-09-29 15:00:00,0.573,9.252
2019-09-29 16:00:00,0.626,9.663
2019-09-29 17:00:00,0.689,10.2
2019-09-29 18:00:00,0.777,11.062
2019-09-29 19:00:00,0.854,12.075
2019-09-29 20:00:00,0.899,12.852
2019-09-29 21:00:00,0.9,12.888
2019-09-29 22:00:00,0.878,12.47
2019-09-29 23:00:00,0.859,12.143
2019-09-30 00:00:00,0.862,12.184
2019-09-30 01:00:00,0.865,12.238
2019-09-30 02:00:00,0.867,12.268
2019-09-30 03:00:00,0.877,12.441
2019-09-30 04:00:00,0.889,12.658
2019-09-30 05:00:00,0.895,12.784
2019-09-30 06:00:00,0.894,12.766
2019-09-30 07:00:00,0.883,12.547
2019-09-30 08:00:00,0.859,12.145
2019-09-30 09:00:00,0.821,11.592
2019-09-30 10:00:00,0.771,10.987
2019-09-30 11:00:00,0.712,10.402
2019-09-30 12:00:00,0.656,9.901
2019-09-30 13:00:00,0.617,9.592
2019-09-30 14:00:00,0.599,9.443
2019-09-30 15:00:00,0.616,9.586
2019-09-30 16:00:00,0.651,9.868
2019-09-30 17:00:00,0.666,9.999
2019-09-30 18:00:00,0.658,9.918
2019-09-30 19:00:00,0.624,9.644
2019-09-30 20:00:00,0.582,9.323
2019-09-30 21:00:00,0.552,9.09
2019-09-30 22:00:00,0.537,8.98
2019-09-30 23:00:00,0.552,9.096
2019-10-01 00:00:00,0.598,9.436
2019-10-01 01:00:00,0.668,10.016
2019-10-01 02:00:00,0.738,10.648
2019-10-01 03:00:00,0.78,11.092
2019-10-01 04:00:00,0.804,11.38
2019-10-01 05:00:00,0.821,11.594
2019-10-01 06:00:00,0.837,11.82
2019-10-01 07:00:00,0.85,11.996
2019-10-01 08:00:00,0.865,12.25
2019-10-01 09:00:00,0.88,12.503
2019-10-01 10:00:00,0.891,12.7
2019-10-01 11:00:00,0.899,12.856
2019-10-01 12:00:00,0.903,12.946
2019-10-01 13:00:00,0.906,13.011
2019-10-01 14:00:00,0.912,13.141
2019-10-01 15:00:00,0.924,13.424
2019-10-01 16:00:00,0.937,13.806
2019-10-01 17:00:00,0.949,14.171
2019-10-01 18:00:00,0.958,14.528
2019-10-01 19:00:00,0.965,14.866
2019-10-01 20:00:00,0.97,15.123
2019-10-01 21:00:00,0.975,15.42
2019-10-01 22:00:00,0.98,15.77
2019-10-01 23:00:00,0.983,16.019
2019-10-02 00:00:00,0.983,16.095
2019-10-02 01:00:00,0.982,15.991
2019-10-02 02:00:00,0.981,15.834
2019-10-02 03:00:00,0.978,15.615
2019-10-02 04:00:00,0.973,15.271
2019-10-02 05:00:00,0.965,14.862
2019-10-02 06:00:00,0.955,14.394
2019-10-02 07:00:00,0.942,13.936
2019-10-02 08:00:00,0.927,13.492
2019-10-02 09:00:00,0.905,12.983
2019-10-02 10:00:00,0.875,12.411
2019-10-02 11:00:00,0.844,11.912
2019-10-02 12:00:00,0.817,11.546
2019-10-02 13:00:00,0.795,11.259
2019-10-02 14:00:00,0.771,10.989
2019-10-02 15:00:00,0.747,10.74
2019-10-02 16:00:00,0.721,10.487
2019-10-02 17:00:00,0.679,10.099
2019-10-02 18:00:00,0.621,9.624
2019-10-02 19:00:00,0.555,9.115
2019-10-02 20:00:00,0.506,8.743
2019-10-02 21:00:00,0.48,8.55
2019-10-02 22:00:00,0.481,8.564
2019-10-02 23:00:00,0.482,8.568
2019-10-03 00:00:00,0.429,8.176
2019-10-03 01:00:00,0.351,7.593
2019-10-03 02:00:00,0.294,7.132
2019-10-03 03:00:00,0.269,6.915
2019-10-03 04:00:00,0.28,7.018
2019-10-03 05:00:00,0.302,7.201
2019-10-03 06:00:00,0.33,7.427
2019-10-03 07:00:00,0.37,7.736
2019-10-03 08:00:00,0.416,8.078
2019-10-03 09:00:00,0.448,8.315
2019-10-03 10:00:00,0.46,8.401
2019-10-03 11:00:00,0.466,8.457
2019-10-03 12:00:00,0.486,8.605
2019-10-03 13:00:00,0.537,8.979
2019-10-03 14:00:00,0.603,9.482
2019-10-03 15:00:00,0.663,9.977
2019-10-03 16:00:00,0.717,10.447
2019-10-03 17:00:00,0.764,10.924
2019-10-03 18:00:00,0.799,11.319
2019-10-03 19:00:00,0.813,11.496
2019-10-03 20:00:00,0.813,11.499
2019-10-03 21:00:00,0.793,11.246
2019-10-03 22:00:00,0.766,10.946
2019-10-03 23:00:00,0.746,10.734
2019-10-04 00:00:00,0.742,10.693
2019-10-04 01:00:00,0.751,10.784
2019-10-04 02:00:00,0.767,10.958
2019-10-04 03:00:00,0.793,11.253
2019-10-04 04:00:00,0.815,11.512
2019-10-04 05:00:00,0.822,11.617
2019-10-04 06:00:00,0.822,11.61
2019-10-04 07:00:00,0.827,11.684
2019-10-04 08:00:00,0.839,11.85
2019-10-04 09:00:00,0.835,11.791
2019-10-04 10:00:00,0.792,11.232
2019-10-04 11:00:00,0.719,10.474
2019-10-04 12:00:00,0.659,9.935
2019-10-04 13:00:00,0.64,9.779
2019-10-04 14:00:00,0.658,9.921
2019-10-04 15:00:00,0.682,10.136
2019-10-04 16:00:00,0.706,10.346
2019-10-04 17:00:00,0.725,10.531
2019-10-04 18:00:00,0.725,10.526
2019-10-04 19:00:00,0.7,10.297
2019-10-04 20:00:00,0.695,10.251
2019-10-04 21:00:00,0.701,10.303
2019-10-04 22:00:00,0.705,10.333
2019-10-04 23:00:00,0.714,10.421
2019-10-05 00:00:00,0.733,10.607
2019-10-05 01:00:00,0.756,10.833
2019-10-05 02:00:00,0.776,11.056
2019-10-05 03:00:00,0.801,11.331
2019-10-05 04:00:00,0.835,11.78
2019-10-05 05:00:00,0.875,12.4
2019-10-05 06:00:00,0.914,13.172
2019-10-05 07:00:00,0.938,13.819
2019-10-05 08:00:00,0.955,14.41
2019-10-05 09:00:00,0.967,14.95
2019-10-05 10:00:00,0.974,15.369
2019-10-05 11:00:00,0.98,15.789
2019-10-05 12:00:00,0.984,16.15
2019-10-05 13:00:00,0.985,16.243
2019-10-05 14:00:00,0.985,16.24
2019-10-05 15:00:00,0.985,16.345
2019-10-05 16:00:00,0.987,16.666
2019-10-05 17:00:00,0.989,17.018
2019-10-05 18:00:00,0.989,17.425
2019-10-05 19:00:00,0.988,17.758
2019-10-05 20:00:00,0.987,17.996
2019-10-05 21:00:00,0.987,18.104
2019-10-05 22:00:00,0.987,18.113
2019-10-05 23:00:00,0.987,18.101
2019-10-06 00:00:00,0.986,18.153
2019-10-06 01:00:00,0.986,18.244
2019-10-06 02:00:00,0.986,18.241
2019-10-06 03:00:00,0.987,18.101
2019-10-06 04:00:00,0.988,17.852
2019-10-06 05:00:00,0.989,17.553
2019-10-06 06:00:00,0.989,17.109
2019-10-06 07:00:00,0.988,16.83
2019-10-06 08:00:00,0.987,16.646
2019-10-06 09:00:00,0.987,16.612
2019-10-06 10:00:00,0.987,16.626
2019-10-06 11:00:00,0.989,17.028
2019-10-06 12:00:00,0.989,17.164
2019-10-06 13:00:00,0.989,17.26
2019-10-06 14:00:00,0.989,17.057
2019-10-06 15:00:00,0.988,16.792
2019-10-06 16:00:00,0.987,16.57
2019-10-06 17:00:00,0.985,16.284
2019-10-06 18:00:00,0.984,16.177
2019-10-06 19:00:00,0.984,16.207
2019-10-06 20:00:00,0.987,16.58
2019-10-06 21:00:00,0.989,17.105
2019-10-06 22:00:00,0.988,17.776
2019-10-06 23:00:00,0.988,17.829
2019-10-07 00:00:00,0.989,17.662
2019-10-07 01:00:00,0.986,18.251
2019-10-07 02:00:00,0.971,19.271
2019-10-07 03:00:00,0.944,20.245
2019-10-07 04:00:00,0.903,21.108
2019-10-07 05:00:00,0.861,21.756
2019-10-07 06:00:00,0.82,22.264
2019-10-07 07:00:00,0.783,22.671
2019-10-07 08:00:00,0.746,23.031
2019-10-07 09:00:00,0.735,23.123
2019-10-07 10:00:00,0.809,22.391
2019-10-07 11:00:00,0.909,21.013
2019-10-07 12:00:00,0.972,19.229
2019-10-07 13:00:00,0.989,17.705
2019-10-07 14:00:00,0.985,16.262
2019-10-07 15:00:00,0.969,15.037
2019-10-07 16:00:00,0.951,14.27
2019-10-07 17:00:00,0.941,13.896
2019-10-07 18:00:00,0.935,13.739
2019-10-07 19:00:00,0.941,13.927
2019-10-07 20:00:00,0.936,13.744
2019-10-07 21:00:00,0.905,12.998
2019-10-07 22:00:00,0.896,12.804
2019-10-07 23:00:00,0.9,12.876
2019-10-08 00:00:00,0.9,12.888
2019-10-08 01:00:00,0.898,12.84
2019-10-08 02:00:00,0.898,12.843
2019-10-08 03:00:00,0.908,13.057
2019-10-08 04:00:00,0.925,13.462
2019-10-08 05:00:00,0.921,13.359
2019-10-08 06:00:00,0.916,13.249
2019-10-08 07:00:00,0.918,13.297
2019-10-08 08:00:00,0.922,13.384
2019-10-08 09:00:00,0.944,14.019
2019-10-08 10:00:00,0.966,14.905
2019-10-08 11:00:00,0.976,15.442
2019-10-08 12:00:00,0.972,15.215
2019-10-08 13:00:00,0.952,14.291
2019-10-08 14:00:00,0.894,12.765
2019-10-08 15:00:00,0.826,11.662
2019-10-08 16:00:00,0.763,10.909
2019-10-08 17:00:00,0.719,10.473
2019-10-08 18:00:00,0.692,10.225
2019-10-08 19:00:00,0.691,10.213
2019-10-08 20:00:00,0.717,10.447
2019-10-08 21:00:00,0.758,10.861
2019-10-08 22:00:00,0.773,11.02
2019-10-08 23:00:00,0.795,11.274
2019-10-09 00:00:00,0.828,11.692
2019-10-09 01:00:00,0.856,12.104
2019-10-09 02:00:00,0.882,12.535
2019-10-09 03:00:00,0.896,12.81
2019-10-09 04:00:00,0.893,12.738
2019-10-09 05:00:00,0.891,12.713
2019-10-09 06:00:00,0.881,12.518
2019-10-09 07:00:00,0.861,12.18
2019-10-09 08:00:00,0.839,11.845
2019-10-09 09:00:00,0.77,10.985
2019-10-09 10:00:00,0.71,10.389
2019-10-09 11:00:00,0.697,10.27
2019-10-09 12:00:00,0.698,10.279
2019-10-09 13:00:00,0.728,10.559
2019-10-09 14:00:00,0.791,11.222
2019-10-09 15:00:00,0.849,11.983
2019-10-09 16:00:00,0.898,12.836
2019-10-09 17:00:00,0.915,13.207
2019-10-09 18:00:00,0.907,13.038
2019-10-09 19:00:00,0.883,12.553
2019-10-09 20:00:00,0.819,11.572
2019-10-09 21:00:00,0.749,10.774
2019-10-09 22:00:00,0.693,10.237
2019-10-09 23:00:00,0.696,10.26
2019-10-10 00:00:00,0.747,10.741
2019-10-10 01:00:00,0.811,11.468
2019-10-10 02:00:00,0.881,12.526
2019-10-10 03:00:00,0.946,14.064
2019-10-10 04:00:00,0.979,15.667
2019-10-10 05:00:00,0.988,16.773
2019-10-10 06:00:00,0.989,17.596
2019-10-10 07:00:00,0.985,18.263
2019-10-10 08:00:00,0.984,18.424
2019-10-10 09:00:00,0.988,17.955
2019-10-10 10:00:00,0.989,17.216
2019-10-10 11:00:00,0.985,16.283
2019-10-10 12:00:00,0.97,15.116
2019-10-10 13:00:00,0.947,14.122
2019-10-10 14:00:00,0.913,13.162
2019-10-10 15:00:00,0.866,12.263
2019-10-10 16:00:00,0.788,11.191
2019-10-10 17:00:00,0.679,10.11
2019-10-10 18:00:00,0.537,8.977
2019-10-10 19:00:00,0.413,8.062
2019-10-10 20:00:00,0.31,7.262
2019-10-10 21:00:00,0.215,6.429
2019-10-10 22:00:00,0.144,5.666
2019-10-10 23:00:00,0.093,4.983
2019-10-11 00:00:00,0.058,4.364
2019-10-11 01:00:00,0.036,3.859
2019-10-11 02:00:00,0.024,3.512
2019-10-11 03:00:00,0.016,3.183
2019-10-11 04:00:00,0.019,3.333
2019-10-11 05:00:00,0.038,3.896
2019-10-11 06:00:00,0.064,4.49
2019-10-11 07:00:00,0.092,4.962
2019-10-11 08:00:00,0.123,5.401
2019-10-11 09:00:00,0.133,5.523
2019-10-11 10:00:00,0.13,5.487
2019-10-11 11:00:00,0.149,5.729
2019-10-11 12:00:00,0.192,6.199
2019-10-11 13:00:00,0.247,6.726
2019-10-11 14:00:00,0.299,7.171
2019-10-11 15:00:00,0.314,7.303
2019-10-11 16:00:00,0.284,7.053
2019-10-11 17:00:00,0.242,6.673
2019-10-11 18:00:00,0.204,6.316
2019-10-11 19:00:00,0.177,6.029
2019-10-11 20:00:00,0.151,5.745
2019-10-11 21:00:00,0.138,5.6
2019-10-11 22:00:00,0.138,5.581
2019-10-11 23:00:00,0.143,5.65
2019-10-12 00:00:00,0.171,5.965
2019-10-12 01:00:00,0.21,6.369
2019-10-12 02:00:00,0.24,6.661
2019-10-12 03:00:00,0.236,6.617
2019-10-12 04:00:00,0.21,6.37
2019-10-12 05:00:00,0.186,6.141
2019-10-12 06:00:00,0.163,5.892
2019-10-12 07:00:00,0.139,5.604
2019-10-12 08:00:00,0.115,5.288
2019-10-12 09:00:00,0.103,5.133
2019-10-12 10:00:00,0.1,5.088
2019-10-12 11:00:00,0.1,5.079
2019-10-12 12:00:00,0.104,5.135
2019-10-12 13:00:00,0.118,5.326
2019-10-12 14:00:00,0.136,5.558
2019-10-12 15:00:00,0.159,5.837
2019-10-12 16:00:00,0.184,6.12
2019-10-12 17:00:00,0.202,6.303
2019-10-12 18:00:00,0.203,6.312
2019-10-12 19:00:00,0.197,6.252
2019-10-12 20:00:00,0.2,6.282
2019-10-12 21:00:00,0.217,6.439
2019-10-12 22:00:00,0.234,6.602
2019-10-12 23:00:00,0.239,6.652
2019-10-13 00:00:00,0.233,6.595
2019-10-13 01:00:00,0.223,6.51
2019-10-13 02:00:00,0.219,6.467
2019-10-13 03:00:00,0.222,6.492
2019-10-13 04:00:00,0.228,6.549
2019-10-13 05:00:00,0.234,6.602
2019-10-13 06:00:00,0.243,6.685
2019-10-13 07:00:00,0.255,6.803
2019-10-13 08:00:00,0.256,6.809
2019-10-13 09:00:00,0.252,6.772
2019-10-13 10:00:00,0.255,6.801
2019-10-13 11:00:00,0.261,6.845
2019-10-13 12:00:00,0.274,6.959
2019-10-13 13:00:00,0.293,7.117
2019-10-13 14:00:00,0.309,7.256
2019-10-13 15:00:00,0.31,7.262
2019-10-13 16:00:00,0.293,7.117
2019-10-13 17:00:00,0.266,6.896
2019-10-13 18:00:00,0.234,6.608
2019-10-13 19:00:00,0.204,6.319
2019-10-13 20:00:00,0.179,6.066
2019-10-13 21:00:00,0.156,5.806
2019-10-13 22:00:00,0.138,5.583
2019-10-13 23:00:00,0.116,5.302
2019-10-14 00:00:00,0.088,4.892
2019-10-14 01:00:00,0.056,4.324
2019-10-14 02:00:00,0.033,3.788
2019-10-14 03:00:00,0.019,3.301
2019-10-14 04:00:00,0.011,2.921
2019-10-14 05:00:00,0.009,2.788
2019-10-14 06:00:00,0.009,2.85
2019-10-14 07:00:00,0.014,3.085
2019-10-14 08:00:00,0.026,3.571
2019-10-14 09:00:00,0.058,4.365
2019-10-14 10:00:00,0.089,4.91
2019-10-14 11:00:00,0.117,5.309
2019-10-14 12:00:00,0.153,5.773
2019-10-14 13:00:00,0.192,6.191
2019-10-14 14:00:00,0.215,6.419
2019-10-14 15:00:00,0.207,6.343
2019-10-14 16:00:00,0.193,6.207
2019-10-14 17:00:00,0.21,6.368
2019-10-14 18:00:00,0.25,6.742
2019-10-14 19:00:00,0.28,7.011
2019-10-14 20:00:00,0.284,7.053
2019-10-14 21:00:00,0.282,7.037
2019-10-14 22:00:00,0.289,7.089
2019-10-14 23:00:00,0.306,7.231
2019-10-15 00:00:00,0.336,7.472
2019-10-15 01:00:00,0.383,7.839
2019-10-15 02:00:00,0.444,8.292
2019-10-15 03:00:00,0.518,8.829
2019-10-15 04:00:00,0.591,9.387
2019-10-15 05:00:00,0.637,9.756
2019-10-15 06:00:00,0.664,9.978
2019-10-15 07:00:00,0.68,10.119
2019-10-15 08:00:00,0.697,10.268
2019-10-15 09:00:00,0.727,10.549
2019-10-15 10:00:00,0.743,10.705
2019-10-15 11:00:00,0.735,10.621
2019-10-15 12:00:00,0.717,10.446
2019-10-15 13:00:00,0.712,10.404
2019-10-15 14:00:00,0.727,10.553
2019-10-15 15:00:00,0.772,11.005
2019-10-15 16:00:00,0.812,11.479
2019-10-15 17:00:00,0.819,11.567
2019-10-15 18:00:00,0.81,11.462
2019-10-15 19:00:00,0.788,11.193
2019-10-15 20:00:00,0.753,10.81
2019-10-15 21:00:00,0.717,10.459
2019-10-15 22:00:00,0.684,10.146
2019-10-15 23:00:00,0.676,10.076
2019-10-16 00:00:00,0.685,10.161
2019-10-16 01:00:00,0.707,10.359
2019-10-16 02:00:00,0.718,10.466
2019-10-16 03:00:00,0.687,10.181
2019-10-16 04:00:00,0.647,9.842
2019-10-16 05:00:00,0.546,9.042
2019-10-16 06:00:00,0.417,8.081
2019-10-16 07:00:00,0.335,7.467
2019-10-16 08:00:00,0.327,7.392
2019-10-16 09:00:00,0.399,7.959
2019-10-16 10:00:00,0.472,8.489
2019-10-16 11:00:00,0.514,8.799
2019-10-16 12:00:00,0.559,9.143
2019-10-16 13:00:00,0.602,9.478
2019-10-16 14:00:00,0.595,9.414
2019-10-16 15:00:00,0.536,8.972
2019-10-16 16:00:00,0.442,8.274
2019-10-16 17:00:00,0.316,7.315
2019-10-16 18:00:00,0.21,6.383
2019-10-16 19:00:00,0.164,5.898
2019-10-16 20:00:00,0.163,5.893
2019-10-16 21:00:00,0.179,6.063
2019-10-16 22:00:00,0.186,6.136
2019-10-16 23:00:00,0.176,6.024
2019-10-17 00:00:00,0.155,5.79
2019-10-17 01:00:00,0.134,5.535
2019-10-17 02:00:00,0.113,5.266
2019-10-17 03:00:00,0.116,5.295
2019-10-17 04:00:00,0.134,5.537
2019-10-17 05:00:00,0.151,5.747
2019-10-17 06:00:00,0.159,5.838
2019-10-17 07:00:00,0.148,5.715
2019-10-17 08:00:00,0.124,5.41
2019-10-17 09:00:00,0.1,5.075
2019-10-17 10:00:00,0.079,4.759
2019-10-17 11:00:00,0.065,4.504
2019-10-17 12:00:00,0.057,4.337
2019-10-17 13:00:00,0.051,4.218
2019-10-17 14:00:00,0.049,4.168
2019-10-17 15:00:00,0.047,4.116
2019-10-17 16:00:00,0.046,4.099
2019-10-17 17:00:00,0.049,4.172
2019-10-17 18:00:00,0.057,4.339
2019-10-17 19:00:00,0.068,4.555
2019-10-17 20:00:00,0.074,4.666
2019-10-17 21:00:00,0.064,4.485
2019-10-17 22:00:00,0.054,4.283
2019-10-17 23:00:00,0.073,4.641
2019-10-18 00:00:00,0.122,5.387
2019-10-18 01:00:00,0.183,6.105
2019-10-18 02:00:00,0.223,6.502
2019-10-18 03:00:00,0.228,6.556
2019-10-18 04:00:00,0.212,6.398
2019-10-18 05:00:00,0.194,6.211
2019-10-18 06:00:00,0.18,6.073
2019-10-18 07:00:00,0.179,6.058
2019-10-18 08:00:00,0.188,6.153
2019-10-18 09:00:00,0.188,6.161
2019-10-18 10:00:00,0.18,6.074
2019-10-18 11:00:00,0.162,5.877
2019-10-18 12:00:00,0.138,5.583
2019-10-18 13:00:00,0.113,5.271
2019-10-18 14:00:00,0.104,5.137
2019-10-18 15:00:00,0.116,5.297
2019-10-18 16:00:00,0.151,5.751
2019-10-18 17:00:00,0.215,6.417
2019-10-18 18:00:00,0.285,7.062
2019-10-18 19:00:00,0.339,7.497
2019-10-18 20:00:00,0.377,7.781
2019-10-18 21:00:00,0.404,7.991
2019-10-18 22:00:00,0.446,8.305
2019-10-18 23:00:00,0.521,8.864
2019-10-19 00:00:00,0.633,9.72
2019-10-19 01:00:00,0.739,10.667
2019-10-19 02:00:00,0.816,11.525
2019-10-19 03:00:00,0.865,12.25
2019-10-19 04:00:00,0.9,12.888
2019-10-19 05:00:00,0.925,13.459
2019-10-19 06:00:00,0.945,14.041
2019-10-19 07:00:00,0.961,14.636
2019-10-19 08:00:00,0.97,15.107
2019-10-19 09:00:00,0.974,15.335
2019-10-19 10:00:00,0.976,15.469
2019-10-19 11:00:00,0.978,15.629
2019-10-19 12:00:00,0.981,15.838
2019-10-19 13:00:00,0.983,16.022
2019-10-19 14:00:00,0.984,16.199
2019-10-19 15:00:00,0.985,16.309
2019-10-19 16:00:00,0.985,16.316
2019-10-19 17:00:00,0.984,16.126
2019-10-19 18:00:00,0.98,15.819
2019-10-19 19:00:00,0.976,15.48
2019-10-19 20:00:00,0.971,15.175
2019-10-19 21:00:00,0.966,14.899
2019-10-19 22:00:00,0.961,14.649
2019-10-19 23:00:00,0.956,14.432
2019-10-20 00:00:00,0.953,14.327
2019-10-20 01:00:00,0.952,14.297
2019-10-20 02:00:00,0.952,14.275
2019-10-20 03:00:00,0.951,14.24
2019-10-20 04:00:00,0.948,14.139
2019-10-20 05:00:00,0.942,13.934
2019-10-20 06:00:00,0.929,13.573
2019-10-20 07:00:00,0.91,13.09
2019-10-20 08:00:00,0.88,12.486
2019-10-20 09:00:00,0.823,11.631
2019-10-20 10:00:00,0.744,10.715
2019-10-20 11:00:00,0.658,9.925
2019-10-20 12:00:00,0.599,9.448
2019-10-20 13:00:00,0.594,9.404
2019-10-20 14:00:00,0.551,9.086
2019-10-20 15:00:00,0.439,8.251
2019-10-20 16:00:00,0.319,7.338
2019-10-20 17:00:00,0.217,6.446
2019-10-20 18:00:00,0.156,5.809
2019-10-20 19:00:00,0.126,5.442
2019-10-20 20:00:00,0.112,5.249
2019-10-20 21:00:00,0.16,5.849
2019-10-20 22:00:00,0.216,6.433
2019-10-20 23:00:00,0.244,6.702
2019-10-21 00:00:00,0.267,6.907
2019-10-21 01:00:00,0.321,7.347
2019-10-21 02:00:00,0.383,7.838
2019-10-21 03:00:00,0.453,8.358
2019-10-21 04:00:00,0.55,9.077
2019-10-21 05:00:00,0.642,9.793
2019-10-21 06:00:00,0.725,10.528
2019-10-21 07:00:00,0.804,11.378
2019-10-21 08:00:00,0.891,12.711
2019-10-21 09:00:00,0.944,13.993
2019-10-21 10:00:00,0.963,14.76
2019-10-21 11:00:00,0.975,15.437
2019-10-21 12:00:00,0.984,16.183
2019-10-21 13:00:00,0.988,16.874
2019-10-21 14:00:00,0.989,17.532
2019-10-21 15:00:00,0.984,18.415
2019-10-21 16:00:00,0.974,19.152
2019-10-21 17:00:00,0.952,20.001
2019-10-21 18:00:00,0.917,20.855
2019-10-21 19:00:00,0.892,21.3
2019-10-21 20:00:00,0.88,21.49
2019-10-21 21:00:00,0.874,21.57
2019-10-21 22:00:00,0.881,21.476
2019-10-21 23:00:00,0.915,20.889
2019-10-22 00:00:00,0.948,20.127
2019-10-22 01:00:00,0.984,18.47
2019-10-22 02:00:00,0.988,16.843
2019-10-22 03:00:00,0.96,14.635
2019-10-22 04:00:00,0.848,11.974
2019-10-22 05:00:00,0.692,10.223
2019-10-22 06:00:00,0.484,8.591
2019-10-22 07:00:00,0.303,7.212
2019-10-22 08:00:00,0.211,6.389
2019-10-22 09:00:00,0.194,6.213
2019-10-22 10:00:00,0.223,6.511
2019-10-22 11:00:00,0.282,7.032
2019-10-22 12:00:00,0.356,7.625
2019-10-22 13:00:00,0.431,8.199
2019-10-22 14:00:00,0.463,8.426
2019-10-22 15:00:00,0.541,9.004
2019-10-22 16:00:00,0.699,10.288
2019-10-22 17:00:00,0.871,12.338
2019-10-22 18:00:00,0.947,14.117
2019-10-22 19:00:00,0.98,15.742
2019-10-22 20:00:00,0.987,16.549
2019-10-22 21:00:00,0.985,16.316
2019-10-22 22:00:00,0.986,16.405
2019-10-22 23:00:00,0.982,15.986
2019-10-23 00:00:00,0.97,15.073
2019-10-23 01:00:00,0.949,14.176
2019-10-23 02:00:00,0.927,13.506
2019-10-23 03:00:00,0.891,12.703
2019-10-23 04:00:00,0.836,11.808
2019-10-23 05:00:00,0.71,10.39
2019-10-23 06:00:00,0.655,9.898
2019-10-23 07:00:00,0.725,10.53
2019-10-23 08:00:00,0.862,12.197
2019-10-23 09:00:00,0.924,13.428
2019-10-23 10:00:00,0.953,14.336
2019-10-23 11:00:00,0.968,14.987
2019-10-23 12:00:00,0.973,15.278
2019-10-23 13:00:00,0.976,15.49
2019-10-23 14:00:00,0.979,15.676
2019-10-23 15:00:00,0.981,15.853
2019-10-23 16:00:00,0.985,16.248
2019-10-23 17:00:00,0.987,16.587
2019-10-23 18:00:00,0.988,16.757
2019-10-23 19:00:00,0.988,16.85
2019-10-23 20:00:00,0.988,16.808
2019-10-23 21:00:00,0.988,16.693
2019-10-23 22:00:00,0.98,15.77
2019-10-23 23:00:00,0.961,14.644
2019-10-24 00:00:00,0.944,13.994
2019-10-24 01:00:00,0.939,13.858
2019-10-24 02:00:00,0.947,14.119
2019-10-24 03:00:00,0.952,14.28
2019-10-24 04:00:00,0.948,14.135
2019-10-24 05:00:00,0.938,13.819
2019-10-24 06:00:00,0.936,13.742
2019-10-24 07:00:00,0.947,14.13
2019-10-24 08:00:00,0.953,14.326
2019-10-24 09:00:00,0.952,14.294
2019-10-24 10:00:00,0.95,14.205
2019-10-24 11:00:00,0.954,14.347
2019-10-24 12:00:00,0.959,14.581
2019-10-24 13:00:00,0.966,14.879
2019-10-24 14:00:00,0.972,15.206
2019-10-24 15:00:00,0.979,15.72
2019-10-24 16:00:00,0.986,16.404
2019-10-24 17:00:00,0.989,16.938
2019-10-24 18:00:00,0.989,17.327
2019-10-24 19:00:00,0.988,17.821
2019-10-24 20:00:00,0.983,18.527
2019-10-24 21:00:00,0.977,18.99
2019-10-24 22:00:00,0.97,19.349
2019-10-24 23:00:00,0.961,19.709
2019-10-25 00:00:00,0.956,19.868
2019-10-25 01:00:00,0.954,19.944
2019-10-25 02:00:00,0.95,20.073
2019-10-25 03:00:00,0.947,20.142
2019-10-25 04:00:00,0.943,20.259
2019-10-25 05:00:00,0.937,20.399
2019-10-25 06:00:00,0.94,20.338
2019-10-25 07:00:00,0.943,20.259
2019-10-25 08:00:00,0.939,20.38
2019-10-25 09:00:00,0.905,21.088
2019-10-25 10:00:00,0.837,22.066
2019-10-25 11:00:00,0.754,22.945
2019-10-25 12:00:00,0.702,23.428
2019-10-25 13:00:00,0.685,23.571
2019-10-25 14:00:00,0.695,23.478
2019-10-25 15:00:00,0.717,23.29
2019-10-25 16:00:00,0.776,22.74
2019-10-25 17:00:00,0.847,21.946
2019-10-25 18:00:00,0.898,21.205
2019-10-25 19:00:00,0.926,20.651
2019-10-25 20:00:00,0.948,20.128
2019-10-25 21:00:00,0.97,19.352
2019-10-25 22:00:00,0.984,18.378
2019-10-25 23:00:00,0.989,17.354
2019-10-26 00:00:00,0.985,16.343
2019-10-26 01:00:00,0.976,15.477
2019-10-26 02:00:00,0.968,14.964
2019-10-26 03:00:00,0.962,14.676
2019-10-26 04:00:00,0.963,14.737
2019-10-26 05:00:00,0.966,14.898
2019-10-26 06:00:00,0.966,14.902
2019-10-26 07:00:00,0.963,14.725
2019-10-26 08:00:00,0.951,14.249
2019-10-26 09:00:00,0.928,13.549
2019-10-26 10:00:00,0.9,12.89
2019-10-26 11:00:00,0.872,12.362
2019-10-26 12:00:00,0.851,12.021
2019-10-26 13:00:00,0.828,11.692
2019-10-26 14:00:00,0.79,11.215
2019-10-26 15:00:00,0.749,10.77
2019-10-26 16:00:00,0.709,10.384
2019-10-26 17:00:00,0.658,9.928
2019-10-26 18:00:00,0.605,9.499
2019-10-26 19:00:00,0.573,9.246
2019-10-26 20:00:00,0.58,9.304
2019-10-26 21:00:00,0.611,9.546
2019-10-26 22:00:00,0.648,9.847
2019-10-26 23:00:00,0.702,10.32
2019-10-27 00:00:00,0.771,10.996
2019-10-27 01:00:00,0.824,11.632
2019-10-27 02:00:00,0.86,12.161
2019-10-27 03:00:00,0.893,12.736
2019-10-27 04:00:00,0.926,13.483
2019-10-27 05:00:00,0.956,14.441
2019-10-27 06:00:00,0.975,15.422
2019-10-27 07:00:00,0.984,16.156
2019-10-27 08:00:00,0.986,16.45
2019-10-27 09:00:00,0.985,16.264
2019-10-27 10:00:00,0.978,15.575
2019-10-27 11:00:00,0.966,14.905
2019-10-27 12:00:00,0.954,14.368
2019-10-27 13:00:00,0.938,13.823
2019-10-27 14:00:00,0.918,13.294
2019-10-27 15:00:00,0.902,12.93
2019-10-27 16:00:00,0.892,12.729
2019-10-27 17:00:00,0.883,12.551
2019-10-27 18:00:00,0.866,12.253
2019-10-27 19:00:00,0.839,11.843
2019-10-27 20:00:00,0.817,11.533
2019-10-27 21:00:00,0.809,11.445
2019-10-27 22:00:00,0.815,11.517
2019-10-27 23:00:00,0.829,11.709
2019-10-28 00:00:00,0.846,11.953
2019-10-28 01:00:00,0.863,12.205
2019-10-28 02:00:00,0.873,12.377
2019-10-28 03:00:00,0.877,12.44
2019-10-28 04:00:00,0.873,12.374
2019-10-28 05:00:00,0.861,12.167
2019-10-28 06:00:00,0.845,11.918
2019-10-28 07:00:00,0.822,11.605
2019-10-28 08:00:00,0.792,11.235
2019-10-28 09:00:00,0.764,10.929
2019-10-28 10:00:00,0.738,10.656
2019-10-28 11:00:00,0.715,10.434
2019-10-28 12:00:00,0.698,10.28
2019-10-28 13:00:00,0.691,10.208
2019-10-28 14:00:00,0.689,10.2
2019-10-28 15:00:00,0.679,10.115
2019-10-28 16:00:00,0.656,9.913
2019-10-28 17:00:00,0.619,9.611
2019-10-28 18:00:00,0.569,9.223
2019-10-28 19:00:00,0.511,8.779
2019-10-28 20:00:00,0.444,8.293
2019-10-28 21:00:00,0.38,7.815
2019-10-28 22:00:00,0.328,7.411
2019-10-28 23:00:00,0.293,7.118
2019-10-29 00:00:00,0.269,6.917
2019-10-29 01:00:00,0.244,6.702
2019-10-29 02:00:00,0.215,6.43
2019-10-29 03:00:00,0.192,6.193
2019-10-29 04:00:00,0.172,5.991
2019-10-29 05:00:00,0.148,5.718
2019-10-29 06:00:00,0.129,5.487
2019-10-29 07:00:00,0.118,5.329
2019-10-29 08:00:00,0.109,5.204
2019-10-29 09:00:00,0.095,5.004
2019-10-29 10:00:00,0.065,4.505
2019-10-29 11:00:00,0.032,3.752
2019-10-29 12:00:00,0.022,3.415
2019-10-29 13:00:00,0.038,3.908
2019-10-29 14:00:00,0.073,4.632
2019-10-29 15:00:00,0.097,5.03
2019-10-29 16:00:00,0.109,5.218
2019-10-29 17:00:00,0.117,5.319
2019-10-29 18:00:00,0.124,5.41
2019-10-29 19:00:00,0.125,5.427
2019-10-29 20:00:00,0.113,5.263
2019-10-29 21:00:00,0.116,5.297
2019-10-29 22:00:00,0.155,5.79
2019-10-29 23:00:00,0.204,6.321
2019-10-30 00:00:00,0.246,6.718
2019-10-30 01:00:00,0.275,6.972
2019-10-30 02:00:00,0.3,7.183
2019-10-30 03:00:00,0.313,7.291
2019-10-30 04:00:00,0.31,7.26
2019-10-30 05:00:00,0.284,7.048
2019-10-30 06:00:00,0.255,6.804
2019-10-30 07:00:00,0.224,6.513
2019-10-30 08:00:00,0.2,6.281
2019-10-30 09:00:00,0.189,6.164
2019-10-30 10:00:00,0.193,6.204
2019-10-30 11:00:00,0.211,6.387
2019-10-30 12:00:00,0.23,6.572
2019-10-30 13:00:00,0.237,6.635
2019-10-30 14:00:00,0.231,6.576
2019-10-30 15:00:00,0.214,6.414
2019-10-30 16:00:00,0.197,6.238
2019-10-30 17:00:00,0.178,6.048
2019-10-30 18:00:00,0.159,5.837
2019-10-30 19:00:00,0.144,5.662
2019-10-30 20:00:00,0.132,5.522
2019-10-30 21:00:00,0.129,5.482
2019-10-30 22:00:00,0.135,5.55
2019-10-30 23:00:00,0.134,5.536
2019-10-31 00:00:00,0.126,5.438
2019-10-31 01:00:00,0.115,5.284
2019-10-31 02:00:00,0.108,5.195
2019-10-31 03:00:00,0.091,4.944
2019-10-31 04:00:00,0.064,4.483
2019-10-31 05:00:00,0.041,3.985
2019-10-31 06:00:00,0.028,3.625
2019-10-31 07:00:00,0.024,3.512
2019-10-31 08:00:00,0.035,3.829
2019-10-31 09:00:00,0.067,4.534
2019-10-31 10:00:00,0.12,5.362
2019-10-31 11:00:00,0.187,6.146
2019-10-31 12:00:00,0.25,6.746
2019-10-31 13:00:00,0.288,7.079
2019-10-31 14:00:00,0.307,7.237
2019-10-31 15:00:00,0.316,7.316
2019-10-31 16:00:00,0.327,7.398
2019-10-31 17:00:00,0.333,7.447
2019-10-31 18:00:00,0.316,7.317
2019-10-31 19:00:00,0.297,7.149
2019-10-31 20:00:00,0.27,6.93
2019-10-31 21:00:00,0.235,6.615
2019-10-31 22:00:00,0.197,6.245
2019-10-31 23:00:00,0.153,5.774
2019-11-01 00:00:00,0.102,5.117
2019-11-01 01:00:00,0.064,4.477
2019-11-01 02:00:00,0.048,4.14
2019-11-01 03:00:00,0.04,3.963
2019-11-01 04:00:00,0.037,3.87
2019-11-01 05:00:00,0.046,4.11
2019-11-01 06:00:00,0.07,4.602
2019-11-01 07:00:00,0.102,5.112
2019-11-01 08:00:00,0.148,5.72
2019-11-01 09:00:00,0.208,6.348
2019-11-01 10:00:00,0.267,6.904
2019-11-01 11:00:00,0.343,7.524
2019-11-01 12:00:00,0.428,8.166
2019-11-01 13:00:00,0.528,8.902
2019-11-01 14:00:00,0.633,9.725
2019-11-01 15:00:00,0.718,10.463
2019-11-01 16:00:00,0.781,11.11
2019-11-01 17:00:00,0.82,11.586
2019-11-01 18:00:00,0.839,11.843
2019-11-01 19:00:00,0.85,12.0
2019-11-01 20:00:00,0.866,12.257
2019-11-01 21:00:00,0.886,12.597
2019-11-01 22:00:00,0.906,13.02
2019-11-01 23:00:00,0.927,13.518
2019-11-02 00:00:00,0.946,14.075
2019-11-02 01:00:00,0.96,14.628
2019-11-02 02:00:00,0.972,15.185
2019-11-02 03:00:00,0.981,15.831
2019-11-02 04:00:00,0.987,16.626
2019-11-02 05:00:00,0.989,17.415
2019-11-02 06:00:00,0.987,18.015
2019-11-02 07:00:00,0.983,18.501
2019-11-02 08:00:00,0.976,19.019
2019-11-02 09:00:00,0.967,19.452
2019-11-02 10:00:00,0.967,19.474
2019-11-02 11:00:00,0.973,19.21
2019-11-02 12:00:00,0.978,18.872
2019-11-02 13:00:00,0.981,18.67
2019-11-02 14:00:00,0.981,18.644
2019-11-02 15:00:00,0.979,18.868
2019-11-02 16:00:00,0.971,19.269
2019-11-02 17:00:00,0.961,19.701
2019-11-02 18:00:00,0.953,19.974
2019-11-02 19:00:00,0.953,19.98
2019-11-02 20:00:00,0.956,19.887
2019-11-02 21:00:00,0.958,19.816
2019-11-02 22:00:00,0.96,19.758
2019-11-02 23:00:00,0.961,19.696
2019-11-03 00:00:00,0.966,19.508
2019-11-03 01:00:00,0.973,19.217
2019-11-03 02:00:00,0.978,18.93
2019-11-03 03:00:00,0.982,18.594
2019-11-03 04:00:00,0.986,18.211
2019-11-03 05:00:00,0.988,17.918
2019-11-03 06:00:00,0.989,17.713
2019-11-03 07:00:00,0.989,17.57
2019-11-03 08:00:00,0.989,17.433
2019-11-03 09:00:00,0.989,17.177
2019-11-03 10:00:00,0.988,16.872
2019-11-03 11:00:00,0.987,16.58
2019-11-03 12:00:00,0.985,16.287
2019-11-03 13:00:00,0.982,15.997
2019-11-03 14:00:00,0.979,15.694
2019-11-03 15:00:00,0.976,15.47
2019-11-03 16:00:00,0.973,15.303
2019-11-03 17:00:00,0.971,15.162
2019-11-03 18:00:00,0.97,15.083
2019-11-03 19:00:00,0.969,15.049
2019-11-03 20:00:00,0.968,15.0
2019-11-03 21:00:00,0.966,14.875
2019-11-03 22:00:00,0.962,14.693
2019-11-03 23:00:00,0.957,14.489
2019-11-04 00:00:00,0.953,14.309
2019-11-04 01:00:00,0.95,14.203
2019-11-04 02:00:00,0.948,14.142
2019-11-04 03:00:00,0.949,14.19
2019-11-04 04:00:00,0.953,14.335
2019-11-04 05:00:00,0.958,14.516
2019-11-04 06:00:00,0.962,14.72
2019-11-04 07:00:00,0.966,14.895
2019-11-04 08:00:00,0.968,15.0
2019-11-04 09:00:00,0.969,15.022
2019-11-04 10:00:00,0.968,15.01
2019-11-04 11:00:00,0.968,15.009
2019-11-04 12:00:00,0.967,14.953
2019-11-04 13:00:00,0.965,14.856
2019-11-04 14:00:00,0.964,14.774
2019-11-04 15:00:00,0.963,14.726
2019-11-04 16:00:00,0.962,14.685
2019-11-04 17:00:00,0.958,14.547
2019-11-04 18:00:00,0.951,14.268
2019-11-04 19:00:00,0.939,13.831
2019-11-04 20:00:00,0.92,13.328
2019-11-04 21:00:00,0.895,12.791
2019-11-04 22:00:00,0.87,12.327
2019-11-04 23:00:00,0.851,12.008
2019-11-05 00:00:00,0.84,11.858
2019-11-05 01:00:00,0.836,11.8
2019-11-05 02:00:00,0.826,11.658
2019-11-05 03:00:00,0.808,11.433
2019-11-05 04:00:00,0.785,11.154
2019-11-05 05:00:00,0.751,10.793
2019-11-05 06:00:00,0.712,10.41
2019-11-05 07:00:00,0.667,10.006
2019-11-05 08:00:00,0.616,9.583
2019-11-05 09:00:00,0.575,9.269
2019-11-05 10:00:00,0.545,9.03
2019-11-05 11:00:00,0.514,8.799
2019-11-05 12:00:00,0.489,8.624
2019-11-05 13:00:00,0.472,8.499
2019-11-05 14:00:00,0.473,8.504
2019-11-05 15:00:00,0.491,8.638
2019-11-05 16:00:00,0.518,8.835
2019-11-05 17:00:00,0.542,9.011
2019-11-05 18:00:00,0.562,9.165
2019-11-05 19:00:00,0.577,9.285
2019-11-05 20:00:00,0.578,9.288
2019-11-05 21:00:00,0.555,9.112
2019-11-05 22:00:00,0.514,8.811
2019-11-05 23:00:00,0.47,8.483
2019-11-06 00:00:00,0.429,8.173
2019-11-06 01:00:00,0.394,7.915
2019-11-06 02:00:00,0.366,7.711
2019-11-06 03:00:00,0.353,7.602
2019-11-06 04:00:00,0.345,7.547
2019-11-06 05:00:00,0.333,7.45
2019-11-06 06:00:00,0.315,7.309
2019-11-06 07:00:00,0.296,7.145
2019-11-06 08:00:00,0.27,6.925
2019-11-06 09:00:00,0.222,6.496
2019-11-06 10:00:00,0.149,5.722
2019-11-06 11:00:00,0.077,4.716
2019-11-06 12:00:00,0.041,3.978
2019-11-06 13:00:00,0.029,3.64
2019-11-06 14:00:00,0.028,3.625
2019-11-06 15:00:00,0.039,3.927
2019-11-06 16:00:00,0.061,4.419
2019-11-06 17:00:00,0.087,4.887
2019-11-06 18:00:00,0.113,5.265
2019-11-06 19:00:00,0.136,5.556
2019-11-06 20:00:00,0.156,5.794
2019-11-06 21:00:00,0.175,6.015
2019-11-06 22:00:00,0.21,6.372
2019-11-06 23:00:00,0.269,6.917
2019-11-07 00:00:00,0.358,7.637
2019-11-07 01:00:00,0.48,8.555
2019-11-07 02:00:00,0.613,9.559
2019-11-07 03:00:00,0.71,10.385
2019-11-07 04:00:00,0.775,11.048
2019-11-07 05:00:00,0.823,11.629
2019-11-07 06:00:00,0.858,12.136
2019-11-07 07:00:00,0.88,12.496
2019-11-07 08:00:00,0.889,12.661
2019-11-07 09:00:00,0.893,12.75
2019-11-07 10:00:00,0.898,12.829
2019-11-07 11:00:00,0.901,12.901
2019-11-07 12:00:00,0.903,12.94
2019-11-07 13:00:00,0.899,12.868
2019-11-07 14:00:00,0.89,12.677
2019-11-07 15:00:00,0.87,12.321
2019-11-07 16:00:00,0.837,11.819
2019-11-07 17:00:00,0.797,11.296
2019-11-07 18:00:00,0.76,10.869
2019-11-07 19:00:00,0.729,10.57
2019-11-07 20:00:00,0.707,10.359
2019-11-07 21:00:00,0.698,10.275
2019-11-07 22:00:00,0.691,10.208
2019-11-07 23:00:00,0.685,10.162
2019-11-08 00:00:00,0.691,10.211
2019-11-08 01:00:00,0.703,10.323
2019-11-08 02:00:00,0.71,10.387
2019-11-08 03:00:00,0.694,10.247
2019-11-08 04:00:00,0.66,9.94
2019-11-08 05:00:00,0.607,9.51
2019-11-08 06:00:00,0.534,8.96
2019-11-08 07:00:00,0.45,8.336
2019-11-08 08:00:00,0.363,7.688
2019-11-08 09:00:00,0.291,7.108
2019-11-08 10:00:00,0.236,6.624
2019-11-08 11:00:00,0.195,6.228
2019-11-08 12:00:00,0.152,5.762
2019-11-08 13:00:00,0.116,5.306
2019-11-08 14:00:00,0.1,5.073
2019-11-08 15:00:00,0.107,5.185
2019-11-08 16:00:00,0.14,5.617
2019-11-08 17:00:00,0.186,6.141
2019-11-08 18:00:00,0.233,6.596
2019-11-08 19:00:00,0.266,6.889
2019-11-08 20:00:00,0.278,6.992
2019-11-08 21:00:00,0.279,7.006
2019-11-08 22:00:00,0.289,7.085
2019-11-08 23:00:00,0.319,7.336
2019-11-09 00:00:00,0.373,7.756
2019-11-09 01:00:00,0.446,8.304
2019-11-09 02:00:00,0.514,8.804
2019-11-09 03:00:00,0.555,9.114
2019-11-09 04:00:00,0.577,9.286
2019-11-09 05:00:00,0.596,9.423
2019-11-09 06:00:00,0.611,9.547
2019-11-09 07:00:00,0.628,9.671
2019-11-09 08:00:00,0.634,9.729
2019-11-09 09:00:00,0.618,9.604
2019-11-09 10:00:00,0.576,9.271
2019-11-09 11:00:00,0.515,8.818
2019-11-09 12:00:00,0.458,8.393
2019-11-09 13:00:00,0.421,8.116
2019-11-09 14:00:00,0.404,7.993
2019-11-09 15:00:00,0.413,8.067
2019-11-09 16:00:00,0.45,8.325
2019-11-09 17:00:00,0.494,8.656
2019-11-09 18:00:00,0.535,8.965
2019-11-09 19:00:00,0.561,9.149
2019-11-09 20:00:00,0.566,9.195
2019-11-09 21:00:00,0.547,9.049
2019-11-09 22:00:00,0.503,8.726
2019-11-09 23:00:00,0.454,8.365
2019-11-10 00:00:00,0.411,8.046
2019-11-10 01:00:00,0.376,7.776
2019-11-10 02:00:00,0.348,7.567
2019-11-10 03:00:00,0.319,7.33
2019-11-10 04:00:00,0.283,7.039
2019-11-10 05:00:00,0.245,6.704
2019-11-10 06:00:00,0.191,6.184
2019-11-10 07:00:00,0.128,5.459
2019-11-10 08:00:00,0.085,4.85
2019-11-10 09:00:00,0.09,4.925
2019-11-10 10:00:00,0.157,5.822
2019-11-10 11:00:00,0.201,6.294
2019-11-10 12:00:00,0.14,5.614
2019-11-10 13:00:00,0.117,5.307
2019-11-10 14:00:00,0.187,6.143
2019-11-10 15:00:00,0.333,7.446
2019-11-10 16:00:00,0.478,8.542
2019-11-10 17:00:00,0.548,9.063
2019-11-10 18:00:00,0.585,9.344
2019-11-10 19:00:00,0.615,9.574
2019-11-10 20:00:00,0.655,9.899
2019-11-10 21:00:00,0.722,10.506
2019-11-10 22:00:00,0.791,11.221
2019-11-10 23:00:00,0.839,11.843
2019-11-11 00:00:00,0.875,12.405
2019-11-11 01:00:00,0.904,12.969
2019-11-11 02:00:00,0.924,13.434
2019-11-11 03:00:00,0.936,13.759
2019-11-11 04:00:00,0.946,14.077
2019-11-11 05:00:00,0.958,14.528
2019-11-11 06:00:00,0.97,15.088
2019-11-11 07:00:00,0.977,15.535
2019-11-11 08:00:00,0.979,15.731
2019-11-11 09:00:00,0.978,15.599
2019-11-11 10:00:00,0.973,15.29
2019-11-11 11:00:00,0.967,14.954
2019-11-11 12:00:00,0.96,14.597
2019-11-11 13:00:00,0.952,14.274
2019-11-11 14:00:00,0.946,14.07
2019-11-11 15:00:00,0.945,14.035
2019-11-11 16:00:00,0.945,14.049
2019-11-11 17:00:00,0.946,14.077
2019-11-11 18:00:00,0.947,14.12
2019-11-11 19:00:00,0.949,14.2
2019-11-11 20:00:00,0.951,14.269
2019-11-11 21:00:00,0.953,14.327
2019-11-11 22:00:00,0.954,14.367
2019-11-11 23:00:00,0.954,14.361
2019-11-12 00:00:00,0.951,14.269
2019-11-12 01:00:00,0.948,14.159
2019-11-12 02:00:00,0.944,14.017
2019-11-12 03:00:00,0.937,13.781
2019-11-12 04:00:00,0.924,13.431
2019-11-12 05:00:00,0.903,12.95
2019-11-12 06:00:00,0.872,12.364
2019-11-12 07:00:00,0.834,11.774
2019-11-12 08:00:00,0.796,11.28
2019-11-12 09:00:00,0.763,10.905
2019-11-12 10:00:00,0.747,10.739
2019-11-12 11:00:00,0.74,10.678
2019-11-12 12:00:00,0.742,10.695
2019-11-12 13:00:00,0.747,10.738
2019-11-12 14:00:00,0.745,10.728
2019-11-12 15:00:00,0.724,10.52
2019-11-12 16:00:00,0.69,10.204
2019-11-12 17:00:00,0.656,9.906
2019-11-12 18:00:00,0.625,9.661
2019-11-12 19:00:00,0.591,9.392
2019-11-12 20:00:00,0.555,9.113
2019-11-12 21:00:00,0.516,8.822
2019-11-12 22:00:00,0.46,8.409
2019-11-12 23:00:00,0.396,7.933
2019-11-13 00:00:00,0.333,7.443
2019-11-13 01:00:00,0.278,6.993
2019-11-13 02:00:00,0.236,6.628
2019-11-13 03:00:00,0.212,6.397
2019-11-13 04:00:00,0.2,6.28
2019-11-13 05:00:00,0.199,6.27
2019-11-13 06:00:00,0.201,6.291
2019-11-13 07:00:00,0.21,6.375
2019-11-13 08:00:00,0.225,6.529
2019-11-13 09:00:00,0.236,6.628
2019-11-13 10:00:00,0.244,6.7
2019-11-13 11:00:00,0.252,6.771
2019-11-13 12:00:00,0.262,6.862
2019-11-13 13:00:00,0.278,7.001
2019-11-13 14:00:00,0.308,7.24
2019-11-13 15:00:00,0.345,7.546
2019-11-13 16:00:00,0.389,7.877
2019-11-13 17:00:00,0.436,8.234
2019-11-13 18:00:00,0.489,8.621
2019-11-13 19:00:00,0.53,8.92
2019-11-13 20:00:00,0.549,9.066
2019-11-13 21:00:00,0.558,9.134
2019-11-13 22:00:00,0.561,9.152
2019-11-13 23:00:00,0.565,9.187
2019-11-14 00:00:00,0.578,9.29
2019-11-14 01:00:00,0.602,9.476
2019-11-14 02:00:00,0.631,9.702
2019-11-14 03:00:00,0.663,9.969
2019-11-14 04:00:00,0.697,10.273
2019-11-14 05:00:00,0.729,10.566
2019-11-14 06:00:00,0.752,10.798
2019-11-14 07:00:00,0.771,11.002
2019-11-14 08:00:00,0.787,11.177
2019-11-14 09:00:00,0.798,11.304
2019-11-14 10:00:00,0.813,11.485
2019-11-14 11:00:00,0.833,11.757
2019-11-14 12:00:00,0.852,12.036
2019-11-14 13:00:00,0.865,12.245
2019-11-14 14:00:00,0.871,12.331
2019-11-14 15:00:00,0.868,12.286
2019-11-14 16:00:00,0.856,12.093
2019-11-14 17:00:00,0.84,11.863
2019-11-14 18:00:00,0.828,11.698
2019-11-14 19:00:00,0.827,11.669
2019-11-14 20:00:00,0.832,11.74
2019-11-14 21:00:00,0.83,11.716
2019-11-14 22:00:00,0.823,11.627
2019-11-14 23:00:00,0.821,11.595
2019-11-15 00:00:00,0.82,11.584
2019-11-15 01:00:00,0.82,11.584
2019-11-15 02:00:00,0.818,11.558
2019-11-15 03:00:00,0.806,11.407
2019-11-15 04:00:00,0.773,11.011
2019-11-15 05:00:00,0.714,10.419
2019-11-15 06:00:00,0.623,9.641
2019-11-15 07:00:00,0.514,8.807
2019-11-15 08:00:00,0.417,8.081
2019-11-15 09:00:00,0.359,7.642
2019-11-15 10:00:00,0.329,7.413
2019-11-15 11:00:00,0.307,7.235
2019-11-15 12:00:00,0.282,7.036
2019-11-15 13:00:00,0.254,6.789
2019-11-15 14:00:00,0.227,6.543
2019-11-15 15:00:00,0.199,6.274
2019-11-15 16:00:00,0.178,6.046
2019-11-15 17:00:00,0.156,5.798
2019-11-15 18:00:00,0.135,5.541
2019-11-15 19:00:00,0.12,5.365
2019-11-15 20:00:00,0.113,5.262
2019-11-15 21:00:00,0.11,5.223
2019-11-15 22:00:00,0.105,5.157
2019-11-15 23:00:00,0.091,4.951
2019-11-16 00:00:00,0.074,4.662
2019-11-16 01:00:00,0.065,4.493
2019-11-16 02:00:00,0.058,4.36
2019-11-16 03:00:00,0.045,4.074
2019-11-16 04:00:00,0.037,3.874
2019-11-16 05:00:00,0.042,4.012
2019-11-16 06:00:00,0.063,4.466
2019-11-16 07:00:00,0.09,4.924
2019-11-16 08:00:00,0.126,5.442
2019-11-16 09:00:00,0.161,5.868
2019-11-16 10:00:00,0.177,6.04
2019-11-16 11:00:00,0.183,6.106
2019-11-16 12:00:00,0.183,6.101
2019-11-16 13:00:00,0.171,5.967
2019-11-16 14:00:00,0.148,5.707
2019-11-16 15:00:00,0.126,5.443
2019-11-16 16:00:00,0.109,5.2
2019-11-16 17:00:00,0.099,5.059
2019-11-16 18:00:00,0.104,5.135
2019-11-16 19:00:00,0.123,5.405
2019-11-16 20:00:00,0.151,5.756
2019-11-16 21:00:00,0.172,5.99
2019-11-16 22:00:00,0.183,6.106
2019-11-16 23:00:00,0.189,6.166
2019-11-17 00:00:00,0.187,6.151
2019-11-17 01:00:00,0.197,6.239
2019-11-17 02:00:00,0.244,6.7
2019-11-17 03:00:00,0.334,7.461
2019-11-17 04:00:00,0.45,8.338
2019-11-17 05:00:00,0.54,9.0
2019-11-17 06:00:00,0.553,9.1
2019-11-17 07:00:00,0.499,8.693
2019-11-17 08:00:00,0.405,8.003
2019-11-17 09:00:00,0.326,7.389
2019-11-17 10:00:00,0.288,7.08
2019-11-17 11:00:00,0.287,7.072
2019-11-17 12:00:00,0.302,7.19
2019-11-17 13:00:00,0.313,7.293
2019-11-17 14:00:00,0.313,7.29
2019-11-17 15:00:00,0.33,7.423
2019-11-17 16:00:00,0.341,7.507
2019-11-17 17:00:00,0.334,7.457
2019-11-17 18:00:00,0.313,7.283
2019-11-17 19:00:00,0.28,7.011
2019-11-17 20:00:00,0.254,6.79
2019-11-17 21:00:00,0.258,6.822
2019-11-17 22:00:00,0.275,6.97
2019-11-17 23:00:00,0.272,6.941
2019-11-18 00:00:00,0.264,6.874
2019-11-18 01:00:00,0.267,6.903
2019-11-18 02:00:00,0.279,7.006
2019-11-18 03:00:00,0.284,7.047
2019-11-18 04:00:00,0.289,7.083
2019-11-18 05:00:00,0.28,7.015
2019-11-18 06:00:00,0.262,6.862
2019-11-18 07:00:00,0.257,6.82
2019-11-18 08:00:00,0.252,6.77
2019-11-18 09:00:00,0.225,6.526
2019-11-18 10:00:00,0.198,6.256
2019-11-18 11:00:00,0.172,5.978
2019-11-18 12:00:00,0.143,5.66
2019-11-18 13:00:00,0.118,5.34
2019-11-18 14:00:00,0.095,5.008
2019-11-18 15:00:00,0.08,4.766
2019-11-18 16:00:00,0.068,4.552
2019-11-18 17:00:00,0.051,4.23
2019-11-18 18:00:00,0.033,3.766
2019-11-18 19:00:00,0.019,3.299
2019-11-18 20:00:00,0.013,3.073
2019-11-18 21:00:00,0.01,2.859
2019-11-18 22:00:00,0.006,2.589
2019-11-18 23:00:00,0.004,2.384
2019-11-19 00:00:00,0.003,2.238
2019-11-19 01:00:00,0.002,2.148
2019-11-19 02:00:00,0.002,2.141
2019-11-19 03:00:00,0.002,2.158
2019-11-19 04:00:00,0.003,2.206
2019-11-19 05:00:00,0.003,2.264
2019-11-19 06:00:00,0.003,2.338
2019-11-19 07:00:00,0.004,2.39
2019-11-19 08:00:00,0.004,2.432
2019-11-19 09:00:00,0.005,2.501
2019-11-19 10:00:00,0.008,2.767
2019-11-19 11:00:00,0.019,3.297
2019-11-19 12:00:00,0.045,4.091
2019-11-19 13:00:00,0.098,5.043
2019-11-19 14:00:00,0.171,5.967
2019-11-19 15:00:00,0.264,6.87
2019-11-19 16:00:00,0.361,7.663
2019-11-19 17:00:00,0.465,8.448
2019-11-19 18:00:00,0.577,9.28
2019-11-19 19:00:00,0.672,10.048
2019-11-19 20:00:00,0.742,10.697
2019-11-19 21:00:00,0.783,11.133
2019-11-19 22:00:00,0.808,11.427
2019-11-19 23:00:00,0.817,11.543
2019-11-20 00:00:00,0.815,11.521
2019-11-20 01:00:00,0.82,11.582
2019-11-20 02:00:00,0.832,11.748
2019-11-20 03:00:00,0.845,11.927
2019-11-20 04:00:00,0.853,12.054
2019-11-20 05:00:00,0.844,11.913
2019-11-20 06:00:00,0.828,11.697
2019-11-20 07:00:00,0.827,11.684
2019-11-20 08:00:00,0.847,11.96
2019-11-20 09:00:00,0.863,12.206
2019-11-20 10:00:00,0.893,12.738
2019-11-20 11:00:00,0.922,13.369
2019-11-20 12:00:00,0.935,13.748
2019-11-20 13:00:00,0.944,13.988
2019-11-20 14:00:00,0.944,14.021
2019-11-20 15:00:00,0.944,14.027
2019-11-20 16:00:00,0.95,14.212
2019-11-20 17:00:00,0.956,14.454
2019-11-20 18:00:00,0.962,14.689
2019-11-20 19:00:00,0.965,14.839
2019-11-20 20:00:00,0.967,14.924
2019-11-20 21:00:00,0.965,14.865
2019-11-20 22:00:00,0.961,14.655
2019-11-20 23:00:00,0.956,14.428
2019-11-21 00:00:00,0.949,14.177
2019-11-21 01:00:00,0.939,13.845
2019-11-21 02:00:00,0.93,13.589
2019-11-21 03:00:00,0.925,13.466
2019-11-21 04:00:00,0.927,13.521
2019-11-21 05:00:00,0.931,13.63
2019-11-21 06:00:00,0.933,13.667
2019-11-21 07:00:00,0.932,13.638
2019-11-21 08:00:00,0.93,13.588
2019-11-21 09:00:00,0.93,13.6
2019-11-21 10:00:00,0.934,13.717
2019-11-21 11:00:00,0.941,13.922
2019-11-21 12:00:00,0.944,14.016
2019-11-21 13:00:00,0.941,13.897
2019-11-21 14:00:00,0.932,13.656
2019-11-21 15:00:00,0.92,13.34
2019-11-21 16:00:00,0.9,12.89
2019-11-21 17:00:00,0.877,12.44
2019-11-21 18:00:00,0.857,12.109
2019-11-21 19:00:00,0.847,11.957
2019-11-21 20:00:00,0.846,11.943
2019-11-21 21:00:00,0.85,12.003
2019-11-21 22:00:00,0.852,12.033
2019-11-21 23:00:00,0.857,12.109
2019-11-22 00:00:00,0.859,12.147
2019-11-22 01:00:00,0.864,12.229
2019-11-22 02:00:00,0.872,12.357
2019-11-22 03:00:00,0.88,12.496
2019-11-22 04:00:00,0.891,12.696
2019-11-22 05:00:00,0.894,12.753
2019-11-22 06:00:00,0.89,12.68
2019-11-22 07:00:00,0.884,12.567
2019-11-22 08:00:00,0.873,12.38
2019-11-22 09:00:00,0.867,12.273
2019-11-22 10:00:00,0.875,12.405
2019-11-22 11:00:00,0.885,12.592
2019-11-22 12:00:00,0.882,12.542
2019-11-22 13:00:00,0.89,12.671
2019-11-22 14:00:00,0.904,12.968
2019-11-22 15:00:00,0.907,13.039
2019-11-22 16:00:00,0.905,12.997
2019-11-22 17:00:00,0.906,13.02
2019-11-22 18:00:00,0.907,13.036
2019-11-22 19:00:00,0.903,12.946
2019-11-22 20:00:00,0.903,12.952
2019-11-22 21:00:00,0.887,12.622
2019-11-22 22:00:00,0.842,11.886
2019-11-22 23:00:00,0.777,11.069
2019-11-23 00:00:00,0.703,10.322
2019-11-23 01:00:00,0.617,9.593
2019-11-23 02:00:00,0.54,8.991
2019-11-23 03:00:00,0.489,8.627
2019-11-23 04:00:00,0.459,8.399
2019-11-23 05:00:00,0.438,8.244
2019-11-23 06:00:00,0.441,8.269
2019-11-23 07:00:00,0.461,8.414
2019-11-23 08:00:00,0.492,8.642
2019-11-23 09:00:00,0.499,8.692
2019-11-23 10:00:00,0.479,8.546
2019-11-23 11:00:00,0.444,8.292
2019-11-23 12:00:00,0.422,8.133
2019-11-23 13:00:00,0.444,8.28
2019-11-23 14:00:00,0.502,8.721
2019-11-23 15:00:00,0.568,9.214
2019-11-23 16:00:00,0.616,9.585
2019-11-23 17:00:00,0.647,9.841
2019-11-23 18:00:00,0.679,10.104
2019-11-23 19:00:00,0.687,10.174
2019-11-23 20:00:00,0.698,10.276
2019-11-23 21:00:00,0.75,10.778
2019-11-23 22:00:00,0.813,11.488
2019-11-23 23:00:00,0.853,12.06
2019-11-24 00:00:00,0.881,12.517
2019-11-24 01:00:00,0.904,12.969
2019-11-24 02:00:00,0.92,13.323
2019-11-24 03:00:00,0.933,13.678
2019-11-24 04:00:00,0.943,13.959
2019-11-24 05:00:00,0.952,14.279
2019-11-24 06:00:00,0.958,14.525
2019-11-24 07:00:00,0.961,14.636
2019-11-24 08:00:00,0.959,14.571
2019-11-24 09:00:00,0.954,14.38
2019-11-24 10:00:00,0.946,14.057
2019-11-24 11:00:00,0.933,13.669
2019-11-24 12:00:00,0.917,13.253
2019-11-24 13:00:00,0.901,12.902
2019-11-24 14:00:00,0.882,12.535
2019-11-24 15:00:00,0.878,12.471
2019-11-24 16:00:00,0.885,12.587
2019-11-24 17:00:00,0.882,12.541
2019-11-24 18:00:00,0.873,12.38
2019-11-24 19:00:00,0.866,12.255
2019-11-24 20:00:00,0.859,12.144
2019-11-24 21:00:00,0.851,12.018
2019-11-24 22:00:00,0.83,11.715
2019-11-24 23:00:00,0.816,11.524
2019-11-25 00:00:00,0.816,11.527
2019-11-25 01:00:00,0.81,11.452
2019-11-25 02:00:00,0.802,11.361
2019-11-25 03:00:00,0.787,11.18
2019-11-25 04:00:00,0.771,11.001
2019-11-25 05:00:00,0.76,10.88
2019-11-25 06:00:00,0.749,10.767
2019-11-25 07:00:00,0.742,10.702
2019-11-25 08:00:00,0.744,10.721
2019-11-25 09:00:00,0.736,10.636
2019-11-25 10:00:00,0.722,10.493
2019-11-25 11:00:00,0.691,10.212
2019-11-25 12:00:00,0.685,10.15
2019-11-25 13:00:00,0.656,9.908
2019-11-25 14:00:00,0.629,9.685
2019-11-25 15:00:00,0.62,9.617
2019-11-25 16:00:00,0.622,9.636
2019-11-25 17:00:00,0.633,9.711
2019-11-25 18:00:00,0.653,9.886
2019-11-25 19:00:00,0.685,10.163
2019-11-25 20:00:00,0.724,10.526
2019-11-25 21:00:00,0.745,10.731
2019-11-25 22:00:00,0.767,10.955
2019-11-25 23:00:00,0.785,11.148
2019-11-26 00:00:00,0.8,11.329
2019-11-26 01:00:00,0.82,11.582
2019-11-26 02:00:00,0.843,11.897
2019-11-26 03:00:00,0.864,12.229
2019-11-26 04:00:00,0.886,12.602
2019-11-26 05:00:00,0.9,12.884
2019-11-26 06:00:00,0.913,13.158
2019-11-26 07:00:00,0.923,13.398
2019-11-26 08:00:00,0.93,13.591
2019-11-26 09:00:00,0.936,13.754
2019-11-26 10:00:00,0.941,13.908
2019-11-26 11:00:00,0.943,13.977
2019-11-26 12:00:00,0.946,14.073
2019-11-26 13:00:00,0.95,14.206
2019-11-26 14:00:00,0.953,14.323
2019-11-26 15:00:00,0.956,14.433
2019-11-26 16:00:00,0.959,14.57
2019-11-26 17:00:00,0.96,14.623
2019-11-26 18:00:00,0.961,14.635
2019-11-26 19:00:00,0.962,14.678
2019-11-26 20:00:00,0.965,14.833
2019-11-26 21:00:00,0.97,15.078
2019-11-26 22:00:00,0.976,15.469
2019-11-26 23:00:00,0.982,16.001
2019-11-27 00:00:00,0.986,16.491
2019-11-27 01:00:00,0.988,16.852
2019-11-27 02:00:00,0.989,17.042
2019-11-27 03:00:00,0.989,17.115
2019-11-27 04:00:00,0.989,17.199
2019-11-27 05:00:00,0.989,17.3
2019-11-27 06:00:00,0.989,17.382
2019-11-27 07:00:00,0.989,17.534
2019-11-27 08:00:00,0.989,17.683
2019-11-27 09:00:00,0.989,17.704
2019-11-27 10:00:00,0.989,17.692
2019-11-27 11:00:00,0.988,17.819
2019-11-27 12:00:00,0.987,18.026
2019-11-27 13:00:00,0.986,18.233
2019-11-27 14:00:00,0.984,18.402
2019-11-27 15:00:00,0.983,18.514
2019-11-27 16:00:00,0.984,18.433
2019-11-27 17:00:00,0.985,18.283
2019-11-27 18:00:00,0.987,18.003
2019-11-27 19:00:00,0.989,17.653
2019-11-27 20:00:00,0.989,17.333
2019-11-27 21:00:00,0.989,17.033
2019-11-27 22:00:00,0.988,16.786
2019-11-27 23:00:00,0.986,16.444
2019-11-28 00:00:00,0.983,16.069
2019-11-28 01:00:00,0.979,15.715
2019-11-28 02:00:00,0.976,15.481
2019-11-28 03:00:00,0.974,15.32
2019-11-28 04:00:00,0.972,15.215
2019-11-28 05:00:00,0.971,15.176
2019-11-28 06:00:00,0.972,15.234
2019-11-28 07:00:00,0.973,15.278
2019-11-28 08:00:00,0.973,15.294
2019-11-28 09:00:00,0.971,15.144
2019-11-28 10:00:00,0.965,14.863
2019-11-28 11:00:00,0.962,14.694
2019-11-28 12:00:00,0.961,14.637
2019-11-28 13:00:00,0.959,14.561
2019-11-28 14:00:00,0.952,14.305
2019-11-28 15:00:00,0.944,14.025
2019-11-28 16:00:00,0.936,13.752
2019-11-28 17:00:00,0.923,13.41
2019-11-28 18:00:00,0.908,13.058
2019-11-28 19:00:00,0.894,12.755
2019-11-28 20:00:00,0.88,12.498
2019-11-28 21:00:00,0.865,12.24
2019-11-28 22:00:00,0.847,11.956
2019-11-28 23:00:00,0.826,11.662
2019-11-29 00:00:00,0.805,11.388
2019-11-29 01:00:00,0.785,11.163
2019-11-29 02:00:00,0.77,10.986
2019-11-29 03:00:00,0.775,11.048
2019-11-29 04:00:00,0.798,11.305
2019-11-29 05:00:00,0.82,11.586
2019-11-29 06:00:00,0.836,11.8
2019-11-29 07:00:00,0.838,11.828
2019-11-29 08:00:00,0.825,11.648
2019-11-29 09:00:00,0.784,11.143
2019-11-29 10:00:00,0.717,10.454
2019-11-29 11:00:00,0.654,9.895
2019-11-29 12:00:00,0.617,9.591
2019-11-29 13:00:00,0.612,9.551
2019-11-29 14:00:00,0.626,9.665
2019-11-29 15:00:00,0.637,9.758
2019-11-29 16:00:00,0.63,9.688
2019-11-29 17:00:00,0.601,9.463
2019-11-29 18:00:00,0.557,9.131
2019-11-29 19:00:00,0.506,8.746
2019-11-29 20:00:00,0.446,8.302
2019-11-29 21:00:00,0.397,7.941
2019-11-29 22:00:00,0.362,7.672
2019-11-29 23:00:00,0.333,7.443
2019-11-30 00:00:00,0.313,7.279
2019-11-30 01:00:00,0.299,7.169
2019-11-30 02:00:00,0.286,7.068
2019-11-30 03:00:00,0.266,6.9
2019-11-30 04:00:00,0.242,6.673
2019-11-30 05:00:00,0.206,6.341
2019-11-30 06:00:00,0.154,5.775
2019-11-30 07:00:00,0.098,5.044
2019-11-30 08:00:00,0.055,4.304
2019-11-30 09:00:00,0.032,3.745
2019-11-30 10:00:00,0.026,3.552
2019-11-30 11:00:00,0.033,3.778
2019-11-30 12:00:00,0.065,4.504
2019-11-30 13:00:00,0.137,5.57
2019-11-30 14:00:00,0.267,6.903
2019-11-30 15:00:00,0.422,8.126
2019-11-30 16:00:00,0.573,9.252
2019-11-30 17:00:00,0.693,10.23
2019-11-30 18:00:00,0.761,10.889
2019-11-30 19:00:00,0.8,11.328
2019-11-30 20:00:00,0.826,11.665
2019-11-30 21:00:00,0.848,11.975
2019-11-30 22:00:00,0.857,12.114
2019-11-30 23:00:00,0.856,12.094
2019-12-01 00:00:00,0.866,12.252
2019-12-01 01:00:00,0.877,12.454
2019-12-01 02:00:00,0.883,12.553
2019-12-01 03:00:00,0.883,12.548
2019-12-01 04:00:00,0.879,12.477
2019-12-01 05:00:00,0.873,12.382
2019-12-01 06:00:00,0.881,12.507
2019-12-01 07:00:00,0.877,12.447
2019-12-01 08:00:00,0.841,11.881
2019-12-01 09:00:00,0.83,11.724
2019-12-01 10:00:00,0.848,11.971
2019-12-01 11:00:00,0.852,12.035
2019-12-01 12:00:00,0.859,12.141
2019-12-01 13:00:00,0.863,12.207
2019-12-01 14:00:00,0.834,11.772
2019-12-01 15:00:00,0.806,11.397
2019-12-01 16:00:00,0.751,10.789
2019-12-01 17:00:00,0.682,10.137
2019-12-01 18:00:00,0.57,9.228
2019-12-01 19:00:00,0.446,8.297
2019-12-01 20:00:00,0.344,7.538
2019-12-01 21:00:00,0.313,7.281
2019-12-01 22:00:00,0.309,7.256
2019-12-01 23:00:00,0.37,7.736
2019-12-02 00:00:00,0.444,8.283
2019-12-02 01:00:00,0.542,9.009
2019-12-02 02:00:00,0.625,9.656
2019-12-02 03:00:00,0.7,10.3
2019-12-02 04:00:00,0.737,10.645
2019-12-02 05:00:00,0.762,10.893
2019-12-02 06:00:00,0.721,10.487
2019-12-02 07:00:00,0.646,9.827
2019-12-02 08:00:00,0.607,9.506
2019-12-02 09:00:00,0.575,9.267
2019-12-02 10:00:00,0.638,9.768
2019-12-02 11:00:00,0.743,10.705
2019-12-02 12:00:00,0.814,11.502
2019-12-02 13:00:00,0.827,11.669
2019-12-02 14:00:00,0.817,11.531
2019-12-02 15:00:00,0.804,11.384
2019-12-02 16:00:00,0.836,11.808
2019-12-02 17:00:00,0.868,12.295
2019-12-02 18:00:00,0.89,12.694
2019-12-02 19:00:00,0.912,13.141
2019-12-02 20:00:00,0.923,13.395
2019-12-02 21:00:00,0.932,13.647
2019-12-02 22:00:00,0.96,14.631
2019-12-02 23:00:00,0.962,14.721
2019-12-03 00:00:00,0.955,14.388
2019-12-03 01:00:00,0.965,14.855
2019-12-03 02:00:00,0.974,15.325
2019-12-03 03:00:00,0.975,15.405
2019-12-03 04:00:00,0.982,15.976
2019-12-03 05:00:00,0.983,16.073
2019-12-03 06:00:00,0.98,15.772
2019-12-03 07:00:00,0.982,15.924
2019-12-03 08:00:00,0.984,16.129
2019-12-03 09:00:00,0.978,15.628
2019-12-03 10:00:00,0.978,15.593
2019-12-03 11:00:00,0.981,15.892
2019-12-03 12:00:00,0.982,15.909
2019-12-03 13:00:00,0.985,16.263
2019-12-03 14:00:00,0.984,16.114
2019-12-03 15:00:00,0.983,16.042
2019-12-03 16:00:00,0.984,16.179
2019-12-03 17:00:00,0.988,16.77
2019-12-03 18:00:00,0.989,17.574
2019-12-03 19:00:00,0.984,18.39
2019-12-03 20:00:00,0.977,18.98
2019-12-03 21:00:00,0.975,19.104
2019-12-03 22:00:00,0.975,19.095
2019-12-03 23:00:00,0.975,19.075
2019-12-04 00:00:00,0.973,19.184
2019-12-04 01:00:00,0.971,19.286
2019-12-04 02:00:00,0.967,19.457
2019-12-04 03:00:00,0.965,19.552
2019-12-04 04:00:00,0.967,19.454
2019-12-04 05:00:00,0.978,18.905
2019-12-04 06:00:00,0.988,17.919
2019-12-04 07:00:00,0.988,16.713
2019-12-04 08:00:00,0.979,15.67
2019-12-04 09:00:00,0.977,15.564
2019-12-04 10:00:00,0.983,16.008
2019-12-04 11:00:00,0.989,17.075
2019-12-04 12:00:00,0.987,18.109
2019-12-04 13:00:00,0.979,18.83
2019-12-04 14:00:00,0.971,19.283
2019-12-04 15:00:00,0.961,19.707
2019-12-04 16:00:00,0.954,19.932
2019-12-04 17:00:00,0.949,20.104
2019-12-04 18:00:00,0.915,20.893
2019-12-04 19:00:00,0.903,21.118
2019-12-04 20:00:00,0.878,21.525
2019-12-04 21:00:00,0.862,21.745
2019-12-04 22:00:00,0.881,21.473
2019-12-04 23:00:00,0.852,21.875
2019-12-05 00:00:00,0.837,22.07
2019-12-05 01:00:00,0.821,22.259
2019-12-05 02:00:00,0.806,22.428
2019-12-05 03:00:00,0.805,22.439
2019-12-05 04:00:00,0.846,21.961
2019-12-05 05:00:00,0.905,21.086
2019-12-05 06:00:00,0.944,20.236
2019-12-05 07:00:00,0.966,19.533
2019-12-05 08:00:00,0.981,18.718
2019-12-05 09:00:00,0.989,17.645
2019-12-05 10:00:00,0.984,16.212
2019-12-05 11:00:00,0.969,15.061
2019-12-05 12:00:00,0.944,14.015
2019-12-05 13:00:00,0.902,12.918
2019-12-05 14:00:00,0.786,11.163
2019-12-05 15:00:00,0.562,9.165
2019-12-05 16:00:00,0.391,7.893
2019-12-05 17:00:00,0.342,7.513
2019-12-05 18:00:00,0.375,7.775
2019-12-05 19:00:00,0.418,8.096
2019-12-05 20:00:00,0.45,8.34
2019-12-05 21:00:00,0.54,8.994
2019-12-05 22:00:00,0.616,9.587
2019-12-05 23:00:00,0.664,9.979
2019-12-06 00:00:00,0.679,10.109
2019-12-06 01:00:00,0.648,9.849
2019-12-06 02:00:00,0.553,9.1
2019-12-06 03:00:00,0.418,8.095
2019-12-06 04:00:00,0.307,7.235
2019-12-06 05:00:00,0.219,6.471
2019-12-06 06:00:00,0.157,5.82
2019-12-06 07:00:00,0.117,5.307
2019-12-06 08:00:00,0.104,5.139
2019-12-06 09:00:00,0.118,5.327
2019-12-06 10:00:00,0.159,5.848
2019-12-06 11:00:00,0.23,6.573
2019-12-06 12:00:00,0.319,7.332
2019-12-06 13:00:00,0.383,7.837
2019-12-06 14:00:00,0.447,8.314
2019-12-06 15:00:00,0.511,8.787
2019-12-06 16:00:00,0.551,9.084
2019-12-06 17:00:00,0.536,8.975
2019-12-06 18:00:00,0.518,8.828
2019-12-06 19:00:00,0.572,9.236
2019-12-06 20:00:00,0.639,9.769
2019-12-06 21:00:00,0.682,10.135
2019-12-06 22:00:00,0.712,10.406
2019-12-06 23:00:00,0.749,10.771
2019-12-07 00:00:00,0.762,10.898
2019-12-07 01:00:00,0.743,10.706
2019-12-07 02:00:00,0.685,10.153
2019-12-07 03:00:00,0.605,9.497
2019-12-07 04:00:00,0.519,8.849
2019-12-07 05:00:00,0.396,7.939
2019-12-07 06:00:00,0.267,6.902
2019-12-07 07:00:00,0.18,6.07
2019-12-07 08:00:00,0.109,5.217
2019-12-07 09:00:00,0.026,3.556
2019-12-07 10:00:00,0.003,2.288
2019-12-07 11:00:00,0.002,2.117
2019-12-07 12:00:00,0.039,3.939
2019-12-07 13:00:00,0.188,6.156
2019-12-07 14:00:00,0.382,7.824
2019-12-07 15:00:00,0.671,10.039
2019-12-07 16:00:00,0.896,12.794
2019-12-07 17:00:00,0.975,15.39
2019-12-07 18:00:00,0.989,17.5
2019-12-07 19:00:00,0.977,18.942
2019-12-07 20:00:00,0.982,18.577
2019-12-07 21:00:00,0.985,16.291
2019-12-07 22:00:00,0.934,13.695
2019-12-07 23:00:00,0.857,12.123
2019-12-08 00:00:00,0.823,11.629
2019-12-08 01:00:00,0.812,11.477
2019-12-08 02:00:00,0.86,12.152
2019-12-08 03:00:00,0.979,18.811
2019-12-08 04:00:00,0.639,23.945
2019-12-08 05:00:00,0.651,23.849
2019-12-08 06:00:00,0.685,23.559
2019-12-08 07:00:00,0.798,22.509
2019-12-08 08:00:00,0.909,21.013
2019-12-08 09:00:00,0.964,19.581
2019-12-08 10:00:00,0.986,18.224
2019-12-08 11:00:00,0.989,16.997
2019-12-08 12:00:00,0.98,15.796
2019-12-08 13:00:00,0.956,14.432
2019-12-08 14:00:00,0.886,12.6
2019-12-08 15:00:00,0.711,10.394
2019-12-08 16:00:00,0.725,10.535
2019-12-08 17:00:00,0.931,13.631
2019-12-08 18:00:00,0.989,17.657
2019-12-08 19:00:00,0.953,19.96
2019-12-08 20:00:00,0.933,20.509
2019-12-08 21:00:00,0.935,20.474
2019-12-08 22:00:00,0.941,20.325
2019-12-08 23:00:00,0.944,20.25
2019-12-09 00:00:00,0.947,20.15
2019-12-09 01:00:00,0.956,19.894
2019-12-09 02:00:00,0.964,19.584
2019-12-09 03:00:00,0.972,19.255
2019-12-09 04:00:00,0.978,18.904
2019-12-09 05:00:00,0.983,18.506
2019-12-09 06:00:00,0.988,17.951
2019-12-09 07:00:00,0.989,17.072
2019-12-09 08:00:00,0.983,16.018
2019-12-09 09:00:00,0.966,14.894
2019-12-09 10:00:00,0.936,13.777
2019-12-09 11:00:00,0.891,12.712
2019-12-09 12:00:00,0.802,11.361
2019-12-09 13:00:00,0.63,9.688
2019-12-09 14:00:00,0.378,7.801
2019-12-09 15:00:00,0.172,5.98
2019-12-09 16:00:00,0.038,3.924
2019-12-09 17:00:00,0.027,3.595
2019-12-09 18:00:00,0.143,5.649
2019-12-09 19:00:00,0.447,8.313
2019-12-09 20:00:00,0.797,11.294
2019-12-09 21:00:00,0.94,13.879
2019-12-09 22:00:00,0.979,15.713
2019-12-09 23:00:00,0.989,16.969
2019-12-10 00:00:00,0.987,17.978
2019-12-10 01:00:00,0.98,18.767
2019-12-10 02:00:00,0.964,19.604
2019-12-10 03:00:00,0.925,20.689
2019-12-10 04:00:00,0.874,21.583
2019-12-10 05:00:00,0.819,22.283
2019-12-10 06:00:00,0.806,22.416
2019-12-10 07:00:00,0.802,22.468
2019-12-10 08:00:00,0.75,22.995
2019-12-10 09:00:00,0.701,23.433
2019-12-10 10:00:00,0.756,22.934
2019-12-10 11:00:00,0.863,21.719
2019-12-10 12:00:00,0.884,21.432
2019-12-10 13:00:00,0.963,19.632
2019-12-10 14:00:00,0.989,17.055
2019-12-10 15:00:00,0.974,19.13
2019-12-10 16:00:00,0.986,18.161
2019-12-10 17:00:00,0.98,18.75
2019-12-10 18:00:00,0.96,19.731
2019-12-10 19:00:00,0.926,20.661
2019-12-10 20:00:00,0.874,21.584
2019-12-10 21:00:00,0.811,22.365
2019-12-10 22:00:00,0.802,22.471
2019-12-10 23:00:00,0.833,22.116
2019-12-11 00:00:00,0.833,22.113
2019-12-11 01:00:00,0.834,22.09
2019-12-11 02:00:00,0.819,22.28
2019-12-11 03:00:00,0.734,23.135
2019-12-11 04:00:00,0.671,23.687
2019-12-11 05:00:00,0.646,23.893
2019-12-11 06:00:00,0.612,24.157
2019-12-11 07:00:00,0.572,24.472
2019-12-11 08:00:00,0.555,24.596
2019-12-11 09:00:00,0.516,24.894
2019-12-11 10:00:00,0.446,25.41
2019-12-11 11:00:00,0.376,25.965
2019-12-11 12:00:00,0.369,26.014
2019-12-11 13:00:00,0.43,25.542
2019-12-11 14:00:00,0.552,24.62
2019-12-11 15:00:00,0.677,23.635
2019-12-11 16:00:00,0.788,22.613
2019-12-11 17:00:00,0.858,21.798
2019-12-11 18:00:00,0.909,21.014
2019-12-11 19:00:00,0.948,20.122
2019-12-11 20:00:00,0.971,19.289
2019-12-11 21:00:00,0.982,18.617
2019-12-11 22:00:00,0.986,18.219
2019-12-11 23:00:00,0.987,18.049
2019-12-12 00:00:00,0.989,17.559
2019-12-12 01:00:00,0.989,17.02
2019-12-12 02:00:00,0.985,16.295
2019-12-12 03:00:00,0.979,15.703
2019-12-12 04:00:00,0.969,15.046
2019-12-12 05:00:00,0.951,14.246
2019-12-12 06:00:00,0.92,13.339
2019-12-12 07:00:00,0.874,12.395
2019-12-12 08:00:00,0.815,11.51
2019-12-12 09:00:00,0.742,10.702
2019-12-12 10:00:00,0.66,9.947
2019-12-12 11:00:00,0.573,9.244
2019-12-12 12:00:00,0.477,8.526
2019-12-12 13:00:00,0.366,7.711
2019-12-12 14:00:00,0.249,6.734
2019-12-12 15:00:00,0.137,5.572
2019-12-12 16:00:00,0.04,3.959
2019-12-12 17:00:00,0.007,2.673
2019-12-12 18:00:00,0.004,2.454
2019-12-12 19:00:00,0.017,3.216
2019-12-12 20:00:00,0.049,4.185
2019-12-12 21:00:00,0.081,4.783
2019-12-12 22:00:00,0.11,5.225
2019-12-12 23:00:00,0.163,5.886
2019-12-13 00:00:00,0.229,6.566
2019-12-13 01:00:00,0.308,7.249
2019-12-13 02:00:00,0.396,7.935
2019-12-13 03:00:00,0.463,8.43
2019-12-13 04:00:00,0.497,8.671
2019-12-13 05:00:00,0.504,8.733
2019-12-13 06:00:00,0.504,8.732
2019-12-13 07:00:00,0.515,8.818
2019-12-13 08:00:00,0.529,8.915
2019-12-13 09:00:00,0.548,9.058
2019-12-13 10:00:00,0.57,9.231
2019-12-13 11:00:00,0.587,9.36
2019-12-13 12:00:00,0.624,9.645
2019-12-13 13:00:00,0.679,10.112
2019-12-13 14:00:00,0.738,10.657
2019-12-13 15:00:00,0.802,11.36
2019-12-13 16:00:00,0.852,12.035
2019-12-13 17:00:00,0.883,12.556
2019-12-13 18:00:00,0.898,12.846
2019-12-13 19:00:00,0.887,12.624
2019-12-13 20:00:00,0.842,11.883
2019-12-13 21:00:00,0.758,10.862
2019-12-13 22:00:00,0.633,9.722
2019-12-13 23:00:00,0.477,8.526
2019-12-14 00:00:00,0.336,7.475
2019-12-14 01:00:00,0.253,6.781
2019-12-14 02:00:00,0.206,6.339
2019-12-14 03:00:00,0.177,6.029
2019-12-14 04:00:00,0.16,5.854
2019-12-14 05:00:00,0.153,5.769
2019-12-14 06:00:00,0.137,5.571
2019-12-14 07:00:00,0.112,5.259
2019-12-14 08:00:00,0.094,4.991
2019-12-14 09:00:00,0.083,4.81
2019-12-14 10:00:00,0.083,4.808
2019-12-14 11:00:00,0.091,4.941
2019-12-14 12:00:00,0.109,5.213
2019-12-14 13:00:00,0.143,5.656
2019-12-14 14:00:00,0.215,6.422
2019-12-14 15:00:00,0.345,7.548
2019-12-14 16:00:00,0.499,8.695
2019-12-14 17:00:00,0.653,9.885
2019-12-14 18:00:00,0.76,10.876
2019-12-14 19:00:00,0.817,11.551
2019-12-14 20:00:00,0.837,11.824
2019-12-14 21:00:00,0.829,11.703
2019-12-14 22:00:00,0.803,11.376
2019-12-14 23:00:00,0.785,11.162
2019-12-15 00:00:00,0.773,11.016
2019-12-15 01:00:00,0.758,10.853
2019-12-15 02:00:00,0.719,10.476
2019-12-15 03:00:00,0.638,9.767
2019-12-15 04:00:00,0.525,8.891
2019-12-15 05:00:00,0.393,7.912
2019-12-15 06:00:00,0.272,6.939
2019-12-15 07:00:00,0.175,6.013
2019-12-15 08:00:00,0.118,5.337
2019-12-15 09:00:00,0.102,5.112
2019-12-15 10:00:00,0.107,5.18
2019-12-15 11:00:00,0.112,5.247
2019-12-15 12:00:00,0.107,5.188
2019-12-15 13:00:00,0.098,5.046
2019-12-15 14:00:00,0.089,4.909
2019-12-15 15:00:00,0.094,4.987
2019-12-15 16:00:00,0.123,5.401
2019-12-15 17:00:00,0.17,5.958
2019-12-15 18:00:00,0.223,6.504
2019-12-15 19:00:00,0.27,6.925
2019-12-15 20:00:00,0.298,7.164
2019-12-15 21:00:00,0.289,7.087
2019-12-15 22:00:00,0.26,6.839
2019-12-15 23:00:00,0.239,6.657
2019-12-16 00:00:00,0.229,6.558
2019-12-16 01:00:00,0.217,6.446
2019-12-16 02:00:00,0.197,6.248
2019-12-16 03:00:00,0.167,5.935
2019-12-16 04:00:00,0.129,5.474
2019-12-16 05:00:00,0.079,4.751
2019-12-16 06:00:00,0.035,3.823
2019-12-16 07:00:00,0.015,3.166
2019-12-16 08:00:00,0.009,2.815
2019-12-16 09:00:00,0.008,2.763
2019-12-16 10:00:00,0.009,2.824
2019-12-16 11:00:00,0.011,2.931
2019-12-16 12:00:00,0.013,3.055
2019-12-16 13:00:00,0.016,3.169
2019-12-16 14:00:00,0.018,3.293
2019-12-16 15:00:00,0.021,3.409
2019-12-16 16:00:00,0.025,3.549
2019-12-16 17:00:00,0.029,3.64
2019-12-16 18:00:00,0.029,3.663
2019-12-16 19:00:00,0.029,3.675
2019-12-16 20:00:00,0.03,3.686
2019-12-16 21:00:00,0.029,3.668
2019-12-16 22:00:00,0.029,3.665
2019-12-16 23:00:00,0.028,3.633
2019-12-17 00:00:00,0.025,3.519
2019-12-17 01:00:00,0.02,3.354
2019-12-17 02:00:00,0.017,3.21
2019-12-17 03:00:00,0.013,3.071
2019-12-17 04:00:00,0.012,2.982
2019-12-17 05:00:00,0.012,2.993
2019-12-17 06:00:00,0.014,3.097
2019-12-17 07:00:00,0.018,3.261
2019-12-17 08:00:00,0.023,3.462
2019-12-17 09:00:00,0.025,3.548
2019-12-17 10:00:00,0.024,3.515
2019-12-17 11:00:00,0.022,3.414
2019-12-17 12:00:00,0.02,3.343
2019-12-17 13:00:00,0.022,3.42
2019-12-17 14:00:00,0.025,3.538
2019-12-17 15:00:00,0.027,3.592
2019-12-17 16:00:00,0.025,3.521
2019-12-17 17:00:00,0.019,3.326
2019-12-17 18:00:00,0.013,3.049
2019-12-17 19:00:00,0.008,2.759
2019-12-17 20:00:00,0.005,2.535
2019-12-17 21:00:00,0.004,2.418
2019-12-17 22:00:00,0.004,2.456
2019-12-17 23:00:00,0.007,2.674
2019-12-18 00:00:00,0.014,3.107
2019-12-18 01:00:00,0.027,3.6
2019-12-18 02:00:00,0.051,4.21
2019-12-18 03:00:00,0.09,4.923
2019-12-18 04:00:00,0.145,5.676
2019-12-18 05:00:00,0.21,6.374
2019-12-18 06:00:00,0.27,6.931
2019-12-18 07:00:00,0.317,7.321
2019-12-18 08:00:00,0.353,7.605
2019-12-18 09:00:00,0.375,7.773
2019-12-18 10:00:00,0.399,7.961
2019-12-18 11:00:00,0.417,8.083
2019-12-18 12:00:00,0.415,8.074
2019-12-18 13:00:00,0.383,7.83
2019-12-18 14:00:00,0.302,7.203
2019-12-18 15:00:00,0.211,6.391
2019-12-18 16:00:00,0.185,6.127
2019-12-18 17:00:00,0.285,7.056
2019-12-18 18:00:00,0.483,8.571
2019-12-18 19:00:00,0.667,10.009
2019-12-18 20:00:00,0.808,11.433
2019-12-18 21:00:00,0.885,12.58
2019-12-18 22:00:00,0.925,13.452
2019-12-18 23:00:00,0.963,14.742
2019-12-19 00:00:00,0.983,16.087
2019-12-19 01:00:00,0.989,17.173
2019-12-19 02:00:00,0.984,18.375
2019-12-19 03:00:00,0.97,19.312
2019-12-19 04:00:00,0.965,19.576
2019-12-19 05:00:00,0.968,19.415
2019-12-19 06:00:00,0.984,18.449
2019-12-19 07:00:00,0.989,17.204
2019-12-19 08:00:00,0.984,16.21
2019-12-19 09:00:00,0.968,15.013
2019-12-19 10:00:00,0.926,13.496
2019-12-19 11:00:00,0.867,12.277
2019-12-19 12:00:00,0.82,11.58
2019-12-19 13:00:00,0.76,10.871
2019-12-19 14:00:00,0.605,9.498
2019-12-19 15:00:00,0.361,7.657
2019-12-19 16:00:00,0.251,6.755
2019-12-19 17:00:00,0.241,6.667
2019-12-19 18:00:00,0.27,6.931
2019-12-19 19:00:00,0.336,7.475
2019-12-19 20:00:00,0.444,8.287
2019-12-19 21:00:00,0.566,9.19
2019-12-19 22:00:00,0.644,9.81
2019-12-19 23:00:00,0.66,9.937
2019-12-20 00:00:00,0.64,9.782
2019-12-20 01:00:00,0.687,10.18
2019-12-20 02:00:00,0.814,11.506
2019-12-20 03:00:00,0.889,12.666
2019-12-20 04:00:00,0.92,13.343
2019-12-20 05:00:00,0.89,12.687
2019-12-20 06:00:00,0.895,12.786
2019-12-20 07:00:00,0.949,14.165
2019-12-20 08:00:00,0.973,15.294
2019-12-20 09:00:00,0.968,15.011
2019-12-20 10:00:00,0.957,14.479
2019-12-20 11:00:00,0.95,14.228
2019-12-20 12:00:00,0.938,13.814
2019-12-20 13:00:00,0.913,13.155
2019-12-20 14:00:00,0.856,12.1
2019-12-20 15:00:00,0.789,11.202
2019-12-20 16:00:00,0.753,10.805
2019-12-20 17:00:00,0.697,10.27
2019-12-20 18:00:00,0.584,9.34
2019-12-20 19:00:00,0.447,8.313
2019-12-20 20:00:00,0.291,7.111
2019-12-20 21:00:00,0.17,5.953
2019-12-20 22:00:00,0.077,4.721
2019-12-20 23:00:00,0.034,3.797
2019-12-21 00:00:00,0.01,2.887
2019-12-21 01:00:00,0.006,2.602
2019-12-21 02:00:00,0.013,3.041
2019-12-21 03:00:00,0.06,4.4
2019-12-21 04:00:00,0.196,6.229
2019-12-21 05:00:00,0.407,8.015
2019-12-21 06:00:00,0.619,9.609
2019-12-21 07:00:00,0.775,11.048
2019-12-21 08:00:00,0.872,12.359
2019-12-21 09:00:00,0.932,13.66
2019-12-21 10:00:00,0.96,14.62
2019-12-21 11:00:00,0.97,15.084
2019-12-21 12:00:00,0.972,15.235
2019-12-21 13:00:00,0.974,15.365
2019-12-21 14:00:00,0.976,15.483
2019-12-21 15:00:00,0.975,15.414
2019-12-21 16:00:00,0.967,14.94
2019-12-21 17:00:00,0.949,14.173
2019-12-21 18:00:00,0.916,13.237
2019-12-21 19:00:00,0.875,12.409
2019-12-21 20:00:00,0.828,11.696
2019-12-21 21:00:00,0.768,10.971
2019-12-21 22:00:00,0.694,10.246
2019-12-21 23:00:00,0.616,9.587
2019-12-22 00:00:00,0.539,8.987
2019-12-22 01:00:00,0.46,8.412
2019-12-22 02:00:00,0.403,7.985
2019-12-22 03:00:00,0.382,7.825
2019-12-22 04:00:00,0.359,7.648
2019-12-22 05:00:00,0.319,7.33
2019-12-22 06:00:00,0.272,6.944
2019-12-22 07:00:00,0.228,6.549
2019-12-22 08:00:00,0.194,6.219
2019-12-22 09:00:00,0.172,5.979
2019-12-22 10:00:00,0.164,5.895
2019-12-22 11:00:00,0.17,5.953
2019-12-22 12:00:00,0.169,5.946
2019-12-22 13:00:00,0.155,5.785
2019-12-22 14:00:00,0.124,5.414
2019-12-22 15:00:00,0.101,5.1
2019-12-22 16:00:00,0.093,4.981
2019-12-22 17:00:00,0.09,4.929
2019-12-22 18:00:00,0.083,4.824
2019-12-22 19:00:00,0.076,4.707
2019-12-22 20:00:00,0.071,4.608
2019-12-22 21:00:00,0.066,4.524
2019-12-22 22:00:00,0.059,4.376
2019-12-22 23:00:00,0.052,4.243
2019-12-23 00:00:00,0.047,4.125
2019-12-23 01:00:00,0.042,4.009
2019-12-23 02:00:00,0.037,3.884
2019-12-23 03:00:00,0.033,3.775
2019-12-23 04:00:00,0.028,3.636
2019-12-23 05:00:00,0.023,3.464
2019-12-23 06:00:00,0.019,3.334
2019-12-23 07:00:00,0.02,3.351
2019-12-23 08:00:00,0.021,3.4
2019-12-23 09:00:00,0.022,3.436
2019-12-23 10:00:00,0.023,3.459
2019-12-23 11:00:00,0.022,3.436
2019-12-23 12:00:00,0.019,3.309
2019-12-23 13:00:00,0.015,3.16
2019-12-23 14:00:00,0.014,3.09
2019-12-23 15:00:00,0.015,3.12
2019-12-23 16:00:00,0.018,3.257
2019-12-23 17:00:00,0.024,3.515
2019-12-23 18:00:00,0.036,3.85
2019-12-23 19:00:00,0.053,4.253
2019-12-23 20:00:00,0.074,4.671
2019-12-23 21:00:00,0.079,4.757
2019-12-23 22:00:00,0.064,4.483
2019-12-23 23:00:00,0.045,4.095
2019-12-24 00:00:00,0.034,3.808
2019-12-24 01:00:00,0.027,3.584
2019-12-24 02:00:00,0.018,3.261
2019-12-24 03:00:00,0.011,2.959
2019-12-24 04:00:00,0.006,2.644
2019-12-24 05:00:00,0.004,2.415
2019-12-24 06:00:00,0.004,2.417
2019-12-24 07:00:00,0.006,2.629
2019-12-24 08:00:00,0.01,2.904
2019-12-24 09:00:00,0.013,3.06
2019-12-24 10:00:00,0.012,2.969
2019-12-24 11:00:00,0.008,2.74
2019-12-24 12:00:00,0.006,2.627
2019-12-24 13:00:00,0.009,2.805
2019-12-24 14:00:00,0.018,3.28
2019-12-24 15:00:00,0.034,3.813
2019-12-24 16:00:00,0.051,4.224
2019-12-24 17:00:00,0.062,4.453
2019-12-24 18:00:00,0.064,4.478
2019-12-24 19:00:00,0.061,4.415
2019-12-24 20:00:00,0.062,4.446
2019-12-24 21:00:00,0.069,4.568
2019-12-24 22:00:00,0.083,4.814
2019-12-24 23:00:00,0.107,5.19
2019-12-25 00:00:00,0.138,5.582
2019-12-25 01:00:00,0.175,6.012
2019-12-25 02:00:00,0.217,6.447
2019-12-25 03:00:00,0.249,6.741
2019-12-25 04:00:00,0.269,6.916
2019-12-25 05:00:00,0.28,7.007
2019-12-25 06:00:00,0.283,7.046
2019-12-25 07:00:00,0.279,7.006
2019-12-25 08:00:00,0.257,6.814
2019-12-25 09:00:00,0.225,6.528
2019-12-25 10:00:00,0.199,6.258
2019-12-25 11:00:00,0.179,6.062
2019-12-25 12:00:00,0.167,5.933
2019-12-25 13:00:00,0.158,5.828
2019-12-25 14:00:00,0.154,5.776
2019-12-25 15:00:00,0.135,5.547
2019-12-25 16:00:00,0.105,5.157
2019-12-25 17:00:00,0.071,4.614
2019-12-25 18:00:00,0.044,4.049
2019-12-25 19:00:00,0.024,3.496
2019-12-25 20:00:00,0.01,2.882
2019-12-25 21:00:00,0.005,2.549
2019-12-25 22:00:00,0.006,2.567
2019-12-25 23:00:00,0.008,2.762
2019-12-26 00:00:00,0.013,3.074
2019-12-26 01:00:00,0.024,3.504
2019-12-26 02:00:00,0.047,4.126
2019-12-26 03:00:00,0.098,5.042
2019-12-26 04:00:00,0.182,6.087
2019-12-26 05:00:00,0.274,6.966
2019-12-26 06:00:00,0.367,7.718
2019-12-26 07:00:00,0.469,8.475
2019-12-26 08:00:00,0.572,9.238
2019-12-26 09:00:00,0.666,10.002
2019-12-26 10:00:00,0.738,10.646
2019-12-26 11:00:00,0.777,11.064
2019-12-26 12:00:00,0.797,11.299
2019-12-26 13:00:00,0.817,11.544
2019-12-26 14:00:00,0.838,11.838
2019-12-26 15:00:00,0.858,12.136
2019-12-26 16:00:00,0.879,12.474
2019-12-26 17:00:00,0.896,12.804
2019-12-26 18:00:00,0.912,13.137
2019-12-26 19:00:00,0.927,13.518
2019-12-26 20:00:00,0.945,14.032
2019-12-26 21:00:00,0.958,14.539
2019-12-26 22:00:00,0.967,14.922
2019-12-26 23:00:00,0.972,15.217
2019-12-27 00:00:00,0.978,15.58
2019-12-27 01:00:00,0.983,16.085
2019-12-27 02:00:00,0.987,16.645
2019-12-27 03:00:00,0.989,17.183
2019-12-27 04:00:00,0.988,17.756
2019-12-27 05:00:00,0.984,18.396
2019-12-27 06:00:00,0.975,19.089
2019-12-27 07:00:00,0.962,19.672
2019-12-27 08:00:00,0.951,20.046
2019-12-27 09:00:00,0.937,20.411
2019-12-27 10:00:00,0.93,20.591
2019-12-27 11:00:00,0.936,20.435
2019-12-27 12:00:00,0.94,20.33
2019-12-27 13:00:00,0.952,20.022
2019-12-27 14:00:00,0.966,19.533
2019-12-27 15:00:00,0.968,19.427
2019-12-27 16:00:00,0.974,19.122
2019-12-27 17:00:00,0.985,18.305
2019-12-27 18:00:00,0.989,17.017
2019-12-27 19:00:00,0.98,15.797
2019-12-27 20:00:00,0.973,15.295
2019-12-27 21:00:00,0.959,14.559
2019-12-27 22:00:00,0.928,13.531
2019-12-27 23:00:00,0.91,13.087
2019-12-28 00:00:00,0.884,12.57
2019-12-28 01:00:00,0.864,12.221
2019-12-28 02:00:00,0.859,12.143
2019-12-28 03:00:00,0.86,12.162
2019-12-28 04:00:00,0.862,12.188
2019-12-28 05:00:00,0.86,12.158
2019-12-28 06:00:00,0.864,12.235
2019-12-28 07:00:00,0.918,13.296
2019-12-28 08:00:00,0.962,14.724
2019-12-28 09:00:00,0.982,15.995
2019-12-28 10:00:00,0.987,16.637
2019-12-28 11:00:00,0.986,16.396
2019-12-28 12:00:00,0.989,16.945
2019-12-28 13:00:00,0.989,17.125
2019-12-28 14:00:00,0.989,17.081
2019-12-28 15:00:00,0.988,16.83
2019-12-28 16:00:00,0.988,16.762
2019-12-28 17:00:00,0.986,16.482
2019-12-28 18:00:00,0.984,16.22
2019-12-28 19:00:00,0.987,16.567
2019-12-28 20:00:00,0.988,16.881
2019-12-28 21:00:00,0.988,16.858
2019-12-28 22:00:00,0.989,17.271
2019-12-28 23:00:00,0.989,17.505
2019-12-29 00:00:00,0.983,18.495
2019-12-29 01:00:00,0.977,18.942
2019-12-29 02:00:00,0.963,19.635
2019-12-29 03:00:00,0.87,21.633
2019-12-29 04:00:00,0.829,22.158
2019-12-29 05:00:00,0.859,21.789
2019-12-29 06:00:00,0.919,20.81
2019-12-29 07:00:00,0.951,20.035
2019-12-29 08:00:00,0.968,19.434
2019-12-29 09:00:00,0.974,19.122
2019-12-29 10:00:00,0.981,18.659
2019-12-29 11:00:00,0.987,18.094
2019-12-29 12:00:00,0.988,17.801
2019-12-29 13:00:00,0.989,17.597
2019-12-29 14:00:00,0.989,17.436
2019-12-29 15:00:00,0.989,17.048
2019-12-29 16:00:00,0.987,16.543
2019-12-29 17:00:00,0.986,16.409
2019-12-29 18:00:00,0.988,16.764
2019-12-29 19:00:00,0.989,17.001
2019-12-29 20:00:00,0.989,17.686
2019-12-29 21:00:00,0.987,18.112
2019-12-29 22:00:00,0.985,18.277
2019-12-29 23:00:00,0.983,18.487
2019-12-30 00:00:00,0.98,18.758
2019-12-30 01:00:00,0.974,19.141
2019-12-30 02:00:00,0.975,19.109
2019-12-30 03:00:00,0.972,19.222
2019-12-30 04:00:00,0.968,19.418
2019-12-30 05:00:00,0.973,19.177
2019-12-30 06:00:00,0.978,18.925
2019-12-30 07:00:00,0.979,18.862
2019-12-30 08:00:00,0.978,18.922
2019-12-30 09:00:00,0.98,18.786
2019-12-30 10:00:00,0.982,18.628
2019-12-30 11:00:00,0.982,18.599
2019-12-30 12:00:00,0.981,18.667
2019-12-30 13:00:00,0.983,18.511
2019-12-30 14:00:00,0.987,18.092
2019-12-30 15:00:00,0.988,17.722
2019-12-30 16:00:00,0.989,17.245
2019-12-30 17:00:00,0.987,16.525
2019-12-30 18:00:00,0.978,15.632
2019-12-30 19:00:00,0.959,14.564
2019-12-30 20:00:00,0.928,13.541
2019-12-30 21:00:00,0.893,12.732
2019-12-30 22:00:00,0.829,11.706
2019-12-30 23:00:00,0.733,10.6
2019-12-31 00:00:00,0.644,9.816
2019-12-31 01:00:00,0.661,9.951
2019-12-31 02:00:00,0.694,10.244
2019-12-31 03:00:00,0.656,9.913
2019-12-31 04:00:00,0.684,10.146
2019-12-31 05:00:00,0.725,10.526
2019-12-31 06:00:00,0.754,10.822
2019-12-31 07:00:00,0.783,11.14
2019-12-31 08:00:00,0.82,11.588
2019-12-31 09:00:00,0.867,12.274
2019-12-31 10:00:00,0.906,13.007
2019-12-31 11:00:00,0.93,13.597
2019-12-31 12:00:00,0.947,14.127
2019-12-31 13:00:00,0.962,14.695
2019-12-31 14:00:00,0.976,15.481
2019-12-31 15:00:00,0.984,16.216
2019-12-31 16:00:00,0.988,16.745
2019-12-31 17:00:00,0.989,17.142
2019-12-31 18:00:00,0.989,17.478
2019-12-31 19:00:00,0.988,17.777
2019-12-31 20:00:00,0.987,18.116
2019-12-31 21:00:00,0.985,18.353
2019-12-31 22:00:00,0.986,18.156
2019-12-31 23:00:00,0.987,18.032
