,electricity,wind_speed
2019-01-01 00:00:00,0.989,17.047
2019-01-01 01:00:00,0.989,17.155
2019-01-01 02:00:00,0.989,17.511
2019-01-01 03:00:00,0.989,17.049
2019-01-01 04:00:00,0.984,16.111
2019-01-01 05:00:00,0.977,15.561
2019-01-01 06:00:00,0.974,15.308
2019-01-01 07:00:00,0.974,15.359
2019-01-01 08:00:00,0.981,15.816
2019-01-01 09:00:00,0.986,16.495
2019-01-01 10:00:00,0.989,17.255
2019-01-01 11:00:00,0.988,17.911
2019-01-01 12:00:00,0.981,18.659
2019-01-01 13:00:00,0.973,19.18
2019-01-01 14:00:00,0.97,19.345
2019-01-01 15:00:00,0.968,19.43
2019-01-01 16:00:00,0.973,19.202
2019-01-01 17:00:00,0.982,18.639
2019-01-01 18:00:00,0.987,17.964
2019-01-01 19:00:00,0.989,17.378
2019-01-01 20:00:00,0.989,16.996
2019-01-01 21:00:00,0.988,16.676
2019-01-01 22:00:00,0.986,16.358
2019-01-01 23:00:00,0.982,15.931
2019-01-02 00:00:00,0.974,15.359
2019-01-02 01:00:00,0.964,14.792
2019-01-02 02:00:00,0.949,14.192
2019-01-02 03:00:00,0.931,13.626
2019-01-02 04:00:00,0.913,13.156
2019-01-02 05:00:00,0.896,12.811
2019-01-02 06:00:00,0.875,12.414
2019-01-02 07:00:00,0.85,11.991
2019-01-02 08:00:00,0.826,11.649
2019-01-02 09:00:00,0.797,11.302
2019-01-02 10:00:00,0.764,10.924
2019-01-02 11:00:00,0.729,10.569
2019-01-02 12:00:00,0.698,10.278
2019-01-02 13:00:00,0.673,10.062
2019-01-02 14:00:00,0.642,9.8
2019-01-02 15:00:00,0.603,9.483
2019-01-02 16:00:00,0.551,9.083
2019-01-02 17:00:00,0.503,8.727
2019-01-02 18:00:00,0.471,8.486
2019-01-02 19:00:00,0.462,8.417
2019-01-02 20:00:00,0.466,8.457
2019-01-02 21:00:00,0.475,8.514
2019-01-02 22:00:00,0.468,8.47
2019-01-02 23:00:00,0.448,8.316
2019-01-03 00:00:00,0.42,8.113
2019-01-03 01:00:00,0.384,7.845
2019-01-03 02:00:00,0.346,7.552
2019-01-03 03:00:00,0.328,7.403
2019-01-03 04:00:00,0.322,7.364
2019-01-03 05:00:00,0.318,7.324
2019-01-03 06:00:00,0.308,7.252
2019-01-03 07:00:00,0.283,7.039
2019-01-03 08:00:00,0.249,6.735
2019-01-03 09:00:00,0.225,6.523
2019-01-03 10:00:00,0.226,6.53
2019-01-03 11:00:00,0.256,6.81
2019-01-03 12:00:00,0.292,7.116
2019-01-03 13:00:00,0.297,7.156
2019-01-03 14:00:00,0.266,6.895
2019-01-03 15:00:00,0.212,6.397
2019-01-03 16:00:00,0.169,5.947
2019-01-03 17:00:00,0.175,6.012
2019-01-03 18:00:00,0.236,6.63
2019-01-03 19:00:00,0.29,7.098
2019-01-03 20:00:00,0.344,7.535
2019-01-03 21:00:00,0.417,8.084
2019-01-03 22:00:00,0.45,8.327
2019-01-03 23:00:00,0.446,8.303
2019-01-04 00:00:00,0.449,8.32
2019-01-04 01:00:00,0.506,8.746
2019-01-04 02:00:00,0.598,9.438
2019-01-04 03:00:00,0.672,10.048
2019-01-04 04:00:00,0.713,10.414
2019-01-04 05:00:00,0.723,10.508
2019-01-04 06:00:00,0.724,10.521
2019-01-04 07:00:00,0.724,10.523
2019-01-04 08:00:00,0.727,10.548
2019-01-04 09:00:00,0.743,10.708
2019-01-04 10:00:00,0.76,10.874
2019-01-04 11:00:00,0.766,10.947
2019-01-04 12:00:00,0.775,11.048
2019-01-04 13:00:00,0.794,11.255
2019-01-04 14:00:00,0.815,11.511
2019-01-04 15:00:00,0.822,11.598
2019-01-04 16:00:00,0.811,11.474
2019-01-04 17:00:00,0.806,11.396
2019-01-04 18:00:00,0.823,11.619
2019-01-04 19:00:00,0.835,11.796
2019-01-04 20:00:00,0.841,11.875
2019-01-04 21:00:00,0.867,12.27
2019-01-04 22:00:00,0.883,12.556
2019-01-04 23:00:00,0.894,12.754
2019-01-05 00:00:00,0.899,12.873
2019-01-05 01:00:00,0.89,12.673
2019-01-05 02:00:00,0.877,12.439
2019-01-05 03:00:00,0.866,12.262
2019-01-05 04:00:00,0.852,12.043
2019-01-05 05:00:00,0.829,11.708
2019-01-05 06:00:00,0.804,11.383
2019-01-05 07:00:00,0.785,11.153
2019-01-05 08:00:00,0.776,11.058
2019-01-05 09:00:00,0.769,10.982
2019-01-05 10:00:00,0.744,10.722
2019-01-05 11:00:00,0.718,10.46
2019-01-05 12:00:00,0.699,10.292
2019-01-05 13:00:00,0.679,10.106
2019-01-05 14:00:00,0.65,9.866
2019-01-05 15:00:00,0.623,9.64
2019-01-05 16:00:00,0.599,9.441
2019-01-05 17:00:00,0.575,9.27
2019-01-05 18:00:00,0.568,9.217
2019-01-05 19:00:00,0.579,9.297
2019-01-05 20:00:00,0.578,9.291
2019-01-05 21:00:00,0.534,8.96
2019-01-05 22:00:00,0.471,8.485
2019-01-05 23:00:00,0.407,8.017
2019-01-06 00:00:00,0.344,7.529
2019-01-06 01:00:00,0.288,7.076
2019-01-06 02:00:00,0.249,6.739
2019-01-06 03:00:00,0.234,6.606
2019-01-06 04:00:00,0.232,6.582
2019-01-06 05:00:00,0.232,6.58
2019-01-06 06:00:00,0.21,6.384
2019-01-06 07:00:00,0.175,6.018
2019-01-06 08:00:00,0.151,5.75
2019-01-06 09:00:00,0.163,5.892
2019-01-06 10:00:00,0.197,6.244
2019-01-06 11:00:00,0.236,6.626
2019-01-06 12:00:00,0.247,6.725
2019-01-06 13:00:00,0.246,6.709
2019-01-06 14:00:00,0.267,6.906
2019-01-06 15:00:00,0.299,7.174
2019-01-06 16:00:00,0.297,7.149
2019-01-06 17:00:00,0.276,6.98
2019-01-06 18:00:00,0.266,6.889
2019-01-06 19:00:00,0.244,6.695
2019-01-06 20:00:00,0.212,6.399
2019-01-06 21:00:00,0.172,5.985
2019-01-06 22:00:00,0.124,5.42
2019-01-06 23:00:00,0.088,4.898
2019-01-07 00:00:00,0.086,4.868
2019-01-07 01:00:00,0.136,5.559
2019-01-07 02:00:00,0.259,6.83
2019-01-07 03:00:00,0.441,8.259
2019-01-07 04:00:00,0.63,9.695
2019-01-07 05:00:00,0.76,10.881
2019-01-07 06:00:00,0.817,11.544
2019-01-07 07:00:00,0.851,12.01
2019-01-07 08:00:00,0.905,13.0
2019-01-07 09:00:00,0.953,14.32
2019-01-07 10:00:00,0.96,14.631
2019-01-07 11:00:00,0.971,15.182
2019-01-07 12:00:00,0.989,17.043
2019-01-07 13:00:00,0.988,17.924
2019-01-07 14:00:00,0.978,18.9
2019-01-07 15:00:00,0.97,19.324
2019-01-07 16:00:00,0.958,19.827
2019-01-07 17:00:00,0.922,20.764
2019-01-07 18:00:00,0.857,21.819
2019-01-07 19:00:00,0.777,22.723
2019-01-07 20:00:00,0.719,23.266
2019-01-07 21:00:00,0.668,23.703
2019-01-07 22:00:00,0.602,24.234
2019-01-07 23:00:00,0.563,24.54
2019-01-08 00:00:00,0.542,24.695
2019-01-08 01:00:00,0.537,24.739
2019-01-08 02:00:00,0.54,24.703
2019-01-08 03:00:00,0.555,24.591
2019-01-08 04:00:00,0.583,24.379
2019-01-08 05:00:00,0.624,24.059
2019-01-08 06:00:00,0.741,23.075
2019-01-08 07:00:00,0.833,22.112
2019-01-08 08:00:00,0.866,21.691
2019-01-08 09:00:00,0.877,21.531
2019-01-08 10:00:00,0.868,21.658
2019-01-08 11:00:00,0.886,21.39
2019-01-08 12:00:00,0.901,21.157
2019-01-08 13:00:00,0.92,20.803
2019-01-08 14:00:00,0.937,20.416
2019-01-08 15:00:00,0.953,19.976
2019-01-08 16:00:00,0.966,19.526
2019-01-08 17:00:00,0.974,19.155
2019-01-08 18:00:00,0.976,19.009
2019-01-08 19:00:00,0.975,19.062
2019-01-08 20:00:00,0.977,18.945
2019-01-08 21:00:00,0.982,18.621
2019-01-08 22:00:00,0.983,18.515
2019-01-08 23:00:00,0.986,18.211
2019-01-09 00:00:00,0.988,17.924
2019-01-09 01:00:00,0.989,17.566
2019-01-09 02:00:00,0.989,17.073
2019-01-09 03:00:00,0.988,16.746
2019-01-09 04:00:00,0.986,16.416
2019-01-09 05:00:00,0.982,15.981
2019-01-09 06:00:00,0.976,15.471
2019-01-09 07:00:00,0.97,15.096
2019-01-09 08:00:00,0.956,14.421
2019-01-09 09:00:00,0.935,13.733
2019-01-09 10:00:00,0.91,13.102
2019-01-09 11:00:00,0.878,12.472
2019-01-09 12:00:00,0.85,12.0
2019-01-09 13:00:00,0.826,11.663
2019-01-09 14:00:00,0.763,10.911
2019-01-09 15:00:00,0.704,10.326
2019-01-09 16:00:00,0.669,10.027
2019-01-09 17:00:00,0.628,9.677
2019-01-09 18:00:00,0.554,9.105
2019-01-09 19:00:00,0.472,8.496
2019-01-09 20:00:00,0.396,7.939
2019-01-09 21:00:00,0.33,7.422
2019-01-09 22:00:00,0.252,6.776
2019-01-09 23:00:00,0.217,6.442
2019-01-10 00:00:00,0.231,6.577
2019-01-10 01:00:00,0.21,6.38
2019-01-10 02:00:00,0.198,6.256
2019-01-10 03:00:00,0.195,6.226
2019-01-10 04:00:00,0.204,6.32
2019-01-10 05:00:00,0.213,6.407
2019-01-10 06:00:00,0.239,6.653
2019-01-10 07:00:00,0.309,7.256
2019-01-10 08:00:00,0.401,7.973
2019-01-10 09:00:00,0.469,8.474
2019-01-10 10:00:00,0.506,8.745
2019-01-10 11:00:00,0.547,9.047
2019-01-10 12:00:00,0.625,9.653
2019-01-10 13:00:00,0.722,10.493
2019-01-10 14:00:00,0.781,11.101
2019-01-10 15:00:00,0.809,11.445
2019-01-10 16:00:00,0.813,11.49
2019-01-10 17:00:00,0.805,11.39
2019-01-10 18:00:00,0.801,11.339
2019-01-10 19:00:00,0.8,11.324
2019-01-10 20:00:00,0.788,11.19
2019-01-10 21:00:00,0.754,10.821
2019-01-10 22:00:00,0.732,10.594
2019-01-10 23:00:00,0.741,10.687
2019-01-11 00:00:00,0.775,11.048
2019-01-11 01:00:00,0.834,11.77
2019-01-11 02:00:00,0.895,12.783
2019-01-11 03:00:00,0.937,13.78
2019-01-11 04:00:00,0.941,13.907
2019-01-11 05:00:00,0.939,13.838
2019-01-11 06:00:00,0.94,13.88
2019-01-11 07:00:00,0.944,13.996
2019-01-11 08:00:00,0.949,14.168
2019-01-11 09:00:00,0.951,14.268
2019-01-11 10:00:00,0.951,14.253
2019-01-11 11:00:00,0.947,14.129
2019-01-11 12:00:00,0.937,13.782
2019-01-11 13:00:00,0.915,13.22
2019-01-11 14:00:00,0.883,12.56
2019-01-11 15:00:00,0.834,11.76
2019-01-11 16:00:00,0.792,11.235
2019-01-11 17:00:00,0.766,10.945
2019-01-11 18:00:00,0.742,10.699
2019-01-11 19:00:00,0.714,10.418
2019-01-11 20:00:00,0.66,9.938
2019-01-11 21:00:00,0.619,9.614
2019-01-11 22:00:00,0.67,10.034
2019-01-11 23:00:00,0.749,10.77
2019-01-12 00:00:00,0.815,11.52
2019-01-12 01:00:00,0.88,12.488
2019-01-12 02:00:00,0.954,14.369
2019-01-12 03:00:00,0.965,14.818
2019-01-12 04:00:00,0.971,15.176
2019-01-12 05:00:00,0.984,16.123
2019-01-12 06:00:00,0.988,16.84
2019-01-12 07:00:00,0.982,15.988
2019-01-12 08:00:00,0.977,15.543
2019-01-12 09:00:00,0.974,15.331
2019-01-12 10:00:00,0.972,15.227
2019-01-12 11:00:00,0.973,15.288
2019-01-12 12:00:00,0.977,15.543
2019-01-12 13:00:00,0.983,16.019
2019-01-12 14:00:00,0.985,16.32
2019-01-12 15:00:00,0.983,16.09
2019-01-12 16:00:00,0.974,15.337
2019-01-12 17:00:00,0.953,14.312
2019-01-12 18:00:00,0.917,13.253
2019-01-12 19:00:00,0.861,12.175
2019-01-12 20:00:00,0.831,11.732
2019-01-12 21:00:00,0.81,11.46
2019-01-12 22:00:00,0.806,11.407
2019-01-12 23:00:00,0.88,12.49
2019-01-13 00:00:00,0.937,13.794
2019-01-13 01:00:00,0.97,15.103
2019-01-13 02:00:00,0.983,16.102
2019-01-13 03:00:00,0.989,16.961
2019-01-13 04:00:00,0.988,16.906
2019-01-13 05:00:00,0.989,17.694
2019-01-13 06:00:00,0.988,17.92
2019-01-13 07:00:00,0.989,17.69
2019-01-13 08:00:00,0.989,16.956
2019-01-13 09:00:00,0.989,17.685
2019-01-13 10:00:00,0.967,19.482
2019-01-13 11:00:00,0.95,20.075
2019-01-13 12:00:00,0.947,20.162
2019-01-13 13:00:00,0.953,19.981
2019-01-13 14:00:00,0.963,19.64
2019-01-13 15:00:00,0.974,19.127
2019-01-13 16:00:00,0.982,18.601
2019-01-13 17:00:00,0.985,18.259
2019-01-13 18:00:00,0.989,17.466
2019-01-13 19:00:00,0.984,16.119
2019-01-13 20:00:00,0.948,14.16
2019-01-13 21:00:00,0.883,12.561
2019-01-13 22:00:00,0.794,11.258
2019-01-13 23:00:00,0.734,10.615
2019-01-14 00:00:00,0.767,10.959
2019-01-14 01:00:00,0.832,11.752
2019-01-14 02:00:00,0.894,12.76
2019-01-14 03:00:00,0.936,13.764
2019-01-14 04:00:00,0.959,14.561
2019-01-14 05:00:00,0.97,15.082
2019-01-14 06:00:00,0.975,15.377
2019-01-14 07:00:00,0.975,15.386
2019-01-14 08:00:00,0.97,15.128
2019-01-14 09:00:00,0.965,14.842
2019-01-14 10:00:00,0.956,14.424
2019-01-14 11:00:00,0.939,13.847
2019-01-14 12:00:00,0.923,13.401
2019-01-14 13:00:00,0.875,12.4
2019-01-14 14:00:00,0.797,11.296
2019-01-14 15:00:00,0.689,10.19
2019-01-14 16:00:00,0.578,9.289
2019-01-14 17:00:00,0.602,9.476
2019-01-14 18:00:00,0.733,10.602
2019-01-14 19:00:00,0.857,12.109
2019-01-14 20:00:00,0.915,13.206
2019-01-14 21:00:00,0.933,13.682
2019-01-14 22:00:00,0.939,13.863
2019-01-14 23:00:00,0.942,13.942
2019-01-15 00:00:00,0.94,13.894
2019-01-15 01:00:00,0.935,13.736
2019-01-15 02:00:00,0.95,14.21
2019-01-15 03:00:00,0.965,14.846
2019-01-15 04:00:00,0.973,15.249
2019-01-15 05:00:00,0.975,15.417
2019-01-15 06:00:00,0.976,15.481
2019-01-15 07:00:00,0.976,15.44
2019-01-15 08:00:00,0.975,15.409
2019-01-15 09:00:00,0.972,15.219
2019-01-15 10:00:00,0.97,15.088
2019-01-15 11:00:00,0.967,14.954
2019-01-15 12:00:00,0.968,15.006
2019-01-15 13:00:00,0.969,15.039
2019-01-15 14:00:00,0.96,14.594
2019-01-15 15:00:00,0.959,14.586
2019-01-15 16:00:00,0.95,14.237
2019-01-15 17:00:00,0.946,14.062
2019-01-15 18:00:00,0.949,14.175
2019-01-15 19:00:00,0.953,14.319
2019-01-15 20:00:00,0.955,14.397
2019-01-15 21:00:00,0.956,14.441
2019-01-15 22:00:00,0.958,14.513
2019-01-15 23:00:00,0.96,14.628
2019-01-16 00:00:00,0.961,14.643
2019-01-16 01:00:00,0.96,14.607
2019-01-16 02:00:00,0.96,14.617
2019-01-16 03:00:00,0.96,14.633
2019-01-16 04:00:00,0.96,14.627
2019-01-16 05:00:00,0.962,14.691
2019-01-16 06:00:00,0.963,14.751
2019-01-16 07:00:00,0.971,15.163
2019-01-16 08:00:00,0.978,15.587
2019-01-16 09:00:00,0.981,15.895
2019-01-16 10:00:00,0.985,16.26
2019-01-16 11:00:00,0.984,16.17
2019-01-16 12:00:00,0.977,15.539
2019-01-16 13:00:00,0.964,14.804
2019-01-16 14:00:00,0.957,14.48
2019-01-16 15:00:00,0.964,14.795
2019-01-16 16:00:00,0.975,15.374
2019-01-16 17:00:00,0.978,15.608
2019-01-16 18:00:00,0.976,15.476
2019-01-16 19:00:00,0.973,15.243
2019-01-16 20:00:00,0.969,15.06
2019-01-16 21:00:00,0.962,14.715
2019-01-16 22:00:00,0.957,14.48
2019-01-16 23:00:00,0.95,14.213
2019-01-17 00:00:00,0.941,13.918
2019-01-17 01:00:00,0.966,14.889
2019-01-17 02:00:00,0.987,16.569
2019-01-17 03:00:00,0.986,16.46
2019-01-17 04:00:00,0.978,15.616
2019-01-17 05:00:00,0.981,15.816
2019-01-17 06:00:00,0.986,16.47
2019-01-17 07:00:00,0.987,16.659
2019-01-17 08:00:00,0.988,16.882
2019-01-17 09:00:00,0.989,17.078
2019-01-17 10:00:00,0.989,17.059
2019-01-17 11:00:00,0.989,17.087
2019-01-17 12:00:00,0.989,17.463
2019-01-17 13:00:00,0.988,17.743
2019-01-17 14:00:00,0.989,16.993
2019-01-17 15:00:00,0.984,16.218
2019-01-17 16:00:00,0.975,15.387
2019-01-17 17:00:00,0.957,14.485
2019-01-17 18:00:00,0.929,13.564
2019-01-17 19:00:00,0.882,12.543
2019-01-17 20:00:00,0.815,11.52
2019-01-17 21:00:00,0.715,10.435
2019-01-17 22:00:00,0.58,9.306
2019-01-17 23:00:00,0.434,8.218
2019-01-18 00:00:00,0.311,7.273
2019-01-18 01:00:00,0.223,6.504
2019-01-18 02:00:00,0.171,5.967
2019-01-18 03:00:00,0.156,5.796
2019-01-18 04:00:00,0.158,5.828
2019-01-18 05:00:00,0.152,5.758
2019-01-18 06:00:00,0.127,5.446
2019-01-18 07:00:00,0.09,4.938
2019-01-18 08:00:00,0.065,4.494
2019-01-18 09:00:00,0.062,4.443
2019-01-18 10:00:00,0.079,4.752
2019-01-18 11:00:00,0.12,5.363
2019-01-18 12:00:00,0.173,5.998
2019-01-18 13:00:00,0.228,6.551
2019-01-18 14:00:00,0.278,6.997
2019-01-18 15:00:00,0.325,7.382
2019-01-18 16:00:00,0.383,7.828
2019-01-18 17:00:00,0.472,8.49
2019-01-18 18:00:00,0.59,9.382
2019-01-18 19:00:00,0.707,10.351
2019-01-18 20:00:00,0.789,11.205
2019-01-18 21:00:00,0.836,11.805
2019-01-18 22:00:00,0.853,12.057
2019-01-18 23:00:00,0.854,12.069
2019-01-19 00:00:00,0.847,11.966
2019-01-19 01:00:00,0.842,11.883
2019-01-19 02:00:00,0.835,11.778
2019-01-19 03:00:00,0.827,11.685
2019-01-19 04:00:00,0.826,11.653
2019-01-19 05:00:00,0.832,11.747
2019-01-19 06:00:00,0.845,11.928
2019-01-19 07:00:00,0.852,12.026
2019-01-19 08:00:00,0.848,11.971
2019-01-19 09:00:00,0.838,11.836
2019-01-19 10:00:00,0.836,11.805
2019-01-19 11:00:00,0.835,11.791
2019-01-19 12:00:00,0.822,11.612
2019-01-19 13:00:00,0.798,11.313
2019-01-19 14:00:00,0.767,10.953
2019-01-19 15:00:00,0.722,10.498
2019-01-19 16:00:00,0.663,9.975
2019-01-19 17:00:00,0.602,9.479
2019-01-19 18:00:00,0.553,9.102
2019-01-19 19:00:00,0.518,8.837
2019-01-19 20:00:00,0.488,8.619
2019-01-19 21:00:00,0.463,8.422
2019-01-19 22:00:00,0.432,8.207
2019-01-19 23:00:00,0.397,7.941
2019-01-20 00:00:00,0.355,7.618
2019-01-20 01:00:00,0.31,7.269
2019-01-20 02:00:00,0.27,6.92
2019-01-20 03:00:00,0.228,6.552
2019-01-20 04:00:00,0.189,6.164
2019-01-20 05:00:00,0.158,5.828
2019-01-20 06:00:00,0.14,5.621
2019-01-20 07:00:00,0.138,5.579
2019-01-20 08:00:00,0.148,5.705
2019-01-20 09:00:00,0.172,5.988
2019-01-20 10:00:00,0.206,6.337
2019-01-20 11:00:00,0.241,6.668
2019-01-20 12:00:00,0.268,6.913
2019-01-20 13:00:00,0.289,7.082
2019-01-20 14:00:00,0.299,7.171
2019-01-20 15:00:00,0.305,7.23
2019-01-20 16:00:00,0.324,7.369
2019-01-20 17:00:00,0.342,7.515
2019-01-20 18:00:00,0.363,7.682
2019-01-20 19:00:00,0.392,7.902
2019-01-20 20:00:00,0.429,8.177
2019-01-20 21:00:00,0.482,8.568
2019-01-20 22:00:00,0.573,9.252
2019-01-20 23:00:00,0.62,9.617
2019-01-21 00:00:00,0.603,9.482
2019-01-21 01:00:00,0.564,9.18
2019-01-21 02:00:00,0.518,8.842
2019-01-21 03:00:00,0.465,8.451
2019-01-21 04:00:00,0.396,7.933
2019-01-21 05:00:00,0.311,7.271
2019-01-21 06:00:00,0.228,6.557
2019-01-21 07:00:00,0.16,5.852
2019-01-21 08:00:00,0.131,5.506
2019-01-21 09:00:00,0.146,5.691
2019-01-21 10:00:00,0.188,6.161
2019-01-21 11:00:00,0.254,6.794
2019-01-21 12:00:00,0.319,7.339
2019-01-21 13:00:00,0.361,7.663
2019-01-21 14:00:00,0.41,8.04
2019-01-21 15:00:00,0.506,8.74
2019-01-21 16:00:00,0.608,9.522
2019-01-21 17:00:00,0.695,10.25
2019-01-21 18:00:00,0.773,11.014
2019-01-21 19:00:00,0.834,11.771
2019-01-21 20:00:00,0.876,12.433
2019-01-21 21:00:00,0.91,13.096
2019-01-21 22:00:00,0.938,13.826
2019-01-21 23:00:00,0.959,14.561
2019-01-22 00:00:00,0.972,15.196
2019-01-22 01:00:00,0.981,15.854
2019-01-22 02:00:00,0.986,16.468
2019-01-22 03:00:00,0.988,16.825
2019-01-22 04:00:00,0.984,16.147
2019-01-22 05:00:00,0.949,14.189
2019-01-22 06:00:00,0.846,11.943
2019-01-22 07:00:00,0.691,10.207
2019-01-22 08:00:00,0.591,9.391
2019-01-22 09:00:00,0.548,9.059
2019-01-22 10:00:00,0.516,8.82
2019-01-22 11:00:00,0.484,8.582
2019-01-22 12:00:00,0.467,8.464
2019-01-22 13:00:00,0.472,8.498
2019-01-22 14:00:00,0.496,8.668
2019-01-22 15:00:00,0.478,8.53
2019-01-22 16:00:00,0.419,8.102
2019-01-22 17:00:00,0.353,7.602
2019-01-22 18:00:00,0.272,6.947
2019-01-22 19:00:00,0.19,6.181
2019-01-22 20:00:00,0.124,5.413
2019-01-22 21:00:00,0.079,4.754
2019-01-22 22:00:00,0.05,4.207
2019-01-22 23:00:00,0.03,3.695
2019-01-23 00:00:00,0.016,3.177
2019-01-23 01:00:00,0.007,2.708
2019-01-23 02:00:00,0.004,2.419
2019-01-23 03:00:00,0.003,2.326
2019-01-23 04:00:00,0.004,2.371
2019-01-23 05:00:00,0.005,2.526
2019-01-23 06:00:00,0.009,2.846
2019-01-23 07:00:00,0.017,3.234
2019-01-23 08:00:00,0.029,3.675
2019-01-23 09:00:00,0.03,3.681
2019-01-23 10:00:00,0.015,3.145
2019-01-23 11:00:00,0.007,2.695
2019-01-23 12:00:00,0.004,2.386
2019-01-23 13:00:00,0.003,2.219
2019-01-23 14:00:00,0.002,2.17
2019-01-23 15:00:00,0.003,2.209
2019-01-23 16:00:00,0.002,2.07
2019-01-23 17:00:00,0.001,1.905
2019-01-23 18:00:00,0.002,2.137
2019-01-23 19:00:00,0.007,2.693
2019-01-23 20:00:00,0.021,3.369
2019-01-23 21:00:00,0.038,3.892
2019-01-23 22:00:00,0.051,4.218
2019-01-23 23:00:00,0.063,4.455
2019-01-24 00:00:00,0.068,4.546
2019-01-24 01:00:00,0.063,4.468
2019-01-24 02:00:00,0.067,4.525
2019-01-24 03:00:00,0.062,4.451
2019-01-24 04:00:00,0.05,4.202
2019-01-24 05:00:00,0.051,4.226
2019-01-24 06:00:00,0.061,4.416
2019-01-24 07:00:00,0.079,4.75
2019-01-24 08:00:00,0.093,4.982
2019-01-24 09:00:00,0.082,4.785
2019-01-24 10:00:00,0.055,4.306
2019-01-24 11:00:00,0.043,4.027
2019-01-24 12:00:00,0.032,3.762
2019-01-24 13:00:00,0.026,3.582
2019-01-24 14:00:00,0.022,3.425
2019-01-24 15:00:00,0.016,3.176
2019-01-24 16:00:00,0.019,3.316
2019-01-24 17:00:00,0.032,3.762
2019-01-24 18:00:00,0.055,4.303
2019-01-24 19:00:00,0.087,4.874
2019-01-24 20:00:00,0.123,5.399
2019-01-24 21:00:00,0.167,5.927
2019-01-24 22:00:00,0.222,6.493
2019-01-24 23:00:00,0.291,7.108
2019-01-25 00:00:00,0.357,7.635
2019-01-25 01:00:00,0.437,8.235
2019-01-25 02:00:00,0.549,9.073
2019-01-25 03:00:00,0.658,9.932
2019-01-25 04:00:00,0.765,10.94
2019-01-25 05:00:00,0.855,12.086
2019-01-25 06:00:00,0.911,13.123
2019-01-25 07:00:00,0.923,13.396
2019-01-25 08:00:00,0.903,12.936
2019-01-25 09:00:00,0.817,11.533
2019-01-25 10:00:00,0.753,10.805
2019-01-25 11:00:00,0.821,11.592
2019-01-25 12:00:00,0.86,12.15
2019-01-25 13:00:00,0.863,12.207
2019-01-25 14:00:00,0.858,12.138
2019-01-25 15:00:00,0.838,11.833
2019-01-25 16:00:00,0.821,11.593
2019-01-25 17:00:00,0.822,11.612
2019-01-25 18:00:00,0.833,11.753
2019-01-25 19:00:00,0.85,12.0
2019-01-25 20:00:00,0.839,11.844
2019-01-25 21:00:00,0.736,10.641
2019-01-25 22:00:00,0.656,9.902
2019-01-25 23:00:00,0.601,9.462
2019-01-26 00:00:00,0.667,10.006
2019-01-26 01:00:00,0.779,11.091
2019-01-26 02:00:00,0.802,11.359
2019-01-26 03:00:00,0.817,11.531
2019-01-26 04:00:00,0.776,11.058
2019-01-26 05:00:00,0.705,10.34
2019-01-26 06:00:00,0.639,9.774
2019-01-26 07:00:00,0.66,9.945
2019-01-26 08:00:00,0.732,10.593
2019-01-26 09:00:00,0.787,11.185
2019-01-26 10:00:00,0.818,11.56
2019-01-26 11:00:00,0.835,11.79
2019-01-26 12:00:00,0.855,12.088
2019-01-26 13:00:00,0.865,12.245
2019-01-26 14:00:00,0.865,12.248
2019-01-26 15:00:00,0.893,12.746
2019-01-26 16:00:00,0.922,13.37
2019-01-26 17:00:00,0.934,13.693
2019-01-26 18:00:00,0.94,13.895
2019-01-26 19:00:00,0.943,13.976
2019-01-26 20:00:00,0.938,13.822
2019-01-26 21:00:00,0.903,12.956
2019-01-26 22:00:00,0.818,11.553
2019-01-26 23:00:00,0.698,10.277
2019-01-27 00:00:00,0.653,9.89
2019-01-27 01:00:00,0.68,10.118
2019-01-27 02:00:00,0.783,11.12
2019-01-27 03:00:00,0.894,12.754
2019-01-27 04:00:00,0.954,14.357
2019-01-27 05:00:00,0.975,15.396
2019-01-27 06:00:00,0.977,15.564
2019-01-27 07:00:00,0.971,15.146
2019-01-27 08:00:00,0.959,14.573
2019-01-27 09:00:00,0.938,13.815
2019-01-27 10:00:00,0.907,13.023
2019-01-27 11:00:00,0.85,12.0
2019-01-27 12:00:00,0.727,10.553
2019-01-27 13:00:00,0.528,8.908
2019-01-27 14:00:00,0.427,8.164
2019-01-27 15:00:00,0.578,9.288
2019-01-27 16:00:00,0.831,11.733
2019-01-27 17:00:00,0.969,15.037
2019-01-27 18:00:00,0.987,18.017
2019-01-27 19:00:00,0.955,19.905
2019-01-27 20:00:00,0.94,20.336
2019-01-27 21:00:00,0.957,19.841
2019-01-27 22:00:00,0.978,18.902
2019-01-27 23:00:00,0.989,17.712
2019-01-28 00:00:00,0.987,16.594
2019-01-28 01:00:00,0.98,15.754
2019-01-28 02:00:00,0.972,15.197
2019-01-28 03:00:00,0.965,14.863
2019-01-28 04:00:00,0.966,14.89
2019-01-28 05:00:00,0.971,15.153
2019-01-28 06:00:00,0.973,15.295
2019-01-28 07:00:00,0.974,15.353
2019-01-28 08:00:00,0.97,15.117
2019-01-28 09:00:00,0.965,14.819
2019-01-28 10:00:00,0.959,14.559
2019-01-28 11:00:00,0.957,14.472
2019-01-28 12:00:00,0.954,14.361
2019-01-28 13:00:00,0.941,13.904
2019-01-28 14:00:00,0.914,13.177
2019-01-28 15:00:00,0.886,12.615
2019-01-28 16:00:00,0.849,11.987
2019-01-28 17:00:00,0.804,11.385
2019-01-28 18:00:00,0.763,10.917
2019-01-28 19:00:00,0.712,10.409
2019-01-28 20:00:00,0.674,10.067
2019-01-28 21:00:00,0.669,10.026
2019-01-28 22:00:00,0.66,9.949
2019-01-28 23:00:00,0.658,9.923
2019-01-29 00:00:00,0.687,10.178
2019-01-29 01:00:00,0.721,10.486
2019-01-29 02:00:00,0.749,10.769
2019-01-29 03:00:00,0.731,10.586
2019-01-29 04:00:00,0.661,9.953
2019-01-29 05:00:00,0.594,9.405
2019-01-29 06:00:00,0.566,9.196
2019-01-29 07:00:00,0.552,9.092
2019-01-29 08:00:00,0.573,9.252
2019-01-29 09:00:00,0.647,9.834
2019-01-29 10:00:00,0.717,10.445
2019-01-29 11:00:00,0.766,10.948
2019-01-29 12:00:00,0.813,11.492
2019-01-29 13:00:00,0.85,12.001
2019-01-29 14:00:00,0.868,12.289
2019-01-29 15:00:00,0.881,12.52
2019-01-29 16:00:00,0.899,12.869
2019-01-29 17:00:00,0.915,13.215
2019-01-29 18:00:00,0.922,13.375
2019-01-29 19:00:00,0.919,13.315
2019-01-29 20:00:00,0.91,13.079
2019-01-29 21:00:00,0.882,12.535
2019-01-29 22:00:00,0.824,11.64
2019-01-29 23:00:00,0.691,10.206
2019-01-30 00:00:00,0.48,8.55
2019-01-30 01:00:00,0.328,7.407
2019-01-30 02:00:00,0.251,6.759
2019-01-30 03:00:00,0.209,6.368
2019-01-30 04:00:00,0.188,6.158
2019-01-30 05:00:00,0.171,5.97
2019-01-30 06:00:00,0.148,5.713
2019-01-30 07:00:00,0.122,5.386
2019-01-30 08:00:00,0.091,4.941
2019-01-30 09:00:00,0.062,4.451
2019-01-30 10:00:00,0.044,4.056
2019-01-30 11:00:00,0.03,3.694
2019-01-30 12:00:00,0.021,3.379
2019-01-30 13:00:00,0.015,3.168
2019-01-30 14:00:00,0.012,3.02
2019-01-30 15:00:00,0.011,2.932
2019-01-30 16:00:00,0.012,2.985
2019-01-30 17:00:00,0.014,3.09
2019-01-30 18:00:00,0.017,3.213
2019-01-30 19:00:00,0.021,3.379
2019-01-30 20:00:00,0.028,3.619
2019-01-30 21:00:00,0.036,3.847
2019-01-30 22:00:00,0.044,4.051
2019-01-30 23:00:00,0.051,4.226
2019-01-31 00:00:00,0.056,4.326
2019-01-31 01:00:00,0.054,4.272
2019-01-31 02:00:00,0.046,4.106
2019-01-31 03:00:00,0.04,3.961
2019-01-31 04:00:00,0.038,3.903
2019-01-31 05:00:00,0.035,3.836
2019-01-31 06:00:00,0.032,3.742
2019-01-31 07:00:00,0.027,3.59
2019-01-31 08:00:00,0.021,3.403
2019-01-31 09:00:00,0.013,3.072
2019-01-31 10:00:00,0.007,2.666
2019-01-31 11:00:00,0.004,2.374
2019-01-31 12:00:00,0.004,2.368
2019-01-31 13:00:00,0.004,2.409
2019-01-31 14:00:00,0.003,2.336
2019-01-31 15:00:00,0.002,2.147
2019-01-31 16:00:00,0.001,2.012
2019-01-31 17:00:00,0.002,2.166
2019-01-31 18:00:00,0.008,2.779
2019-01-31 19:00:00,0.028,3.616
2019-01-31 20:00:00,0.067,4.532
2019-01-31 21:00:00,0.111,5.238
2019-01-31 22:00:00,0.148,5.715
2019-01-31 23:00:00,0.17,5.953
2019-02-01 00:00:00,0.203,6.311
2019-02-01 01:00:00,0.27,6.928
2019-02-01 02:00:00,0.368,7.725
2019-02-01 03:00:00,0.467,8.463
2019-02-01 04:00:00,0.542,9.02
2019-02-01 05:00:00,0.596,9.429
2019-02-01 06:00:00,0.633,9.718
2019-02-01 07:00:00,0.663,9.963
2019-02-01 08:00:00,0.687,10.176
2019-02-01 09:00:00,0.72,10.481
2019-02-01 10:00:00,0.751,10.793
2019-02-01 11:00:00,0.771,10.998
2019-02-01 12:00:00,0.781,11.109
2019-02-01 13:00:00,0.783,11.134
2019-02-01 14:00:00,0.779,11.081
2019-02-01 15:00:00,0.775,11.045
2019-02-01 16:00:00,0.773,11.02
2019-02-01 17:00:00,0.768,10.965
2019-02-01 18:00:00,0.751,10.794
2019-02-01 19:00:00,0.728,10.56
2019-02-01 20:00:00,0.707,10.361
2019-02-01 21:00:00,0.695,10.252
2019-02-01 22:00:00,0.679,10.105
2019-02-01 23:00:00,0.652,9.882
2019-02-02 00:00:00,0.619,9.613
2019-02-02 01:00:00,0.589,9.373
2019-02-02 02:00:00,0.562,9.164
2019-02-02 03:00:00,0.53,8.931
2019-02-02 04:00:00,0.502,8.723
2019-02-02 05:00:00,0.48,8.551
2019-02-02 06:00:00,0.446,8.297
2019-02-02 07:00:00,0.385,7.847
2019-02-02 08:00:00,0.324,7.378
2019-02-02 09:00:00,0.309,7.255
2019-02-02 10:00:00,0.328,7.413
2019-02-02 11:00:00,0.349,7.574
2019-02-02 12:00:00,0.372,7.752
2019-02-02 13:00:00,0.392,7.903
2019-02-02 14:00:00,0.397,7.946
2019-02-02 15:00:00,0.367,7.715
2019-02-02 16:00:00,0.314,7.302
2019-02-02 17:00:00,0.266,6.895
2019-02-02 18:00:00,0.227,6.546
2019-02-02 19:00:00,0.206,6.334
2019-02-02 20:00:00,0.229,6.562
2019-02-02 21:00:00,0.316,7.318
2019-02-02 22:00:00,0.435,8.229
2019-02-02 23:00:00,0.529,8.913
2019-02-03 00:00:00,0.569,9.219
2019-02-03 01:00:00,0.585,9.345
2019-02-03 02:00:00,0.577,9.283
2019-02-03 03:00:00,0.568,9.214
2019-02-03 04:00:00,0.551,9.087
2019-02-03 05:00:00,0.513,8.795
2019-02-03 06:00:00,0.468,8.471
2019-02-03 07:00:00,0.438,8.244
2019-02-03 08:00:00,0.413,8.057
2019-02-03 09:00:00,0.439,8.255
2019-02-03 10:00:00,0.528,8.904
2019-02-03 11:00:00,0.608,9.525
2019-02-03 12:00:00,0.687,10.175
2019-02-03 13:00:00,0.768,10.963
2019-02-03 14:00:00,0.827,11.669
2019-02-03 15:00:00,0.864,12.223
2019-02-03 16:00:00,0.897,12.817
2019-02-03 17:00:00,0.922,13.372
2019-02-03 18:00:00,0.935,13.734
2019-02-03 19:00:00,0.937,13.793
2019-02-03 20:00:00,0.931,13.62
2019-02-03 21:00:00,0.918,13.29
2019-02-03 22:00:00,0.902,12.927
2019-02-03 23:00:00,0.899,12.847
2019-02-04 00:00:00,0.903,12.934
2019-02-04 01:00:00,0.932,13.653
2019-02-04 02:00:00,0.959,14.567
2019-02-04 03:00:00,0.967,14.921
2019-02-04 04:00:00,0.979,15.714
2019-02-04 05:00:00,0.989,17.201
2019-02-04 06:00:00,0.984,18.463
2019-02-04 07:00:00,0.971,19.297
2019-02-04 08:00:00,0.968,19.4
2019-02-04 09:00:00,0.98,18.745
2019-02-04 10:00:00,0.988,17.936
2019-02-04 11:00:00,0.989,17.064
2019-02-04 12:00:00,0.987,16.548
2019-02-04 13:00:00,0.986,16.359
2019-02-04 14:00:00,0.985,16.327
2019-02-04 15:00:00,0.979,15.72
2019-02-04 16:00:00,0.968,15.001
2019-02-04 17:00:00,0.962,14.676
2019-02-04 18:00:00,0.959,14.555
2019-02-04 19:00:00,0.947,14.125
2019-02-04 20:00:00,0.928,13.531
2019-02-04 21:00:00,0.907,13.043
2019-02-04 22:00:00,0.875,12.399
2019-02-04 23:00:00,0.84,11.866
2019-02-05 00:00:00,0.822,11.605
2019-02-05 01:00:00,0.788,11.194
2019-02-05 02:00:00,0.731,10.59
2019-02-05 03:00:00,0.668,10.019
2019-02-05 04:00:00,0.599,9.45
2019-02-05 05:00:00,0.514,8.806
2019-02-05 06:00:00,0.422,8.12
2019-02-05 07:00:00,0.332,7.439
2019-02-05 08:00:00,0.247,6.723
2019-02-05 09:00:00,0.197,6.242
2019-02-05 10:00:00,0.182,6.092
2019-02-05 11:00:00,0.197,6.242
2019-02-05 12:00:00,0.226,6.534
2019-02-05 13:00:00,0.276,6.983
2019-02-05 14:00:00,0.379,7.806
2019-02-05 15:00:00,0.518,8.837
2019-02-05 16:00:00,0.677,10.082
2019-02-05 17:00:00,0.802,11.359
2019-02-05 18:00:00,0.891,12.699
2019-02-05 19:00:00,0.935,13.732
2019-02-05 20:00:00,0.956,14.445
2019-02-05 21:00:00,0.977,15.523
2019-02-05 22:00:00,0.986,16.356
2019-02-05 23:00:00,0.985,16.317
2019-02-06 00:00:00,0.982,15.931
2019-02-06 01:00:00,0.973,15.243
2019-02-06 02:00:00,0.953,14.307
2019-02-06 03:00:00,0.906,13.016
2019-02-06 04:00:00,0.837,11.818
2019-02-06 05:00:00,0.812,11.48
2019-02-06 06:00:00,0.747,10.745
2019-02-06 07:00:00,0.644,9.813
2019-02-06 08:00:00,0.605,9.49
2019-02-06 09:00:00,0.612,9.553
2019-02-06 10:00:00,0.608,9.511
2019-02-06 11:00:00,0.596,9.429
2019-02-06 12:00:00,0.573,9.245
2019-02-06 13:00:00,0.548,9.05
2019-02-06 14:00:00,0.541,9.005
2019-02-06 15:00:00,0.564,9.178
2019-02-06 16:00:00,0.601,9.459
2019-02-06 17:00:00,0.62,9.62
2019-02-06 18:00:00,0.634,9.732
2019-02-06 19:00:00,0.656,9.906
2019-02-06 20:00:00,0.677,10.093
2019-02-06 21:00:00,0.636,9.746
2019-02-06 22:00:00,0.545,9.036
2019-02-06 23:00:00,0.528,8.903
2019-02-07 00:00:00,0.576,9.273
2019-02-07 01:00:00,0.608,9.519
2019-02-07 02:00:00,0.641,9.79
2019-02-07 03:00:00,0.724,10.524
2019-02-07 04:00:00,0.737,10.645
2019-02-07 05:00:00,0.581,9.313
2019-02-07 06:00:00,0.33,7.426
2019-02-07 07:00:00,0.19,6.178
2019-02-07 08:00:00,0.199,6.268
2019-02-07 09:00:00,0.283,7.043
2019-02-07 10:00:00,0.351,7.587
2019-02-07 11:00:00,0.513,8.795
2019-02-07 12:00:00,0.762,10.893
2019-02-07 13:00:00,0.904,12.977
2019-02-07 14:00:00,0.96,14.615
2019-02-07 15:00:00,0.977,15.506
2019-02-07 16:00:00,0.977,15.539
2019-02-07 17:00:00,0.976,15.468
2019-02-07 18:00:00,0.973,15.277
2019-02-07 19:00:00,0.966,14.88
2019-02-07 20:00:00,0.956,14.43
2019-02-07 21:00:00,0.945,14.056
2019-02-07 22:00:00,0.924,13.424
2019-02-07 23:00:00,0.894,12.761
2019-02-08 00:00:00,0.861,12.172
2019-02-08 01:00:00,0.827,11.683
2019-02-08 02:00:00,0.808,11.43
2019-02-08 03:00:00,0.815,11.516
2019-02-08 04:00:00,0.85,12.005
2019-02-08 05:00:00,0.914,13.176
2019-02-08 06:00:00,0.958,14.544
2019-02-08 07:00:00,0.981,15.862
2019-02-08 08:00:00,0.988,16.888
2019-02-08 09:00:00,0.987,18.081
2019-02-08 10:00:00,0.973,19.179
2019-02-08 11:00:00,0.944,20.248
2019-02-08 12:00:00,0.902,21.127
2019-02-08 13:00:00,0.832,22.127
2019-02-08 14:00:00,0.765,22.848
2019-02-08 15:00:00,0.809,22.394
2019-02-08 16:00:00,0.89,21.337
2019-02-08 17:00:00,0.955,19.926
2019-02-08 18:00:00,0.977,18.952
2019-02-08 19:00:00,0.981,18.708
2019-02-08 20:00:00,0.984,18.376
2019-02-08 21:00:00,0.987,18.035
2019-02-08 22:00:00,0.987,18.069
2019-02-08 23:00:00,0.988,17.837
2019-02-09 00:00:00,0.988,17.723
2019-02-09 01:00:00,0.988,17.957
2019-02-09 02:00:00,0.979,18.87
2019-02-09 03:00:00,0.956,19.875
2019-02-09 04:00:00,0.899,21.183
2019-02-09 05:00:00,0.788,22.611
2019-02-09 06:00:00,0.705,23.397
2019-02-09 07:00:00,0.743,23.052
2019-02-09 08:00:00,0.772,22.78
2019-02-09 09:00:00,0.789,22.611
2019-02-09 10:00:00,0.776,22.739
2019-02-09 11:00:00,0.724,23.227
2019-02-09 12:00:00,0.697,23.467
2019-02-09 13:00:00,0.731,23.168
2019-02-09 14:00:00,0.783,22.667
2019-02-09 15:00:00,0.857,21.816
2019-02-09 16:00:00,0.919,20.811
2019-02-09 17:00:00,0.955,19.907
2019-02-09 18:00:00,0.981,18.7
2019-02-09 19:00:00,0.989,17.529
2019-02-09 20:00:00,0.986,16.43
2019-02-09 21:00:00,0.977,15.513
2019-02-09 22:00:00,0.965,14.831
2019-02-09 23:00:00,0.946,14.092
2019-02-10 00:00:00,0.914,13.179
2019-02-10 01:00:00,0.872,12.355
2019-02-10 02:00:00,0.803,11.364
2019-02-10 03:00:00,0.688,10.186
2019-02-10 04:00:00,0.528,8.906
2019-02-10 05:00:00,0.339,7.497
2019-02-10 06:00:00,0.194,6.22
2019-02-10 07:00:00,0.12,5.365
2019-02-10 08:00:00,0.091,4.948
2019-02-10 09:00:00,0.107,5.183
2019-02-10 10:00:00,0.17,5.954
2019-02-10 11:00:00,0.267,6.908
2019-02-10 12:00:00,0.391,7.893
2019-02-10 13:00:00,0.509,8.76
2019-02-10 14:00:00,0.614,9.569
2019-02-10 15:00:00,0.696,10.257
2019-02-10 16:00:00,0.764,10.92
2019-02-10 17:00:00,0.82,11.583
2019-02-10 18:00:00,0.86,12.161
2019-02-10 19:00:00,0.887,12.624
2019-02-10 20:00:00,0.901,12.91
2019-02-10 21:00:00,0.904,12.973
2019-02-10 22:00:00,0.895,12.776
2019-02-10 23:00:00,0.876,12.434
2019-02-11 00:00:00,0.854,12.061
2019-02-11 01:00:00,0.827,11.682
2019-02-11 02:00:00,0.818,11.56
2019-02-11 03:00:00,0.834,11.775
2019-02-11 04:00:00,0.86,12.156
2019-02-11 05:00:00,0.883,12.563
2019-02-11 06:00:00,0.88,12.5
2019-02-11 07:00:00,0.847,11.96
2019-02-11 08:00:00,0.81,11.456
2019-02-11 09:00:00,0.783,11.121
2019-02-11 10:00:00,0.742,10.703
2019-02-11 11:00:00,0.689,10.199
2019-02-11 12:00:00,0.682,10.138
2019-02-11 13:00:00,0.719,10.475
2019-02-11 14:00:00,0.725,10.529
2019-02-11 15:00:00,0.67,10.035
2019-02-11 16:00:00,0.627,9.668
2019-02-11 17:00:00,0.618,9.605
2019-02-11 18:00:00,0.597,9.432
2019-02-11 19:00:00,0.563,9.169
2019-02-11 20:00:00,0.494,8.659
2019-02-11 21:00:00,0.413,8.053
2019-02-11 22:00:00,0.368,7.726
2019-02-11 23:00:00,0.38,7.816
2019-02-12 00:00:00,0.394,7.918
2019-02-12 01:00:00,0.404,7.992
2019-02-12 02:00:00,0.446,8.305
2019-02-12 03:00:00,0.49,8.631
2019-02-12 04:00:00,0.524,8.884
2019-02-12 05:00:00,0.534,8.96
2019-02-12 06:00:00,0.533,8.953
2019-02-12 07:00:00,0.564,9.183
2019-02-12 08:00:00,0.633,9.727
2019-02-12 09:00:00,0.716,10.449
2019-02-12 10:00:00,0.785,11.148
2019-02-12 11:00:00,0.826,11.659
2019-02-12 12:00:00,0.851,12.017
2019-02-12 13:00:00,0.875,12.407
2019-02-12 14:00:00,0.89,12.672
2019-02-12 15:00:00,0.904,12.971
2019-02-12 16:00:00,0.913,13.157
2019-02-12 17:00:00,0.917,13.273
2019-02-12 18:00:00,0.941,13.915
2019-02-12 19:00:00,0.937,13.807
2019-02-12 20:00:00,0.913,13.164
2019-02-12 21:00:00,0.876,12.428
2019-02-12 22:00:00,0.841,11.876
2019-02-12 23:00:00,0.81,11.457
2019-02-13 00:00:00,0.786,11.164
2019-02-13 01:00:00,0.762,10.897
2019-02-13 02:00:00,0.733,10.607
2019-02-13 03:00:00,0.701,10.306
2019-02-13 04:00:00,0.688,10.183
2019-02-13 05:00:00,0.713,10.414
2019-02-13 06:00:00,0.756,10.837
2019-02-13 07:00:00,0.802,11.353
2019-02-13 08:00:00,0.827,11.685
2019-02-13 09:00:00,0.83,11.716
2019-02-13 10:00:00,0.834,11.767
2019-02-13 11:00:00,0.846,11.949
2019-02-13 12:00:00,0.849,11.984
2019-02-13 13:00:00,0.843,11.904
2019-02-13 14:00:00,0.839,11.844
2019-02-13 15:00:00,0.835,11.793
2019-02-13 16:00:00,0.821,11.592
2019-02-13 17:00:00,0.804,11.381
2019-02-13 18:00:00,0.795,11.262
2019-02-13 19:00:00,0.784,11.145
2019-02-13 20:00:00,0.776,11.061
2019-02-13 21:00:00,0.783,11.136
2019-02-13 22:00:00,0.799,11.322
2019-02-13 23:00:00,0.815,11.51
2019-02-14 00:00:00,0.816,11.528
2019-02-14 01:00:00,0.802,11.361
2019-02-14 02:00:00,0.779,11.081
2019-02-14 03:00:00,0.747,10.742
2019-02-14 04:00:00,0.717,10.44
2019-02-14 05:00:00,0.693,10.235
2019-02-14 06:00:00,0.689,10.188
2019-02-14 07:00:00,0.657,9.917
2019-02-14 08:00:00,0.639,9.775
2019-02-14 09:00:00,0.608,9.52
2019-02-14 10:00:00,0.557,9.131
2019-02-14 11:00:00,0.509,8.763
2019-02-14 12:00:00,0.474,8.507
2019-02-14 13:00:00,0.446,8.306
2019-02-14 14:00:00,0.431,8.198
2019-02-14 15:00:00,0.44,8.257
2019-02-14 16:00:00,0.472,8.493
2019-02-14 17:00:00,0.515,8.816
2019-02-14 18:00:00,0.584,9.34
2019-02-14 19:00:00,0.654,9.895
2019-02-14 20:00:00,0.708,10.367
2019-02-14 21:00:00,0.734,10.613
2019-02-14 22:00:00,0.738,10.656
2019-02-14 23:00:00,0.733,10.611
2019-02-15 00:00:00,0.724,10.524
2019-02-15 01:00:00,0.714,10.426
2019-02-15 02:00:00,0.706,10.344
2019-02-15 03:00:00,0.712,10.398
2019-02-15 04:00:00,0.725,10.531
2019-02-15 05:00:00,0.742,10.694
2019-02-15 06:00:00,0.76,10.878
2019-02-15 07:00:00,0.776,11.058
2019-02-15 08:00:00,0.793,11.238
2019-02-15 09:00:00,0.81,11.455
2019-02-15 10:00:00,0.824,11.64
2019-02-15 11:00:00,0.834,11.76
2019-02-15 12:00:00,0.837,11.819
2019-02-15 13:00:00,0.837,11.818
2019-02-15 14:00:00,0.839,11.84
2019-02-15 15:00:00,0.851,12.017
2019-02-15 16:00:00,0.857,12.114
2019-02-15 17:00:00,0.86,12.151
2019-02-15 18:00:00,0.864,12.234
2019-02-15 19:00:00,0.874,12.394
2019-02-15 20:00:00,0.885,12.588
2019-02-15 21:00:00,0.895,12.778
2019-02-15 22:00:00,0.903,12.958
2019-02-15 23:00:00,0.91,13.099
2019-02-16 00:00:00,0.916,13.228
2019-02-16 01:00:00,0.922,13.391
2019-02-16 02:00:00,0.927,13.513
2019-02-16 03:00:00,0.938,13.826
2019-02-16 04:00:00,0.941,13.917
2019-02-16 05:00:00,0.922,13.373
2019-02-16 06:00:00,0.886,12.605
2019-02-16 07:00:00,0.845,11.933
2019-02-16 08:00:00,0.83,11.716
2019-02-16 09:00:00,0.82,11.584
2019-02-16 10:00:00,0.813,11.499
2019-02-16 11:00:00,0.806,11.407
2019-02-16 12:00:00,0.793,11.252
2019-02-16 13:00:00,0.783,11.119
2019-02-16 14:00:00,0.773,11.01
2019-02-16 15:00:00,0.76,10.874
2019-02-16 16:00:00,0.753,10.808
2019-02-16 17:00:00,0.706,10.346
2019-02-16 18:00:00,0.66,9.948
2019-02-16 19:00:00,0.677,10.083
2019-02-16 20:00:00,0.756,10.839
2019-02-16 21:00:00,0.813,11.488
2019-02-16 22:00:00,0.864,12.214
2019-02-16 23:00:00,0.896,12.804
2019-02-17 00:00:00,0.912,13.148
2019-02-17 01:00:00,0.911,13.123
2019-02-17 02:00:00,0.887,12.626
2019-02-17 03:00:00,0.868,12.295
2019-02-17 04:00:00,0.848,11.975
2019-02-17 05:00:00,0.841,11.879
2019-02-17 06:00:00,0.845,11.92
2019-02-17 07:00:00,0.846,11.951
2019-02-17 08:00:00,0.854,12.062
2019-02-17 09:00:00,0.867,12.283
2019-02-17 10:00:00,0.894,12.768
2019-02-17 11:00:00,0.919,13.313
2019-02-17 12:00:00,0.918,13.285
2019-02-17 13:00:00,0.908,13.049
2019-02-17 14:00:00,0.913,13.151
2019-02-17 15:00:00,0.918,13.278
2019-02-17 16:00:00,0.916,13.239
2019-02-17 17:00:00,0.904,12.979
2019-02-17 18:00:00,0.889,12.658
2019-02-17 19:00:00,0.879,12.483
2019-02-17 20:00:00,0.878,12.463
2019-02-17 21:00:00,0.883,12.554
2019-02-17 22:00:00,0.889,12.664
2019-02-17 23:00:00,0.89,12.67
2019-02-18 00:00:00,0.88,12.494
2019-02-18 01:00:00,0.875,12.406
2019-02-18 02:00:00,0.875,12.406
2019-02-18 03:00:00,0.882,12.53
2019-02-18 04:00:00,0.89,12.68
2019-02-18 05:00:00,0.896,12.805
2019-02-18 06:00:00,0.902,12.929
2019-02-18 07:00:00,0.907,13.034
2019-02-18 08:00:00,0.913,13.148
2019-02-18 09:00:00,0.915,13.213
2019-02-18 10:00:00,0.914,13.17
2019-02-18 11:00:00,0.912,13.139
2019-02-18 12:00:00,0.914,13.187
2019-02-18 13:00:00,0.917,13.24
2019-02-18 14:00:00,0.919,13.307
2019-02-18 15:00:00,0.923,13.397
2019-02-18 16:00:00,0.925,13.461
2019-02-18 17:00:00,0.926,13.486
2019-02-18 18:00:00,0.943,13.974
2019-02-18 19:00:00,0.948,14.16
2019-02-18 20:00:00,0.954,14.378
2019-02-18 21:00:00,0.956,14.436
2019-02-18 22:00:00,0.955,14.417
2019-02-18 23:00:00,0.954,14.36
2019-02-19 00:00:00,0.952,14.277
2019-02-19 01:00:00,0.949,14.183
2019-02-19 02:00:00,0.946,14.092
2019-02-19 03:00:00,0.937,13.798
2019-02-19 04:00:00,0.924,13.434
2019-02-19 05:00:00,0.916,13.247
2019-02-19 06:00:00,0.901,12.902
2019-02-19 07:00:00,0.878,12.464
2019-02-19 08:00:00,0.852,12.033
2019-02-19 09:00:00,0.829,11.712
2019-02-19 10:00:00,0.82,11.577
2019-02-19 11:00:00,0.807,11.417
2019-02-19 12:00:00,0.793,11.237
2019-02-19 13:00:00,0.76,10.875
2019-02-19 14:00:00,0.707,10.351
2019-02-19 15:00:00,0.651,9.869
2019-02-19 16:00:00,0.625,9.657
2019-02-19 17:00:00,0.625,9.652
2019-02-19 18:00:00,0.637,9.754
2019-02-19 19:00:00,0.639,9.771
2019-02-19 20:00:00,0.63,9.694
2019-02-19 21:00:00,0.628,9.682
2019-02-19 22:00:00,0.659,9.935
2019-02-19 23:00:00,0.692,10.227
2019-02-20 00:00:00,0.735,10.619
2019-02-20 01:00:00,0.766,10.952
2019-02-20 02:00:00,0.816,11.528
2019-02-20 03:00:00,0.84,11.855
2019-02-20 04:00:00,0.849,11.983
2019-02-20 05:00:00,0.854,12.066
2019-02-20 06:00:00,0.853,12.057
2019-02-20 07:00:00,0.86,12.158
2019-02-20 08:00:00,0.863,12.202
2019-02-20 09:00:00,0.864,12.234
2019-02-20 10:00:00,0.866,12.253
2019-02-20 11:00:00,0.866,12.256
2019-02-20 12:00:00,0.864,12.235
2019-02-20 13:00:00,0.863,12.206
2019-02-20 14:00:00,0.873,12.381
2019-02-20 15:00:00,0.886,12.617
2019-02-20 16:00:00,0.898,12.831
2019-02-20 17:00:00,0.908,13.063
2019-02-20 18:00:00,0.918,13.287
2019-02-20 19:00:00,0.923,13.416
2019-02-20 20:00:00,0.924,13.444
2019-02-20 21:00:00,0.921,13.365
2019-02-20 22:00:00,0.921,13.351
2019-02-20 23:00:00,0.936,13.765
2019-02-21 00:00:00,0.92,13.34
2019-02-21 01:00:00,0.921,13.351
2019-02-21 02:00:00,0.899,12.859
2019-02-21 03:00:00,0.86,12.157
2019-02-21 04:00:00,0.798,11.305
2019-02-21 05:00:00,0.749,10.769
2019-02-21 06:00:00,0.725,10.531
2019-02-21 07:00:00,0.705,10.329
2019-02-21 08:00:00,0.667,10.009
2019-02-21 09:00:00,0.636,9.74
2019-02-21 10:00:00,0.599,9.45
2019-02-21 11:00:00,0.593,9.4
2019-02-21 12:00:00,0.621,9.628
2019-02-21 13:00:00,0.665,9.987
2019-02-21 14:00:00,0.698,10.281
2019-02-21 15:00:00,0.717,10.444
2019-02-21 16:00:00,0.698,10.276
2019-02-21 17:00:00,0.644,9.817
2019-02-21 18:00:00,0.586,9.352
2019-02-21 19:00:00,0.545,9.039
2019-02-21 20:00:00,0.525,8.888
2019-02-21 21:00:00,0.479,8.545
2019-02-21 22:00:00,0.433,8.208
2019-02-21 23:00:00,0.37,7.736
2019-02-22 00:00:00,0.282,7.031
2019-02-22 01:00:00,0.199,6.26
2019-02-22 02:00:00,0.129,5.481
2019-02-22 03:00:00,0.102,5.105
2019-02-22 04:00:00,0.12,5.365
2019-02-22 05:00:00,0.165,5.906
2019-02-22 06:00:00,0.239,6.652
2019-02-22 07:00:00,0.383,7.83
2019-02-22 08:00:00,0.534,8.954
2019-02-22 09:00:00,0.579,9.3
2019-02-22 10:00:00,0.553,9.099
2019-02-22 11:00:00,0.528,8.912
2019-02-22 12:00:00,0.505,8.735
2019-02-22 13:00:00,0.49,8.632
2019-02-22 14:00:00,0.459,8.397
2019-02-22 15:00:00,0.45,8.339
2019-02-22 16:00:00,0.525,8.889
2019-02-22 17:00:00,0.622,9.636
2019-02-22 18:00:00,0.687,10.178
2019-02-22 19:00:00,0.729,10.572
2019-02-22 20:00:00,0.764,10.925
2019-02-22 21:00:00,0.817,11.549
2019-02-22 22:00:00,0.831,11.732
2019-02-22 23:00:00,0.839,11.85
2019-02-23 00:00:00,0.882,12.528
2019-02-23 01:00:00,0.889,12.656
2019-02-23 02:00:00,0.868,12.301
2019-02-23 03:00:00,0.862,12.197
2019-02-23 04:00:00,0.856,12.092
2019-02-23 05:00:00,0.84,11.854
2019-02-23 06:00:00,0.83,11.717
2019-02-23 07:00:00,0.846,11.938
2019-02-23 08:00:00,0.861,12.182
2019-02-23 09:00:00,0.853,12.053
2019-02-23 10:00:00,0.852,12.028
2019-02-23 11:00:00,0.838,11.831
2019-02-23 12:00:00,0.832,11.744
2019-02-23 13:00:00,0.83,11.722
2019-02-23 14:00:00,0.826,11.65
2019-02-23 15:00:00,0.823,11.618
2019-02-23 16:00:00,0.825,11.642
2019-02-23 17:00:00,0.822,11.608
2019-02-23 18:00:00,0.83,11.72
2019-02-23 19:00:00,0.833,11.758
2019-02-23 20:00:00,0.822,11.608
2019-02-23 21:00:00,0.791,11.223
2019-02-23 22:00:00,0.739,10.664
2019-02-23 23:00:00,0.66,9.937
2019-02-24 00:00:00,0.548,9.055
2019-02-24 01:00:00,0.422,8.13
2019-02-24 02:00:00,0.302,7.2
2019-02-24 03:00:00,0.202,6.298
2019-02-24 04:00:00,0.121,5.377
2019-02-24 05:00:00,0.062,4.454
2019-02-24 06:00:00,0.03,3.687
2019-02-24 07:00:00,0.022,3.432
2019-02-24 08:00:00,0.03,3.693
2019-02-24 09:00:00,0.058,4.364
2019-02-24 10:00:00,0.11,5.232
2019-02-24 11:00:00,0.172,5.974
2019-02-24 12:00:00,0.199,6.273
2019-02-24 13:00:00,0.199,6.274
2019-02-24 14:00:00,0.196,6.233
2019-02-24 15:00:00,0.206,6.341
2019-02-24 16:00:00,0.231,6.574
2019-02-24 17:00:00,0.264,6.878
2019-02-24 18:00:00,0.315,7.307
2019-02-24 19:00:00,0.392,7.906
2019-02-24 20:00:00,0.476,8.523
2019-02-24 21:00:00,0.53,8.928
2019-02-24 22:00:00,0.547,9.046
2019-02-24 23:00:00,0.508,8.756
2019-02-25 00:00:00,0.426,8.158
2019-02-25 01:00:00,0.349,7.576
2019-02-25 02:00:00,0.297,7.151
2019-02-25 03:00:00,0.271,6.936
2019-02-25 04:00:00,0.26,6.844
2019-02-25 05:00:00,0.262,6.85
2019-02-25 06:00:00,0.275,6.978
2019-02-25 07:00:00,0.302,7.199
2019-02-25 08:00:00,0.338,7.484
2019-02-25 09:00:00,0.366,7.712
2019-02-25 10:00:00,0.386,7.86
2019-02-25 11:00:00,0.398,7.951
2019-02-25 12:00:00,0.399,7.956
2019-02-25 13:00:00,0.387,7.866
2019-02-25 14:00:00,0.371,7.748
2019-02-25 15:00:00,0.368,7.728
2019-02-25 16:00:00,0.374,7.77
2019-02-25 17:00:00,0.389,7.886
2019-02-25 18:00:00,0.429,8.177
2019-02-25 19:00:00,0.48,8.551
2019-02-25 20:00:00,0.52,8.856
2019-02-25 21:00:00,0.542,9.016
2019-02-25 22:00:00,0.573,9.24
2019-02-25 23:00:00,0.619,9.61
2019-02-26 00:00:00,0.65,9.866
2019-02-26 01:00:00,0.65,9.867
2019-02-26 02:00:00,0.616,9.579
2019-02-26 03:00:00,0.567,9.207
2019-02-26 04:00:00,0.514,8.811
2019-02-26 05:00:00,0.457,8.386
2019-02-26 06:00:00,0.414,8.071
2019-02-26 07:00:00,0.412,8.047
2019-02-26 08:00:00,0.442,8.275
2019-02-26 09:00:00,0.471,8.487
2019-02-26 10:00:00,0.47,8.483
2019-02-26 11:00:00,0.444,8.281
2019-02-26 12:00:00,0.397,7.943
2019-02-26 13:00:00,0.334,7.459
2019-02-26 14:00:00,0.262,6.857
2019-02-26 15:00:00,0.194,6.22
2019-02-26 16:00:00,0.149,5.724
2019-02-26 17:00:00,0.141,5.627
2019-02-26 18:00:00,0.182,6.089
2019-02-26 19:00:00,0.266,6.894
2019-02-26 20:00:00,0.376,7.777
2019-02-26 21:00:00,0.484,8.587
2019-02-26 22:00:00,0.564,9.183
2019-02-26 23:00:00,0.595,9.416
2019-02-27 00:00:00,0.579,9.295
2019-02-27 01:00:00,0.533,8.953
2019-02-27 02:00:00,0.484,8.58
2019-02-27 03:00:00,0.456,8.382
2019-02-27 04:00:00,0.46,8.404
2019-02-27 05:00:00,0.478,8.543
2019-02-27 06:00:00,0.501,8.706
2019-02-27 07:00:00,0.509,8.762
2019-02-27 08:00:00,0.508,8.757
2019-02-27 09:00:00,0.499,8.695
2019-02-27 10:00:00,0.487,8.608
2019-02-27 11:00:00,0.479,8.545
2019-02-27 12:00:00,0.472,8.491
2019-02-27 13:00:00,0.467,8.462
2019-02-27 14:00:00,0.472,8.49
2019-02-27 15:00:00,0.475,8.52
2019-02-27 16:00:00,0.468,8.472
2019-02-27 17:00:00,0.465,8.449
2019-02-27 18:00:00,0.483,8.574
2019-02-27 19:00:00,0.514,8.808
2019-02-27 20:00:00,0.531,8.932
2019-02-27 21:00:00,0.527,8.896
2019-02-27 22:00:00,0.512,8.793
2019-02-27 23:00:00,0.478,8.534
2019-02-28 00:00:00,0.422,8.13
2019-02-28 01:00:00,0.363,7.686
2019-02-28 02:00:00,0.314,7.297
2019-02-28 03:00:00,0.275,6.971
2019-02-28 04:00:00,0.249,6.734
2019-02-28 05:00:00,0.224,6.519
2019-02-28 06:00:00,0.206,6.335
2019-02-28 07:00:00,0.204,6.317
2019-02-28 08:00:00,0.21,6.372
2019-02-28 09:00:00,0.215,6.431
2019-02-28 10:00:00,0.236,6.631
2019-02-28 11:00:00,0.28,7.013
2019-02-28 12:00:00,0.317,7.321
2019-02-28 13:00:00,0.324,7.369
2019-02-28 14:00:00,0.308,7.241
2019-02-28 15:00:00,0.28,7.02
2019-02-28 16:00:00,0.264,6.879
2019-02-28 17:00:00,0.265,6.883
2019-02-28 18:00:00,0.262,6.856
2019-02-28 19:00:00,0.249,6.735
2019-02-28 20:00:00,0.236,6.625
2019-02-28 21:00:00,0.242,6.681
2019-02-28 22:00:00,0.256,6.805
2019-02-28 23:00:00,0.264,6.875
2019-03-01 00:00:00,0.267,6.903
2019-03-01 01:00:00,0.284,7.055
2019-03-01 02:00:00,0.319,7.33
2019-03-01 03:00:00,0.341,7.507
2019-03-01 04:00:00,0.328,7.402
2019-03-01 05:00:00,0.28,7.011
2019-03-01 06:00:00,0.233,6.593
2019-03-01 07:00:00,0.204,6.317
2019-03-01 08:00:00,0.172,5.986
2019-03-01 09:00:00,0.136,5.557
2019-03-01 10:00:00,0.094,4.987
2019-03-01 11:00:00,0.052,4.233
2019-03-01 12:00:00,0.027,3.609
2019-03-01 13:00:00,0.021,3.406
2019-03-01 14:00:00,0.015,3.121
2019-03-01 15:00:00,0.013,3.044
2019-03-01 16:00:00,0.025,3.533
2019-03-01 17:00:00,0.049,4.164
2019-03-01 18:00:00,0.063,4.456
2019-03-01 19:00:00,0.09,4.925
2019-03-01 20:00:00,0.151,5.752
2019-03-01 21:00:00,0.216,6.433
2019-03-01 22:00:00,0.3,7.181
2019-03-01 23:00:00,0.444,8.286
2019-03-02 00:00:00,0.582,9.324
2019-03-02 01:00:00,0.669,10.02
2019-03-02 02:00:00,0.724,10.519
2019-03-02 03:00:00,0.764,10.923
2019-03-02 04:00:00,0.799,11.32
2019-03-02 05:00:00,0.809,11.444
2019-03-02 06:00:00,0.807,11.421
2019-03-02 07:00:00,0.787,11.184
2019-03-02 08:00:00,0.764,10.923
2019-03-02 09:00:00,0.738,10.661
2019-03-02 10:00:00,0.763,10.917
2019-03-02 11:00:00,0.817,11.536
2019-03-02 12:00:00,0.849,11.983
2019-03-02 13:00:00,0.846,11.955
2019-03-02 14:00:00,0.887,12.631
2019-03-02 15:00:00,0.898,12.838
2019-03-02 16:00:00,0.896,12.794
2019-03-02 17:00:00,0.942,13.94
2019-03-02 18:00:00,0.972,15.201
2019-03-02 19:00:00,0.989,17.1
2019-03-02 20:00:00,0.982,18.593
2019-03-02 21:00:00,0.973,19.173
2019-03-02 22:00:00,0.977,18.951
2019-03-02 23:00:00,0.988,17.809
2019-03-03 00:00:00,0.989,17.071
2019-03-03 01:00:00,0.986,16.437
2019-03-03 02:00:00,0.987,16.606
2019-03-03 03:00:00,0.988,16.826
2019-03-03 04:00:00,0.989,16.922
2019-03-03 05:00:00,0.987,16.646
2019-03-03 06:00:00,0.985,16.298
2019-03-03 07:00:00,0.983,16.085
2019-03-03 08:00:00,0.979,15.646
2019-03-03 09:00:00,0.975,15.374
2019-03-03 10:00:00,0.963,14.76
2019-03-03 11:00:00,0.931,13.615
2019-03-03 12:00:00,0.902,12.922
2019-03-03 13:00:00,0.859,12.143
2019-03-03 14:00:00,0.817,11.538
2019-03-03 15:00:00,0.783,11.124
2019-03-03 16:00:00,0.716,10.448
2019-03-03 17:00:00,0.587,9.356
2019-03-03 18:00:00,0.542,9.013
2019-03-03 19:00:00,0.675,10.071
2019-03-03 20:00:00,0.829,11.708
2019-03-03 21:00:00,0.925,13.46
2019-03-03 22:00:00,0.985,16.268
2019-03-03 23:00:00,0.974,19.137
2019-03-04 00:00:00,0.969,19.38
2019-03-04 01:00:00,0.98,18.738
2019-03-04 02:00:00,0.989,17.64
2019-03-04 03:00:00,0.979,15.679
2019-03-04 04:00:00,0.955,14.416
2019-03-04 05:00:00,0.957,14.5
2019-03-04 06:00:00,0.973,15.252
2019-03-04 07:00:00,0.989,17.032
2019-03-04 08:00:00,0.97,19.357
2019-03-04 09:00:00,0.945,20.219
2019-03-04 10:00:00,0.946,20.175
2019-03-04 11:00:00,0.958,19.811
2019-03-04 12:00:00,0.97,19.343
2019-03-04 13:00:00,0.975,19.086
2019-03-04 14:00:00,0.981,18.666
2019-03-04 15:00:00,0.988,17.917
2019-03-04 16:00:00,0.988,16.769
2019-03-04 17:00:00,0.979,15.65
2019-03-04 18:00:00,0.963,14.725
2019-03-04 19:00:00,0.94,13.882
2019-03-04 20:00:00,0.903,12.946
2019-03-04 21:00:00,0.872,12.362
2019-03-04 22:00:00,0.846,11.936
2019-03-04 23:00:00,0.835,11.783
2019-03-05 00:00:00,0.852,12.035
2019-03-05 01:00:00,0.868,12.299
2019-03-05 02:00:00,0.883,12.553
2019-03-05 03:00:00,0.881,12.518
2019-03-05 04:00:00,0.864,12.232
2019-03-05 05:00:00,0.836,11.808
2019-03-05 06:00:00,0.799,11.317
2019-03-05 07:00:00,0.761,10.884
2019-03-05 08:00:00,0.728,10.564
2019-03-05 09:00:00,0.7,10.293
2019-03-05 10:00:00,0.682,10.137
2019-03-05 11:00:00,0.685,10.152
2019-03-05 12:00:00,0.671,10.043
2019-03-05 13:00:00,0.656,9.911
2019-03-05 14:00:00,0.674,10.064
2019-03-05 15:00:00,0.692,10.228
2019-03-05 16:00:00,0.731,10.582
2019-03-05 17:00:00,0.765,10.94
2019-03-05 18:00:00,0.82,11.588
2019-03-05 19:00:00,0.84,11.859
2019-03-05 20:00:00,0.83,11.723
2019-03-05 21:00:00,0.793,11.239
2019-03-05 22:00:00,0.78,11.094
2019-03-05 23:00:00,0.771,10.989
2019-03-06 00:00:00,0.731,10.588
2019-03-06 01:00:00,0.712,10.408
2019-03-06 02:00:00,0.718,10.466
2019-03-06 03:00:00,0.731,10.587
2019-03-06 04:00:00,0.807,11.416
2019-03-06 05:00:00,0.882,12.532
2019-03-06 06:00:00,0.919,13.309
2019-03-06 07:00:00,0.939,13.869
2019-03-06 08:00:00,0.96,14.603
2019-03-06 09:00:00,0.978,15.628
2019-03-06 10:00:00,0.979,15.708
2019-03-06 11:00:00,0.967,14.953
2019-03-06 12:00:00,0.949,14.177
2019-03-06 13:00:00,0.95,14.216
2019-03-06 14:00:00,0.952,14.279
2019-03-06 15:00:00,0.947,14.114
2019-03-06 16:00:00,0.946,14.068
2019-03-06 17:00:00,0.957,14.498
2019-03-06 18:00:00,0.965,14.862
2019-03-06 19:00:00,0.973,15.284
2019-03-06 20:00:00,0.98,15.744
2019-03-06 21:00:00,0.978,15.589
2019-03-06 22:00:00,0.98,15.768
2019-03-06 23:00:00,0.974,15.319
2019-03-07 00:00:00,0.958,14.528
2019-03-07 01:00:00,0.931,13.628
2019-03-07 02:00:00,0.887,12.633
2019-03-07 03:00:00,0.845,11.923
2019-03-07 04:00:00,0.835,11.793
2019-03-07 05:00:00,0.81,11.461
2019-03-07 06:00:00,0.797,11.293
2019-03-07 07:00:00,0.807,11.415
2019-03-07 08:00:00,0.836,11.804
2019-03-07 09:00:00,0.872,12.359
2019-03-07 10:00:00,0.895,12.791
2019-03-07 11:00:00,0.898,12.844
2019-03-07 12:00:00,0.869,12.318
2019-03-07 13:00:00,0.786,11.167
2019-03-07 14:00:00,0.617,9.593
2019-03-07 15:00:00,0.413,8.061
2019-03-07 16:00:00,0.312,7.278
2019-03-07 17:00:00,0.371,7.746
2019-03-07 18:00:00,0.566,9.187
2019-03-07 19:00:00,0.815,11.518
2019-03-07 20:00:00,0.972,15.196
2019-03-07 21:00:00,0.979,18.852
2019-03-07 22:00:00,0.944,20.25
2019-03-07 23:00:00,0.95,20.075
2019-03-08 00:00:00,0.957,19.861
2019-03-08 01:00:00,0.973,19.173
2019-03-08 02:00:00,0.988,17.951
2019-03-08 03:00:00,0.987,16.646
2019-03-08 04:00:00,0.969,15.041
2019-03-08 05:00:00,0.921,13.356
2019-03-08 06:00:00,0.881,12.522
2019-03-08 07:00:00,0.828,11.688
2019-03-08 08:00:00,0.703,10.321
2019-03-08 09:00:00,0.532,8.942
2019-03-08 10:00:00,0.456,8.379
2019-03-08 11:00:00,0.577,9.28
2019-03-08 12:00:00,0.733,10.607
2019-03-08 13:00:00,0.824,11.64
2019-03-08 14:00:00,0.895,12.775
2019-03-08 15:00:00,0.923,13.416
2019-03-08 16:00:00,0.94,13.88
2019-03-08 17:00:00,0.958,14.522
2019-03-08 18:00:00,0.974,15.336
2019-03-08 19:00:00,0.985,16.292
2019-03-08 20:00:00,0.989,17.298
2019-03-08 21:00:00,0.988,17.734
2019-03-08 22:00:00,0.989,17.148
2019-03-08 23:00:00,0.985,18.273
2019-03-09 00:00:00,0.943,20.268
2019-03-09 01:00:00,0.922,20.765
2019-03-09 02:00:00,0.908,21.02
2019-03-09 03:00:00,0.916,20.881
2019-03-09 04:00:00,0.942,20.285
2019-03-09 05:00:00,0.964,19.597
2019-03-09 06:00:00,0.98,18.729
2019-03-09 07:00:00,0.988,17.811
2019-03-09 08:00:00,0.988,16.75
2019-03-09 09:00:00,0.985,16.307
2019-03-09 10:00:00,0.984,16.123
2019-03-09 11:00:00,0.979,15.71
2019-03-09 12:00:00,0.972,15.189
2019-03-09 13:00:00,0.966,14.876
2019-03-09 14:00:00,0.962,14.678
2019-03-09 15:00:00,0.972,15.188
2019-03-09 16:00:00,0.984,16.157
2019-03-09 17:00:00,0.989,17.034
2019-03-09 18:00:00,0.989,17.677
2019-03-09 19:00:00,0.981,18.681
2019-03-09 20:00:00,0.97,19.327
2019-03-09 21:00:00,0.988,17.883
2019-03-09 22:00:00,0.976,15.496
2019-03-09 23:00:00,0.922,13.391
2019-03-10 00:00:00,0.861,12.165
2019-03-10 01:00:00,0.79,11.213
2019-03-10 02:00:00,0.68,10.123
2019-03-10 03:00:00,0.512,8.792
2019-03-10 04:00:00,0.345,7.545
2019-03-10 05:00:00,0.201,6.295
2019-03-10 06:00:00,0.116,5.298
2019-03-10 07:00:00,0.064,4.492
2019-03-10 08:00:00,0.05,4.201
2019-03-10 09:00:00,0.054,4.28
2019-03-10 10:00:00,0.058,4.358
2019-03-10 11:00:00,0.062,4.451
2019-03-10 12:00:00,0.083,4.82
2019-03-10 13:00:00,0.121,5.376
2019-03-10 14:00:00,0.21,6.369
2019-03-10 15:00:00,0.422,8.13
2019-03-10 16:00:00,0.68,10.119
2019-03-10 17:00:00,0.843,11.895
2019-03-10 18:00:00,0.937,13.806
2019-03-10 19:00:00,0.979,15.711
2019-03-10 20:00:00,0.987,16.658
2019-03-10 21:00:00,0.988,16.857
2019-03-10 22:00:00,0.989,17.076
2019-03-10 23:00:00,0.989,17.354
2019-03-11 00:00:00,0.988,17.824
2019-03-11 01:00:00,0.983,18.516
2019-03-11 02:00:00,0.972,19.23
2019-03-11 03:00:00,0.964,19.583
2019-03-11 04:00:00,0.958,19.825
2019-03-11 05:00:00,0.952,20.009
2019-03-11 06:00:00,0.957,19.851
2019-03-11 07:00:00,0.962,19.689
2019-03-11 08:00:00,0.972,19.235
2019-03-11 09:00:00,0.982,18.564
2019-03-11 10:00:00,0.989,17.628
2019-03-11 11:00:00,0.985,16.276
2019-03-11 12:00:00,0.961,14.643
2019-03-11 13:00:00,0.906,12.99
2019-03-11 14:00:00,0.81,11.456
2019-03-11 15:00:00,0.694,10.239
2019-03-11 16:00:00,0.633,9.727
2019-03-11 17:00:00,0.578,9.287
2019-03-11 18:00:00,0.501,8.708
2019-03-11 19:00:00,0.509,8.761
2019-03-11 20:00:00,0.637,9.757
2019-03-11 21:00:00,0.762,10.892
2019-03-11 22:00:00,0.853,12.049
2019-03-11 23:00:00,0.924,13.438
2019-03-12 00:00:00,0.966,14.882
2019-03-12 01:00:00,0.985,16.27
2019-03-12 02:00:00,0.987,18.059
2019-03-12 03:00:00,0.965,19.541
2019-03-12 04:00:00,0.922,20.756
2019-03-12 05:00:00,0.919,20.803
2019-03-12 06:00:00,0.939,20.354
2019-03-12 07:00:00,0.97,19.319
2019-03-12 08:00:00,0.987,17.994
2019-03-12 09:00:00,0.986,16.379
2019-03-12 10:00:00,0.962,14.675
2019-03-12 11:00:00,0.908,13.052
2019-03-12 12:00:00,0.819,11.57
2019-03-12 13:00:00,0.774,11.033
2019-03-12 14:00:00,0.761,10.887
2019-03-12 15:00:00,0.79,11.211
2019-03-12 16:00:00,0.851,12.013
2019-03-12 17:00:00,0.904,12.967
2019-03-12 18:00:00,0.95,14.222
2019-03-12 19:00:00,0.98,15.795
2019-03-12 20:00:00,0.988,17.871
2019-03-12 21:00:00,0.952,20.005
2019-03-12 22:00:00,0.904,21.102
2019-03-12 23:00:00,0.878,21.512
2019-03-13 00:00:00,0.851,21.898
2019-03-13 01:00:00,0.8,22.483
2019-03-13 02:00:00,0.723,23.233
2019-03-13 03:00:00,0.796,22.522
2019-03-13 04:00:00,0.908,21.029
2019-03-13 05:00:00,0.944,20.243
2019-03-13 06:00:00,0.957,19.865
2019-03-13 07:00:00,0.962,19.667
2019-03-13 08:00:00,0.959,19.783
2019-03-13 09:00:00,0.943,20.262
2019-03-13 10:00:00,0.913,20.941
2019-03-13 11:00:00,0.885,21.419
2019-03-13 12:00:00,0.871,21.621
2019-03-13 13:00:00,0.885,21.413
2019-03-13 14:00:00,0.943,20.269
2019-03-13 15:00:00,0.981,18.671
2019-03-13 16:00:00,0.988,16.845
2019-03-13 17:00:00,0.966,14.909
2019-03-13 18:00:00,0.931,13.63
2019-03-13 19:00:00,0.904,12.96
2019-03-13 20:00:00,0.919,13.315
2019-03-13 21:00:00,0.96,14.603
2019-03-13 22:00:00,0.968,14.994
2019-03-13 23:00:00,0.957,14.481
2019-03-14 00:00:00,0.956,14.426
2019-03-14 01:00:00,0.97,15.094
2019-03-14 02:00:00,0.987,16.602
2019-03-14 03:00:00,0.989,17.707
2019-03-14 04:00:00,0.988,17.923
2019-03-14 05:00:00,0.989,17.587
2019-03-14 06:00:00,0.989,16.989
2019-03-14 07:00:00,0.983,16.087
2019-03-14 08:00:00,0.98,15.794
2019-03-14 09:00:00,0.986,16.372
2019-03-14 10:00:00,0.989,17.061
2019-03-14 11:00:00,0.988,17.872
2019-03-14 12:00:00,0.988,17.892
2019-03-14 13:00:00,0.988,17.946
2019-03-14 14:00:00,0.988,17.84
2019-03-14 15:00:00,0.989,17.224
2019-03-14 16:00:00,0.984,16.132
2019-03-14 17:00:00,0.956,14.423
2019-03-14 18:00:00,0.885,12.593
2019-03-14 19:00:00,0.861,12.18
2019-03-14 20:00:00,0.88,12.502
2019-03-14 21:00:00,0.891,12.697
2019-03-14 22:00:00,0.886,12.599
2019-03-14 23:00:00,0.874,12.388
2019-03-15 00:00:00,0.855,12.079
2019-03-15 01:00:00,0.848,11.976
2019-03-15 02:00:00,0.871,12.328
2019-03-15 03:00:00,0.897,12.819
2019-03-15 04:00:00,0.913,13.151
2019-03-15 05:00:00,0.935,13.749
2019-03-15 06:00:00,0.951,14.272
2019-03-15 07:00:00,0.975,15.43
2019-03-15 08:00:00,0.989,17.63
2019-03-15 09:00:00,0.963,19.634
2019-03-15 10:00:00,0.94,20.331
2019-03-15 11:00:00,0.944,20.248
2019-03-15 12:00:00,0.94,20.327
2019-03-15 13:00:00,0.943,20.253
2019-03-15 14:00:00,0.948,20.128
2019-03-15 15:00:00,0.948,20.129
2019-03-15 16:00:00,0.958,19.825
2019-03-15 17:00:00,0.967,19.461
2019-03-15 18:00:00,0.978,18.878
2019-03-15 19:00:00,0.986,18.25
2019-03-15 20:00:00,0.989,17.276
2019-03-15 21:00:00,0.987,16.6
2019-03-15 22:00:00,0.977,15.525
2019-03-15 23:00:00,0.961,14.64
2019-03-16 00:00:00,0.941,13.925
2019-03-16 01:00:00,0.914,13.187
2019-03-16 02:00:00,0.875,12.404
2019-03-16 03:00:00,0.81,11.462
2019-03-16 04:00:00,0.698,10.277
2019-03-16 05:00:00,0.573,9.245
2019-03-16 06:00:00,0.333,7.454
2019-03-16 07:00:00,0.287,7.071
2019-03-16 08:00:00,0.407,8.021
2019-03-16 09:00:00,0.674,10.066
2019-03-16 10:00:00,0.807,11.416
2019-03-16 11:00:00,0.859,12.14
2019-03-16 12:00:00,0.905,12.994
2019-03-16 13:00:00,0.969,15.059
2019-03-16 14:00:00,0.989,17.483
2019-03-16 15:00:00,0.982,18.599
2019-03-16 16:00:00,0.975,19.109
2019-03-16 17:00:00,0.96,19.729
2019-03-16 18:00:00,0.93,20.583
2019-03-16 19:00:00,0.959,19.773
2019-03-16 20:00:00,0.979,18.826
2019-03-16 21:00:00,0.988,17.943
2019-03-16 22:00:00,0.989,17.682
2019-03-16 23:00:00,0.989,17.67
2019-03-17 00:00:00,0.988,17.786
2019-03-17 01:00:00,0.988,17.877
2019-03-17 02:00:00,0.987,18.036
2019-03-17 03:00:00,0.987,18.025
2019-03-17 04:00:00,0.988,17.861
2019-03-17 05:00:00,0.986,18.144
2019-03-17 06:00:00,0.983,18.512
2019-03-17 07:00:00,0.979,18.858
2019-03-17 08:00:00,0.975,19.112
2019-03-17 09:00:00,0.969,19.376
2019-03-17 10:00:00,0.97,19.355
2019-03-17 11:00:00,0.976,19.023
2019-03-17 12:00:00,0.984,18.468
2019-03-17 13:00:00,0.989,17.715
2019-03-17 14:00:00,0.988,16.743
2019-03-17 15:00:00,0.98,15.808
2019-03-17 16:00:00,0.976,15.453
2019-03-17 17:00:00,0.983,16.007
2019-03-17 18:00:00,0.989,16.998
2019-03-17 19:00:00,0.989,17.532
2019-03-17 20:00:00,0.988,17.864
2019-03-17 21:00:00,0.987,17.986
2019-03-17 22:00:00,0.986,18.12
2019-03-17 23:00:00,0.987,18.105
2019-03-18 00:00:00,0.987,17.968
2019-03-18 01:00:00,0.988,17.741
2019-03-18 02:00:00,0.989,17.268
2019-03-18 03:00:00,0.988,16.671
2019-03-18 04:00:00,0.982,15.968
2019-03-18 05:00:00,0.972,15.212
2019-03-18 06:00:00,0.956,14.44
2019-03-18 07:00:00,0.934,13.716
2019-03-18 08:00:00,0.904,12.969
2019-03-18 09:00:00,0.868,12.301
2019-03-18 10:00:00,0.833,11.758
2019-03-18 11:00:00,0.795,11.264
2019-03-18 12:00:00,0.741,10.692
2019-03-18 13:00:00,0.662,9.957
2019-03-18 14:00:00,0.568,9.21
2019-03-18 15:00:00,0.456,8.381
2019-03-18 16:00:00,0.328,7.411
2019-03-18 17:00:00,0.217,6.45
2019-03-18 18:00:00,0.148,5.708
2019-03-18 19:00:00,0.101,5.1
2019-03-18 20:00:00,0.072,4.624
2019-03-18 21:00:00,0.058,4.361
2019-03-18 22:00:00,0.059,4.377
2019-03-18 23:00:00,0.074,4.649
2019-03-19 00:00:00,0.095,5.001
2019-03-19 01:00:00,0.121,5.375
2019-03-19 02:00:00,0.153,5.768
2019-03-19 03:00:00,0.189,6.163
2019-03-19 04:00:00,0.222,6.5
2019-03-19 05:00:00,0.266,6.893
2019-03-19 06:00:00,0.324,7.377
2019-03-19 07:00:00,0.384,7.841
2019-03-19 08:00:00,0.417,8.088
2019-03-19 09:00:00,0.444,8.281
2019-03-19 10:00:00,0.49,8.633
2019-03-19 11:00:00,0.569,9.221
2019-03-19 12:00:00,0.619,9.613
2019-03-19 13:00:00,0.62,9.622
2019-03-19 14:00:00,0.633,9.722
2019-03-19 15:00:00,0.673,10.06
2019-03-19 16:00:00,0.727,10.55
2019-03-19 17:00:00,0.797,11.292
2019-03-19 18:00:00,0.862,12.192
2019-03-19 19:00:00,0.888,12.638
2019-03-19 20:00:00,0.889,12.663
2019-03-19 21:00:00,0.876,12.419
2019-03-19 22:00:00,0.862,12.191
2019-03-19 23:00:00,0.848,11.972
2019-03-20 00:00:00,0.839,11.852
2019-03-20 01:00:00,0.835,11.778
2019-03-20 02:00:00,0.822,11.604
2019-03-20 03:00:00,0.802,11.353
2019-03-20 04:00:00,0.771,10.99
2019-03-20 05:00:00,0.722,10.497
2019-03-20 06:00:00,0.679,10.11
2019-03-20 07:00:00,0.644,9.812
2019-03-20 08:00:00,0.605,9.491
2019-03-20 09:00:00,0.548,9.049
2019-03-20 10:00:00,0.533,8.953
2019-03-20 11:00:00,0.551,9.084
2019-03-20 12:00:00,0.572,9.236
2019-03-20 13:00:00,0.609,9.534
2019-03-20 14:00:00,0.679,10.103
2019-03-20 15:00:00,0.733,10.612
2019-03-20 16:00:00,0.789,11.203
2019-03-20 17:00:00,0.848,11.982
2019-03-20 18:00:00,0.887,12.627
2019-03-20 19:00:00,0.908,13.049
2019-03-20 20:00:00,0.914,13.171
2019-03-20 21:00:00,0.922,13.372
2019-03-20 22:00:00,0.911,13.127
2019-03-20 23:00:00,0.898,12.831
2019-03-21 00:00:00,0.89,12.684
2019-03-21 01:00:00,0.881,12.525
2019-03-21 02:00:00,0.876,12.428
2019-03-21 03:00:00,0.872,12.36
2019-03-21 04:00:00,0.857,12.109
2019-03-21 05:00:00,0.846,11.937
2019-03-21 06:00:00,0.846,11.95
2019-03-21 07:00:00,0.851,12.01
2019-03-21 08:00:00,0.85,11.997
2019-03-21 09:00:00,0.845,11.925
2019-03-21 10:00:00,0.83,11.718
2019-03-21 11:00:00,0.801,11.343
2019-03-21 12:00:00,0.758,10.859
2019-03-21 13:00:00,0.704,10.328
2019-03-21 14:00:00,0.618,9.603
2019-03-21 15:00:00,0.465,8.444
2019-03-21 16:00:00,0.252,6.775
2019-03-21 17:00:00,0.069,4.575
2019-03-21 18:00:00,0.017,3.245
2019-03-21 19:00:00,0.141,5.636
2019-03-21 20:00:00,0.38,7.818
2019-03-21 21:00:00,0.523,8.873
2019-03-21 22:00:00,0.567,9.209
2019-03-21 23:00:00,0.564,9.182
2019-03-22 00:00:00,0.575,9.265
2019-03-22 01:00:00,0.625,9.658
2019-03-22 02:00:00,0.671,10.041
2019-03-22 03:00:00,0.738,10.66
2019-03-22 04:00:00,0.822,11.616
2019-03-22 05:00:00,0.861,12.18
2019-03-22 06:00:00,0.872,12.352
2019-03-22 07:00:00,0.885,12.586
2019-03-22 08:00:00,0.899,12.861
2019-03-22 09:00:00,0.916,13.229
2019-03-22 10:00:00,0.929,13.557
2019-03-22 11:00:00,0.94,13.891
2019-03-22 12:00:00,0.922,13.378
2019-03-22 13:00:00,0.908,13.056
2019-03-22 14:00:00,0.926,13.497
2019-03-22 15:00:00,0.943,13.969
2019-03-22 16:00:00,0.935,13.724
2019-03-22 17:00:00,0.922,13.391
2019-03-22 18:00:00,0.927,13.501
2019-03-22 19:00:00,0.935,13.722
2019-03-22 20:00:00,0.937,13.806
2019-03-22 21:00:00,0.914,13.197
2019-03-22 22:00:00,0.869,12.31
2019-03-22 23:00:00,0.82,11.576
2019-03-23 00:00:00,0.811,11.468
2019-03-23 01:00:00,0.813,11.487
2019-03-23 02:00:00,0.806,11.398
2019-03-23 03:00:00,0.801,11.343
2019-03-23 04:00:00,0.764,10.923
2019-03-23 05:00:00,0.759,10.868
2019-03-23 06:00:00,0.776,11.061
2019-03-23 07:00:00,0.787,11.183
2019-03-23 08:00:00,0.793,11.245
2019-03-23 09:00:00,0.796,11.277
2019-03-23 10:00:00,0.786,11.173
2019-03-23 11:00:00,0.766,10.948
2019-03-23 12:00:00,0.726,10.54
2019-03-23 13:00:00,0.648,9.849
2019-03-23 14:00:00,0.529,8.915
2019-03-23 15:00:00,0.417,8.085
2019-03-23 16:00:00,0.321,7.349
2019-03-23 17:00:00,0.222,6.489
2019-03-23 18:00:00,0.165,5.913
2019-03-23 19:00:00,0.139,5.606
2019-03-23 20:00:00,0.137,5.571
2019-03-23 21:00:00,0.202,6.296
2019-03-23 22:00:00,0.313,7.283
2019-03-23 23:00:00,0.41,8.031
2019-03-24 00:00:00,0.484,8.585
2019-03-24 01:00:00,0.54,8.992
2019-03-24 02:00:00,0.572,9.238
2019-03-24 03:00:00,0.608,9.515
2019-03-24 04:00:00,0.587,9.363
2019-03-24 05:00:00,0.585,9.344
2019-03-24 06:00:00,0.638,9.762
2019-03-24 07:00:00,0.707,10.362
2019-03-24 08:00:00,0.781,11.112
2019-03-24 09:00:00,0.847,11.956
2019-03-24 10:00:00,0.886,12.596
2019-03-24 11:00:00,0.913,13.156
2019-03-24 12:00:00,0.939,13.844
2019-03-24 13:00:00,0.952,14.284
2019-03-24 14:00:00,0.966,14.879
2019-03-24 15:00:00,0.98,15.759
2019-03-24 16:00:00,0.985,16.316
2019-03-24 17:00:00,0.986,16.479
2019-03-24 18:00:00,0.987,16.546
2019-03-24 19:00:00,0.988,16.676
2019-03-24 20:00:00,0.989,17.19
2019-03-24 21:00:00,0.989,17.615
2019-03-24 22:00:00,0.988,17.744
2019-03-24 23:00:00,0.987,18.039
2019-03-25 00:00:00,0.982,18.576
2019-03-25 01:00:00,0.973,19.198
2019-03-25 02:00:00,0.966,19.536
2019-03-25 03:00:00,0.965,19.54
2019-03-25 04:00:00,0.97,19.311
2019-03-25 05:00:00,0.981,18.677
2019-03-25 06:00:00,0.985,18.266
2019-03-25 07:00:00,0.987,17.997
2019-03-25 08:00:00,0.989,17.675
2019-03-25 09:00:00,0.989,17.126
2019-03-25 10:00:00,0.985,16.29
2019-03-25 11:00:00,0.98,15.8
2019-03-25 12:00:00,0.96,14.602
2019-03-25 13:00:00,0.912,13.134
2019-03-25 14:00:00,0.881,12.518
2019-03-25 15:00:00,0.88,12.502
2019-03-25 16:00:00,0.868,12.296
2019-03-25 17:00:00,0.853,12.05
2019-03-25 18:00:00,0.822,11.617
2019-03-25 19:00:00,0.738,10.654
2019-03-25 20:00:00,0.587,9.355
2019-03-25 21:00:00,0.462,8.419
2019-03-25 22:00:00,0.426,8.15
2019-03-25 23:00:00,0.453,8.357
2019-03-26 00:00:00,0.564,9.171
2019-03-26 01:00:00,0.659,9.934
2019-03-26 02:00:00,0.677,10.09
2019-03-26 03:00:00,0.644,9.812
2019-03-26 04:00:00,0.605,9.495
2019-03-26 05:00:00,0.545,9.039
2019-03-26 06:00:00,0.499,8.693
2019-03-26 07:00:00,0.486,8.604
2019-03-26 08:00:00,0.495,8.662
2019-03-26 09:00:00,0.53,8.927
2019-03-26 10:00:00,0.576,9.275
2019-03-26 11:00:00,0.611,9.545
2019-03-26 12:00:00,0.602,9.474
2019-03-26 13:00:00,0.579,9.299
2019-03-26 14:00:00,0.528,8.9
2019-03-26 15:00:00,0.44,8.255
2019-03-26 16:00:00,0.371,7.738
2019-03-26 17:00:00,0.336,7.479
2019-03-26 18:00:00,0.344,7.528
2019-03-26 19:00:00,0.395,7.924
2019-03-26 20:00:00,0.486,8.599
2019-03-26 21:00:00,0.581,9.313
2019-03-26 22:00:00,0.658,9.931
2019-03-26 23:00:00,0.665,9.99
2019-03-27 00:00:00,0.639,9.773
2019-03-27 01:00:00,0.602,9.474
2019-03-27 02:00:00,0.576,9.273
2019-03-27 03:00:00,0.575,9.257
2019-03-27 04:00:00,0.568,9.211
2019-03-27 05:00:00,0.553,9.101
2019-03-27 06:00:00,0.544,9.026
2019-03-27 07:00:00,0.552,9.093
2019-03-27 08:00:00,0.575,9.264
2019-03-27 09:00:00,0.587,9.362
2019-03-27 10:00:00,0.59,9.382
2019-03-27 11:00:00,0.601,9.471
2019-03-27 12:00:00,0.608,9.517
2019-03-27 13:00:00,0.618,9.601
2019-03-27 14:00:00,0.618,9.603
2019-03-27 15:00:00,0.577,9.283
2019-03-27 16:00:00,0.553,9.102
2019-03-27 17:00:00,0.522,8.867
2019-03-27 18:00:00,0.46,8.41
2019-03-27 19:00:00,0.406,8.004
2019-03-27 20:00:00,0.371,7.743
2019-03-27 21:00:00,0.381,7.821
2019-03-27 22:00:00,0.422,8.124
2019-03-27 23:00:00,0.472,8.492
2019-03-28 00:00:00,0.502,8.719
2019-03-28 01:00:00,0.518,8.831
2019-03-28 02:00:00,0.514,8.803
2019-03-28 03:00:00,0.422,8.134
2019-03-28 04:00:00,0.318,7.327
2019-03-28 05:00:00,0.293,7.128
2019-03-28 06:00:00,0.332,7.436
2019-03-28 07:00:00,0.366,7.707
2019-03-28 08:00:00,0.356,7.626
2019-03-28 09:00:00,0.296,7.145
2019-03-28 10:00:00,0.262,6.857
2019-03-28 11:00:00,0.319,7.332
2019-03-28 12:00:00,0.419,8.099
2019-03-28 13:00:00,0.509,8.765
2019-03-28 14:00:00,0.576,9.273
2019-03-28 15:00:00,0.628,9.678
2019-03-28 16:00:00,0.687,10.176
2019-03-28 17:00:00,0.753,10.807
2019-03-28 18:00:00,0.804,11.378
2019-03-28 19:00:00,0.831,11.732
2019-03-28 20:00:00,0.852,12.045
2019-03-28 21:00:00,0.863,12.207
2019-03-28 22:00:00,0.853,12.059
2019-03-28 23:00:00,0.832,11.739
2019-03-29 00:00:00,0.802,11.358
2019-03-29 01:00:00,0.772,11.004
2019-03-29 02:00:00,0.753,10.805
2019-03-29 03:00:00,0.749,10.77
2019-03-29 04:00:00,0.748,10.756
2019-03-29 05:00:00,0.742,10.699
2019-03-29 06:00:00,0.731,10.582
2019-03-29 07:00:00,0.713,10.411
2019-03-29 08:00:00,0.692,10.229
2019-03-29 09:00:00,0.671,10.04
2019-03-29 10:00:00,0.647,9.832
2019-03-29 11:00:00,0.621,9.627
2019-03-29 12:00:00,0.599,9.439
2019-03-29 13:00:00,0.564,9.175
2019-03-29 14:00:00,0.528,8.906
2019-03-29 15:00:00,0.499,8.697
2019-03-29 16:00:00,0.48,8.548
2019-03-29 17:00:00,0.478,8.536
2019-03-29 18:00:00,0.497,8.682
2019-03-29 19:00:00,0.53,8.928
2019-03-29 20:00:00,0.558,9.139
2019-03-29 21:00:00,0.558,9.134
2019-03-29 22:00:00,0.535,8.964
2019-03-29 23:00:00,0.49,8.632
2019-03-30 00:00:00,0.45,8.34
2019-03-30 01:00:00,0.446,8.298
2019-03-30 02:00:00,0.431,8.194
2019-03-30 03:00:00,0.382,7.827
2019-03-30 04:00:00,0.314,7.297
2019-03-30 05:00:00,0.283,7.047
2019-03-30 06:00:00,0.302,7.192
2019-03-30 07:00:00,0.349,7.573
2019-03-30 08:00:00,0.396,7.937
2019-03-30 09:00:00,0.435,8.228
2019-03-30 10:00:00,0.469,8.476
2019-03-30 11:00:00,0.52,8.856
2019-03-30 12:00:00,0.519,8.848
2019-03-30 13:00:00,0.494,8.661
2019-03-30 14:00:00,0.453,8.355
2019-03-30 15:00:00,0.45,8.332
2019-03-30 16:00:00,0.46,8.404
2019-03-30 17:00:00,0.49,8.634
2019-03-30 18:00:00,0.518,8.839
2019-03-30 19:00:00,0.549,9.066
2019-03-30 20:00:00,0.587,9.356
2019-03-30 21:00:00,0.596,9.431
2019-03-30 22:00:00,0.599,9.443
2019-03-30 23:00:00,0.594,9.413
2019-03-31 00:00:00,0.568,9.211
2019-03-31 01:00:00,0.526,8.894
2019-03-31 02:00:00,0.476,8.525
2019-03-31 03:00:00,0.444,8.287
2019-03-31 04:00:00,0.414,8.068
2019-03-31 05:00:00,0.37,7.734
2019-03-31 06:00:00,0.327,7.391
2019-03-31 07:00:00,0.291,7.102
2019-03-31 08:00:00,0.252,6.764
2019-03-31 09:00:00,0.21,6.374
2019-03-31 10:00:00,0.17,5.956
2019-03-31 11:00:00,0.143,5.658
2019-03-31 12:00:00,0.127,5.451
2019-03-31 13:00:00,0.113,5.266
2019-03-31 14:00:00,0.1,5.072
2019-03-31 15:00:00,0.09,4.934
2019-03-31 16:00:00,0.087,4.878
2019-03-31 17:00:00,0.084,4.831
2019-03-31 18:00:00,0.082,4.799
2019-03-31 19:00:00,0.078,4.736
2019-03-31 20:00:00,0.074,4.656
2019-03-31 21:00:00,0.069,4.58
2019-03-31 22:00:00,0.068,4.54
2019-03-31 23:00:00,0.069,4.571
2019-04-01 00:00:00,0.076,4.704
2019-04-01 01:00:00,0.092,4.967
2019-04-01 02:00:00,0.118,5.325
2019-04-01 03:00:00,0.138,5.595
2019-04-01 04:00:00,0.156,5.812
2019-04-01 05:00:00,0.179,6.057
2019-04-01 06:00:00,0.21,6.381
2019-04-01 07:00:00,0.254,6.795
2019-04-01 08:00:00,0.318,7.328
2019-04-01 09:00:00,0.395,7.924
2019-04-01 10:00:00,0.45,8.332
2019-04-01 11:00:00,0.475,8.519
2019-04-01 12:00:00,0.49,8.634
2019-04-01 13:00:00,0.514,8.808
2019-04-01 14:00:00,0.539,8.987
2019-04-01 15:00:00,0.552,9.096
2019-04-01 16:00:00,0.564,9.172
2019-04-01 17:00:00,0.58,9.303
2019-04-01 18:00:00,0.6,9.455
2019-04-01 19:00:00,0.632,9.706
2019-04-01 20:00:00,0.667,10.003
2019-04-01 21:00:00,0.665,9.988
2019-04-01 22:00:00,0.631,9.703
2019-04-01 23:00:00,0.609,9.529
2019-04-02 00:00:00,0.622,9.637
2019-04-02 01:00:00,0.637,9.755
2019-04-02 02:00:00,0.636,9.737
2019-04-02 03:00:00,0.631,9.704
2019-04-02 04:00:00,0.596,9.427
2019-04-02 05:00:00,0.609,9.531
2019-04-02 06:00:00,0.619,9.614
2019-04-02 07:00:00,0.625,9.655
2019-04-02 08:00:00,0.564,9.173
2019-04-02 09:00:00,0.476,8.523
2019-04-02 10:00:00,0.389,7.885
2019-04-02 11:00:00,0.281,7.03
2019-04-02 12:00:00,0.199,6.274
2019-04-02 13:00:00,0.134,5.531
2019-04-02 14:00:00,0.087,4.889
2019-04-02 15:00:00,0.072,4.629
2019-04-02 16:00:00,0.065,4.507
2019-04-02 17:00:00,0.077,4.719
2019-04-02 18:00:00,0.099,5.055
2019-04-02 19:00:00,0.123,5.405
2019-04-02 20:00:00,0.165,5.913
2019-04-02 21:00:00,0.226,6.53
2019-04-02 22:00:00,0.291,7.102
2019-04-02 23:00:00,0.339,7.492
2019-04-03 00:00:00,0.389,7.88
2019-04-03 01:00:00,0.429,8.183
2019-04-03 02:00:00,0.45,8.326
2019-04-03 03:00:00,0.45,8.338
2019-04-03 04:00:00,0.432,8.202
2019-04-03 05:00:00,0.402,7.98
2019-04-03 06:00:00,0.36,7.649
2019-04-03 07:00:00,0.317,7.321
2019-04-03 08:00:00,0.297,7.158
2019-04-03 09:00:00,0.299,7.179
2019-04-03 10:00:00,0.317,7.324
2019-04-03 11:00:00,0.354,7.612
2019-04-03 12:00:00,0.437,8.235
2019-04-03 13:00:00,0.563,9.167
2019-04-03 14:00:00,0.681,10.124
2019-04-03 15:00:00,0.752,10.799
2019-04-03 16:00:00,0.779,11.077
2019-04-03 17:00:00,0.775,11.049
2019-04-03 18:00:00,0.759,10.864
2019-04-03 19:00:00,0.722,10.49
2019-04-03 20:00:00,0.663,9.975
2019-04-03 21:00:00,0.641,9.792
2019-04-03 22:00:00,0.647,9.839
2019-04-03 23:00:00,0.639,9.772
2019-04-04 00:00:00,0.57,9.228
2019-04-04 01:00:00,0.484,8.577
2019-04-04 02:00:00,0.412,8.05
2019-04-04 03:00:00,0.361,7.664
2019-04-04 04:00:00,0.363,7.689
2019-04-04 05:00:00,0.385,7.848
2019-04-04 06:00:00,0.438,8.243
2019-04-04 07:00:00,0.426,8.156
2019-04-04 08:00:00,0.426,8.157
2019-04-04 09:00:00,0.451,8.343
2019-04-04 10:00:00,0.462,8.418
2019-04-04 11:00:00,0.44,8.257
2019-04-04 12:00:00,0.397,7.945
2019-04-04 13:00:00,0.388,7.868
2019-04-04 14:00:00,0.441,8.268
2019-04-04 15:00:00,0.491,8.64
2019-04-04 16:00:00,0.531,8.938
2019-04-04 17:00:00,0.554,9.108
2019-04-04 18:00:00,0.561,9.152
2019-04-04 19:00:00,0.533,8.949
2019-04-04 20:00:00,0.509,8.765
2019-04-04 21:00:00,0.494,8.657
2019-04-04 22:00:00,0.483,8.569
2019-04-04 23:00:00,0.465,8.446
2019-04-05 00:00:00,0.502,8.718
2019-04-05 01:00:00,0.536,8.972
2019-04-05 02:00:00,0.527,8.899
2019-04-05 03:00:00,0.506,8.749
2019-04-05 04:00:00,0.44,8.256
2019-04-05 05:00:00,0.426,8.149
2019-04-05 06:00:00,0.426,8.153
2019-04-05 07:00:00,0.39,7.89
2019-04-05 08:00:00,0.338,7.485
2019-04-05 09:00:00,0.285,7.06
2019-04-05 10:00:00,0.21,6.376
2019-04-05 11:00:00,0.137,5.566
2019-04-05 12:00:00,0.096,5.025
2019-04-05 13:00:00,0.082,4.787
2019-04-05 14:00:00,0.08,4.77
2019-04-05 15:00:00,0.085,4.844
2019-04-05 16:00:00,0.086,4.865
2019-04-05 17:00:00,0.095,5.009
2019-04-05 18:00:00,0.136,5.556
2019-04-05 19:00:00,0.21,6.374
2019-04-05 20:00:00,0.299,7.17
2019-04-05 21:00:00,0.369,7.731
2019-04-05 22:00:00,0.383,7.834
2019-04-05 23:00:00,0.328,7.41
2019-04-06 00:00:00,0.236,6.617
2019-04-06 01:00:00,0.149,5.732
2019-04-06 02:00:00,0.094,4.995
2019-04-06 03:00:00,0.061,4.418
2019-04-06 04:00:00,0.044,4.054
2019-04-06 05:00:00,0.037,3.883
2019-04-06 06:00:00,0.039,3.937
2019-04-06 07:00:00,0.057,4.336
2019-04-06 08:00:00,0.107,5.187
2019-04-06 09:00:00,0.179,6.06
2019-04-06 10:00:00,0.252,6.766
2019-04-06 11:00:00,0.302,7.197
2019-04-06 12:00:00,0.326,7.388
2019-04-06 13:00:00,0.337,7.479
2019-04-06 14:00:00,0.353,7.606
2019-04-06 15:00:00,0.357,7.635
2019-04-06 16:00:00,0.36,7.652
2019-04-06 17:00:00,0.369,7.728
2019-04-06 18:00:00,0.374,7.77
2019-04-06 19:00:00,0.361,7.661
2019-04-06 20:00:00,0.351,7.588
2019-04-06 21:00:00,0.323,7.367
2019-04-06 22:00:00,0.302,7.191
2019-04-06 23:00:00,0.289,7.088
2019-04-07 00:00:00,0.299,7.176
2019-04-07 01:00:00,0.325,7.385
2019-04-07 02:00:00,0.346,7.553
2019-04-07 03:00:00,0.362,7.676
2019-04-07 04:00:00,0.374,7.76
2019-04-07 05:00:00,0.374,7.759
2019-04-07 06:00:00,0.365,7.704
2019-04-07 07:00:00,0.356,7.625
2019-04-07 08:00:00,0.353,7.598
2019-04-07 09:00:00,0.337,7.48
2019-04-07 10:00:00,0.336,7.478
2019-04-07 11:00:00,0.34,7.502
2019-04-07 12:00:00,0.353,7.6
2019-04-07 13:00:00,0.379,7.806
2019-04-07 14:00:00,0.407,8.014
2019-04-07 15:00:00,0.427,8.164
2019-04-07 16:00:00,0.445,8.295
2019-04-07 17:00:00,0.46,8.403
2019-04-07 18:00:00,0.465,8.441
2019-04-07 19:00:00,0.455,8.373
2019-04-07 20:00:00,0.435,8.224
2019-04-07 21:00:00,0.423,8.135
2019-04-07 22:00:00,0.421,8.116
2019-04-07 23:00:00,0.422,8.132
2019-04-08 00:00:00,0.432,8.208
2019-04-08 01:00:00,0.453,8.354
2019-04-08 02:00:00,0.476,8.523
2019-04-08 03:00:00,0.481,8.564
2019-04-08 04:00:00,0.466,8.456
2019-04-08 05:00:00,0.446,8.308
2019-04-08 06:00:00,0.441,8.262
2019-04-08 07:00:00,0.462,8.416
2019-04-08 08:00:00,0.518,8.83
2019-04-08 09:00:00,0.574,9.253
2019-04-08 10:00:00,0.633,9.716
2019-04-08 11:00:00,0.7,10.294
2019-04-08 12:00:00,0.774,11.038
2019-04-08 13:00:00,0.822,11.61
2019-04-08 14:00:00,0.827,11.669
2019-04-08 15:00:00,0.816,11.528
2019-04-08 16:00:00,0.791,11.23
2019-04-08 17:00:00,0.749,10.772
2019-04-08 18:00:00,0.714,10.423
2019-04-08 19:00:00,0.703,10.324
2019-04-08 20:00:00,0.709,10.378
2019-04-08 21:00:00,0.735,10.633
2019-04-08 22:00:00,0.766,10.943
2019-04-08 23:00:00,0.786,11.168
2019-04-09 00:00:00,0.796,11.284
2019-04-09 01:00:00,0.798,11.315
2019-04-09 02:00:00,0.797,11.302
2019-04-09 03:00:00,0.794,11.256
2019-04-09 04:00:00,0.791,11.226
2019-04-09 05:00:00,0.787,11.179
2019-04-09 06:00:00,0.777,11.066
2019-04-09 07:00:00,0.76,10.872
2019-04-09 08:00:00,0.733,10.601
2019-04-09 09:00:00,0.709,10.372
2019-04-09 10:00:00,0.691,10.206
2019-04-09 11:00:00,0.677,10.09
2019-04-09 12:00:00,0.673,10.061
2019-04-09 13:00:00,0.677,10.088
2019-04-09 14:00:00,0.679,10.107
2019-04-09 15:00:00,0.672,10.05
2019-04-09 16:00:00,0.654,9.894
2019-04-09 17:00:00,0.627,9.667
2019-04-09 18:00:00,0.592,9.392
2019-04-09 19:00:00,0.548,9.063
2019-04-09 20:00:00,0.494,8.657
2019-04-09 21:00:00,0.441,8.264
2019-04-09 22:00:00,0.395,7.927
2019-04-09 23:00:00,0.353,7.603
2019-04-10 00:00:00,0.314,7.301
2019-04-10 01:00:00,0.288,7.077
2019-04-10 02:00:00,0.275,6.978
2019-04-10 03:00:00,0.269,6.916
2019-04-10 04:00:00,0.263,6.865
2019-04-10 05:00:00,0.259,6.831
2019-04-10 06:00:00,0.253,6.784
2019-04-10 07:00:00,0.236,6.631
2019-04-10 08:00:00,0.205,6.327
2019-04-10 09:00:00,0.161,5.869
2019-04-10 10:00:00,0.113,5.262
2019-04-10 11:00:00,0.068,4.548
2019-04-10 12:00:00,0.041,3.985
2019-04-10 13:00:00,0.029,3.652
2019-04-10 14:00:00,0.024,3.494
2019-04-10 15:00:00,0.023,3.453
2019-04-10 16:00:00,0.024,3.485
2019-04-10 17:00:00,0.024,3.512
2019-04-10 18:00:00,0.024,3.509
2019-04-10 19:00:00,0.023,3.474
2019-04-10 20:00:00,0.021,3.391
2019-04-10 21:00:00,0.018,3.261
2019-04-10 22:00:00,0.015,3.14
2019-04-10 23:00:00,0.013,3.051
2019-04-11 00:00:00,0.011,2.96
2019-04-11 01:00:00,0.009,2.823
2019-04-11 02:00:00,0.007,2.667
2019-04-11 03:00:00,0.006,2.57
2019-04-11 04:00:00,0.005,2.549
2019-04-11 05:00:00,0.006,2.606
2019-04-11 06:00:00,0.009,2.788
2019-04-11 07:00:00,0.014,3.112
2019-04-11 08:00:00,0.026,3.578
2019-04-11 09:00:00,0.041,3.973
2019-04-11 10:00:00,0.05,4.205
2019-04-11 11:00:00,0.056,4.327
2019-04-11 12:00:00,0.054,4.279
2019-04-11 13:00:00,0.045,4.073
2019-04-11 14:00:00,0.035,3.83
2019-04-11 15:00:00,0.032,3.761
2019-04-11 16:00:00,0.041,3.975
2019-04-11 17:00:00,0.068,4.542
2019-04-11 18:00:00,0.119,5.35
2019-04-11 19:00:00,0.168,5.941
2019-04-11 20:00:00,0.216,6.435
2019-04-11 21:00:00,0.249,6.739
2019-04-11 22:00:00,0.262,6.858
2019-04-11 23:00:00,0.254,6.792
2019-04-12 00:00:00,0.234,6.608
2019-04-12 01:00:00,0.21,6.369
2019-04-12 02:00:00,0.196,6.235
2019-04-12 03:00:00,0.196,6.23
2019-04-12 04:00:00,0.208,6.358
2019-04-12 05:00:00,0.241,6.667
2019-04-12 06:00:00,0.292,7.115
2019-04-12 07:00:00,0.351,7.593
2019-04-12 08:00:00,0.406,8.007
2019-04-12 09:00:00,0.438,8.247
2019-04-12 10:00:00,0.444,8.287
2019-04-12 11:00:00,0.426,8.156
2019-04-12 12:00:00,0.398,7.949
2019-04-12 13:00:00,0.374,7.759
2019-04-12 14:00:00,0.36,7.654
2019-04-12 15:00:00,0.362,7.679
2019-04-12 16:00:00,0.386,7.86
2019-04-12 17:00:00,0.422,8.119
2019-04-12 18:00:00,0.458,8.394
2019-04-12 19:00:00,0.481,8.565
2019-04-12 20:00:00,0.475,8.514
2019-04-12 21:00:00,0.444,8.28
2019-04-12 22:00:00,0.4,7.966
2019-04-12 23:00:00,0.358,7.637
2019-04-13 00:00:00,0.318,7.326
2019-04-13 01:00:00,0.291,7.102
2019-04-13 02:00:00,0.273,6.955
2019-04-13 03:00:00,0.27,6.925
2019-04-13 04:00:00,0.297,7.151
2019-04-13 05:00:00,0.356,7.622
2019-04-13 06:00:00,0.43,8.192
2019-04-13 07:00:00,0.506,8.739
2019-04-13 08:00:00,0.561,9.157
2019-04-13 09:00:00,0.583,9.33
2019-04-13 10:00:00,0.566,9.191
2019-04-13 11:00:00,0.506,8.739
2019-04-13 12:00:00,0.419,8.106
2019-04-13 13:00:00,0.356,7.629
2019-04-13 14:00:00,0.361,7.664
2019-04-13 15:00:00,0.434,8.22
2019-04-13 16:00:00,0.537,8.98
2019-04-13 17:00:00,0.623,9.639
2019-04-13 18:00:00,0.663,9.971
2019-04-13 19:00:00,0.657,9.916
2019-04-13 20:00:00,0.605,9.488
2019-04-13 21:00:00,0.523,8.873
2019-04-13 22:00:00,0.455,8.378
2019-04-13 23:00:00,0.417,8.083
2019-04-14 00:00:00,0.419,8.109
2019-04-14 01:00:00,0.478,8.535
2019-04-14 02:00:00,0.552,9.089
2019-04-14 03:00:00,0.618,9.606
2019-04-14 04:00:00,0.66,9.949
2019-04-14 05:00:00,0.679,10.101
2019-04-14 06:00:00,0.691,10.216
2019-04-14 07:00:00,0.682,10.134
2019-04-14 08:00:00,0.658,9.927
2019-04-14 09:00:00,0.663,9.974
2019-04-14 10:00:00,0.699,10.287
2019-04-14 11:00:00,0.749,10.763
2019-04-14 12:00:00,0.785,11.149
2019-04-14 13:00:00,0.778,11.075
2019-04-14 14:00:00,0.716,10.439
2019-04-14 15:00:00,0.641,9.786
2019-04-14 16:00:00,0.61,9.541
2019-04-14 17:00:00,0.598,9.439
2019-04-14 18:00:00,0.61,9.537
2019-04-14 19:00:00,0.608,9.51
2019-04-14 20:00:00,0.553,9.1
2019-04-14 21:00:00,0.518,8.838
2019-04-14 22:00:00,0.51,8.775
2019-04-14 23:00:00,0.506,8.747
2019-04-15 00:00:00,0.48,8.547
2019-04-15 01:00:00,0.472,8.501
2019-04-15 02:00:00,0.494,8.655
2019-04-15 03:00:00,0.542,9.017
2019-04-15 04:00:00,0.602,9.474
2019-04-15 05:00:00,0.656,9.902
2019-04-15 06:00:00,0.705,10.336
2019-04-15 07:00:00,0.743,10.707
2019-04-15 08:00:00,0.771,10.999
2019-04-15 09:00:00,0.794,11.254
2019-04-15 10:00:00,0.829,11.71
2019-04-15 11:00:00,0.871,12.339
2019-04-15 12:00:00,0.905,12.996
2019-04-15 13:00:00,0.93,13.582
2019-04-15 14:00:00,0.944,14.017
2019-04-15 15:00:00,0.953,14.342
2019-04-15 16:00:00,0.956,14.447
2019-04-15 17:00:00,0.956,14.451
2019-04-15 18:00:00,0.956,14.452
2019-04-15 19:00:00,0.956,14.464
2019-04-15 20:00:00,0.951,14.273
2019-04-15 21:00:00,0.942,13.939
2019-04-15 22:00:00,0.94,13.883
2019-04-15 23:00:00,0.933,13.674
2019-04-16 00:00:00,0.927,13.509
2019-04-16 01:00:00,0.922,13.383
2019-04-16 02:00:00,0.921,13.362
2019-04-16 03:00:00,0.92,13.326
2019-04-16 04:00:00,0.922,13.383
2019-04-16 05:00:00,0.927,13.523
2019-04-16 06:00:00,0.937,13.8
2019-04-16 07:00:00,0.948,14.132
2019-04-16 08:00:00,0.955,14.409
2019-04-16 09:00:00,0.956,14.419
2019-04-16 10:00:00,0.952,14.303
2019-04-16 11:00:00,0.949,14.176
2019-04-16 12:00:00,0.945,14.033
2019-04-16 13:00:00,0.938,13.828
2019-04-16 14:00:00,0.928,13.532
2019-04-16 15:00:00,0.914,13.193
2019-04-16 16:00:00,0.894,12.772
2019-04-16 17:00:00,0.867,12.284
2019-04-16 18:00:00,0.836,11.807
2019-04-16 19:00:00,0.81,11.458
2019-04-16 20:00:00,0.783,11.124
2019-04-16 21:00:00,0.76,10.88
2019-04-16 22:00:00,0.738,10.655
2019-04-16 23:00:00,0.731,10.59
2019-04-17 00:00:00,0.733,10.606
2019-04-17 01:00:00,0.733,10.601
2019-04-17 02:00:00,0.722,10.503
2019-04-17 03:00:00,0.694,10.244
2019-04-17 04:00:00,0.648,9.844
2019-04-17 05:00:00,0.607,9.51
2019-04-17 06:00:00,0.566,9.19
2019-04-17 07:00:00,0.528,8.906
2019-04-17 08:00:00,0.505,8.738
2019-04-17 09:00:00,0.522,8.867
2019-04-17 10:00:00,0.555,9.119
2019-04-17 11:00:00,0.585,9.346
2019-04-17 12:00:00,0.613,9.564
2019-04-17 13:00:00,0.636,9.744
2019-04-17 14:00:00,0.662,9.957
2019-04-17 15:00:00,0.689,10.193
2019-04-17 16:00:00,0.709,10.381
2019-04-17 17:00:00,0.729,10.565
2019-04-17 18:00:00,0.758,10.848
2019-04-17 19:00:00,0.796,11.282
2019-04-17 20:00:00,0.804,11.377
2019-04-17 21:00:00,0.826,11.663
2019-04-17 22:00:00,0.842,11.889
2019-04-17 23:00:00,0.841,11.878
2019-04-18 00:00:00,0.831,11.731
2019-04-18 01:00:00,0.817,11.532
2019-04-18 02:00:00,0.795,11.272
2019-04-18 03:00:00,0.767,10.953
2019-04-18 04:00:00,0.74,10.673
2019-04-18 05:00:00,0.72,10.479
2019-04-18 06:00:00,0.712,10.409
2019-04-18 07:00:00,0.722,10.503
2019-04-18 08:00:00,0.741,10.685
2019-04-18 09:00:00,0.764,10.93
2019-04-18 10:00:00,0.783,11.122
2019-04-18 11:00:00,0.789,11.206
2019-04-18 12:00:00,0.797,11.295
2019-04-18 13:00:00,0.81,11.454
2019-04-18 14:00:00,0.823,11.623
2019-04-18 15:00:00,0.826,11.661
2019-04-18 16:00:00,0.817,11.543
2019-04-18 17:00:00,0.81,11.456
2019-04-18 18:00:00,0.81,11.46
2019-04-18 19:00:00,0.806,11.406
2019-04-18 20:00:00,0.804,11.387
2019-04-18 21:00:00,0.8,11.325
2019-04-18 22:00:00,0.771,10.995
2019-04-18 23:00:00,0.749,10.767
2019-04-19 00:00:00,0.725,10.535
2019-04-19 01:00:00,0.697,10.273
2019-04-19 02:00:00,0.663,9.965
2019-04-19 03:00:00,0.612,9.555
2019-04-19 04:00:00,0.578,9.291
2019-04-19 05:00:00,0.566,9.189
2019-04-19 06:00:00,0.563,9.169
2019-04-19 07:00:00,0.568,9.211
2019-04-19 08:00:00,0.578,9.293
2019-04-19 09:00:00,0.593,9.399
2019-04-19 10:00:00,0.599,9.446
2019-04-19 11:00:00,0.59,9.386
2019-04-19 12:00:00,0.573,9.25
2019-04-19 13:00:00,0.553,9.098
2019-04-19 14:00:00,0.509,8.767
2019-04-19 15:00:00,0.452,8.346
2019-04-19 16:00:00,0.4,7.963
2019-04-19 17:00:00,0.359,7.644
2019-04-19 18:00:00,0.345,7.544
2019-04-19 19:00:00,0.345,7.548
2019-04-19 20:00:00,0.356,7.632
2019-04-19 21:00:00,0.381,7.821
2019-04-19 22:00:00,0.417,8.088
2019-04-19 23:00:00,0.431,8.194
2019-04-20 00:00:00,0.4,7.963
2019-04-20 01:00:00,0.356,7.631
2019-04-20 02:00:00,0.337,7.483
2019-04-20 03:00:00,0.343,7.526
2019-04-20 04:00:00,0.364,7.692
2019-04-20 05:00:00,0.387,7.863
2019-04-20 06:00:00,0.384,7.843
2019-04-20 07:00:00,0.361,7.661
2019-04-20 08:00:00,0.346,7.552
2019-04-20 09:00:00,0.376,7.776
2019-04-20 10:00:00,0.423,8.137
2019-04-20 11:00:00,0.441,8.263
2019-04-20 12:00:00,0.422,8.124
2019-04-20 13:00:00,0.401,7.975
2019-04-20 14:00:00,0.401,7.976
2019-04-20 15:00:00,0.4,7.964
2019-04-20 16:00:00,0.394,7.916
2019-04-20 17:00:00,0.399,7.956
2019-04-20 18:00:00,0.417,8.091
2019-04-20 19:00:00,0.45,8.326
2019-04-20 20:00:00,0.488,8.617
2019-04-20 21:00:00,0.511,8.789
2019-04-20 22:00:00,0.52,8.851
2019-04-20 23:00:00,0.523,8.875
2019-04-21 00:00:00,0.522,8.865
2019-04-21 01:00:00,0.521,8.864
2019-04-21 02:00:00,0.524,8.881
2019-04-21 03:00:00,0.53,8.918
2019-04-21 04:00:00,0.548,9.052
2019-04-21 05:00:00,0.582,9.318
2019-04-21 06:00:00,0.613,9.565
2019-04-21 07:00:00,0.617,9.591
2019-04-21 08:00:00,0.621,9.624
2019-04-21 09:00:00,0.629,9.684
2019-04-21 10:00:00,0.631,9.702
2019-04-21 11:00:00,0.636,9.75
2019-04-21 12:00:00,0.641,9.788
2019-04-21 13:00:00,0.64,9.784
2019-04-21 14:00:00,0.634,9.728
2019-04-21 15:00:00,0.618,9.605
2019-04-21 16:00:00,0.601,9.464
2019-04-21 17:00:00,0.594,9.411
2019-04-21 18:00:00,0.602,9.477
2019-04-21 19:00:00,0.617,9.594
2019-04-21 20:00:00,0.618,9.607
2019-04-21 21:00:00,0.595,9.414
2019-04-21 22:00:00,0.552,9.093
2019-04-21 23:00:00,0.509,8.765
2019-04-22 00:00:00,0.472,8.499
2019-04-22 01:00:00,0.447,8.311
2019-04-22 02:00:00,0.434,8.217
2019-04-22 03:00:00,0.425,8.146
2019-04-22 04:00:00,0.419,8.107
2019-04-22 05:00:00,0.426,8.161
2019-04-22 06:00:00,0.455,8.371
2019-04-22 07:00:00,0.512,8.791
2019-04-22 08:00:00,0.571,9.232
2019-04-22 09:00:00,0.647,9.833
2019-04-22 10:00:00,0.731,10.59
2019-04-22 11:00:00,0.793,11.249
2019-04-22 12:00:00,0.812,11.478
2019-04-22 13:00:00,0.83,11.723
2019-04-22 14:00:00,0.86,12.149
2019-04-22 15:00:00,0.88,12.495
2019-04-22 16:00:00,0.895,12.776
2019-04-22 17:00:00,0.913,13.167
2019-04-22 18:00:00,0.938,13.819
2019-04-22 19:00:00,0.949,14.172
2019-04-22 20:00:00,0.939,13.832
2019-04-22 21:00:00,0.927,13.508
2019-04-22 22:00:00,0.918,13.284
2019-04-22 23:00:00,0.915,13.225
2019-04-23 00:00:00,0.922,13.373
2019-04-23 01:00:00,0.931,13.613
2019-04-23 02:00:00,0.933,13.688
2019-04-23 03:00:00,0.926,13.482
2019-04-23 04:00:00,0.917,13.259
2019-04-23 05:00:00,0.917,13.263
2019-04-23 06:00:00,0.922,13.384
2019-04-23 07:00:00,0.927,13.491
2019-04-23 08:00:00,0.931,13.612
2019-04-23 09:00:00,0.939,13.848
2019-04-23 10:00:00,0.935,13.724
2019-04-23 11:00:00,0.934,13.721
2019-04-23 12:00:00,0.942,13.949
2019-04-23 13:00:00,0.946,14.07
2019-04-23 14:00:00,0.946,14.071
2019-04-23 15:00:00,0.949,14.163
2019-04-23 16:00:00,0.952,14.29
2019-04-23 17:00:00,0.953,14.33
2019-04-23 18:00:00,0.977,15.527
2019-04-23 19:00:00,0.98,15.809
2019-04-23 20:00:00,0.981,15.838
2019-04-23 21:00:00,0.969,15.057
2019-04-23 22:00:00,0.958,14.527
2019-04-23 23:00:00,0.96,14.594
2019-04-24 00:00:00,0.936,13.765
2019-04-24 01:00:00,0.925,13.472
2019-04-24 02:00:00,0.923,13.412
2019-04-24 03:00:00,0.919,13.304
2019-04-24 04:00:00,0.922,13.389
2019-04-24 05:00:00,0.934,13.694
2019-04-24 06:00:00,0.935,13.736
2019-04-24 07:00:00,0.929,13.573
2019-04-24 08:00:00,0.917,13.272
2019-04-24 09:00:00,0.899,12.86
2019-04-24 10:00:00,0.858,12.127
2019-04-24 11:00:00,0.78,11.097
2019-04-24 12:00:00,0.723,10.512
2019-04-24 13:00:00,0.704,10.327
2019-04-24 14:00:00,0.731,10.58
2019-04-24 15:00:00,0.814,11.503
2019-04-24 16:00:00,0.852,12.044
2019-04-24 17:00:00,0.87,12.323
2019-04-24 18:00:00,0.883,12.559
2019-04-24 19:00:00,0.895,12.79
2019-04-24 20:00:00,0.88,12.502
2019-04-24 21:00:00,0.834,11.77
2019-04-24 22:00:00,0.767,10.955
2019-04-24 23:00:00,0.717,10.456
2019-04-25 00:00:00,0.76,10.877
2019-04-25 01:00:00,0.621,9.629
2019-04-25 02:00:00,0.525,8.887
2019-04-25 03:00:00,0.587,9.36
2019-04-25 04:00:00,0.612,9.559
2019-04-25 05:00:00,0.612,9.556
2019-04-25 06:00:00,0.566,9.192
2019-04-25 07:00:00,0.584,9.336
2019-04-25 08:00:00,0.658,9.919
2019-04-25 09:00:00,0.758,10.855
2019-04-25 10:00:00,0.859,12.144
2019-04-25 11:00:00,0.91,13.107
2019-04-25 12:00:00,0.896,12.81
2019-04-25 13:00:00,0.865,12.242
2019-04-25 14:00:00,0.85,11.996
2019-04-25 15:00:00,0.827,11.678
2019-04-25 16:00:00,0.783,11.128
2019-04-25 17:00:00,0.76,10.878
2019-04-25 18:00:00,0.762,10.893
2019-04-25 19:00:00,0.761,10.885
2019-04-25 20:00:00,0.794,11.256
2019-04-25 21:00:00,0.735,10.625
2019-04-25 22:00:00,0.597,9.434
2019-04-25 23:00:00,0.511,8.785
2019-04-26 00:00:00,0.518,8.833
2019-04-26 01:00:00,0.461,8.413
2019-04-26 02:00:00,0.434,8.221
2019-04-26 03:00:00,0.425,8.145
2019-04-26 04:00:00,0.379,7.807
2019-04-26 05:00:00,0.352,7.594
2019-04-26 06:00:00,0.351,7.588
2019-04-26 07:00:00,0.361,7.664
2019-04-26 08:00:00,0.401,7.971
2019-04-26 09:00:00,0.426,8.16
2019-04-26 10:00:00,0.413,8.054
2019-04-26 11:00:00,0.429,8.179
2019-04-26 12:00:00,0.452,8.347
2019-04-26 13:00:00,0.468,8.472
2019-04-26 14:00:00,0.526,8.893
2019-04-26 15:00:00,0.606,9.504
2019-04-26 16:00:00,0.691,10.217
2019-04-26 17:00:00,0.774,11.029
2019-04-26 18:00:00,0.834,11.76
2019-04-26 19:00:00,0.876,12.432
2019-04-26 20:00:00,0.895,12.777
2019-04-26 21:00:00,0.889,12.656
2019-04-26 22:00:00,0.868,12.286
2019-04-26 23:00:00,0.838,11.827
2019-04-27 00:00:00,0.802,11.35
2019-04-27 01:00:00,0.795,11.271
2019-04-27 02:00:00,0.796,11.283
2019-04-27 03:00:00,0.799,11.316
2019-04-27 04:00:00,0.798,11.311
2019-04-27 05:00:00,0.758,10.858
2019-04-27 06:00:00,0.706,10.347
2019-04-27 07:00:00,0.723,10.511
2019-04-27 08:00:00,0.749,10.761
2019-04-27 09:00:00,0.771,10.997
2019-04-27 10:00:00,0.801,11.338
2019-04-27 11:00:00,0.821,11.591
2019-04-27 12:00:00,0.816,11.524
2019-04-27 13:00:00,0.771,10.997
2019-04-27 14:00:00,0.677,10.088
2019-04-27 15:00:00,0.511,8.79
2019-04-27 16:00:00,0.371,7.74
2019-04-27 17:00:00,0.297,7.161
2019-04-27 18:00:00,0.299,7.173
2019-04-27 19:00:00,0.313,7.292
2019-04-27 20:00:00,0.338,7.486
2019-04-27 21:00:00,0.328,7.409
2019-04-27 22:00:00,0.341,7.509
2019-04-27 23:00:00,0.366,7.706
2019-04-28 00:00:00,0.404,7.992
2019-04-28 01:00:00,0.436,8.232
2019-04-28 02:00:00,0.444,8.288
2019-04-28 03:00:00,0.403,7.983
2019-04-28 04:00:00,0.333,7.449
2019-04-28 05:00:00,0.308,7.243
2019-04-28 06:00:00,0.35,7.577
2019-04-28 07:00:00,0.351,7.583
2019-04-28 08:00:00,0.301,7.188
2019-04-28 09:00:00,0.27,6.933
2019-04-28 10:00:00,0.255,6.796
2019-04-28 11:00:00,0.217,6.444
2019-04-28 12:00:00,0.157,5.818
2019-04-28 13:00:00,0.125,5.428
2019-04-28 14:00:00,0.115,5.286
2019-04-28 15:00:00,0.11,5.23
2019-04-28 16:00:00,0.117,5.318
2019-04-28 17:00:00,0.124,5.416
2019-04-28 18:00:00,0.128,5.467
2019-04-28 19:00:00,0.128,5.459
2019-04-28 20:00:00,0.121,5.374
2019-04-28 21:00:00,0.107,5.185
2019-04-28 22:00:00,0.087,4.889
2019-04-28 23:00:00,0.065,4.508
2019-04-29 00:00:00,0.047,4.13
2019-04-29 01:00:00,0.036,3.856
2019-04-29 02:00:00,0.032,3.747
2019-04-29 03:00:00,0.032,3.74
2019-04-29 04:00:00,0.036,3.86
2019-04-29 05:00:00,0.049,4.176
2019-04-29 06:00:00,0.069,4.581
2019-04-29 07:00:00,0.087,4.878
2019-04-29 08:00:00,0.089,4.917
2019-04-29 09:00:00,0.073,4.638
2019-04-29 10:00:00,0.053,4.27
2019-04-29 11:00:00,0.037,3.884
2019-04-29 12:00:00,0.029,3.655
2019-04-29 13:00:00,0.031,3.707
2019-04-29 14:00:00,0.041,3.987
2019-04-29 15:00:00,0.054,4.283
2019-04-29 16:00:00,0.065,4.494
2019-04-29 17:00:00,0.075,4.675
2019-04-29 18:00:00,0.081,4.781
2019-04-29 19:00:00,0.084,4.842
2019-04-29 20:00:00,0.081,4.782
2019-04-29 21:00:00,0.066,4.523
2019-04-29 22:00:00,0.046,4.104
2019-04-29 23:00:00,0.03,3.68
2019-04-30 00:00:00,0.021,3.378
2019-04-30 01:00:00,0.019,3.322
2019-04-30 02:00:00,0.024,3.504
2019-04-30 03:00:00,0.036,3.857
2019-04-30 04:00:00,0.053,4.266
2019-04-30 05:00:00,0.07,4.599
2019-04-30 06:00:00,0.08,4.772
2019-04-30 07:00:00,0.082,4.785
2019-04-30 08:00:00,0.078,4.732
2019-04-30 09:00:00,0.075,4.687
2019-04-30 10:00:00,0.081,4.777
2019-04-30 11:00:00,0.093,4.97
2019-04-30 12:00:00,0.1,5.087
2019-04-30 13:00:00,0.098,5.039
2019-04-30 14:00:00,0.084,4.828
2019-04-30 15:00:00,0.068,4.542
2019-04-30 16:00:00,0.052,4.241
2019-04-30 17:00:00,0.045,4.077
2019-04-30 18:00:00,0.047,4.128
2019-04-30 19:00:00,0.056,4.322
2019-04-30 20:00:00,0.071,4.616
2019-04-30 21:00:00,0.091,4.952
2019-04-30 22:00:00,0.116,5.294
2019-04-30 23:00:00,0.139,5.606
2019-05-01 00:00:00,0.163,5.883
2019-05-01 01:00:00,0.181,6.075
2019-05-01 02:00:00,0.184,6.121
2019-05-01 03:00:00,0.162,5.874
2019-05-01 04:00:00,0.122,5.39
2019-05-01 05:00:00,0.087,4.889
2019-05-01 06:00:00,0.063,4.464
2019-05-01 07:00:00,0.055,4.29
2019-05-01 08:00:00,0.061,4.429
2019-05-01 09:00:00,0.083,4.825
2019-05-01 10:00:00,0.117,5.31
2019-05-01 11:00:00,0.148,5.708
2019-05-01 12:00:00,0.169,5.947
2019-05-01 13:00:00,0.172,5.983
2019-05-01 14:00:00,0.16,5.854
2019-05-01 15:00:00,0.146,5.689
2019-05-01 16:00:00,0.138,5.596
2019-05-01 17:00:00,0.134,5.536
2019-05-01 18:00:00,0.132,5.514
2019-05-01 19:00:00,0.14,5.621
2019-05-01 20:00:00,0.175,6.019
2019-05-01 21:00:00,0.243,6.684
2019-05-01 22:00:00,0.333,7.451
2019-05-01 23:00:00,0.418,8.095
2019-05-02 00:00:00,0.463,8.423
2019-05-02 01:00:00,0.46,8.41
2019-05-02 02:00:00,0.442,8.274
2019-05-02 03:00:00,0.456,8.38
2019-05-02 04:00:00,0.48,8.55
2019-05-02 05:00:00,0.48,8.557
2019-05-02 06:00:00,0.476,8.525
2019-05-02 07:00:00,0.485,8.594
2019-05-02 08:00:00,0.516,8.82
2019-05-02 09:00:00,0.566,9.188
2019-05-02 10:00:00,0.617,9.596
2019-05-02 11:00:00,0.641,9.787
2019-05-02 12:00:00,0.687,10.179
2019-05-02 13:00:00,0.722,10.497
2019-05-02 14:00:00,0.753,10.805
2019-05-02 15:00:00,0.775,11.041
2019-05-02 16:00:00,0.783,11.121
2019-05-02 17:00:00,0.778,11.073
2019-05-02 18:00:00,0.754,10.821
2019-05-02 19:00:00,0.717,10.445
2019-05-02 20:00:00,0.677,10.084
2019-05-02 21:00:00,0.646,9.824
2019-05-02 22:00:00,0.618,9.601
2019-05-02 23:00:00,0.598,9.439
2019-05-03 00:00:00,0.607,9.508
2019-05-03 01:00:00,0.627,9.666
2019-05-03 02:00:00,0.63,9.695
2019-05-03 03:00:00,0.611,9.544
2019-05-03 04:00:00,0.581,9.31
2019-05-03 05:00:00,0.579,9.297
2019-05-03 06:00:00,0.602,9.479
2019-05-03 07:00:00,0.636,9.74
2019-05-03 08:00:00,0.686,10.166
2019-05-03 09:00:00,0.752,10.8
2019-05-03 10:00:00,0.81,11.457
2019-05-03 11:00:00,0.853,12.059
2019-05-03 12:00:00,0.881,12.519
2019-05-03 13:00:00,0.9,12.886
2019-05-03 14:00:00,0.915,13.213
2019-05-03 15:00:00,0.928,13.528
2019-05-03 16:00:00,0.939,13.835
2019-05-03 17:00:00,0.943,13.964
2019-05-03 18:00:00,0.941,13.903
2019-05-03 19:00:00,0.938,13.827
2019-05-03 20:00:00,0.941,13.931
2019-05-03 21:00:00,0.948,14.138
2019-05-03 22:00:00,0.953,14.335
2019-05-03 23:00:00,0.963,14.751
2019-05-04 00:00:00,0.973,15.241
2019-05-04 01:00:00,0.979,15.662
2019-05-04 02:00:00,0.983,16.029
2019-05-04 03:00:00,0.986,16.466
2019-05-04 04:00:00,0.988,16.806
2019-05-04 05:00:00,0.988,16.847
2019-05-04 06:00:00,0.987,16.645
2019-05-04 07:00:00,0.985,16.313
2019-05-04 08:00:00,0.98,15.806
2019-05-04 09:00:00,0.971,15.147
2019-05-04 10:00:00,0.962,14.68
2019-05-04 11:00:00,0.958,14.518
2019-05-04 12:00:00,0.956,14.461
2019-05-04 13:00:00,0.958,14.512
2019-05-04 14:00:00,0.963,14.741
2019-05-04 15:00:00,0.968,14.987
2019-05-04 16:00:00,0.969,15.058
2019-05-04 17:00:00,0.969,15.06
2019-05-04 18:00:00,0.971,15.135
2019-05-04 19:00:00,0.97,15.117
2019-05-04 20:00:00,0.968,15.003
2019-05-04 21:00:00,0.966,14.897
2019-05-04 22:00:00,0.959,14.556
2019-05-04 23:00:00,0.943,13.958
2019-05-05 00:00:00,0.922,13.373
2019-05-05 01:00:00,0.902,12.918
2019-05-05 02:00:00,0.885,12.588
2019-05-05 03:00:00,0.866,12.257
2019-05-05 04:00:00,0.841,11.878
2019-05-05 05:00:00,0.816,11.526
2019-05-05 06:00:00,0.787,11.178
2019-05-05 07:00:00,0.761,10.889
2019-05-05 08:00:00,0.758,10.85
2019-05-05 09:00:00,0.781,11.101
2019-05-05 10:00:00,0.807,11.421
2019-05-05 11:00:00,0.821,11.597
2019-05-05 12:00:00,0.822,11.605
2019-05-05 13:00:00,0.814,11.504
2019-05-05 14:00:00,0.802,11.362
2019-05-05 15:00:00,0.807,11.414
2019-05-05 16:00:00,0.822,11.61
2019-05-05 17:00:00,0.836,11.799
2019-05-05 18:00:00,0.849,11.984
2019-05-05 19:00:00,0.864,12.212
2019-05-05 20:00:00,0.872,12.362
2019-05-05 21:00:00,0.864,12.217
2019-05-05 22:00:00,0.846,11.951
2019-05-05 23:00:00,0.815,11.523
2019-05-06 00:00:00,0.785,11.151
2019-05-06 01:00:00,0.751,10.79
2019-05-06 02:00:00,0.725,10.528
2019-05-06 03:00:00,0.708,10.366
2019-05-06 04:00:00,0.698,10.282
2019-05-06 05:00:00,0.692,10.227
2019-05-06 06:00:00,0.689,10.191
2019-05-06 07:00:00,0.679,10.113
2019-05-06 08:00:00,0.665,9.988
2019-05-06 09:00:00,0.652,9.883
2019-05-06 10:00:00,0.636,9.744
2019-05-06 11:00:00,0.611,9.549
2019-05-06 12:00:00,0.58,9.304
2019-05-06 13:00:00,0.545,9.028
2019-05-06 14:00:00,0.497,8.677
2019-05-06 15:00:00,0.453,8.348
2019-05-06 16:00:00,0.413,8.065
2019-05-06 17:00:00,0.382,7.824
2019-05-06 18:00:00,0.35,7.579
2019-05-06 19:00:00,0.309,7.256
2019-05-06 20:00:00,0.27,6.922
2019-05-06 21:00:00,0.233,6.596
2019-05-06 22:00:00,0.203,6.307
2019-05-06 23:00:00,0.184,6.119
2019-05-07 00:00:00,0.179,6.064
2019-05-07 01:00:00,0.181,6.082
2019-05-07 02:00:00,0.179,6.053
2019-05-07 03:00:00,0.158,5.83
2019-05-07 04:00:00,0.131,5.501
2019-05-07 05:00:00,0.101,5.093
2019-05-07 06:00:00,0.072,4.617
2019-05-07 07:00:00,0.044,4.052
2019-05-07 08:00:00,0.024,3.51
2019-05-07 09:00:00,0.017,3.226
2019-05-07 10:00:00,0.015,3.153
2019-05-07 11:00:00,0.014,3.076
2019-05-07 12:00:00,0.01,2.891
2019-05-07 13:00:00,0.007,2.682
2019-05-07 14:00:00,0.006,2.59
2019-05-07 15:00:00,0.006,2.565
2019-05-07 16:00:00,0.008,2.717
2019-05-07 17:00:00,0.011,2.958
2019-05-07 18:00:00,0.023,3.451
2019-05-07 19:00:00,0.048,4.135
2019-05-07 20:00:00,0.087,4.877
2019-05-07 21:00:00,0.131,5.509
2019-05-07 22:00:00,0.186,6.136
2019-05-07 23:00:00,0.252,6.771
2019-05-08 00:00:00,0.315,7.307
2019-05-08 01:00:00,0.392,7.9
2019-05-08 02:00:00,0.506,8.74
2019-05-08 03:00:00,0.628,9.681
2019-05-08 04:00:00,0.727,10.548
2019-05-08 05:00:00,0.795,11.261
2019-05-08 06:00:00,0.845,11.927
2019-05-08 07:00:00,0.889,12.655
2019-05-08 08:00:00,0.915,13.203
2019-05-08 09:00:00,0.931,13.616
2019-05-08 10:00:00,0.944,13.994
2019-05-08 11:00:00,0.952,14.301
2019-05-08 12:00:00,0.963,14.752
2019-05-08 13:00:00,0.973,15.244
2019-05-08 14:00:00,0.979,15.693
2019-05-08 15:00:00,0.985,16.337
2019-05-08 16:00:00,0.988,16.915
2019-05-08 17:00:00,0.989,17.314
2019-05-08 18:00:00,0.989,17.603
2019-05-08 19:00:00,0.989,17.619
2019-05-08 20:00:00,0.989,17.433
2019-05-08 21:00:00,0.989,17.131
2019-05-08 22:00:00,0.987,16.624
2019-05-08 23:00:00,0.983,16.008
2019-05-09 00:00:00,0.976,15.457
2019-05-09 01:00:00,0.967,14.926
2019-05-09 02:00:00,0.953,14.339
2019-05-09 03:00:00,0.939,13.868
2019-05-09 04:00:00,0.928,13.549
2019-05-09 05:00:00,0.921,13.357
2019-05-09 06:00:00,0.918,13.277
2019-05-09 07:00:00,0.919,13.318
2019-05-09 08:00:00,0.923,13.394
2019-05-09 09:00:00,0.924,13.429
2019-05-09 10:00:00,0.927,13.513
2019-05-09 11:00:00,0.934,13.72
2019-05-09 12:00:00,0.943,13.964
2019-05-09 13:00:00,0.949,14.178
2019-05-09 14:00:00,0.951,14.237
2019-05-09 15:00:00,0.944,14.012
2019-05-09 16:00:00,0.929,13.564
2019-05-09 17:00:00,0.903,12.94
2019-05-09 18:00:00,0.868,12.288
2019-05-09 19:00:00,0.825,11.648
2019-05-09 20:00:00,0.771,10.992
2019-05-09 21:00:00,0.709,10.383
2019-05-09 22:00:00,0.647,9.833
2019-05-09 23:00:00,0.596,9.425
2019-05-10 00:00:00,0.558,9.141
2019-05-10 01:00:00,0.531,8.933
2019-05-10 02:00:00,0.507,8.753
2019-05-10 03:00:00,0.47,8.483
2019-05-10 04:00:00,0.421,8.116
2019-05-10 05:00:00,0.353,7.606
2019-05-10 06:00:00,0.27,6.933
2019-05-10 07:00:00,0.191,6.184
2019-05-10 08:00:00,0.131,5.501
2019-05-10 09:00:00,0.091,4.946
2019-05-10 10:00:00,0.062,4.454
2019-05-10 11:00:00,0.045,4.082
2019-05-10 12:00:00,0.033,3.79
2019-05-10 13:00:00,0.023,3.464
2019-05-10 14:00:00,0.014,3.106
2019-05-10 15:00:00,0.007,2.704
2019-05-10 16:00:00,0.003,2.315
2019-05-10 17:00:00,0.002,2.099
2019-05-10 18:00:00,0.002,2.047
2019-05-10 19:00:00,0.003,2.254
2019-05-10 20:00:00,0.005,2.518
2019-05-10 21:00:00,0.007,2.688
2019-05-10 22:00:00,0.008,2.757
2019-05-10 23:00:00,0.009,2.794
2019-05-11 00:00:00,0.009,2.801
2019-05-11 01:00:00,0.009,2.802
2019-05-11 02:00:00,0.009,2.796
2019-05-11 03:00:00,0.009,2.839
2019-05-11 04:00:00,0.012,2.978
2019-05-11 05:00:00,0.017,3.214
2019-05-11 06:00:00,0.022,3.437
2019-05-11 07:00:00,0.027,3.604
2019-05-11 08:00:00,0.034,3.802
2019-05-11 09:00:00,0.038,3.917
2019-05-11 10:00:00,0.041,3.967
2019-05-11 11:00:00,0.049,4.182
2019-05-11 12:00:00,0.072,4.627
2019-05-11 13:00:00,0.105,5.159
2019-05-11 14:00:00,0.145,5.677
2019-05-11 15:00:00,0.183,6.101
2019-05-11 16:00:00,0.219,6.471
2019-05-11 17:00:00,0.274,6.969
2019-05-11 18:00:00,0.339,7.491
2019-05-11 19:00:00,0.376,7.779
2019-05-11 20:00:00,0.389,7.877
2019-05-11 21:00:00,0.391,7.894
2019-05-11 22:00:00,0.383,7.84
2019-05-11 23:00:00,0.377,7.792
2019-05-12 00:00:00,0.388,7.868
2019-05-12 01:00:00,0.411,8.045
2019-05-12 02:00:00,0.45,8.327
2019-05-12 03:00:00,0.484,8.58
2019-05-12 04:00:00,0.489,8.624
2019-05-12 05:00:00,0.475,8.51
2019-05-12 06:00:00,0.418,8.097
2019-05-12 07:00:00,0.353,7.598
2019-05-12 08:00:00,0.273,6.952
2019-05-12 09:00:00,0.2,6.283
2019-05-12 10:00:00,0.14,5.616
2019-05-12 11:00:00,0.113,5.268
2019-05-12 12:00:00,0.098,5.042
2019-05-12 13:00:00,0.075,4.681
2019-05-12 14:00:00,0.061,4.416
2019-05-12 15:00:00,0.05,4.19
2019-05-12 16:00:00,0.023,3.45
2019-05-12 17:00:00,0.009,2.79
2019-05-12 18:00:00,0.004,2.396
2019-05-12 19:00:00,0.01,2.881
2019-05-12 20:00:00,0.025,3.53
2019-05-12 21:00:00,0.053,4.261
2019-05-12 22:00:00,0.087,4.868
2019-05-12 23:00:00,0.112,5.251
2019-05-13 00:00:00,0.13,5.494
2019-05-13 01:00:00,0.139,5.609
2019-05-13 02:00:00,0.14,5.618
2019-05-13 03:00:00,0.141,5.625
2019-05-13 04:00:00,0.144,5.665
2019-05-13 05:00:00,0.156,5.809
2019-05-13 06:00:00,0.187,6.151
2019-05-13 07:00:00,0.239,6.659
2019-05-13 08:00:00,0.298,7.162
2019-05-13 09:00:00,0.35,7.576
2019-05-13 10:00:00,0.4,7.966
2019-05-13 11:00:00,0.443,8.278
2019-05-13 12:00:00,0.465,8.448
2019-05-13 13:00:00,0.47,8.483
2019-05-13 14:00:00,0.463,8.433
2019-05-13 15:00:00,0.453,8.363
2019-05-13 16:00:00,0.435,8.226
2019-05-13 17:00:00,0.41,8.038
2019-05-13 18:00:00,0.39,7.89
2019-05-13 19:00:00,0.37,7.733
2019-05-13 20:00:00,0.339,7.501
2019-05-13 21:00:00,0.31,7.27
2019-05-13 22:00:00,0.299,7.177
2019-05-13 23:00:00,0.317,7.323
2019-05-14 00:00:00,0.361,7.657
2019-05-14 01:00:00,0.404,7.99
2019-05-14 02:00:00,0.423,8.14
2019-05-14 03:00:00,0.398,7.953
2019-05-14 04:00:00,0.359,7.644
2019-05-14 05:00:00,0.351,7.583
2019-05-14 06:00:00,0.441,8.271
2019-05-14 07:00:00,0.467,8.466
2019-05-14 08:00:00,0.374,7.767
2019-05-14 09:00:00,0.386,7.855
2019-05-14 10:00:00,0.449,8.324
2019-05-14 11:00:00,0.497,8.67
2019-05-14 12:00:00,0.497,8.676
2019-05-14 13:00:00,0.444,8.284
2019-05-14 14:00:00,0.395,7.92
2019-05-14 15:00:00,0.389,7.876
2019-05-14 16:00:00,0.371,7.739
2019-05-14 17:00:00,0.326,7.386
2019-05-14 18:00:00,0.312,7.278
2019-05-14 19:00:00,0.302,7.196
2019-05-14 20:00:00,0.297,7.15
2019-05-14 21:00:00,0.298,7.164
2019-05-14 22:00:00,0.301,7.187
2019-05-14 23:00:00,0.299,7.174
2019-05-15 00:00:00,0.283,7.043
2019-05-15 01:00:00,0.254,6.795
2019-05-15 02:00:00,0.222,6.483
2019-05-15 03:00:00,0.172,5.988
2019-05-15 04:00:00,0.126,5.444
2019-05-15 05:00:00,0.101,5.096
2019-05-15 06:00:00,0.091,4.944
2019-05-15 07:00:00,0.092,4.956
2019-05-15 08:00:00,0.095,5.008
2019-05-15 09:00:00,0.092,4.961
2019-05-15 10:00:00,0.076,4.702
2019-05-15 11:00:00,0.053,4.263
2019-05-15 12:00:00,0.03,3.692
2019-05-15 13:00:00,0.016,3.171
2019-05-15 14:00:00,0.013,3.055
2019-05-15 15:00:00,0.025,3.527
2019-05-15 16:00:00,0.048,4.161
2019-05-15 17:00:00,0.073,4.637
2019-05-15 18:00:00,0.091,4.95
2019-05-15 19:00:00,0.106,5.174
2019-05-15 20:00:00,0.117,5.308
2019-05-15 21:00:00,0.12,5.366
2019-05-15 22:00:00,0.123,5.4
2019-05-15 23:00:00,0.122,5.384
2019-05-16 00:00:00,0.113,5.269
2019-05-16 01:00:00,0.102,5.118
2019-05-16 02:00:00,0.1,5.081
2019-05-16 03:00:00,0.11,5.233
2019-05-16 04:00:00,0.133,5.525
2019-05-16 05:00:00,0.162,5.877
2019-05-16 06:00:00,0.196,6.236
2019-05-16 07:00:00,0.222,6.484
2019-05-16 08:00:00,0.232,6.582
2019-05-16 09:00:00,0.234,6.606
2019-05-16 10:00:00,0.241,6.666
2019-05-16 11:00:00,0.264,6.87
2019-05-16 12:00:00,0.313,7.293
2019-05-16 13:00:00,0.387,7.864
2019-05-16 14:00:00,0.465,8.438
2019-05-16 15:00:00,0.534,8.96
2019-05-16 16:00:00,0.586,9.354
2019-05-16 17:00:00,0.63,9.691
2019-05-16 18:00:00,0.647,9.835
2019-05-16 19:00:00,0.651,9.873
2019-05-16 20:00:00,0.648,9.844
2019-05-16 21:00:00,0.647,9.84
2019-05-16 22:00:00,0.66,9.938
2019-05-16 23:00:00,0.679,10.106
2019-05-17 00:00:00,0.695,10.249
2019-05-17 01:00:00,0.694,10.246
2019-05-17 02:00:00,0.689,10.196
2019-05-17 03:00:00,0.663,9.965
2019-05-17 04:00:00,0.63,9.697
2019-05-17 05:00:00,0.596,9.419
2019-05-17 06:00:00,0.554,9.108
2019-05-17 07:00:00,0.511,8.782
2019-05-17 08:00:00,0.509,8.761
2019-05-17 09:00:00,0.542,9.008
2019-05-17 10:00:00,0.59,9.383
2019-05-17 11:00:00,0.647,9.84
2019-05-17 12:00:00,0.687,10.173
2019-05-17 13:00:00,0.714,10.424
2019-05-17 14:00:00,0.707,10.353
2019-05-17 15:00:00,0.68,10.12
2019-05-17 16:00:00,0.636,9.75
2019-05-17 17:00:00,0.58,9.308
2019-05-17 18:00:00,0.506,8.743
2019-05-17 19:00:00,0.414,8.07
2019-05-17 20:00:00,0.362,7.667
2019-05-17 21:00:00,0.319,7.338
2019-05-17 22:00:00,0.288,7.078
2019-05-17 23:00:00,0.25,6.745
2019-05-18 00:00:00,0.223,6.51
2019-05-18 01:00:00,0.218,6.455
2019-05-18 02:00:00,0.236,6.622
2019-05-18 03:00:00,0.266,6.894
2019-05-18 04:00:00,0.295,7.138
2019-05-18 05:00:00,0.328,7.412
2019-05-18 06:00:00,0.361,7.657
2019-05-18 07:00:00,0.375,7.773
2019-05-18 08:00:00,0.389,7.879
2019-05-18 09:00:00,0.379,7.81
2019-05-18 10:00:00,0.345,7.543
2019-05-18 11:00:00,0.32,7.344
2019-05-18 12:00:00,0.3,7.181
2019-05-18 13:00:00,0.291,7.11
2019-05-18 14:00:00,0.272,6.945
2019-05-18 15:00:00,0.238,6.642
2019-05-18 16:00:00,0.198,6.258
2019-05-18 17:00:00,0.162,5.875
2019-05-18 18:00:00,0.127,5.447
2019-05-18 19:00:00,0.095,5.006
2019-05-18 20:00:00,0.071,4.604
2019-05-18 21:00:00,0.057,4.354
2019-05-18 22:00:00,0.053,4.255
2019-05-18 23:00:00,0.05,4.199
2019-05-19 00:00:00,0.052,4.239
2019-05-19 01:00:00,0.055,4.308
2019-05-19 02:00:00,0.055,4.304
2019-05-19 03:00:00,0.043,4.041
2019-05-19 04:00:00,0.028,3.635
2019-05-19 05:00:00,0.018,3.268
2019-05-19 06:00:00,0.012,2.982
2019-05-19 07:00:00,0.012,2.993
2019-05-19 08:00:00,0.015,3.168
2019-05-19 09:00:00,0.018,3.276
2019-05-19 10:00:00,0.017,3.248
2019-05-19 11:00:00,0.019,3.331
2019-05-19 12:00:00,0.029,3.646
2019-05-19 13:00:00,0.046,4.097
2019-05-19 14:00:00,0.067,4.539
2019-05-19 15:00:00,0.1,5.082
2019-05-19 16:00:00,0.138,5.589
2019-05-19 17:00:00,0.167,5.934
2019-05-19 18:00:00,0.186,6.139
2019-05-19 19:00:00,0.191,6.184
2019-05-19 20:00:00,0.183,6.104
2019-05-19 21:00:00,0.186,6.134
2019-05-19 22:00:00,0.227,6.543
2019-05-19 23:00:00,0.288,7.079
2019-05-20 00:00:00,0.342,7.513
2019-05-20 01:00:00,0.373,7.758
2019-05-20 02:00:00,0.38,7.819
2019-05-20 03:00:00,0.377,7.793
2019-05-20 04:00:00,0.37,7.736
2019-05-20 05:00:00,0.363,7.689
2019-05-20 06:00:00,0.365,7.698
2019-05-20 07:00:00,0.373,7.756
2019-05-20 08:00:00,0.39,7.89
2019-05-20 09:00:00,0.404,7.994
2019-05-20 10:00:00,0.415,8.075
2019-05-20 11:00:00,0.428,8.167
2019-05-20 12:00:00,0.443,8.278
2019-05-20 13:00:00,0.456,8.379
2019-05-20 14:00:00,0.461,8.415
2019-05-20 15:00:00,0.453,8.348
2019-05-20 16:00:00,0.432,8.204
2019-05-20 17:00:00,0.429,8.17
2019-05-20 18:00:00,0.434,8.22
2019-05-20 19:00:00,0.445,8.295
2019-05-20 20:00:00,0.45,8.332
2019-05-20 21:00:00,0.444,8.287
2019-05-20 22:00:00,0.43,8.189
2019-05-20 23:00:00,0.42,8.113
2019-05-21 00:00:00,0.422,8.132
2019-05-21 01:00:00,0.43,8.187
2019-05-21 02:00:00,0.433,8.212
2019-05-21 03:00:00,0.438,8.239
2019-05-21 04:00:00,0.446,8.306
2019-05-21 05:00:00,0.469,8.475
2019-05-21 06:00:00,0.492,8.644
2019-05-21 07:00:00,0.499,8.696
2019-05-21 08:00:00,0.496,8.67
2019-05-21 09:00:00,0.494,8.662
2019-05-21 10:00:00,0.497,8.67
2019-05-21 11:00:00,0.514,8.805
2019-05-21 12:00:00,0.531,8.933
2019-05-21 13:00:00,0.545,9.039
2019-05-21 14:00:00,0.538,8.983
2019-05-21 15:00:00,0.524,8.886
2019-05-21 16:00:00,0.499,8.692
2019-05-21 17:00:00,0.472,8.5
2019-05-21 18:00:00,0.446,8.304
2019-05-21 19:00:00,0.407,8.013
2019-05-21 20:00:00,0.362,7.681
2019-05-21 21:00:00,0.325,7.385
2019-05-21 22:00:00,0.304,7.217
2019-05-21 23:00:00,0.302,7.195
2019-05-22 00:00:00,0.302,7.205
2019-05-22 01:00:00,0.302,7.193
2019-05-22 02:00:00,0.292,7.116
2019-05-22 03:00:00,0.282,7.033
2019-05-22 04:00:00,0.272,6.949
2019-05-22 05:00:00,0.26,6.839
2019-05-22 06:00:00,0.266,6.893
2019-05-22 07:00:00,0.288,7.079
2019-05-22 08:00:00,0.324,7.373
2019-05-22 09:00:00,0.371,7.744
2019-05-22 10:00:00,0.426,8.159
2019-05-22 11:00:00,0.475,8.518
2019-05-22 12:00:00,0.49,8.633
2019-05-22 13:00:00,0.461,8.414
2019-05-22 14:00:00,0.41,8.037
2019-05-22 15:00:00,0.39,7.888
2019-05-22 16:00:00,0.452,8.347
2019-05-22 17:00:00,0.582,9.318
2019-05-22 18:00:00,0.706,10.344
2019-05-22 19:00:00,0.758,10.856
2019-05-22 20:00:00,0.791,11.223
2019-05-22 21:00:00,0.808,11.432
2019-05-22 22:00:00,0.81,11.452
2019-05-22 23:00:00,0.775,11.047
2019-05-23 00:00:00,0.71,10.388
2019-05-23 01:00:00,0.66,9.95
2019-05-23 02:00:00,0.652,9.882
2019-05-23 03:00:00,0.638,9.767
2019-05-23 04:00:00,0.634,9.731
2019-05-23 05:00:00,0.636,9.743
2019-05-23 06:00:00,0.647,9.842
2019-05-23 07:00:00,0.647,9.829
2019-05-23 08:00:00,0.639,9.77
2019-05-23 09:00:00,0.66,9.945
2019-05-23 10:00:00,0.672,10.049
2019-05-23 11:00:00,0.66,9.946
2019-05-23 12:00:00,0.64,9.78
2019-05-23 13:00:00,0.608,9.51
2019-05-23 14:00:00,0.596,9.418
2019-05-23 15:00:00,0.637,9.753
2019-05-23 16:00:00,0.716,10.45
2019-05-23 17:00:00,0.773,11.011
2019-05-23 18:00:00,0.795,11.262
2019-05-23 19:00:00,0.802,11.35
2019-05-23 20:00:00,0.796,11.279
2019-05-23 21:00:00,0.81,11.462
2019-05-23 22:00:00,0.819,11.566
2019-05-23 23:00:00,0.798,11.306
2019-05-24 00:00:00,0.768,10.968
2019-05-24 01:00:00,0.735,10.628
2019-05-24 02:00:00,0.687,10.178
2019-05-24 03:00:00,0.65,9.862
2019-05-24 04:00:00,0.616,9.589
2019-05-24 05:00:00,0.597,9.434
2019-05-24 06:00:00,0.598,9.438
2019-05-24 07:00:00,0.616,9.582
2019-05-24 08:00:00,0.63,9.695
2019-05-24 09:00:00,0.648,9.849
2019-05-24 10:00:00,0.687,10.174
2019-05-24 11:00:00,0.697,10.271
2019-05-24 12:00:00,0.669,10.022
2019-05-24 13:00:00,0.628,9.681
2019-05-24 14:00:00,0.584,9.338
2019-05-24 15:00:00,0.523,8.877
2019-05-24 16:00:00,0.46,8.407
2019-05-24 17:00:00,0.407,8.013
2019-05-24 18:00:00,0.359,7.645
2019-05-24 19:00:00,0.312,7.278
2019-05-24 20:00:00,0.267,6.909
2019-05-24 21:00:00,0.219,6.463
2019-05-24 22:00:00,0.186,6.137
2019-05-24 23:00:00,0.175,6.022
2019-05-25 00:00:00,0.173,5.999
2019-05-25 01:00:00,0.164,5.9
2019-05-25 02:00:00,0.142,5.647
2019-05-25 03:00:00,0.123,5.408
2019-05-25 04:00:00,0.105,5.148
2019-05-25 05:00:00,0.085,4.849
2019-05-25 06:00:00,0.067,4.533
2019-05-25 07:00:00,0.087,4.87
2019-05-25 08:00:00,0.13,5.499
2019-05-25 09:00:00,0.164,5.904
2019-05-25 10:00:00,0.174,6.002
2019-05-25 11:00:00,0.179,6.067
2019-05-25 12:00:00,0.201,6.29
2019-05-25 13:00:00,0.232,6.589
2019-05-25 14:00:00,0.262,6.859
2019-05-25 15:00:00,0.322,7.358
2019-05-25 16:00:00,0.397,7.941
2019-05-25 17:00:00,0.459,8.397
2019-05-25 18:00:00,0.524,8.882
2019-05-25 19:00:00,0.601,9.472
2019-05-25 20:00:00,0.667,10.003
2019-05-25 21:00:00,0.687,10.171
2019-05-25 22:00:00,0.682,10.139
2019-05-25 23:00:00,0.681,10.13
2019-05-26 00:00:00,0.663,9.964
2019-05-26 01:00:00,0.624,9.646
2019-05-26 02:00:00,0.592,9.394
2019-05-26 03:00:00,0.567,9.205
2019-05-26 04:00:00,0.478,8.53
2019-05-26 05:00:00,0.262,6.859
2019-05-26 06:00:00,0.085,4.857
2019-05-26 07:00:00,0.062,4.446
2019-05-26 08:00:00,0.09,4.932
2019-05-26 09:00:00,0.164,5.901
2019-05-26 10:00:00,0.264,6.878
2019-05-26 11:00:00,0.383,7.828
2019-05-26 12:00:00,0.475,8.517
2019-05-26 13:00:00,0.59,9.379
2019-05-26 14:00:00,0.756,10.837
2019-05-26 15:00:00,0.875,12.407
2019-05-26 16:00:00,0.918,13.294
2019-05-26 17:00:00,0.921,13.361
2019-05-26 18:00:00,0.919,13.305
2019-05-26 19:00:00,0.923,13.404
2019-05-26 20:00:00,0.928,13.531
2019-05-26 21:00:00,0.928,13.548
2019-05-26 22:00:00,0.924,13.428
2019-05-26 23:00:00,0.931,13.633
2019-05-27 00:00:00,0.941,13.911
2019-05-27 01:00:00,0.944,14.029
2019-05-27 02:00:00,0.948,14.149
2019-05-27 03:00:00,0.954,14.387
2019-05-27 04:00:00,0.959,14.564
2019-05-27 05:00:00,0.957,14.501
2019-05-27 06:00:00,0.939,13.854
2019-05-27 07:00:00,0.903,12.957
2019-05-27 08:00:00,0.833,11.754
2019-05-27 09:00:00,0.739,10.663
2019-05-27 10:00:00,0.641,9.79
2019-05-27 11:00:00,0.54,8.991
2019-05-27 12:00:00,0.432,8.204
2019-05-27 13:00:00,0.334,7.462
2019-05-27 14:00:00,0.255,6.802
2019-05-27 15:00:00,0.203,6.309
2019-05-27 16:00:00,0.167,5.931
2019-05-27 17:00:00,0.141,5.625
2019-05-27 18:00:00,0.118,5.338
2019-05-27 19:00:00,0.098,5.045
2019-05-27 20:00:00,0.083,4.806
2019-05-27 21:00:00,0.076,4.702
2019-05-27 22:00:00,0.076,4.695
2019-05-27 23:00:00,0.083,4.802
2019-05-28 00:00:00,0.099,5.052
2019-05-28 01:00:00,0.123,5.397
2019-05-28 02:00:00,0.148,5.706
2019-05-28 03:00:00,0.16,5.856
2019-05-28 04:00:00,0.157,5.818
2019-05-28 05:00:00,0.139,5.61
2019-05-28 06:00:00,0.115,5.285
2019-05-28 07:00:00,0.095,5.004
2019-05-28 08:00:00,0.098,5.037
2019-05-28 09:00:00,0.129,5.479
2019-05-28 10:00:00,0.187,6.148
2019-05-28 11:00:00,0.25,6.743
2019-05-28 12:00:00,0.291,7.11
2019-05-28 13:00:00,0.315,7.309
2019-05-28 14:00:00,0.332,7.435
2019-05-28 15:00:00,0.327,7.392
2019-05-28 16:00:00,0.297,7.162
2019-05-28 17:00:00,0.261,6.847
2019-05-28 18:00:00,0.209,6.366
2019-05-28 19:00:00,0.143,5.649
2019-05-28 20:00:00,0.084,4.829
2019-05-28 21:00:00,0.049,4.168
2019-05-28 22:00:00,0.031,3.729
2019-05-28 23:00:00,0.026,3.557
2019-05-29 00:00:00,0.028,3.627
2019-05-29 01:00:00,0.033,3.77
2019-05-29 02:00:00,0.041,3.982
2019-05-29 03:00:00,0.062,4.451
2019-05-29 04:00:00,0.11,5.22
2019-05-29 05:00:00,0.182,6.095
2019-05-29 06:00:00,0.279,7.005
2019-05-29 07:00:00,0.4,7.967
2019-05-29 08:00:00,0.542,9.016
2019-05-29 09:00:00,0.673,10.057
2019-05-29 10:00:00,0.767,10.955
2019-05-29 11:00:00,0.817,11.551
2019-05-29 12:00:00,0.837,11.818
2019-05-29 13:00:00,0.817,11.552
2019-05-29 14:00:00,0.789,11.206
2019-05-29 15:00:00,0.733,10.599
2019-05-29 16:00:00,0.717,10.453
2019-05-29 17:00:00,0.738,10.657
2019-05-29 18:00:00,0.731,10.584
2019-05-29 19:00:00,0.713,10.412
2019-05-29 20:00:00,0.73,10.573
2019-05-29 21:00:00,0.739,10.67
2019-05-29 22:00:00,0.747,10.738
2019-05-29 23:00:00,0.739,10.668
2019-05-30 00:00:00,0.7,10.296
2019-05-30 01:00:00,0.663,9.974
2019-05-30 02:00:00,0.718,10.46
2019-05-30 03:00:00,0.864,12.227
2019-05-30 04:00:00,0.921,13.362
2019-05-30 05:00:00,0.944,13.992
2019-05-30 06:00:00,0.956,14.464
2019-05-30 07:00:00,0.97,15.129
2019-05-30 08:00:00,0.97,15.112
2019-05-30 09:00:00,0.954,14.381
2019-05-30 10:00:00,0.921,13.345
2019-05-30 11:00:00,0.879,12.476
2019-05-30 12:00:00,0.856,12.099
2019-05-30 13:00:00,0.808,11.429
2019-05-30 14:00:00,0.696,10.264
2019-05-30 15:00:00,0.515,8.813
2019-05-30 16:00:00,0.369,7.729
2019-05-30 17:00:00,0.347,7.561
2019-05-30 18:00:00,0.377,7.79
2019-05-30 19:00:00,0.389,7.886
2019-05-30 20:00:00,0.377,7.786
2019-05-30 21:00:00,0.302,7.197
2019-05-30 22:00:00,0.196,6.234
2019-05-30 23:00:00,0.115,5.288
2019-05-31 00:00:00,0.077,4.715
2019-05-31 01:00:00,0.039,3.938
2019-05-31 02:00:00,0.042,4.012
2019-05-31 03:00:00,0.072,4.617
2019-05-31 04:00:00,0.083,4.813
2019-05-31 05:00:00,0.094,4.998
2019-05-31 06:00:00,0.118,5.33
2019-05-31 07:00:00,0.15,5.736
2019-05-31 08:00:00,0.206,6.329
2019-05-31 09:00:00,0.308,7.248
2019-05-31 10:00:00,0.429,8.184
2019-05-31 11:00:00,0.528,8.906
2019-05-31 12:00:00,0.597,9.433
2019-05-31 13:00:00,0.625,9.659
2019-05-31 14:00:00,0.641,9.789
2019-05-31 15:00:00,0.719,10.477
2019-05-31 16:00:00,0.8,11.329
2019-05-31 17:00:00,0.845,11.921
2019-05-31 18:00:00,0.871,12.329
2019-05-31 19:00:00,0.888,12.644
2019-05-31 20:00:00,0.894,12.764
2019-05-31 21:00:00,0.915,13.209
2019-05-31 22:00:00,0.938,13.816
2019-05-31 23:00:00,0.95,14.19
2019-06-01 00:00:00,0.952,14.302
2019-06-01 01:00:00,0.957,14.486
2019-06-01 02:00:00,0.941,13.905
2019-06-01 03:00:00,0.906,13.009
2019-06-01 04:00:00,0.862,12.187
2019-06-01 05:00:00,0.795,11.271
2019-06-01 06:00:00,0.722,10.506
2019-06-01 07:00:00,0.638,9.765
2019-06-01 08:00:00,0.549,9.07
2019-06-01 09:00:00,0.5,8.704
2019-06-01 10:00:00,0.486,8.6
2019-06-01 11:00:00,0.497,8.671
2019-06-01 12:00:00,0.441,8.272
2019-06-01 13:00:00,0.368,7.726
2019-06-01 14:00:00,0.328,7.412
2019-06-01 15:00:00,0.355,7.616
2019-06-01 16:00:00,0.415,8.075
2019-06-01 17:00:00,0.487,8.613
2019-06-01 18:00:00,0.545,9.036
2019-06-01 19:00:00,0.576,9.276
2019-06-01 20:00:00,0.626,9.664
2019-06-01 21:00:00,0.69,10.206
2019-06-01 22:00:00,0.744,10.72
2019-06-01 23:00:00,0.783,11.129
2019-06-02 00:00:00,0.803,11.368
2019-06-02 01:00:00,0.827,11.667
2019-06-02 02:00:00,0.846,11.949
2019-06-02 03:00:00,0.845,11.924
2019-06-02 04:00:00,0.84,11.862
2019-06-02 05:00:00,0.851,12.019
2019-06-02 06:00:00,0.875,12.41
2019-06-02 07:00:00,0.886,12.608
2019-06-02 08:00:00,0.886,12.619
2019-06-02 09:00:00,0.897,12.818
2019-06-02 10:00:00,0.908,13.046
2019-06-02 11:00:00,0.91,13.104
2019-06-02 12:00:00,0.9,12.882
2019-06-02 13:00:00,0.883,12.558
2019-06-02 14:00:00,0.852,12.041
2019-06-02 15:00:00,0.829,11.706
2019-06-02 16:00:00,0.829,11.705
2019-06-02 17:00:00,0.834,11.774
2019-06-02 18:00:00,0.883,12.558
2019-06-02 19:00:00,0.927,13.491
2019-06-02 20:00:00,0.927,13.511
2019-06-02 21:00:00,0.922,13.389
2019-06-02 22:00:00,0.934,13.711
2019-06-02 23:00:00,0.908,13.062
2019-06-03 00:00:00,0.868,12.296
2019-06-03 01:00:00,0.872,12.351
2019-06-03 02:00:00,0.893,12.735
2019-06-03 03:00:00,0.896,12.811
2019-06-03 04:00:00,0.89,12.685
2019-06-03 05:00:00,0.873,12.378
2019-06-03 06:00:00,0.857,12.116
2019-06-03 07:00:00,0.85,12.0
2019-06-03 08:00:00,0.837,11.811
2019-06-03 09:00:00,0.81,11.457
2019-06-03 10:00:00,0.787,11.177
2019-06-03 11:00:00,0.795,11.264
2019-06-03 12:00:00,0.827,11.669
2019-06-03 13:00:00,0.84,11.86
2019-06-03 14:00:00,0.838,11.83
2019-06-03 15:00:00,0.825,11.648
2019-06-03 16:00:00,0.789,11.198
2019-06-03 17:00:00,0.736,10.634
2019-06-03 18:00:00,0.698,10.281
2019-06-03 19:00:00,0.665,9.991
2019-06-03 20:00:00,0.636,9.738
2019-06-03 21:00:00,0.625,9.652
2019-06-03 22:00:00,0.612,9.552
2019-06-03 23:00:00,0.585,9.341
2019-06-04 00:00:00,0.549,9.072
2019-06-04 01:00:00,0.484,8.589
2019-06-04 02:00:00,0.416,8.077
2019-06-04 03:00:00,0.333,7.454
2019-06-04 04:00:00,0.262,6.86
2019-06-04 05:00:00,0.21,6.373
2019-06-04 06:00:00,0.172,5.981
2019-06-04 07:00:00,0.159,5.838
2019-06-04 08:00:00,0.163,5.883
2019-06-04 09:00:00,0.168,5.943
2019-06-04 10:00:00,0.167,5.933
2019-06-04 11:00:00,0.158,5.825
2019-06-04 12:00:00,0.138,5.582
2019-06-04 13:00:00,0.143,5.653
2019-06-04 14:00:00,0.257,6.821
2019-06-04 15:00:00,0.374,7.764
2019-06-04 16:00:00,0.444,8.288
2019-06-04 17:00:00,0.472,8.495
2019-06-04 18:00:00,0.459,8.396
2019-06-04 19:00:00,0.461,8.413
2019-06-04 20:00:00,0.587,9.36
2019-06-04 21:00:00,0.722,10.498
2019-06-04 22:00:00,0.726,10.543
2019-06-04 23:00:00,0.623,9.643
2019-06-05 00:00:00,0.298,7.166
2019-06-05 01:00:00,0.092,4.954
2019-06-05 02:00:00,0.051,4.214
2019-06-05 03:00:00,0.223,6.507
2019-06-05 04:00:00,0.393,7.913
2019-06-05 05:00:00,0.613,9.565
2019-06-05 06:00:00,0.744,10.719
2019-06-05 07:00:00,0.788,11.186
2019-06-05 08:00:00,0.803,11.372
2019-06-05 09:00:00,0.745,10.728
2019-06-05 10:00:00,0.672,10.053
2019-06-05 11:00:00,0.617,9.591
2019-06-05 12:00:00,0.534,8.956
2019-06-05 13:00:00,0.507,8.755
2019-06-05 14:00:00,0.542,9.017
2019-06-05 15:00:00,0.457,8.388
2019-06-05 16:00:00,0.386,7.85
2019-06-05 17:00:00,0.41,8.029
2019-06-05 18:00:00,0.422,8.126
2019-06-05 19:00:00,0.364,7.696
2019-06-05 20:00:00,0.351,7.587
2019-06-05 21:00:00,0.299,7.177
2019-06-05 22:00:00,0.226,6.535
2019-06-05 23:00:00,0.125,5.435
2019-06-06 00:00:00,0.046,4.105
2019-06-06 01:00:00,0.03,3.687
2019-06-06 02:00:00,0.115,5.287
2019-06-06 03:00:00,0.309,7.252
2019-06-06 04:00:00,0.368,7.726
2019-06-06 05:00:00,0.424,8.143
2019-06-06 06:00:00,0.523,8.874
2019-06-06 07:00:00,0.589,9.373
2019-06-06 08:00:00,0.467,8.462
2019-06-06 09:00:00,0.316,7.317
2019-06-06 10:00:00,0.262,6.852
2019-06-06 11:00:00,0.319,7.332
2019-06-06 12:00:00,0.413,8.053
2019-06-06 13:00:00,0.483,8.569
2019-06-06 14:00:00,0.506,8.743
2019-06-06 15:00:00,0.502,8.717
2019-06-06 16:00:00,0.494,8.659
2019-06-06 17:00:00,0.523,8.875
2019-06-06 18:00:00,0.575,9.257
2019-06-06 19:00:00,0.611,9.549
2019-06-06 20:00:00,0.633,9.719
2019-06-06 21:00:00,0.631,9.705
2019-06-06 22:00:00,0.61,9.54
2019-06-06 23:00:00,0.54,9.001
2019-06-07 00:00:00,0.468,8.467
2019-06-07 01:00:00,0.386,7.86
2019-06-07 02:00:00,0.317,7.323
2019-06-07 03:00:00,0.303,7.208
2019-06-07 04:00:00,0.346,7.557
2019-06-07 05:00:00,0.404,7.99
2019-06-07 06:00:00,0.46,8.411
2019-06-07 07:00:00,0.509,8.769
2019-06-07 08:00:00,0.524,8.88
2019-06-07 09:00:00,0.514,8.804
2019-06-07 10:00:00,0.54,8.997
2019-06-07 11:00:00,0.619,9.608
2019-06-07 12:00:00,0.712,10.405
2019-06-07 13:00:00,0.782,11.118
2019-06-07 14:00:00,0.826,11.655
2019-06-07 15:00:00,0.848,11.979
2019-06-07 16:00:00,0.868,12.298
2019-06-07 17:00:00,0.911,13.124
2019-06-07 18:00:00,0.937,13.784
2019-06-07 19:00:00,0.961,14.636
2019-06-07 20:00:00,0.948,14.147
2019-06-07 21:00:00,0.931,13.616
2019-06-07 22:00:00,0.917,13.26
2019-06-07 23:00:00,0.881,12.51
2019-06-08 00:00:00,0.715,10.435
2019-06-08 01:00:00,0.554,9.106
2019-06-08 02:00:00,0.481,8.561
2019-06-08 03:00:00,0.42,8.111
2019-06-08 04:00:00,0.297,7.155
2019-06-08 05:00:00,0.17,5.956
2019-06-08 06:00:00,0.1,5.075
2019-06-08 07:00:00,0.07,4.589
2019-06-08 08:00:00,0.059,4.371
2019-06-08 09:00:00,0.055,4.294
2019-06-08 10:00:00,0.071,4.611
2019-06-08 11:00:00,0.176,6.024
2019-06-08 12:00:00,0.321,7.357
2019-06-08 13:00:00,0.418,8.094
2019-06-08 14:00:00,0.457,8.39
2019-06-08 15:00:00,0.436,8.231
2019-06-08 16:00:00,0.443,8.277
2019-06-08 17:00:00,0.55,9.077
2019-06-08 18:00:00,0.728,10.561
2019-06-08 19:00:00,0.861,12.182
2019-06-08 20:00:00,0.922,13.381
2019-06-08 21:00:00,0.956,14.427
2019-06-08 22:00:00,0.97,15.081
2019-06-08 23:00:00,0.96,14.603
2019-06-09 00:00:00,0.907,13.044
2019-06-09 01:00:00,0.832,11.75
2019-06-09 02:00:00,0.802,11.354
2019-06-09 03:00:00,0.761,10.888
2019-06-09 04:00:00,0.69,10.202
2019-06-09 05:00:00,0.635,9.736
2019-06-09 06:00:00,0.605,9.496
2019-06-09 07:00:00,0.594,9.402
2019-06-09 08:00:00,0.594,9.404
2019-06-09 09:00:00,0.602,9.476
2019-06-09 10:00:00,0.596,9.427
2019-06-09 11:00:00,0.566,9.199
2019-06-09 12:00:00,0.51,8.776
2019-06-09 13:00:00,0.448,8.316
2019-06-09 14:00:00,0.404,7.988
2019-06-09 15:00:00,0.387,7.863
2019-06-09 16:00:00,0.408,8.025
2019-06-09 17:00:00,0.455,8.373
2019-06-09 18:00:00,0.472,8.495
2019-06-09 19:00:00,0.446,8.309
2019-06-09 20:00:00,0.413,8.065
2019-06-09 21:00:00,0.383,7.828
2019-06-09 22:00:00,0.351,7.586
2019-06-09 23:00:00,0.306,7.231
2019-06-10 00:00:00,0.248,6.732
2019-06-10 01:00:00,0.194,6.222
2019-06-10 02:00:00,0.151,5.752
2019-06-10 03:00:00,0.113,5.269
2019-06-10 04:00:00,0.078,4.735
2019-06-10 05:00:00,0.052,4.25
2019-06-10 06:00:00,0.048,4.157
2019-06-10 07:00:00,0.067,4.534
2019-06-10 08:00:00,0.087,4.877
2019-06-10 09:00:00,0.097,5.034
2019-06-10 10:00:00,0.11,5.222
2019-06-10 11:00:00,0.141,5.634
2019-06-10 12:00:00,0.203,6.308
2019-06-10 13:00:00,0.299,7.168
2019-06-10 14:00:00,0.413,8.058
2019-06-10 15:00:00,0.485,8.593
2019-06-10 16:00:00,0.514,8.799
2019-06-10 17:00:00,0.543,9.021
2019-06-10 18:00:00,0.578,9.293
2019-06-10 19:00:00,0.645,9.819
2019-06-10 20:00:00,0.735,10.627
2019-06-10 21:00:00,0.795,11.272
2019-06-10 22:00:00,0.84,11.858
2019-06-10 23:00:00,0.886,12.613
2019-06-11 00:00:00,0.917,13.256
2019-06-11 01:00:00,0.925,13.452
2019-06-11 02:00:00,0.933,13.691
2019-06-11 03:00:00,0.949,14.197
2019-06-11 04:00:00,0.957,14.492
2019-06-11 05:00:00,0.957,14.499
2019-06-11 06:00:00,0.96,14.591
2019-06-11 07:00:00,0.961,14.652
2019-06-11 08:00:00,0.966,14.892
2019-06-11 09:00:00,0.971,15.177
2019-06-11 10:00:00,0.974,15.338
2019-06-11 11:00:00,0.974,15.325
2019-06-11 12:00:00,0.969,15.069
2019-06-11 13:00:00,0.961,14.641
2019-06-11 14:00:00,0.951,14.26
2019-06-11 15:00:00,0.946,14.09
2019-06-11 16:00:00,0.945,14.05
2019-06-11 17:00:00,0.947,14.129
2019-06-11 18:00:00,0.952,14.286
2019-06-11 19:00:00,0.954,14.386
2019-06-11 20:00:00,0.956,14.448
2019-06-11 21:00:00,0.95,14.204
2019-06-11 22:00:00,0.928,13.538
2019-06-11 23:00:00,0.919,13.31
2019-06-12 00:00:00,0.935,13.731
2019-06-12 01:00:00,0.906,13.013
2019-06-12 02:00:00,0.831,11.734
2019-06-12 03:00:00,0.666,9.995
2019-06-12 04:00:00,0.406,8.008
2019-06-12 05:00:00,0.235,6.614
2019-06-12 06:00:00,0.194,6.22
2019-06-12 07:00:00,0.247,6.725
2019-06-12 08:00:00,0.297,7.156
2019-06-12 09:00:00,0.297,7.152
2019-06-12 10:00:00,0.297,7.15
2019-06-12 11:00:00,0.395,7.928
2019-06-12 12:00:00,0.438,8.238
2019-06-12 13:00:00,0.407,8.02
2019-06-12 14:00:00,0.502,8.717
2019-06-12 15:00:00,0.598,9.435
2019-06-12 16:00:00,0.592,9.394
2019-06-12 17:00:00,0.593,9.396
2019-06-12 18:00:00,0.699,10.286
2019-06-12 19:00:00,0.808,11.429
2019-06-12 20:00:00,0.846,11.948
2019-06-12 21:00:00,0.826,11.654
2019-06-12 22:00:00,0.733,10.6
2019-06-12 23:00:00,0.55,9.077
2019-06-13 00:00:00,0.352,7.595
2019-06-13 01:00:00,0.274,6.966
2019-06-13 02:00:00,0.308,7.246
2019-06-13 03:00:00,0.503,8.728
2019-06-13 04:00:00,0.653,9.89
2019-06-13 05:00:00,0.691,10.21
2019-06-13 06:00:00,0.668,10.013
2019-06-13 07:00:00,0.605,9.501
2019-06-13 08:00:00,0.569,9.218
2019-06-13 09:00:00,0.6,9.454
2019-06-13 10:00:00,0.689,10.191
2019-06-13 11:00:00,0.771,10.989
2019-06-13 12:00:00,0.833,11.757
2019-06-13 13:00:00,0.873,12.382
2019-06-13 14:00:00,0.9,12.881
2019-06-13 15:00:00,0.917,13.258
2019-06-13 16:00:00,0.937,13.791
2019-06-13 17:00:00,0.953,14.318
2019-06-13 18:00:00,0.949,14.187
2019-06-13 19:00:00,0.932,13.641
2019-06-13 20:00:00,0.876,12.427
2019-06-13 21:00:00,0.751,10.793
2019-06-13 22:00:00,0.548,9.058
2019-06-13 23:00:00,0.377,7.792
2019-06-14 00:00:00,0.275,6.976
2019-06-14 01:00:00,0.21,6.372
2019-06-14 02:00:00,0.154,5.776
2019-06-14 03:00:00,0.116,5.303
2019-06-14 04:00:00,0.112,5.255
2019-06-14 05:00:00,0.158,5.831
2019-06-14 06:00:00,0.277,6.984
2019-06-14 07:00:00,0.434,8.218
2019-06-14 08:00:00,0.509,8.76
2019-06-14 09:00:00,0.514,8.798
2019-06-14 10:00:00,0.584,9.334
2019-06-14 11:00:00,0.685,10.158
2019-06-14 12:00:00,0.769,10.981
2019-06-14 13:00:00,0.811,11.47
2019-06-14 14:00:00,0.834,11.76
2019-06-14 15:00:00,0.828,11.694
2019-06-14 16:00:00,0.812,11.481
2019-06-14 17:00:00,0.756,10.829
2019-06-14 18:00:00,0.68,10.121
2019-06-14 19:00:00,0.608,9.523
2019-06-14 20:00:00,0.623,9.641
2019-06-14 21:00:00,0.656,9.91
2019-06-14 22:00:00,0.658,9.928
2019-06-14 23:00:00,0.65,9.867
2019-06-15 00:00:00,0.625,9.657
2019-06-15 01:00:00,0.579,9.298
2019-06-15 02:00:00,0.548,9.057
2019-06-15 03:00:00,0.513,8.797
2019-06-15 04:00:00,0.497,8.679
2019-06-15 05:00:00,0.481,8.561
2019-06-15 06:00:00,0.398,7.95
2019-06-15 07:00:00,0.281,7.028
2019-06-15 08:00:00,0.279,7.004
2019-06-15 09:00:00,0.319,7.336
2019-06-15 10:00:00,0.301,7.186
2019-06-15 11:00:00,0.299,7.169
2019-06-15 12:00:00,0.274,6.967
2019-06-15 13:00:00,0.244,6.702
2019-06-15 14:00:00,0.246,6.72
2019-06-15 15:00:00,0.262,6.86
2019-06-15 16:00:00,0.278,6.99
2019-06-15 17:00:00,0.315,7.304
2019-06-15 18:00:00,0.383,7.832
2019-06-15 19:00:00,0.475,8.516
2019-06-15 20:00:00,0.585,9.345
2019-06-15 21:00:00,0.661,9.952
2019-06-15 22:00:00,0.712,10.406
2019-06-15 23:00:00,0.724,10.518
2019-06-16 00:00:00,0.696,10.258
2019-06-16 01:00:00,0.652,9.878
2019-06-16 02:00:00,0.602,9.475
2019-06-16 03:00:00,0.528,8.913
2019-06-16 04:00:00,0.453,8.351
2019-06-16 05:00:00,0.396,7.939
2019-06-16 06:00:00,0.374,7.764
2019-06-16 07:00:00,0.363,7.684
2019-06-16 08:00:00,0.362,7.666
2019-06-16 09:00:00,0.387,7.865
2019-06-16 10:00:00,0.45,8.334
2019-06-16 11:00:00,0.518,8.834
2019-06-16 12:00:00,0.569,9.22
2019-06-16 13:00:00,0.613,9.56
2019-06-16 14:00:00,0.636,9.743
2019-06-16 15:00:00,0.671,10.043
2019-06-16 16:00:00,0.728,10.56
2019-06-16 17:00:00,0.773,11.02
2019-06-16 18:00:00,0.796,11.286
2019-06-16 19:00:00,0.799,11.32
2019-06-16 20:00:00,0.802,11.346
2019-06-16 21:00:00,0.815,11.507
2019-06-16 22:00:00,0.838,11.829
2019-06-16 23:00:00,0.878,12.46
2019-06-17 00:00:00,0.902,12.916
2019-06-17 01:00:00,0.867,12.269
2019-06-17 02:00:00,0.862,12.198
2019-06-17 03:00:00,0.885,12.581
2019-06-17 04:00:00,0.893,12.743
2019-06-17 05:00:00,0.899,12.87
2019-06-17 06:00:00,0.903,12.945
2019-06-17 07:00:00,0.9,12.878
2019-06-17 08:00:00,0.893,12.746
2019-06-17 09:00:00,0.889,12.65
2019-06-17 10:00:00,0.883,12.558
2019-06-17 11:00:00,0.872,12.363
2019-06-17 12:00:00,0.855,12.078
2019-06-17 13:00:00,0.838,11.836
2019-06-17 14:00:00,0.83,11.722
2019-06-17 15:00:00,0.831,11.728
2019-06-17 16:00:00,0.821,11.593
2019-06-17 17:00:00,0.832,11.744
2019-06-17 18:00:00,0.851,12.022
2019-06-17 19:00:00,0.852,12.035
2019-06-17 20:00:00,0.824,11.635
2019-06-17 21:00:00,0.773,11.017
2019-06-17 22:00:00,0.7,10.293
2019-06-17 23:00:00,0.598,9.438
2019-06-18 00:00:00,0.494,8.657
2019-06-18 01:00:00,0.411,8.043
2019-06-18 02:00:00,0.356,7.626
2019-06-18 03:00:00,0.307,7.235
2019-06-18 04:00:00,0.267,6.903
2019-06-18 05:00:00,0.258,6.824
2019-06-18 06:00:00,0.278,6.989
2019-06-18 07:00:00,0.298,7.165
2019-06-18 08:00:00,0.327,7.392
2019-06-18 09:00:00,0.357,7.634
2019-06-18 10:00:00,0.383,7.838
2019-06-18 11:00:00,0.398,7.951
2019-06-18 12:00:00,0.383,7.839
2019-06-18 13:00:00,0.351,7.588
2019-06-18 14:00:00,0.316,7.317
2019-06-18 15:00:00,0.296,7.14
2019-06-18 16:00:00,0.272,6.947
2019-06-18 17:00:00,0.264,6.879
2019-06-18 18:00:00,0.272,6.949
2019-06-18 19:00:00,0.287,7.072
2019-06-18 20:00:00,0.31,7.265
2019-06-18 21:00:00,0.319,7.332
2019-06-18 22:00:00,0.278,6.998
2019-06-18 23:00:00,0.221,6.476
2019-06-19 00:00:00,0.162,5.879
2019-06-19 01:00:00,0.106,5.164
2019-06-19 02:00:00,0.079,4.749
2019-06-19 03:00:00,0.076,4.703
2019-06-19 04:00:00,0.089,4.92
2019-06-19 05:00:00,0.109,5.201
2019-06-19 06:00:00,0.139,5.606
2019-06-19 07:00:00,0.19,6.169
2019-06-19 08:00:00,0.224,6.512
2019-06-19 09:00:00,0.206,6.339
2019-06-19 10:00:00,0.141,5.629
2019-06-19 11:00:00,0.074,4.674
2019-06-19 12:00:00,0.035,3.836
2019-06-19 13:00:00,0.015,3.121
2019-06-19 14:00:00,0.007,2.707
2019-06-19 15:00:00,0.012,2.976
2019-06-19 16:00:00,0.021,3.405
2019-06-19 17:00:00,0.031,3.725
2019-06-19 18:00:00,0.038,3.911
2019-06-19 19:00:00,0.043,4.039
2019-06-19 20:00:00,0.047,4.119
2019-06-19 21:00:00,0.055,4.297
2019-06-19 22:00:00,0.074,4.656
2019-06-19 23:00:00,0.105,5.151
2019-06-20 00:00:00,0.144,5.667
2019-06-20 01:00:00,0.178,6.045
2019-06-20 02:00:00,0.197,6.243
2019-06-20 03:00:00,0.212,6.396
2019-06-20 04:00:00,0.219,6.457
2019-06-20 05:00:00,0.236,6.618
2019-06-20 06:00:00,0.274,6.957
2019-06-20 07:00:00,0.338,7.486
2019-06-20 08:00:00,0.41,8.037
2019-06-20 09:00:00,0.472,8.497
2019-06-20 10:00:00,0.53,8.92
2019-06-20 11:00:00,0.557,9.131
2019-06-20 12:00:00,0.548,9.054
2019-06-20 13:00:00,0.504,8.731
2019-06-20 14:00:00,0.43,8.189
2019-06-20 15:00:00,0.389,7.884
2019-06-20 16:00:00,0.394,7.916
2019-06-20 17:00:00,0.427,8.163
2019-06-20 18:00:00,0.466,8.456
2019-06-20 19:00:00,0.493,8.648
2019-06-20 20:00:00,0.517,8.827
2019-06-20 21:00:00,0.529,8.914
2019-06-20 22:00:00,0.54,8.992
2019-06-20 23:00:00,0.561,9.158
2019-06-21 00:00:00,0.568,9.211
2019-06-21 01:00:00,0.566,9.195
2019-06-21 02:00:00,0.545,9.037
2019-06-21 03:00:00,0.495,8.664
2019-06-21 04:00:00,0.459,8.398
2019-06-21 05:00:00,0.466,8.455
2019-06-21 06:00:00,0.503,8.726
2019-06-21 07:00:00,0.541,9.006
2019-06-21 08:00:00,0.58,9.309
2019-06-21 09:00:00,0.625,9.652
2019-06-21 10:00:00,0.652,9.877
2019-06-21 11:00:00,0.642,9.8
2019-06-21 12:00:00,0.602,9.477
2019-06-21 13:00:00,0.528,8.911
2019-06-21 14:00:00,0.429,8.18
2019-06-21 15:00:00,0.323,7.366
2019-06-21 16:00:00,0.231,6.577
2019-06-21 17:00:00,0.161,5.867
2019-06-21 18:00:00,0.109,5.216
2019-06-21 19:00:00,0.074,4.663
2019-06-21 20:00:00,0.061,4.408
2019-06-21 21:00:00,0.066,4.513
2019-06-21 22:00:00,0.079,4.756
2019-06-21 23:00:00,0.093,4.977
2019-06-22 00:00:00,0.105,5.158
2019-06-22 01:00:00,0.118,5.342
2019-06-22 02:00:00,0.138,5.595
2019-06-22 03:00:00,0.154,5.775
2019-06-22 04:00:00,0.172,5.978
2019-06-22 05:00:00,0.19,6.167
2019-06-22 06:00:00,0.22,6.473
2019-06-22 07:00:00,0.291,7.107
2019-06-22 08:00:00,0.368,7.726
2019-06-22 09:00:00,0.401,7.973
2019-06-22 10:00:00,0.417,8.092
2019-06-22 11:00:00,0.425,8.146
2019-06-22 12:00:00,0.417,8.09
2019-06-22 13:00:00,0.398,7.95
2019-06-22 14:00:00,0.383,7.837
2019-06-22 15:00:00,0.374,7.762
2019-06-22 16:00:00,0.392,7.906
2019-06-22 17:00:00,0.417,8.083
2019-06-22 18:00:00,0.413,8.065
2019-06-22 19:00:00,0.395,7.924
2019-06-22 20:00:00,0.368,7.722
2019-06-22 21:00:00,0.322,7.362
2019-06-22 22:00:00,0.273,6.955
2019-06-22 23:00:00,0.238,6.647
2019-06-23 00:00:00,0.208,6.36
2019-06-23 01:00:00,0.201,6.293
2019-06-23 02:00:00,0.218,6.452
2019-06-23 03:00:00,0.231,6.576
2019-06-23 04:00:00,0.238,6.648
2019-06-23 05:00:00,0.257,6.821
2019-06-23 06:00:00,0.302,7.195
2019-06-23 07:00:00,0.375,7.772
2019-06-23 08:00:00,0.45,8.34
2019-06-23 09:00:00,0.495,8.663
2019-06-23 10:00:00,0.504,8.733
2019-06-23 11:00:00,0.509,8.76
2019-06-23 12:00:00,0.548,9.057
2019-06-23 13:00:00,0.613,9.56
2019-06-23 14:00:00,0.675,10.074
2019-06-23 15:00:00,0.71,10.385
2019-06-23 16:00:00,0.719,10.471
2019-06-23 17:00:00,0.725,10.533
2019-06-23 18:00:00,0.739,10.671
2019-06-23 19:00:00,0.743,10.711
2019-06-23 20:00:00,0.755,10.826
2019-06-23 21:00:00,0.795,11.26
2019-06-23 22:00:00,0.83,11.723
2019-06-23 23:00:00,0.852,12.044
2019-06-24 00:00:00,0.866,12.266
2019-06-24 01:00:00,0.863,12.202
2019-06-24 02:00:00,0.855,12.079
2019-06-24 03:00:00,0.811,11.475
2019-06-24 04:00:00,0.766,10.949
2019-06-24 05:00:00,0.754,10.817
2019-06-24 06:00:00,0.779,11.082
2019-06-24 07:00:00,0.83,11.721
2019-06-24 08:00:00,0.841,11.87
2019-06-24 09:00:00,0.82,11.585
2019-06-24 10:00:00,0.803,11.37
2019-06-24 11:00:00,0.79,11.211
2019-06-24 12:00:00,0.768,10.968
2019-06-24 13:00:00,0.734,10.612
2019-06-24 14:00:00,0.721,10.486
2019-06-24 15:00:00,0.707,10.359
2019-06-24 16:00:00,0.66,9.948
2019-06-24 17:00:00,0.551,9.083
2019-06-24 18:00:00,0.374,7.769
2019-06-24 19:00:00,0.185,6.124
2019-06-24 20:00:00,0.102,5.116
2019-06-24 21:00:00,0.092,4.969
2019-06-24 22:00:00,0.08,4.773
2019-06-24 23:00:00,0.053,4.263
2019-06-25 00:00:00,0.049,4.184
2019-06-25 01:00:00,0.091,4.94
2019-06-25 02:00:00,0.146,5.691
2019-06-25 03:00:00,0.189,6.166
2019-06-25 04:00:00,0.243,6.687
2019-06-25 05:00:00,0.303,7.209
2019-06-25 06:00:00,0.371,7.741
2019-06-25 07:00:00,0.391,7.895
2019-06-25 08:00:00,0.401,7.976
2019-06-25 09:00:00,0.451,8.341
2019-06-25 10:00:00,0.531,8.938
2019-06-25 11:00:00,0.591,9.389
2019-06-25 12:00:00,0.611,9.546
2019-06-25 13:00:00,0.61,9.542
2019-06-25 14:00:00,0.613,9.563
2019-06-25 15:00:00,0.612,9.558
2019-06-25 16:00:00,0.619,9.614
2019-06-25 17:00:00,0.643,9.802
2019-06-25 18:00:00,0.679,10.112
2019-06-25 19:00:00,0.685,10.15
2019-06-25 20:00:00,0.699,10.29
2019-06-25 21:00:00,0.725,10.535
2019-06-25 22:00:00,0.735,10.617
2019-06-25 23:00:00,0.742,10.702
2019-06-26 00:00:00,0.762,10.897
2019-06-26 01:00:00,0.771,11.001
2019-06-26 02:00:00,0.781,11.099
2019-06-26 03:00:00,0.78,11.094
2019-06-26 04:00:00,0.755,10.823
2019-06-26 05:00:00,0.728,10.556
2019-06-26 06:00:00,0.71,10.388
2019-06-26 07:00:00,0.702,10.312
2019-06-26 08:00:00,0.707,10.352
2019-06-26 09:00:00,0.698,10.278
2019-06-26 10:00:00,0.669,10.02
2019-06-26 11:00:00,0.636,9.75
2019-06-26 12:00:00,0.618,9.602
2019-06-26 13:00:00,0.613,9.563
2019-06-26 14:00:00,0.602,9.476
2019-06-26 15:00:00,0.589,9.377
2019-06-26 16:00:00,0.586,9.351
2019-06-26 17:00:00,0.577,9.286
2019-06-26 18:00:00,0.561,9.15
2019-06-26 19:00:00,0.544,9.025
2019-06-26 20:00:00,0.528,8.902
2019-06-26 21:00:00,0.525,8.888
2019-06-26 22:00:00,0.543,9.024
2019-06-26 23:00:00,0.565,9.184
2019-06-27 00:00:00,0.567,9.208
2019-06-27 01:00:00,0.562,9.166
2019-06-27 02:00:00,0.564,9.182
2019-06-27 03:00:00,0.602,9.476
2019-06-27 04:00:00,0.596,9.428
2019-06-27 05:00:00,0.588,9.365
2019-06-27 06:00:00,0.609,9.531
2019-06-27 07:00:00,0.616,9.583
2019-06-27 08:00:00,0.59,9.381
2019-06-27 09:00:00,0.539,8.989
2019-06-27 10:00:00,0.483,8.573
2019-06-27 11:00:00,0.431,8.199
2019-06-27 12:00:00,0.395,7.926
2019-06-27 13:00:00,0.374,7.77
2019-06-27 14:00:00,0.36,7.654
2019-06-27 15:00:00,0.339,7.495
2019-06-27 16:00:00,0.321,7.356
2019-06-27 17:00:00,0.305,7.229
2019-06-27 18:00:00,0.285,7.063
2019-06-27 19:00:00,0.264,6.876
2019-06-27 20:00:00,0.241,6.669
2019-06-27 21:00:00,0.222,6.497
2019-06-27 22:00:00,0.208,6.353
2019-06-27 23:00:00,0.196,6.229
2019-06-28 00:00:00,0.185,6.13
2019-06-28 01:00:00,0.174,6.005
2019-06-28 02:00:00,0.155,5.789
2019-06-28 03:00:00,0.125,5.424
2019-06-28 04:00:00,0.091,4.949
2019-06-28 05:00:00,0.067,4.534
2019-06-28 06:00:00,0.049,4.178
2019-06-28 07:00:00,0.035,3.822
2019-06-28 08:00:00,0.025,3.542
2019-06-28 09:00:00,0.021,3.38
2019-06-28 10:00:00,0.02,3.34
2019-06-28 11:00:00,0.02,3.365
2019-06-28 12:00:00,0.021,3.409
2019-06-28 13:00:00,0.027,3.588
2019-06-28 14:00:00,0.036,3.863
2019-06-28 15:00:00,0.055,4.31
2019-06-28 16:00:00,0.087,4.883
2019-06-28 17:00:00,0.129,5.474
2019-06-28 18:00:00,0.172,5.982
2019-06-28 19:00:00,0.208,6.352
2019-06-28 20:00:00,0.237,6.633
2019-06-28 21:00:00,0.271,6.936
2019-06-28 22:00:00,0.317,7.324
2019-06-28 23:00:00,0.371,7.743
2019-06-29 00:00:00,0.414,8.072
2019-06-29 01:00:00,0.437,8.234
2019-06-29 02:00:00,0.444,8.292
2019-06-29 03:00:00,0.453,8.361
2019-06-29 04:00:00,0.465,8.441
2019-06-29 05:00:00,0.486,8.6
2019-06-29 06:00:00,0.509,8.763
2019-06-29 07:00:00,0.525,8.888
2019-06-29 08:00:00,0.535,8.964
2019-06-29 09:00:00,0.539,8.989
2019-06-29 10:00:00,0.542,9.02
2019-06-29 11:00:00,0.53,8.926
2019-06-29 12:00:00,0.499,8.698
2019-06-29 13:00:00,0.52,8.85
2019-06-29 14:00:00,0.588,9.37
2019-06-29 15:00:00,0.666,9.995
2019-06-29 16:00:00,0.733,10.609
2019-06-29 17:00:00,0.787,11.184
2019-06-29 18:00:00,0.835,11.788
2019-06-29 19:00:00,0.876,12.43
2019-06-29 20:00:00,0.905,12.986
2019-06-29 21:00:00,0.926,13.479
2019-06-29 22:00:00,0.941,13.919
2019-06-29 23:00:00,0.945,14.038
2019-06-30 00:00:00,0.931,13.634
2019-06-30 01:00:00,0.899,12.871
2019-06-30 02:00:00,0.844,11.915
2019-06-30 03:00:00,0.889,12.657
2019-06-30 04:00:00,0.927,13.52
2019-06-30 05:00:00,0.894,12.764
2019-06-30 06:00:00,0.862,12.187
2019-06-30 07:00:00,0.829,11.71
2019-06-30 08:00:00,0.815,11.519
2019-06-30 09:00:00,0.811,11.466
2019-06-30 10:00:00,0.823,11.625
2019-06-30 11:00:00,0.835,11.784
2019-06-30 12:00:00,0.84,11.856
2019-06-30 13:00:00,0.842,11.893
2019-06-30 14:00:00,0.845,11.926
2019-06-30 15:00:00,0.846,11.945
2019-06-30 16:00:00,0.839,11.849
2019-06-30 17:00:00,0.83,11.725
2019-06-30 18:00:00,0.836,11.798
2019-06-30 19:00:00,0.84,11.862
2019-06-30 20:00:00,0.865,12.245
2019-06-30 21:00:00,0.875,12.409
2019-06-30 22:00:00,0.887,12.621
2019-06-30 23:00:00,0.892,12.723
2019-07-01 00:00:00,0.883,12.554
2019-07-01 01:00:00,0.868,12.296
2019-07-01 02:00:00,0.876,12.421
2019-07-01 03:00:00,0.891,12.71
2019-07-01 04:00:00,0.923,13.412
2019-07-01 05:00:00,0.943,13.965
2019-07-01 06:00:00,0.95,14.212
2019-07-01 07:00:00,0.956,14.429
2019-07-01 08:00:00,0.956,14.438
2019-07-01 09:00:00,0.948,14.157
2019-07-01 10:00:00,0.936,13.752
2019-07-01 11:00:00,0.917,13.254
2019-07-01 12:00:00,0.864,12.233
2019-07-01 13:00:00,0.801,11.342
2019-07-01 14:00:00,0.766,10.947
2019-07-01 15:00:00,0.757,10.847
2019-07-01 16:00:00,0.774,11.037
2019-07-01 17:00:00,0.798,11.313
2019-07-01 18:00:00,0.783,11.132
2019-07-01 19:00:00,0.725,10.53
2019-07-01 20:00:00,0.618,9.604
2019-07-01 21:00:00,0.518,8.829
2019-07-01 22:00:00,0.459,8.397
2019-07-01 23:00:00,0.439,8.253
2019-07-02 00:00:00,0.445,8.296
2019-07-02 01:00:00,0.45,8.324
2019-07-02 02:00:00,0.441,8.263
2019-07-02 03:00:00,0.41,8.037
2019-07-02 04:00:00,0.358,7.64
2019-07-02 05:00:00,0.292,7.114
2019-07-02 06:00:00,0.246,6.708
2019-07-02 07:00:00,0.242,6.676
2019-07-02 08:00:00,0.275,6.975
2019-07-02 09:00:00,0.313,7.289
2019-07-02 10:00:00,0.335,7.466
2019-07-02 11:00:00,0.363,7.688
2019-07-02 12:00:00,0.393,7.912
2019-07-02 13:00:00,0.409,8.028
2019-07-02 14:00:00,0.401,7.976
2019-07-02 15:00:00,0.403,7.986
2019-07-02 16:00:00,0.417,8.082
2019-07-02 17:00:00,0.437,8.237
2019-07-02 18:00:00,0.468,8.473
2019-07-02 19:00:00,0.487,8.612
2019-07-02 20:00:00,0.48,8.558
2019-07-02 21:00:00,0.48,8.552
2019-07-02 22:00:00,0.485,8.591
2019-07-02 23:00:00,0.494,8.649
2019-07-03 00:00:00,0.509,8.759
2019-07-03 01:00:00,0.548,9.057
2019-07-03 02:00:00,0.615,9.575
2019-07-03 03:00:00,0.643,9.804
2019-07-03 04:00:00,0.628,9.676
2019-07-03 05:00:00,0.576,9.276
2019-07-03 06:00:00,0.508,8.755
2019-07-03 07:00:00,0.444,8.283
2019-07-03 08:00:00,0.417,8.081
2019-07-03 09:00:00,0.412,8.05
2019-07-03 10:00:00,0.429,8.176
2019-07-03 11:00:00,0.454,8.37
2019-07-03 12:00:00,0.469,8.474
2019-07-03 13:00:00,0.465,8.44
2019-07-03 14:00:00,0.447,8.314
2019-07-03 15:00:00,0.418,8.095
2019-07-03 16:00:00,0.373,7.755
2019-07-03 17:00:00,0.304,7.218
2019-07-03 18:00:00,0.232,6.586
2019-07-03 19:00:00,0.202,6.304
2019-07-03 20:00:00,0.235,6.613
2019-07-03 21:00:00,0.353,7.603
2019-07-03 22:00:00,0.498,8.687
2019-07-03 23:00:00,0.614,9.568
2019-07-04 00:00:00,0.689,10.201
2019-07-04 01:00:00,0.709,10.377
2019-07-04 02:00:00,0.681,10.126
2019-07-04 03:00:00,0.602,9.479
2019-07-04 04:00:00,0.528,8.906
2019-07-04 05:00:00,0.479,8.547
2019-07-04 06:00:00,0.484,8.581
2019-07-04 07:00:00,0.49,8.632
2019-07-04 08:00:00,0.528,8.908
2019-07-04 09:00:00,0.585,9.34
2019-07-04 10:00:00,0.654,9.892
2019-07-04 11:00:00,0.717,10.447
2019-07-04 12:00:00,0.745,10.731
2019-07-04 13:00:00,0.748,10.756
2019-07-04 14:00:00,0.71,10.39
2019-07-04 15:00:00,0.671,10.038
2019-07-04 16:00:00,0.7,10.294
2019-07-04 17:00:00,0.746,10.732
2019-07-04 18:00:00,0.769,10.975
2019-07-04 19:00:00,0.697,10.27
2019-07-04 20:00:00,0.665,9.992
2019-07-04 21:00:00,0.67,10.035
2019-07-04 22:00:00,0.687,10.178
2019-07-04 23:00:00,0.722,10.499
2019-07-05 00:00:00,0.747,10.739
2019-07-05 01:00:00,0.722,10.495
2019-07-05 02:00:00,0.696,10.259
2019-07-05 03:00:00,0.638,9.762
2019-07-05 04:00:00,0.575,9.261
2019-07-05 05:00:00,0.515,8.82
2019-07-05 06:00:00,0.45,8.337
2019-07-05 07:00:00,0.377,7.78
2019-07-05 08:00:00,0.324,7.379
2019-07-05 09:00:00,0.321,7.354
2019-07-05 10:00:00,0.328,7.408
2019-07-05 11:00:00,0.319,7.332
2019-07-05 12:00:00,0.301,7.187
2019-07-05 13:00:00,0.263,6.867
2019-07-05 14:00:00,0.236,6.621
2019-07-05 15:00:00,0.234,6.607
2019-07-05 16:00:00,0.291,7.109
2019-07-05 17:00:00,0.404,7.991
2019-07-05 18:00:00,0.555,9.112
2019-07-05 19:00:00,0.699,10.287
2019-07-05 20:00:00,0.775,11.046
2019-07-05 21:00:00,0.815,11.513
2019-07-05 22:00:00,0.826,11.659
2019-07-05 23:00:00,0.832,11.738
2019-07-06 00:00:00,0.845,11.929
2019-07-06 01:00:00,0.866,12.255
2019-07-06 02:00:00,0.823,11.627
2019-07-06 03:00:00,0.803,11.373
2019-07-06 04:00:00,0.8,11.325
2019-07-06 05:00:00,0.799,11.319
2019-07-06 06:00:00,0.802,11.351
2019-07-06 07:00:00,0.811,11.464
2019-07-06 08:00:00,0.832,11.749
2019-07-06 09:00:00,0.856,12.098
2019-07-06 10:00:00,0.873,12.366
2019-07-06 11:00:00,0.883,12.547
2019-07-06 12:00:00,0.884,12.564
2019-07-06 13:00:00,0.876,12.416
2019-07-06 14:00:00,0.857,12.122
2019-07-06 15:00:00,0.835,11.776
2019-07-06 16:00:00,0.81,11.452
2019-07-06 17:00:00,0.787,11.176
2019-07-06 18:00:00,0.758,10.85
2019-07-06 19:00:00,0.718,10.46
2019-07-06 20:00:00,0.665,9.988
2019-07-06 21:00:00,0.621,9.63
2019-07-06 22:00:00,0.601,9.469
2019-07-06 23:00:00,0.599,9.44
2019-07-07 00:00:00,0.599,9.448
2019-07-07 01:00:00,0.606,9.504
2019-07-07 02:00:00,0.619,9.609
2019-07-07 03:00:00,0.626,9.665
2019-07-07 04:00:00,0.631,9.703
2019-07-07 05:00:00,0.633,9.721
2019-07-07 06:00:00,0.633,9.715
2019-07-07 07:00:00,0.632,9.708
2019-07-07 08:00:00,0.636,9.748
2019-07-07 09:00:00,0.643,9.802
2019-07-07 10:00:00,0.671,10.041
2019-07-07 11:00:00,0.714,10.425
2019-07-07 12:00:00,0.762,10.895
2019-07-07 13:00:00,0.802,11.351
2019-07-07 14:00:00,0.832,11.739
2019-07-07 15:00:00,0.845,11.927
2019-07-07 16:00:00,0.841,11.877
2019-07-07 17:00:00,0.825,11.648
2019-07-07 18:00:00,0.801,11.34
2019-07-07 19:00:00,0.781,11.111
2019-07-07 20:00:00,0.767,10.962
2019-07-07 21:00:00,0.763,10.917
2019-07-07 22:00:00,0.76,10.883
2019-07-07 23:00:00,0.758,10.854
2019-07-08 00:00:00,0.759,10.865
2019-07-08 01:00:00,0.765,10.939
2019-07-08 02:00:00,0.762,10.897
2019-07-08 03:00:00,0.75,10.779
2019-07-08 04:00:00,0.727,10.547
2019-07-08 05:00:00,0.702,10.318
2019-07-08 06:00:00,0.682,10.136
2019-07-08 07:00:00,0.669,10.024
2019-07-08 08:00:00,0.66,9.939
2019-07-08 09:00:00,0.642,9.799
2019-07-08 10:00:00,0.622,9.632
2019-07-08 11:00:00,0.598,9.435
2019-07-08 12:00:00,0.57,9.229
2019-07-08 13:00:00,0.55,9.077
2019-07-08 14:00:00,0.532,8.94
2019-07-08 15:00:00,0.499,8.693
2019-07-08 16:00:00,0.453,8.35
2019-07-08 17:00:00,0.369,7.732
2019-07-08 18:00:00,0.293,7.121
2019-07-08 19:00:00,0.223,6.507
2019-07-08 20:00:00,0.162,5.88
2019-07-08 21:00:00,0.125,5.43
2019-07-08 22:00:00,0.098,5.038
2019-07-08 23:00:00,0.082,4.79
2019-07-09 00:00:00,0.08,4.761
2019-07-09 01:00:00,0.082,4.791
2019-07-09 02:00:00,0.091,4.94
2019-07-09 03:00:00,0.096,5.016
2019-07-09 04:00:00,0.096,5.017
2019-07-09 05:00:00,0.093,4.978
2019-07-09 06:00:00,0.083,4.806
2019-07-09 07:00:00,0.065,4.497
2019-07-09 08:00:00,0.049,4.167
2019-07-09 09:00:00,0.052,4.232
2019-07-09 10:00:00,0.08,4.771
2019-07-09 11:00:00,0.122,5.383
2019-07-09 12:00:00,0.172,5.99
2019-07-09 13:00:00,0.222,6.486
2019-07-09 14:00:00,0.252,6.764
2019-07-09 15:00:00,0.28,7.01
2019-07-09 16:00:00,0.321,7.357
2019-07-09 17:00:00,0.371,7.743
2019-07-09 18:00:00,0.429,8.177
2019-07-09 19:00:00,0.498,8.686
2019-07-09 20:00:00,0.575,9.27
2019-07-09 21:00:00,0.651,9.872
2019-07-09 22:00:00,0.685,10.161
2019-07-09 23:00:00,0.666,9.995
2019-07-10 00:00:00,0.605,9.488
2019-07-10 01:00:00,0.539,8.988
2019-07-10 02:00:00,0.457,8.391
2019-07-10 03:00:00,0.377,7.783
2019-07-10 04:00:00,0.308,7.247
2019-07-10 05:00:00,0.275,6.977
2019-07-10 06:00:00,0.274,6.966
2019-07-10 07:00:00,0.293,7.129
2019-07-10 08:00:00,0.303,7.213
2019-07-10 09:00:00,0.319,7.336
2019-07-10 10:00:00,0.347,7.562
2019-07-10 11:00:00,0.365,7.704
2019-07-10 12:00:00,0.381,7.821
2019-07-10 13:00:00,0.391,7.894
2019-07-10 14:00:00,0.394,7.916
2019-07-10 15:00:00,0.392,7.897
2019-07-10 16:00:00,0.368,7.727
2019-07-10 17:00:00,0.349,7.575
2019-07-10 18:00:00,0.351,7.587
2019-07-10 19:00:00,0.379,7.811
2019-07-10 20:00:00,0.449,8.321
2019-07-10 21:00:00,0.503,8.725
2019-07-10 22:00:00,0.481,8.562
2019-07-10 23:00:00,0.404,7.997
2019-07-11 00:00:00,0.297,7.156
2019-07-11 01:00:00,0.22,6.475
2019-07-11 02:00:00,0.19,6.176
2019-07-11 03:00:00,0.166,5.922
2019-07-11 04:00:00,0.148,5.708
2019-07-11 05:00:00,0.144,5.672
2019-07-11 06:00:00,0.151,5.752
2019-07-11 07:00:00,0.166,5.919
2019-07-11 08:00:00,0.184,6.112
2019-07-11 09:00:00,0.211,6.393
2019-07-11 10:00:00,0.229,6.565
2019-07-11 11:00:00,0.233,6.594
2019-07-11 12:00:00,0.215,6.425
2019-07-11 13:00:00,0.183,6.108
2019-07-11 14:00:00,0.152,5.763
2019-07-11 15:00:00,0.139,5.605
2019-07-11 16:00:00,0.145,5.68
2019-07-11 17:00:00,0.183,6.108
2019-07-11 18:00:00,0.25,6.747
2019-07-11 19:00:00,0.321,7.353
2019-07-11 20:00:00,0.38,7.816
2019-07-11 21:00:00,0.388,7.868
2019-07-11 22:00:00,0.345,7.548
2019-07-11 23:00:00,0.297,7.153
2019-07-12 00:00:00,0.246,6.711
2019-07-12 01:00:00,0.2,6.282
2019-07-12 02:00:00,0.174,6.003
2019-07-12 03:00:00,0.156,5.806
2019-07-12 04:00:00,0.138,5.594
2019-07-12 05:00:00,0.122,5.384
2019-07-12 06:00:00,0.117,5.317
2019-07-12 07:00:00,0.119,5.355
2019-07-12 08:00:00,0.124,5.411
2019-07-12 09:00:00,0.136,5.56
2019-07-12 10:00:00,0.156,5.804
2019-07-12 11:00:00,0.177,6.041
2019-07-12 12:00:00,0.193,6.207
2019-07-12 13:00:00,0.209,6.366
2019-07-12 14:00:00,0.231,6.577
2019-07-12 15:00:00,0.27,6.924
2019-07-12 16:00:00,0.314,7.3
2019-07-12 17:00:00,0.342,7.522
2019-07-12 18:00:00,0.363,7.685
2019-07-12 19:00:00,0.388,7.87
2019-07-12 20:00:00,0.418,8.095
2019-07-12 21:00:00,0.418,8.095
2019-07-12 22:00:00,0.389,7.88
2019-07-12 23:00:00,0.374,7.764
2019-07-13 00:00:00,0.377,7.782
2019-07-13 01:00:00,0.403,7.985
2019-07-13 02:00:00,0.466,8.456
2019-07-13 03:00:00,0.525,8.888
2019-07-13 04:00:00,0.58,9.303
2019-07-13 05:00:00,0.609,9.528
2019-07-13 06:00:00,0.596,9.428
2019-07-13 07:00:00,0.582,9.323
2019-07-13 08:00:00,0.577,9.286
2019-07-13 09:00:00,0.579,9.301
2019-07-13 10:00:00,0.605,9.489
2019-07-13 11:00:00,0.659,9.932
2019-07-13 12:00:00,0.711,10.393
2019-07-13 13:00:00,0.733,10.598
2019-07-13 14:00:00,0.733,10.611
2019-07-13 15:00:00,0.733,10.607
2019-07-13 16:00:00,0.723,10.511
2019-07-13 17:00:00,0.704,10.328
2019-07-13 18:00:00,0.672,10.05
2019-07-13 19:00:00,0.628,9.671
2019-07-13 20:00:00,0.591,9.387
2019-07-13 21:00:00,0.584,9.338
2019-07-13 22:00:00,0.589,9.378
2019-07-13 23:00:00,0.581,9.311
2019-07-14 00:00:00,0.583,9.332
2019-07-14 01:00:00,0.617,9.594
2019-07-14 02:00:00,0.651,9.875
2019-07-14 03:00:00,0.707,10.36
2019-07-14 04:00:00,0.762,10.893
2019-07-14 05:00:00,0.779,11.083
2019-07-14 06:00:00,0.776,11.051
2019-07-14 07:00:00,0.76,10.883
2019-07-14 08:00:00,0.756,10.832
2019-07-14 09:00:00,0.744,10.722
2019-07-14 10:00:00,0.707,10.356
2019-07-14 11:00:00,0.678,10.097
2019-07-14 12:00:00,0.679,10.107
2019-07-14 13:00:00,0.685,10.151
2019-07-14 14:00:00,0.697,10.268
2019-07-14 15:00:00,0.702,10.319
2019-07-14 16:00:00,0.687,10.171
2019-07-14 17:00:00,0.661,9.955
2019-07-14 18:00:00,0.628,9.679
2019-07-14 19:00:00,0.595,9.414
2019-07-14 20:00:00,0.576,9.274
2019-07-14 21:00:00,0.551,9.087
2019-07-14 22:00:00,0.502,8.724
2019-07-14 23:00:00,0.465,8.437
2019-07-15 00:00:00,0.475,8.514
2019-07-15 01:00:00,0.514,8.805
2019-07-15 02:00:00,0.548,9.054
2019-07-15 03:00:00,0.572,9.237
2019-07-15 04:00:00,0.587,9.358
2019-07-15 05:00:00,0.589,9.375
2019-07-15 06:00:00,0.573,9.244
2019-07-15 07:00:00,0.54,8.996
2019-07-15 08:00:00,0.499,8.687
2019-07-15 09:00:00,0.447,8.311
2019-07-15 10:00:00,0.394,7.915
2019-07-15 11:00:00,0.357,7.634
2019-07-15 12:00:00,0.344,7.539
2019-07-15 13:00:00,0.349,7.576
2019-07-15 14:00:00,0.353,7.6
2019-07-15 15:00:00,0.344,7.529
2019-07-15 16:00:00,0.313,7.283
2019-07-15 17:00:00,0.264,6.879
2019-07-15 18:00:00,0.21,6.37
2019-07-15 19:00:00,0.16,5.85
2019-07-15 20:00:00,0.124,5.416
2019-07-15 21:00:00,0.111,5.245
2019-07-15 22:00:00,0.121,5.373
2019-07-15 23:00:00,0.139,5.606
2019-07-16 00:00:00,0.148,5.716
2019-07-16 01:00:00,0.142,5.645
2019-07-16 02:00:00,0.125,5.434
2019-07-16 03:00:00,0.108,5.191
2019-07-16 04:00:00,0.091,4.947
2019-07-16 05:00:00,0.076,4.703
2019-07-16 06:00:00,0.065,4.504
2019-07-16 07:00:00,0.06,4.395
2019-07-16 08:00:00,0.06,4.393
2019-07-16 09:00:00,0.058,4.364
2019-07-16 10:00:00,0.058,4.357
2019-07-16 11:00:00,0.059,4.371
2019-07-16 12:00:00,0.058,4.366
2019-07-16 13:00:00,0.062,4.447
2019-07-16 14:00:00,0.071,4.613
2019-07-16 15:00:00,0.087,4.888
2019-07-16 16:00:00,0.112,5.257
2019-07-16 17:00:00,0.142,5.639
2019-07-16 18:00:00,0.172,5.977
2019-07-16 19:00:00,0.2,6.285
2019-07-16 20:00:00,0.239,6.652
2019-07-16 21:00:00,0.271,6.936
2019-07-16 22:00:00,0.28,7.011
2019-07-16 23:00:00,0.282,7.035
2019-07-17 00:00:00,0.289,7.093
2019-07-17 01:00:00,0.289,7.084
2019-07-17 02:00:00,0.274,6.964
2019-07-17 03:00:00,0.224,6.517
2019-07-17 04:00:00,0.158,5.829
2019-07-17 05:00:00,0.117,5.319
2019-07-17 06:00:00,0.113,5.271
2019-07-17 07:00:00,0.14,5.614
2019-07-17 08:00:00,0.18,6.074
2019-07-17 09:00:00,0.234,6.609
2019-07-17 10:00:00,0.3,7.184
2019-07-17 11:00:00,0.365,7.698
2019-07-17 12:00:00,0.415,8.075
2019-07-17 13:00:00,0.447,8.312
2019-07-17 14:00:00,0.468,8.467
2019-07-17 15:00:00,0.511,8.784
2019-07-17 16:00:00,0.569,9.224
2019-07-17 17:00:00,0.618,9.604
2019-07-17 18:00:00,0.658,9.921
2019-07-17 19:00:00,0.65,9.866
2019-07-17 20:00:00,0.586,9.355
2019-07-17 21:00:00,0.489,8.624
2019-07-17 22:00:00,0.392,7.908
2019-07-17 23:00:00,0.32,7.346
2019-07-18 00:00:00,0.321,7.35
2019-07-18 01:00:00,0.4,7.963
2019-07-18 02:00:00,0.578,9.29
2019-07-18 03:00:00,0.707,10.36
2019-07-18 04:00:00,0.776,11.057
2019-07-18 05:00:00,0.785,11.147
2019-07-18 06:00:00,0.772,11.005
2019-07-18 07:00:00,0.754,10.817
2019-07-18 08:00:00,0.697,10.274
2019-07-18 09:00:00,0.618,9.602
2019-07-18 10:00:00,0.528,8.904
2019-07-18 11:00:00,0.453,8.358
2019-07-18 12:00:00,0.38,7.818
2019-07-18 13:00:00,0.305,7.225
2019-07-18 14:00:00,0.234,6.6
2019-07-18 15:00:00,0.171,5.97
2019-07-18 16:00:00,0.179,6.053
2019-07-18 17:00:00,0.272,6.943
2019-07-18 18:00:00,0.408,8.023
2019-07-18 19:00:00,0.507,8.754
2019-07-18 20:00:00,0.564,9.171
2019-07-18 21:00:00,0.582,9.322
2019-07-18 22:00:00,0.566,9.192
2019-07-18 23:00:00,0.548,9.06
2019-07-19 00:00:00,0.511,8.786
2019-07-19 01:00:00,0.466,8.455
2019-07-19 02:00:00,0.416,8.077
2019-07-19 03:00:00,0.351,7.59
2019-07-19 04:00:00,0.285,7.063
2019-07-19 05:00:00,0.254,6.789
2019-07-19 06:00:00,0.264,6.872
2019-07-19 07:00:00,0.316,7.316
2019-07-19 08:00:00,0.389,7.88
2019-07-19 09:00:00,0.458,8.395
2019-07-19 10:00:00,0.518,8.833
2019-07-19 11:00:00,0.553,9.098
2019-07-19 12:00:00,0.575,9.269
2019-07-19 13:00:00,0.59,9.386
2019-07-19 14:00:00,0.558,9.134
2019-07-19 15:00:00,0.55,9.077
2019-07-19 16:00:00,0.565,9.187
2019-07-19 17:00:00,0.629,9.686
2019-07-19 18:00:00,0.727,10.546
2019-07-19 19:00:00,0.827,11.668
2019-07-19 20:00:00,0.873,12.378
2019-07-19 21:00:00,0.899,12.872
2019-07-19 22:00:00,0.902,12.919
2019-07-19 23:00:00,0.889,12.655
2019-07-20 00:00:00,0.848,11.981
2019-07-20 01:00:00,0.793,11.243
2019-07-20 02:00:00,0.751,10.791
2019-07-20 03:00:00,0.756,10.832
2019-07-20 04:00:00,0.767,10.954
2019-07-20 05:00:00,0.768,10.973
2019-07-20 06:00:00,0.734,10.614
2019-07-20 07:00:00,0.677,10.092
2019-07-20 08:00:00,0.638,9.762
2019-07-20 09:00:00,0.616,9.59
2019-07-20 10:00:00,0.616,9.591
2019-07-20 11:00:00,0.631,9.704
2019-07-20 12:00:00,0.652,9.881
2019-07-20 13:00:00,0.66,9.941
2019-07-20 14:00:00,0.677,10.079
2019-07-20 15:00:00,0.671,10.045
2019-07-20 16:00:00,0.665,9.986
2019-07-20 17:00:00,0.639,9.77
2019-07-20 18:00:00,0.587,9.359
2019-07-20 19:00:00,0.545,9.033
2019-07-20 20:00:00,0.61,9.537
2019-07-20 21:00:00,0.707,10.351
2019-07-20 22:00:00,0.765,10.939
2019-07-20 23:00:00,0.783,11.127
2019-07-21 00:00:00,0.763,10.911
2019-07-21 01:00:00,0.733,10.607
2019-07-21 02:00:00,0.674,10.066
2019-07-21 03:00:00,0.617,9.596
2019-07-21 04:00:00,0.55,9.076
2019-07-21 05:00:00,0.475,8.52
2019-07-21 06:00:00,0.4,7.968
2019-07-21 07:00:00,0.339,7.5
2019-07-21 08:00:00,0.314,7.298
2019-07-21 09:00:00,0.358,7.641
2019-07-21 10:00:00,0.449,8.319
2019-07-21 11:00:00,0.502,8.721
2019-07-21 12:00:00,0.551,9.083
2019-07-21 13:00:00,0.589,9.376
2019-07-21 14:00:00,0.63,9.697
2019-07-21 15:00:00,0.662,9.955
2019-07-21 16:00:00,0.709,10.371
2019-07-21 17:00:00,0.695,10.256
2019-07-21 18:00:00,0.775,11.046
2019-07-21 19:00:00,0.785,11.162
2019-07-21 20:00:00,0.816,11.525
2019-07-21 21:00:00,0.834,11.762
2019-07-21 22:00:00,0.851,12.012
2019-07-21 23:00:00,0.873,12.379
2019-07-22 00:00:00,0.901,12.906
2019-07-22 01:00:00,0.919,13.313
2019-07-22 02:00:00,0.95,14.203
2019-07-22 03:00:00,0.966,14.91
2019-07-22 04:00:00,0.965,14.861
2019-07-22 05:00:00,0.962,14.693
2019-07-22 06:00:00,0.962,14.672
2019-07-22 07:00:00,0.962,14.69
2019-07-22 08:00:00,0.962,14.703
2019-07-22 09:00:00,0.962,14.684
2019-07-22 10:00:00,0.959,14.549
2019-07-22 11:00:00,0.952,14.275
2019-07-22 12:00:00,0.937,13.79
2019-07-22 13:00:00,0.921,13.358
2019-07-22 14:00:00,0.912,13.141
2019-07-22 15:00:00,0.902,12.917
2019-07-22 16:00:00,0.883,12.563
2019-07-22 17:00:00,0.865,12.237
2019-07-22 18:00:00,0.846,11.948
2019-07-22 19:00:00,0.82,11.585
2019-07-22 20:00:00,0.785,11.151
2019-07-22 21:00:00,0.743,10.706
2019-07-22 22:00:00,0.696,10.265
2019-07-22 23:00:00,0.649,9.857
2019-07-23 00:00:00,0.613,9.563
2019-07-23 01:00:00,0.587,9.361
2019-07-23 02:00:00,0.557,9.132
2019-07-23 03:00:00,0.512,8.791
2019-07-23 04:00:00,0.475,8.516
2019-07-23 05:00:00,0.453,8.356
2019-07-23 06:00:00,0.435,8.224
2019-07-23 07:00:00,0.41,8.039
2019-07-23 08:00:00,0.374,7.769
2019-07-23 09:00:00,0.336,7.478
2019-07-23 10:00:00,0.308,7.246
2019-07-23 11:00:00,0.301,7.188
2019-07-23 12:00:00,0.319,7.341
2019-07-23 13:00:00,0.357,7.636
2019-07-23 14:00:00,0.407,8.018
2019-07-23 15:00:00,0.463,8.425
2019-07-23 16:00:00,0.51,8.775
2019-07-23 17:00:00,0.545,9.041
2019-07-23 18:00:00,0.574,9.253
2019-07-23 19:00:00,0.605,9.494
2019-07-23 20:00:00,0.639,9.774
2019-07-23 21:00:00,0.672,10.052
2019-07-23 22:00:00,0.701,10.309
2019-07-23 23:00:00,0.724,10.518
2019-07-24 00:00:00,0.741,10.692
2019-07-24 01:00:00,0.767,10.954
2019-07-24 02:00:00,0.803,11.371
2019-07-24 03:00:00,0.826,11.664
2019-07-24 04:00:00,0.839,11.841
2019-07-24 05:00:00,0.763,10.907
2019-07-24 06:00:00,0.542,9.015
2019-07-24 07:00:00,0.375,7.772
2019-07-24 08:00:00,0.604,9.487
2019-07-24 09:00:00,0.795,11.259
2019-07-24 10:00:00,0.848,11.976
2019-07-24 11:00:00,0.843,11.907
2019-07-24 12:00:00,0.815,11.513
2019-07-24 13:00:00,0.786,11.167
2019-07-24 14:00:00,0.743,10.703
2019-07-24 15:00:00,0.656,9.9
2019-07-24 16:00:00,0.549,9.072
2019-07-24 17:00:00,0.469,8.476
2019-07-24 18:00:00,0.386,7.857
2019-07-24 19:00:00,0.27,6.926
2019-07-24 20:00:00,0.145,5.679
2019-07-24 21:00:00,0.065,4.496
2019-07-24 22:00:00,0.033,3.768
2019-07-24 23:00:00,0.038,3.913
2019-07-25 00:00:00,0.088,4.896
2019-07-25 01:00:00,0.193,6.208
2019-07-25 02:00:00,0.319,7.331
2019-07-25 03:00:00,0.462,8.417
2019-07-25 04:00:00,0.592,9.395
2019-07-25 05:00:00,0.673,10.062
2019-07-25 06:00:00,0.717,10.458
2019-07-25 07:00:00,0.738,10.651
2019-07-25 08:00:00,0.747,10.751
2019-07-25 09:00:00,0.752,10.796
2019-07-25 10:00:00,0.775,11.048
2019-07-25 11:00:00,0.814,11.503
2019-07-25 12:00:00,0.853,12.051
2019-07-25 13:00:00,0.885,12.582
2019-07-25 14:00:00,0.907,13.027
2019-07-25 15:00:00,0.922,13.388
2019-07-25 16:00:00,0.928,13.54
2019-07-25 17:00:00,0.927,13.49
2019-07-25 18:00:00,0.922,13.379
2019-07-25 19:00:00,0.914,13.197
2019-07-25 20:00:00,0.904,12.965
2019-07-25 21:00:00,0.889,12.666
2019-07-25 22:00:00,0.868,12.299
2019-07-25 23:00:00,0.847,11.957
2019-07-26 00:00:00,0.832,11.742
2019-07-26 01:00:00,0.822,11.612
2019-07-26 02:00:00,0.822,11.611
2019-07-26 03:00:00,0.781,11.099
2019-07-26 04:00:00,0.65,9.864
2019-07-26 05:00:00,0.549,9.071
2019-07-26 06:00:00,0.616,9.586
2019-07-26 07:00:00,0.752,10.797
2019-07-26 08:00:00,0.801,11.334
2019-07-26 09:00:00,0.786,11.166
2019-07-26 10:00:00,0.762,10.897
2019-07-26 11:00:00,0.749,10.772
2019-07-26 12:00:00,0.768,10.971
2019-07-26 13:00:00,0.764,10.928
2019-07-26 14:00:00,0.755,10.824
2019-07-26 15:00:00,0.733,10.609
2019-07-26 16:00:00,0.716,10.437
2019-07-26 17:00:00,0.668,10.015
2019-07-26 18:00:00,0.599,9.442
2019-07-26 19:00:00,0.608,9.517
2019-07-26 20:00:00,0.628,9.675
2019-07-26 21:00:00,0.632,9.707
2019-07-26 22:00:00,0.714,10.429
2019-07-26 23:00:00,0.813,11.487
2019-07-27 00:00:00,0.858,12.137
2019-07-27 01:00:00,0.875,12.403
2019-07-27 02:00:00,0.875,12.406
2019-07-27 03:00:00,0.876,12.428
2019-07-27 04:00:00,0.882,12.542
2019-07-27 05:00:00,0.892,12.726
2019-07-27 06:00:00,0.901,12.908
2019-07-27 07:00:00,0.912,13.135
2019-07-27 08:00:00,0.92,13.333
2019-07-27 09:00:00,0.917,13.257
2019-07-27 10:00:00,0.909,13.069
2019-07-27 11:00:00,0.904,12.973
2019-07-27 12:00:00,0.903,12.942
2019-07-27 13:00:00,0.901,12.903
2019-07-27 14:00:00,0.901,12.907
2019-07-27 15:00:00,0.909,13.076
2019-07-27 16:00:00,0.916,13.235
2019-07-27 17:00:00,0.921,13.359
2019-07-27 18:00:00,0.929,13.561
2019-07-27 19:00:00,0.931,13.612
2019-07-27 20:00:00,0.923,13.416
2019-07-27 21:00:00,0.911,13.117
2019-07-27 22:00:00,0.899,12.855
2019-07-27 23:00:00,0.889,12.648
2019-07-28 00:00:00,0.875,12.414
2019-07-28 01:00:00,0.859,12.144
2019-07-28 02:00:00,0.838,11.837
2019-07-28 03:00:00,0.822,11.598
2019-07-28 04:00:00,0.806,11.41
2019-07-28 05:00:00,0.795,11.268
2019-07-28 06:00:00,0.783,11.131
2019-07-28 07:00:00,0.772,11.003
2019-07-28 08:00:00,0.764,10.921
2019-07-28 09:00:00,0.742,10.699
2019-07-28 10:00:00,0.714,10.421
2019-07-28 11:00:00,0.691,10.217
2019-07-28 12:00:00,0.675,10.071
2019-07-28 13:00:00,0.656,9.907
2019-07-28 14:00:00,0.619,9.613
2019-07-28 15:00:00,0.564,9.178
2019-07-28 16:00:00,0.503,8.726
2019-07-28 17:00:00,0.448,8.316
2019-07-28 18:00:00,0.399,7.961
2019-07-28 19:00:00,0.361,7.661
2019-07-28 20:00:00,0.328,7.41
2019-07-28 21:00:00,0.307,7.236
2019-07-28 22:00:00,0.287,7.071
2019-07-28 23:00:00,0.268,6.91
2019-07-29 00:00:00,0.242,6.68
2019-07-29 01:00:00,0.215,6.426
2019-07-29 02:00:00,0.194,6.216
2019-07-29 03:00:00,0.196,6.233
2019-07-29 04:00:00,0.234,6.598
2019-07-29 05:00:00,0.296,7.143
2019-07-29 06:00:00,0.377,7.785
2019-07-29 07:00:00,0.453,8.361
2019-07-29 08:00:00,0.524,8.883
2019-07-29 09:00:00,0.596,9.423
2019-07-29 10:00:00,0.648,9.846
2019-07-29 11:00:00,0.675,10.072
2019-07-29 12:00:00,0.681,10.126
2019-07-29 13:00:00,0.679,10.111
2019-07-29 14:00:00,0.669,10.024
2019-07-29 15:00:00,0.679,10.112
2019-07-29 16:00:00,0.696,10.26
2019-07-29 17:00:00,0.707,10.349
2019-07-29 18:00:00,0.692,10.221
2019-07-29 19:00:00,0.681,10.129
2019-07-29 20:00:00,0.663,9.977
2019-07-29 21:00:00,0.622,9.633
2019-07-29 22:00:00,0.581,9.316
2019-07-29 23:00:00,0.518,8.84
2019-07-30 00:00:00,0.444,8.291
2019-07-30 01:00:00,0.386,7.854
2019-07-30 02:00:00,0.362,7.676
2019-07-30 03:00:00,0.345,7.546
2019-07-30 04:00:00,0.351,7.586
2019-07-30 05:00:00,0.401,7.971
2019-07-30 06:00:00,0.441,8.26
2019-07-30 07:00:00,0.476,8.525
2019-07-30 08:00:00,0.511,8.785
2019-07-30 09:00:00,0.53,8.929
2019-07-30 10:00:00,0.541,9.005
2019-07-30 11:00:00,0.554,9.111
2019-07-30 12:00:00,0.595,9.414
2019-07-30 13:00:00,0.647,9.835
2019-07-30 14:00:00,0.687,10.173
2019-07-30 15:00:00,0.716,10.45
2019-07-30 16:00:00,0.731,10.578
2019-07-30 17:00:00,0.737,10.646
2019-07-30 18:00:00,0.747,10.738
2019-07-30 19:00:00,0.76,10.872
2019-07-30 20:00:00,0.77,10.985
2019-07-30 21:00:00,0.771,11.0
2019-07-30 22:00:00,0.781,11.102
2019-07-30 23:00:00,0.795,11.26
2019-07-31 00:00:00,0.802,11.352
2019-07-31 01:00:00,0.786,11.164
2019-07-31 02:00:00,0.779,11.079
2019-07-31 03:00:00,0.781,11.105
2019-07-31 04:00:00,0.776,11.058
2019-07-31 05:00:00,0.766,10.946
2019-07-31 06:00:00,0.766,10.943
2019-07-31 07:00:00,0.759,10.867
2019-07-31 08:00:00,0.725,10.528
2019-07-31 09:00:00,0.676,10.078
2019-07-31 10:00:00,0.627,9.667
2019-07-31 11:00:00,0.588,9.369
2019-07-31 12:00:00,0.567,9.209
2019-07-31 13:00:00,0.551,9.085
2019-07-31 14:00:00,0.54,9.0
2019-07-31 15:00:00,0.516,8.823
2019-07-31 16:00:00,0.502,8.715
2019-07-31 17:00:00,0.487,8.607
2019-07-31 18:00:00,0.475,8.512
2019-07-31 19:00:00,0.465,8.45
2019-07-31 20:00:00,0.446,8.299
2019-07-31 21:00:00,0.435,8.229
2019-07-31 22:00:00,0.444,8.288
2019-07-31 23:00:00,0.454,8.369
2019-08-01 00:00:00,0.45,8.339
2019-08-01 01:00:00,0.44,8.257
2019-08-01 02:00:00,0.46,8.399
2019-08-01 03:00:00,0.497,8.676
2019-08-01 04:00:00,0.528,8.906
2019-08-01 05:00:00,0.542,9.02
2019-08-01 06:00:00,0.538,8.984
2019-08-01 07:00:00,0.533,8.951
2019-08-01 08:00:00,0.534,8.96
2019-08-01 09:00:00,0.548,9.056
2019-08-01 10:00:00,0.556,9.122
2019-08-01 11:00:00,0.564,9.171
2019-08-01 12:00:00,0.568,9.214
2019-08-01 13:00:00,0.577,9.279
2019-08-01 14:00:00,0.575,9.264
2019-08-01 15:00:00,0.567,9.208
2019-08-01 16:00:00,0.559,9.142
2019-08-01 17:00:00,0.549,9.069
2019-08-01 18:00:00,0.542,9.014
2019-08-01 19:00:00,0.53,8.923
2019-08-01 20:00:00,0.511,8.783
2019-08-01 21:00:00,0.484,8.575
2019-08-01 22:00:00,0.457,8.389
2019-08-01 23:00:00,0.441,8.265
2019-08-02 00:00:00,0.424,8.142
2019-08-02 01:00:00,0.423,8.134
2019-08-02 02:00:00,0.438,8.247
2019-08-02 03:00:00,0.447,8.314
2019-08-02 04:00:00,0.448,8.317
2019-08-02 05:00:00,0.441,8.259
2019-08-02 06:00:00,0.436,8.23
2019-08-02 07:00:00,0.446,8.298
2019-08-02 08:00:00,0.46,8.406
2019-08-02 09:00:00,0.469,8.476
2019-08-02 10:00:00,0.467,8.46
2019-08-02 11:00:00,0.464,8.437
2019-08-02 12:00:00,0.463,8.426
2019-08-02 13:00:00,0.455,8.372
2019-08-02 14:00:00,0.444,8.281
2019-08-02 15:00:00,0.429,8.183
2019-08-02 16:00:00,0.417,8.082
2019-08-02 17:00:00,0.394,7.916
2019-08-02 18:00:00,0.362,7.672
2019-08-02 19:00:00,0.328,7.402
2019-08-02 20:00:00,0.296,7.141
2019-08-02 21:00:00,0.274,6.958
2019-08-02 22:00:00,0.266,6.896
2019-08-02 23:00:00,0.27,6.932
2019-08-03 00:00:00,0.281,7.029
2019-08-03 01:00:00,0.3,7.182
2019-08-03 02:00:00,0.319,7.333
2019-08-03 03:00:00,0.327,7.393
2019-08-03 04:00:00,0.333,7.444
2019-08-03 05:00:00,0.328,7.409
2019-08-03 06:00:00,0.312,7.278
2019-08-03 07:00:00,0.292,7.116
2019-08-03 08:00:00,0.276,6.98
2019-08-03 09:00:00,0.27,6.926
2019-08-03 10:00:00,0.27,6.922
2019-08-03 11:00:00,0.268,6.913
2019-08-03 12:00:00,0.262,6.858
2019-08-03 13:00:00,0.247,6.725
2019-08-03 14:00:00,0.224,6.517
2019-08-03 15:00:00,0.19,6.176
2019-08-03 16:00:00,0.155,5.782
2019-08-03 17:00:00,0.127,5.452
2019-08-03 18:00:00,0.109,5.206
2019-08-03 19:00:00,0.094,4.989
2019-08-03 20:00:00,0.086,4.863
2019-08-03 21:00:00,0.088,4.899
2019-08-03 22:00:00,0.092,4.963
2019-08-03 23:00:00,0.096,5.021
2019-08-04 00:00:00,0.092,4.957
2019-08-04 01:00:00,0.08,4.765
2019-08-04 02:00:00,0.063,4.469
2019-08-04 03:00:00,0.051,4.221
2019-08-04 04:00:00,0.045,4.095
2019-08-04 05:00:00,0.044,4.068
2019-08-04 06:00:00,0.051,4.23
2019-08-04 07:00:00,0.071,4.61
2019-08-04 08:00:00,0.102,5.112
2019-08-04 09:00:00,0.138,5.581
2019-08-04 10:00:00,0.178,6.044
2019-08-04 11:00:00,0.229,6.558
2019-08-04 12:00:00,0.272,6.95
2019-08-04 13:00:00,0.294,7.131
2019-08-04 14:00:00,0.31,7.263
2019-08-04 15:00:00,0.328,7.411
2019-08-04 16:00:00,0.363,7.683
2019-08-04 17:00:00,0.413,8.066
2019-08-04 18:00:00,0.452,8.347
2019-08-04 19:00:00,0.488,8.614
2019-08-04 20:00:00,0.54,8.991
2019-08-04 21:00:00,0.596,9.425
2019-08-04 22:00:00,0.643,9.807
2019-08-04 23:00:00,0.669,10.025
2019-08-05 00:00:00,0.678,10.098
2019-08-05 01:00:00,0.699,10.284
2019-08-05 02:00:00,0.68,10.12
2019-08-05 03:00:00,0.668,10.019
2019-08-05 04:00:00,0.673,10.062
2019-08-05 05:00:00,0.677,10.082
2019-08-05 06:00:00,0.643,9.803
2019-08-05 07:00:00,0.557,9.128
2019-08-05 08:00:00,0.468,8.468
2019-08-05 09:00:00,0.438,8.243
2019-08-05 10:00:00,0.434,8.218
2019-08-05 11:00:00,0.446,8.309
2019-08-05 12:00:00,0.498,8.684
2019-08-05 13:00:00,0.536,8.976
2019-08-05 14:00:00,0.537,8.977
2019-08-05 15:00:00,0.499,8.691
2019-08-05 16:00:00,0.453,8.362
2019-08-05 17:00:00,0.417,8.093
2019-08-05 18:00:00,0.392,7.903
2019-08-05 19:00:00,0.378,7.799
2019-08-05 20:00:00,0.368,7.725
2019-08-05 21:00:00,0.383,7.836
2019-08-05 22:00:00,0.405,8.001
2019-08-05 23:00:00,0.419,8.102
2019-08-06 00:00:00,0.44,8.257
2019-08-06 01:00:00,0.465,8.442
2019-08-06 02:00:00,0.494,8.654
2019-08-06 03:00:00,0.505,8.737
2019-08-06 04:00:00,0.499,8.699
2019-08-06 05:00:00,0.516,8.823
2019-08-06 06:00:00,0.566,9.189
2019-08-06 07:00:00,0.642,9.798
2019-08-06 08:00:00,0.689,10.194
2019-08-06 09:00:00,0.716,10.449
2019-08-06 10:00:00,0.735,10.632
2019-08-06 11:00:00,0.738,10.647
2019-08-06 12:00:00,0.722,10.493
2019-08-06 13:00:00,0.698,10.277
2019-08-06 14:00:00,0.673,10.062
2019-08-06 15:00:00,0.685,10.151
2019-08-06 16:00:00,0.693,10.232
2019-08-06 17:00:00,0.696,10.259
2019-08-06 18:00:00,0.711,10.394
2019-08-06 19:00:00,0.729,10.572
2019-08-06 20:00:00,0.722,10.496
2019-08-06 21:00:00,0.679,10.102
2019-08-06 22:00:00,0.653,9.888
2019-08-06 23:00:00,0.649,9.854
2019-08-07 00:00:00,0.653,9.886
2019-08-07 01:00:00,0.658,9.93
2019-08-07 02:00:00,0.713,10.415
2019-08-07 03:00:00,0.763,10.9
2019-08-07 04:00:00,0.78,11.094
2019-08-07 05:00:00,0.791,11.229
2019-08-07 06:00:00,0.799,11.321
2019-08-07 07:00:00,0.806,11.4
2019-08-07 08:00:00,0.811,11.464
2019-08-07 09:00:00,0.813,11.486
2019-08-07 10:00:00,0.815,11.514
2019-08-07 11:00:00,0.814,11.504
2019-08-07 12:00:00,0.796,11.276
2019-08-07 13:00:00,0.767,10.962
2019-08-07 14:00:00,0.741,10.691
2019-08-07 15:00:00,0.728,10.561
2019-08-07 16:00:00,0.727,10.551
2019-08-07 17:00:00,0.738,10.655
2019-08-07 18:00:00,0.767,10.954
2019-08-07 19:00:00,0.806,11.4
2019-08-07 20:00:00,0.839,11.841
2019-08-07 21:00:00,0.853,12.056
2019-08-07 22:00:00,0.846,11.946
2019-08-07 23:00:00,0.822,11.607
2019-08-08 00:00:00,0.793,11.251
2019-08-08 01:00:00,0.782,11.115
2019-08-08 02:00:00,0.787,11.184
2019-08-08 03:00:00,0.791,11.227
2019-08-08 04:00:00,0.783,11.138
2019-08-08 05:00:00,0.763,10.908
2019-08-08 06:00:00,0.733,10.602
2019-08-08 07:00:00,0.702,10.312
2019-08-08 08:00:00,0.667,10.01
2019-08-08 09:00:00,0.647,9.832
2019-08-08 10:00:00,0.633,9.715
2019-08-08 11:00:00,0.617,9.595
2019-08-08 12:00:00,0.594,9.412
2019-08-08 13:00:00,0.554,9.106
2019-08-08 14:00:00,0.515,8.815
2019-08-08 15:00:00,0.476,8.523
2019-08-08 16:00:00,0.41,8.038
2019-08-08 17:00:00,0.333,7.449
2019-08-08 18:00:00,0.236,6.618
2019-08-08 19:00:00,0.167,5.93
2019-08-08 20:00:00,0.109,5.219
2019-08-08 21:00:00,0.058,4.364
2019-08-08 22:00:00,0.025,3.531
2019-08-08 23:00:00,0.012,2.977
2019-08-09 00:00:00,0.012,3.009
2019-08-09 01:00:00,0.036,3.863
2019-08-09 02:00:00,0.109,5.2
2019-08-09 03:00:00,0.21,6.371
2019-08-09 04:00:00,0.328,7.408
2019-08-09 05:00:00,0.494,8.65
2019-08-09 06:00:00,0.673,10.056
2019-08-09 07:00:00,0.827,11.677
2019-08-09 08:00:00,0.89,12.668
2019-08-09 09:00:00,0.914,13.202
2019-08-09 10:00:00,0.951,14.268
2019-08-09 11:00:00,0.977,15.523
2019-08-09 12:00:00,0.986,16.394
2019-08-09 13:00:00,0.986,16.469
2019-08-09 14:00:00,0.98,15.779
2019-08-09 15:00:00,0.96,14.608
2019-08-09 16:00:00,0.933,13.687
2019-08-09 17:00:00,0.903,12.942
2019-08-09 18:00:00,0.882,12.542
2019-08-09 19:00:00,0.904,12.966
2019-08-09 20:00:00,0.921,13.356
2019-08-09 21:00:00,0.905,12.999
2019-08-09 22:00:00,0.914,13.193
2019-08-09 23:00:00,0.917,13.26
2019-08-10 00:00:00,0.922,13.374
2019-08-10 01:00:00,0.917,13.271
2019-08-10 02:00:00,0.917,13.264
2019-08-10 03:00:00,0.937,13.783
2019-08-10 04:00:00,0.959,14.582
2019-08-10 05:00:00,0.966,14.87
2019-08-10 06:00:00,0.968,15.01
2019-08-10 07:00:00,0.971,15.171
2019-08-10 08:00:00,0.975,15.393
2019-08-10 09:00:00,0.977,15.514
2019-08-10 10:00:00,0.978,15.645
2019-08-10 11:00:00,0.98,15.805
2019-08-10 12:00:00,0.984,16.204
2019-08-10 13:00:00,0.986,16.469
2019-08-10 14:00:00,0.988,16.674
2019-08-10 15:00:00,0.988,16.724
2019-08-10 16:00:00,0.984,16.217
2019-08-10 17:00:00,0.986,16.438
2019-08-10 18:00:00,0.989,17.089
2019-08-10 19:00:00,0.986,18.226
2019-08-10 20:00:00,0.984,18.428
2019-08-10 21:00:00,0.984,18.41
2019-08-10 22:00:00,0.988,17.916
2019-08-10 23:00:00,0.989,17.492
2019-08-11 00:00:00,0.989,17.298
2019-08-11 01:00:00,0.989,17.178
2019-08-11 02:00:00,0.988,16.884
2019-08-11 03:00:00,0.984,16.199
2019-08-11 04:00:00,0.977,15.525
2019-08-11 05:00:00,0.969,15.049
2019-08-11 06:00:00,0.961,14.645
2019-08-11 07:00:00,0.948,14.159
2019-08-11 08:00:00,0.937,13.798
2019-08-11 09:00:00,0.924,13.434
2019-08-11 10:00:00,0.906,13.018
2019-08-11 11:00:00,0.881,12.523
2019-08-11 12:00:00,0.843,11.905
2019-08-11 13:00:00,0.786,11.168
2019-08-11 14:00:00,0.728,10.562
2019-08-11 15:00:00,0.66,9.937
2019-08-11 16:00:00,0.576,9.275
2019-08-11 17:00:00,0.503,8.729
2019-08-11 18:00:00,0.453,8.352
2019-08-11 19:00:00,0.419,8.102
2019-08-11 20:00:00,0.409,8.027
2019-08-11 21:00:00,0.422,8.125
2019-08-11 22:00:00,0.446,8.3
2019-08-11 23:00:00,0.46,8.401
2019-08-12 00:00:00,0.438,8.249
2019-08-12 01:00:00,0.374,7.772
2019-08-12 02:00:00,0.311,7.274
2019-08-12 03:00:00,0.278,6.993
2019-08-12 04:00:00,0.285,7.057
2019-08-12 05:00:00,0.327,7.395
2019-08-12 06:00:00,0.383,7.841
2019-08-12 07:00:00,0.438,8.238
2019-08-12 08:00:00,0.453,8.361
2019-08-12 09:00:00,0.433,8.213
2019-08-12 10:00:00,0.392,7.906
2019-08-12 11:00:00,0.342,7.522
2019-08-12 12:00:00,0.299,7.178
2019-08-12 13:00:00,0.274,6.963
2019-08-12 14:00:00,0.253,6.783
2019-08-12 15:00:00,0.238,6.65
2019-08-12 16:00:00,0.226,6.531
2019-08-12 17:00:00,0.217,6.449
2019-08-12 18:00:00,0.208,6.36
2019-08-12 19:00:00,0.196,6.234
2019-08-12 20:00:00,0.185,6.124
2019-08-12 21:00:00,0.183,6.101
2019-08-12 22:00:00,0.189,6.162
2019-08-12 23:00:00,0.19,6.179
2019-08-13 00:00:00,0.188,6.159
2019-08-13 01:00:00,0.19,6.179
2019-08-13 02:00:00,0.195,6.226
2019-08-13 03:00:00,0.197,6.237
2019-08-13 04:00:00,0.188,6.155
2019-08-13 05:00:00,0.181,6.079
2019-08-13 06:00:00,0.177,6.037
2019-08-13 07:00:00,0.179,6.055
2019-08-13 08:00:00,0.186,6.136
2019-08-13 09:00:00,0.217,6.445
2019-08-13 10:00:00,0.278,6.991
2019-08-13 11:00:00,0.341,7.509
2019-08-13 12:00:00,0.379,7.805
2019-08-13 13:00:00,0.395,7.93
2019-08-13 14:00:00,0.42,8.111
2019-08-13 15:00:00,0.463,8.426
2019-08-13 16:00:00,0.503,8.729
2019-08-13 17:00:00,0.502,8.717
2019-08-13 18:00:00,0.465,8.446
2019-08-13 19:00:00,0.419,8.103
2019-08-13 20:00:00,0.394,7.916
2019-08-13 21:00:00,0.385,7.846
2019-08-13 22:00:00,0.371,7.741
2019-08-13 23:00:00,0.373,7.756
2019-08-14 00:00:00,0.386,7.858
2019-08-14 01:00:00,0.383,7.841
2019-08-14 02:00:00,0.351,7.58
2019-08-14 03:00:00,0.292,7.115
2019-08-14 04:00:00,0.242,6.68
2019-08-14 05:00:00,0.212,6.396
2019-08-14 06:00:00,0.198,6.254
2019-08-14 07:00:00,0.197,6.252
2019-08-14 08:00:00,0.217,6.444
2019-08-14 09:00:00,0.268,6.912
2019-08-14 10:00:00,0.324,7.38
2019-08-14 11:00:00,0.357,7.633
2019-08-14 12:00:00,0.397,7.945
2019-08-14 13:00:00,0.478,8.536
2019-08-14 14:00:00,0.562,9.162
2019-08-14 15:00:00,0.609,9.529
2019-08-14 16:00:00,0.63,9.695
2019-08-14 17:00:00,0.643,9.803
2019-08-14 18:00:00,0.658,9.926
2019-08-14 19:00:00,0.663,9.969
2019-08-14 20:00:00,0.664,9.98
2019-08-14 21:00:00,0.652,9.88
2019-08-14 22:00:00,0.623,9.639
2019-08-14 23:00:00,0.564,9.177
2019-08-15 00:00:00,0.472,8.497
2019-08-15 01:00:00,0.383,7.831
2019-08-15 02:00:00,0.313,7.295
2019-08-15 03:00:00,0.296,7.144
2019-08-15 04:00:00,0.396,7.939
2019-08-15 05:00:00,0.586,9.355
2019-08-15 06:00:00,0.75,10.781
2019-08-15 07:00:00,0.822,11.614
2019-08-15 08:00:00,0.837,11.813
2019-08-15 09:00:00,0.825,11.646
2019-08-15 10:00:00,0.819,11.567
2019-08-15 11:00:00,0.83,11.72
2019-08-15 12:00:00,0.842,11.886
2019-08-15 13:00:00,0.845,11.932
2019-08-15 14:00:00,0.853,12.047
2019-08-15 15:00:00,0.861,12.179
2019-08-15 16:00:00,0.893,12.735
2019-08-15 17:00:00,0.919,13.318
2019-08-15 18:00:00,0.899,12.868
2019-08-15 19:00:00,0.795,11.272
2019-08-15 20:00:00,0.608,9.522
2019-08-15 21:00:00,0.339,7.494
2019-08-15 22:00:00,0.149,5.729
2019-08-15 23:00:00,0.092,4.961
2019-08-16 00:00:00,0.13,5.495
2019-08-16 01:00:00,0.231,6.575
2019-08-16 02:00:00,0.347,7.563
2019-08-16 03:00:00,0.431,8.201
2019-08-16 04:00:00,0.472,8.496
2019-08-16 05:00:00,0.476,8.523
2019-08-16 06:00:00,0.533,8.952
2019-08-16 07:00:00,0.647,9.839
2019-08-16 08:00:00,0.771,10.99
2019-08-16 09:00:00,0.852,12.03
2019-08-16 10:00:00,0.891,12.7
2019-08-16 11:00:00,0.919,13.302
2019-08-16 12:00:00,0.936,13.774
2019-08-16 13:00:00,0.954,14.378
2019-08-16 14:00:00,0.964,14.772
2019-08-16 15:00:00,0.97,15.114
2019-08-16 16:00:00,0.981,15.844
2019-08-16 17:00:00,0.988,16.738
2019-08-16 18:00:00,0.989,17.171
2019-08-16 19:00:00,0.989,17.109
2019-08-16 20:00:00,0.989,16.969
2019-08-16 21:00:00,0.988,16.853
2019-08-16 22:00:00,0.986,16.465
2019-08-16 23:00:00,0.978,15.626
2019-08-17 00:00:00,0.956,14.429
2019-08-17 01:00:00,0.93,13.583
2019-08-17 02:00:00,0.898,12.831
2019-08-17 03:00:00,0.876,12.416
2019-08-17 04:00:00,0.878,12.456
2019-08-17 05:00:00,0.903,12.943
2019-08-17 06:00:00,0.906,13.004
2019-08-17 07:00:00,0.906,13.02
2019-08-17 08:00:00,0.914,13.19
2019-08-17 09:00:00,0.917,13.252
2019-08-17 10:00:00,0.91,13.105
2019-08-17 11:00:00,0.884,12.572
2019-08-17 12:00:00,0.837,11.816
2019-08-17 13:00:00,0.771,10.994
2019-08-17 14:00:00,0.712,10.4
2019-08-17 15:00:00,0.668,10.013
2019-08-17 16:00:00,0.625,9.661
2019-08-17 17:00:00,0.59,9.386
2019-08-17 18:00:00,0.608,9.51
2019-08-17 19:00:00,0.636,9.739
2019-08-17 20:00:00,0.647,9.83
2019-08-17 21:00:00,0.656,9.905
2019-08-17 22:00:00,0.673,10.056
2019-08-17 23:00:00,0.689,10.187
2019-08-18 00:00:00,0.679,10.113
2019-08-18 01:00:00,0.679,10.104
2019-08-18 02:00:00,0.699,10.291
2019-08-18 03:00:00,0.738,10.647
2019-08-18 04:00:00,0.753,10.807
2019-08-18 05:00:00,0.757,10.844
2019-08-18 06:00:00,0.75,10.778
2019-08-18 07:00:00,0.749,10.758
2019-08-18 08:00:00,0.756,10.84
2019-08-18 09:00:00,0.783,11.136
2019-08-18 10:00:00,0.816,11.524
2019-08-18 11:00:00,0.847,11.957
2019-08-18 12:00:00,0.885,12.583
2019-08-18 13:00:00,0.906,13.012
2019-08-18 14:00:00,0.904,12.963
2019-08-18 15:00:00,0.902,12.926
2019-08-18 16:00:00,0.893,12.749
2019-08-18 17:00:00,0.881,12.511
2019-08-18 18:00:00,0.877,12.449
2019-08-18 19:00:00,0.884,12.573
2019-08-18 20:00:00,0.91,13.097
2019-08-18 21:00:00,0.932,13.657
2019-08-18 22:00:00,0.945,14.038
2019-08-18 23:00:00,0.941,13.918
2019-08-19 00:00:00,0.919,13.319
2019-08-19 01:00:00,0.886,12.6
2019-08-19 02:00:00,0.851,12.011
2019-08-19 03:00:00,0.815,11.52
2019-08-19 04:00:00,0.796,11.277
2019-08-19 05:00:00,0.804,11.384
2019-08-19 06:00:00,0.834,11.761
2019-08-19 07:00:00,0.861,12.182
2019-08-19 08:00:00,0.875,12.414
2019-08-19 09:00:00,0.872,12.356
2019-08-19 10:00:00,0.863,12.204
2019-08-19 11:00:00,0.852,12.026
2019-08-19 12:00:00,0.833,11.753
2019-08-19 13:00:00,0.793,11.249
2019-08-19 14:00:00,0.729,10.572
2019-08-19 15:00:00,0.694,10.246
2019-08-19 16:00:00,0.684,10.146
2019-08-19 17:00:00,0.673,10.056
2019-08-19 18:00:00,0.69,10.203
2019-08-19 19:00:00,0.722,10.49
2019-08-19 20:00:00,0.755,10.826
2019-08-19 21:00:00,0.809,11.45
2019-08-19 22:00:00,0.839,11.841
2019-08-19 23:00:00,0.846,11.944
2019-08-20 00:00:00,0.826,11.651
2019-08-20 01:00:00,0.78,11.093
2019-08-20 02:00:00,0.728,10.555
2019-08-20 03:00:00,0.689,10.19
2019-08-20 04:00:00,0.665,9.994
2019-08-20 05:00:00,0.661,9.951
2019-08-20 06:00:00,0.665,9.992
2019-08-20 07:00:00,0.664,9.983
2019-08-20 08:00:00,0.642,9.794
2019-08-20 09:00:00,0.593,9.398
2019-08-20 10:00:00,0.523,8.875
2019-08-20 11:00:00,0.449,8.322
2019-08-20 12:00:00,0.374,7.759
2019-08-20 13:00:00,0.303,7.208
2019-08-20 14:00:00,0.244,6.696
2019-08-20 15:00:00,0.198,6.256
2019-08-20 16:00:00,0.148,5.712
2019-08-20 17:00:00,0.094,4.985
2019-08-20 18:00:00,0.053,4.263
2019-08-20 19:00:00,0.05,4.206
2019-08-20 20:00:00,0.076,4.703
2019-08-20 21:00:00,0.118,5.331
2019-08-20 22:00:00,0.163,5.885
2019-08-20 23:00:00,0.197,6.246
2019-08-21 00:00:00,0.219,6.463
2019-08-21 01:00:00,0.231,6.578
2019-08-21 02:00:00,0.237,6.634
2019-08-21 03:00:00,0.227,6.543
2019-08-21 04:00:00,0.219,6.462
2019-08-21 05:00:00,0.224,6.512
2019-08-21 06:00:00,0.251,6.754
2019-08-21 07:00:00,0.31,7.264
2019-08-21 08:00:00,0.392,7.906
2019-08-21 09:00:00,0.471,8.486
2019-08-21 10:00:00,0.528,8.904
2019-08-21 11:00:00,0.57,9.225
2019-08-21 12:00:00,0.596,9.43
2019-08-21 13:00:00,0.605,9.498
2019-08-21 14:00:00,0.612,9.554
2019-08-21 15:00:00,0.636,9.751
2019-08-21 16:00:00,0.679,10.108
2019-08-21 17:00:00,0.722,10.503
2019-08-21 18:00:00,0.779,11.08
2019-08-21 19:00:00,0.816,11.525
2019-08-21 20:00:00,0.86,12.158
2019-08-21 21:00:00,0.873,12.37
2019-08-21 22:00:00,0.864,12.231
2019-08-21 23:00:00,0.842,11.884
2019-08-22 00:00:00,0.824,11.639
2019-08-22 01:00:00,0.832,11.743
2019-08-22 02:00:00,0.864,12.233
2019-08-22 03:00:00,0.893,12.735
2019-08-22 04:00:00,0.913,13.162
2019-08-22 05:00:00,0.932,13.644
2019-08-22 06:00:00,0.946,14.075
2019-08-22 07:00:00,0.945,14.047
2019-08-22 08:00:00,0.928,13.548
2019-08-22 09:00:00,0.903,12.935
2019-08-22 10:00:00,0.883,12.548
2019-08-22 11:00:00,0.867,12.284
2019-08-22 12:00:00,0.853,12.046
2019-08-22 13:00:00,0.845,11.932
2019-08-22 14:00:00,0.841,11.873
2019-08-22 15:00:00,0.843,11.894
2019-08-22 16:00:00,0.861,12.175
2019-08-22 17:00:00,0.893,12.733
2019-08-22 18:00:00,0.901,12.895
2019-08-22 19:00:00,0.893,12.749
2019-08-22 20:00:00,0.887,12.635
2019-08-22 21:00:00,0.895,12.779
2019-08-22 22:00:00,0.905,12.999
2019-08-22 23:00:00,0.911,13.116
2019-08-23 00:00:00,0.906,13.01
2019-08-23 01:00:00,0.893,12.736
2019-08-23 02:00:00,0.873,12.383
2019-08-23 03:00:00,0.843,11.893
2019-08-23 04:00:00,0.792,11.233
2019-08-23 05:00:00,0.733,10.604
2019-08-23 06:00:00,0.685,10.153
2019-08-23 07:00:00,0.649,9.859
2019-08-23 08:00:00,0.625,9.65
2019-08-23 09:00:00,0.609,9.534
2019-08-23 10:00:00,0.596,9.43
2019-08-23 11:00:00,0.582,9.319
2019-08-23 12:00:00,0.572,9.235
2019-08-23 13:00:00,0.554,9.111
2019-08-23 14:00:00,0.532,8.945
2019-08-23 15:00:00,0.515,8.818
2019-08-23 16:00:00,0.512,8.792
2019-08-23 17:00:00,0.515,8.817
2019-08-23 18:00:00,0.523,8.876
2019-08-23 19:00:00,0.548,9.056
2019-08-23 20:00:00,0.587,9.361
2019-08-23 21:00:00,0.615,9.576
2019-08-23 22:00:00,0.628,9.681
2019-08-23 23:00:00,0.633,9.713
2019-08-24 00:00:00,0.633,9.716
2019-08-24 01:00:00,0.629,9.684
2019-08-24 02:00:00,0.625,9.649
2019-08-24 03:00:00,0.625,9.653
2019-08-24 04:00:00,0.622,9.635
2019-08-24 05:00:00,0.612,9.556
2019-08-24 06:00:00,0.605,9.49
2019-08-24 07:00:00,0.608,9.511
2019-08-24 08:00:00,0.616,9.582
2019-08-24 09:00:00,0.623,9.642
2019-08-24 10:00:00,0.628,9.679
2019-08-24 11:00:00,0.621,9.625
2019-08-24 12:00:00,0.602,9.473
2019-08-24 13:00:00,0.581,9.31
2019-08-24 14:00:00,0.569,9.218
2019-08-24 15:00:00,0.554,9.108
2019-08-24 16:00:00,0.526,8.895
2019-08-24 17:00:00,0.486,8.604
2019-08-24 18:00:00,0.453,8.356
2019-08-24 19:00:00,0.444,8.292
2019-08-24 20:00:00,0.451,8.341
2019-08-24 21:00:00,0.45,8.327
2019-08-24 22:00:00,0.427,8.164
2019-08-24 23:00:00,0.389,7.882
2019-08-25 00:00:00,0.342,7.515
2019-08-25 01:00:00,0.296,7.144
2019-08-25 02:00:00,0.256,6.813
2019-08-25 03:00:00,0.229,6.563
2019-08-25 04:00:00,0.21,6.375
2019-08-25 05:00:00,0.199,6.263
2019-08-25 06:00:00,0.203,6.31
2019-08-25 07:00:00,0.221,6.48
2019-08-25 08:00:00,0.242,6.681
2019-08-25 09:00:00,0.267,6.903
2019-08-25 10:00:00,0.291,7.104
2019-08-25 11:00:00,0.296,7.143
2019-08-25 12:00:00,0.288,7.076
2019-08-25 13:00:00,0.286,7.07
2019-08-25 14:00:00,0.293,7.125
2019-08-25 15:00:00,0.309,7.254
2019-08-25 16:00:00,0.356,7.629
2019-08-25 17:00:00,0.436,8.233
2019-08-25 18:00:00,0.53,8.918
2019-08-25 19:00:00,0.601,9.465
2019-08-25 20:00:00,0.632,9.709
2019-08-25 21:00:00,0.625,9.647
2019-08-25 22:00:00,0.602,9.479
2019-08-25 23:00:00,0.581,9.314
2019-08-26 00:00:00,0.555,9.114
2019-08-26 01:00:00,0.523,8.872
2019-08-26 02:00:00,0.494,8.659
2019-08-26 03:00:00,0.482,8.566
2019-08-26 04:00:00,0.48,8.556
2019-08-26 05:00:00,0.485,8.594
2019-08-26 06:00:00,0.504,8.732
2019-08-26 07:00:00,0.532,8.943
2019-08-26 08:00:00,0.561,9.153
2019-08-26 09:00:00,0.584,9.337
2019-08-26 10:00:00,0.605,9.493
2019-08-26 11:00:00,0.614,9.57
2019-08-26 12:00:00,0.609,9.531
2019-08-26 13:00:00,0.592,9.395
2019-08-26 14:00:00,0.57,9.231
2019-08-26 15:00:00,0.562,9.163
2019-08-26 16:00:00,0.565,9.185
2019-08-26 17:00:00,0.575,9.262
2019-08-26 18:00:00,0.587,9.357
2019-08-26 19:00:00,0.596,9.428
2019-08-26 20:00:00,0.601,9.461
2019-08-26 21:00:00,0.595,9.415
2019-08-26 22:00:00,0.583,9.325
2019-08-26 23:00:00,0.573,9.251
2019-08-27 00:00:00,0.562,9.165
2019-08-27 01:00:00,0.545,9.039
2019-08-27 02:00:00,0.522,8.869
2019-08-27 03:00:00,0.491,8.639
2019-08-27 04:00:00,0.454,8.37
2019-08-27 05:00:00,0.425,8.147
2019-08-27 06:00:00,0.407,8.019
2019-08-27 07:00:00,0.398,7.952
2019-08-27 08:00:00,0.395,7.928
2019-08-27 09:00:00,0.387,7.865
2019-08-27 10:00:00,0.388,7.87
2019-08-27 11:00:00,0.422,8.122
2019-08-27 12:00:00,0.482,8.565
2019-08-27 13:00:00,0.54,8.994
2019-08-27 14:00:00,0.575,9.262
2019-08-27 15:00:00,0.579,9.299
2019-08-27 16:00:00,0.557,9.127
2019-08-27 17:00:00,0.528,8.908
2019-08-27 18:00:00,0.511,8.786
2019-08-27 19:00:00,0.511,8.783
2019-08-27 20:00:00,0.522,8.867
2019-08-27 21:00:00,0.54,9.0
2019-08-27 22:00:00,0.55,9.074
2019-08-27 23:00:00,0.54,9.0
2019-08-28 00:00:00,0.523,8.875
2019-08-28 01:00:00,0.502,8.722
2019-08-28 02:00:00,0.469,8.48
2019-08-28 03:00:00,0.395,7.922
2019-08-28 04:00:00,0.285,7.063
2019-08-28 05:00:00,0.206,6.34
2019-08-28 06:00:00,0.189,6.165
2019-08-28 07:00:00,0.222,6.495
2019-08-28 08:00:00,0.252,6.772
2019-08-28 09:00:00,0.208,6.349
2019-08-28 10:00:00,0.148,5.719
2019-08-28 11:00:00,0.173,5.997
2019-08-28 12:00:00,0.28,7.008
2019-08-28 13:00:00,0.397,7.943
2019-08-28 14:00:00,0.46,8.399
2019-08-28 15:00:00,0.464,8.436
2019-08-28 16:00:00,0.458,8.394
2019-08-28 17:00:00,0.455,8.374
2019-08-28 18:00:00,0.45,8.33
2019-08-28 19:00:00,0.471,8.486
2019-08-28 20:00:00,0.497,8.683
2019-08-28 21:00:00,0.514,8.799
2019-08-28 22:00:00,0.467,8.463
2019-08-28 23:00:00,0.44,8.256
2019-08-29 00:00:00,0.472,8.493
2019-08-29 01:00:00,0.474,8.508
2019-08-29 02:00:00,0.431,8.194
2019-08-29 03:00:00,0.362,7.666
2019-08-29 04:00:00,0.317,7.322
2019-08-29 05:00:00,0.295,7.137
2019-08-29 06:00:00,0.302,7.203
2019-08-29 07:00:00,0.321,7.352
2019-08-29 08:00:00,0.389,7.883
2019-08-29 09:00:00,0.478,8.539
2019-08-29 10:00:00,0.601,9.462
2019-08-29 11:00:00,0.714,10.427
2019-08-29 12:00:00,0.806,11.402
2019-08-29 13:00:00,0.857,12.118
2019-08-29 14:00:00,0.881,12.525
2019-08-29 15:00:00,0.89,12.695
2019-08-29 16:00:00,0.894,12.773
2019-08-29 17:00:00,0.89,12.687
2019-08-29 18:00:00,0.874,12.393
2019-08-29 19:00:00,0.849,11.983
2019-08-29 20:00:00,0.842,11.883
2019-08-29 21:00:00,0.858,12.133
2019-08-29 22:00:00,0.858,12.135
2019-08-29 23:00:00,0.892,12.729
2019-08-30 00:00:00,0.91,13.107
2019-08-30 01:00:00,0.914,13.176
2019-08-30 02:00:00,0.924,13.431
2019-08-30 03:00:00,0.921,13.344
2019-08-30 04:00:00,0.917,13.273
2019-08-30 05:00:00,0.914,13.183
2019-08-30 06:00:00,0.907,13.03
2019-08-30 07:00:00,0.91,13.08
2019-08-30 08:00:00,0.915,13.217
2019-08-30 09:00:00,0.923,13.403
2019-08-30 10:00:00,0.938,13.824
2019-08-30 11:00:00,0.953,14.318
2019-08-30 12:00:00,0.959,14.556
2019-08-30 13:00:00,0.949,14.173
2019-08-30 14:00:00,0.943,13.982
2019-08-30 15:00:00,0.934,13.706
2019-08-30 16:00:00,0.921,13.358
2019-08-30 17:00:00,0.901,12.91
2019-08-30 18:00:00,0.889,12.66
2019-08-30 19:00:00,0.882,12.544
2019-08-30 20:00:00,0.872,12.354
2019-08-30 21:00:00,0.853,12.058
2019-08-30 22:00:00,0.831,11.73
2019-08-30 23:00:00,0.815,11.51
2019-08-31 00:00:00,0.799,11.319
2019-08-31 01:00:00,0.795,11.263
2019-08-31 02:00:00,0.787,11.178
2019-08-31 03:00:00,0.781,11.111
2019-08-31 04:00:00,0.79,11.218
2019-08-31 05:00:00,0.826,11.656
2019-08-31 06:00:00,0.865,12.246
2019-08-31 07:00:00,0.914,13.179
2019-08-31 08:00:00,0.933,13.676
2019-08-31 09:00:00,0.951,14.263
2019-08-31 10:00:00,0.962,14.682
2019-08-31 11:00:00,0.968,15.009
2019-08-31 12:00:00,0.971,15.146
2019-08-31 13:00:00,0.965,14.818
2019-08-31 14:00:00,0.951,14.266
2019-08-31 15:00:00,0.936,13.741
2019-08-31 16:00:00,0.907,13.036
2019-08-31 17:00:00,0.855,12.079
2019-08-31 18:00:00,0.805,11.39
2019-08-31 19:00:00,0.804,11.38
2019-08-31 20:00:00,0.802,11.362
2019-08-31 21:00:00,0.785,11.158
2019-08-31 22:00:00,0.756,10.829
2019-08-31 23:00:00,0.733,10.611
2019-09-01 00:00:00,0.741,10.684
2019-09-01 01:00:00,0.758,10.86
2019-09-01 02:00:00,0.774,11.037
2019-09-01 03:00:00,0.777,11.065
2019-09-01 04:00:00,0.763,10.914
2019-09-01 05:00:00,0.751,10.787
2019-09-01 06:00:00,0.747,10.75
2019-09-01 07:00:00,0.749,10.768
2019-09-01 08:00:00,0.745,10.73
2019-09-01 09:00:00,0.742,10.693
2019-09-01 10:00:00,0.749,10.766
2019-09-01 11:00:00,0.755,10.826
2019-09-01 12:00:00,0.747,10.745
2019-09-01 13:00:00,0.73,10.576
2019-09-01 14:00:00,0.698,10.276
2019-09-01 15:00:00,0.656,9.902
2019-09-01 16:00:00,0.605,9.495
2019-09-01 17:00:00,0.565,9.187
2019-09-01 18:00:00,0.545,9.037
2019-09-01 19:00:00,0.515,8.82
2019-09-01 20:00:00,0.484,8.576
2019-09-01 21:00:00,0.46,8.411
2019-09-01 22:00:00,0.444,8.29
2019-09-01 23:00:00,0.417,8.082
2019-09-02 00:00:00,0.382,7.826
2019-09-02 01:00:00,0.349,7.572
2019-09-02 02:00:00,0.328,7.407
2019-09-02 03:00:00,0.344,7.536
2019-09-02 04:00:00,0.308,7.244
2019-09-02 05:00:00,0.285,7.057
2019-09-02 06:00:00,0.289,7.085
2019-09-02 07:00:00,0.31,7.265
2019-09-02 08:00:00,0.368,7.721
2019-09-02 09:00:00,0.441,8.26
2019-09-02 10:00:00,0.555,9.112
2019-09-02 11:00:00,0.681,10.127
2019-09-02 12:00:00,0.76,10.869
2019-09-02 13:00:00,0.822,11.602
2019-09-02 14:00:00,0.867,12.268
2019-09-02 15:00:00,0.898,12.846
2019-09-02 16:00:00,0.939,13.836
2019-09-02 17:00:00,0.969,15.031
2019-09-02 18:00:00,0.981,15.83
2019-09-02 19:00:00,0.985,16.244
2019-09-02 20:00:00,0.986,16.382
2019-09-02 21:00:00,0.985,16.324
2019-09-02 22:00:00,0.984,16.179
2019-09-02 23:00:00,0.983,16.065
2019-09-03 00:00:00,0.98,15.775
2019-09-03 01:00:00,0.973,15.25
2019-09-03 02:00:00,0.96,14.631
2019-09-03 03:00:00,0.942,13.931
2019-09-03 04:00:00,0.904,12.968
2019-09-03 05:00:00,0.845,11.924
2019-09-03 06:00:00,0.758,10.856
2019-09-03 07:00:00,0.631,9.702
2019-09-03 08:00:00,0.493,8.648
2019-09-03 09:00:00,0.386,7.862
2019-09-03 10:00:00,0.339,7.497
2019-09-03 11:00:00,0.34,7.501
2019-09-03 12:00:00,0.374,7.762
2019-09-03 13:00:00,0.411,8.045
2019-09-03 14:00:00,0.441,8.265
2019-09-03 15:00:00,0.49,8.632
2019-09-03 16:00:00,0.569,9.221
2019-09-03 17:00:00,0.668,10.019
2019-09-03 18:00:00,0.756,10.837
2019-09-03 19:00:00,0.811,11.465
2019-09-03 20:00:00,0.847,11.969
2019-09-03 21:00:00,0.862,12.186
2019-09-03 22:00:00,0.85,12.003
2019-09-03 23:00:00,0.84,11.859
2019-09-04 00:00:00,0.817,11.551
2019-09-04 01:00:00,0.83,11.714
2019-09-04 02:00:00,0.844,11.911
2019-09-04 03:00:00,0.845,11.92
2019-09-04 04:00:00,0.848,11.974
2019-09-04 05:00:00,0.857,12.118
2019-09-04 06:00:00,0.834,11.775
2019-09-04 07:00:00,0.882,12.545
2019-09-04 08:00:00,0.925,13.464
2019-09-04 09:00:00,0.89,12.676
2019-09-04 10:00:00,0.832,11.751
2019-09-04 11:00:00,0.819,11.572
2019-09-04 12:00:00,0.793,11.25
2019-09-04 13:00:00,0.745,10.729
2019-09-04 14:00:00,0.724,10.517
2019-09-04 15:00:00,0.749,10.761
2019-09-04 16:00:00,0.766,10.951
2019-09-04 17:00:00,0.747,10.751
2019-09-04 18:00:00,0.621,9.63
2019-09-04 19:00:00,0.477,8.53
2019-09-04 20:00:00,0.731,10.586
2019-09-04 21:00:00,0.935,13.739
2019-09-04 22:00:00,0.978,15.595
2019-09-04 23:00:00,0.986,16.485
2019-09-05 00:00:00,0.989,17.113
2019-09-05 01:00:00,0.988,17.755
2019-09-05 02:00:00,0.984,18.374
2019-09-05 03:00:00,0.981,18.653
2019-09-05 04:00:00,0.984,18.421
2019-09-05 05:00:00,0.988,17.839
2019-09-05 06:00:00,0.989,17.289
2019-09-05 07:00:00,0.989,16.946
2019-09-05 08:00:00,0.986,16.47
2019-09-05 09:00:00,0.98,15.753
2019-09-05 10:00:00,0.964,14.775
2019-09-05 11:00:00,0.935,13.727
2019-09-05 12:00:00,0.897,12.824
2019-09-05 13:00:00,0.864,12.222
2019-09-05 14:00:00,0.841,11.872
2019-09-05 15:00:00,0.827,11.672
2019-09-05 16:00:00,0.822,11.601
2019-09-05 17:00:00,0.815,11.514
2019-09-05 18:00:00,0.763,10.913
2019-09-05 19:00:00,0.669,10.022
2019-09-05 20:00:00,0.685,10.15
2019-09-05 21:00:00,0.806,11.404
2019-09-05 22:00:00,0.869,12.303
2019-09-05 23:00:00,0.863,12.202
2019-09-06 00:00:00,0.847,11.969
2019-09-06 01:00:00,0.861,12.182
2019-09-06 02:00:00,0.902,12.932
2019-09-06 03:00:00,0.937,13.79
2019-09-06 04:00:00,0.969,15.028
2019-09-06 05:00:00,0.986,16.363
2019-09-06 06:00:00,0.989,17.265
2019-09-06 07:00:00,0.989,17.106
2019-09-06 08:00:00,0.986,16.387
2019-09-06 09:00:00,0.98,15.746
2019-09-06 10:00:00,0.965,14.83
2019-09-06 11:00:00,0.934,13.715
2019-09-06 12:00:00,0.903,12.952
2019-09-06 13:00:00,0.875,12.407
2019-09-06 14:00:00,0.848,11.98
2019-09-06 15:00:00,0.821,11.592
2019-09-06 16:00:00,0.781,11.098
2019-09-06 17:00:00,0.74,10.674
2019-09-06 18:00:00,0.717,10.459
2019-09-06 19:00:00,0.712,10.404
2019-09-06 20:00:00,0.695,10.248
2019-09-06 21:00:00,0.674,10.063
2019-09-06 22:00:00,0.667,10.009
2019-09-06 23:00:00,0.687,10.174
2019-09-07 00:00:00,0.74,10.681
2019-09-07 01:00:00,0.801,11.331
2019-09-07 02:00:00,0.847,11.965
2019-09-07 03:00:00,0.887,12.636
2019-09-07 04:00:00,0.918,13.294
2019-09-07 05:00:00,0.936,13.768
2019-09-07 06:00:00,0.939,13.853
2019-09-07 07:00:00,0.939,13.866
2019-09-07 08:00:00,0.937,13.79
2019-09-07 09:00:00,0.919,13.316
2019-09-07 10:00:00,0.897,12.822
2019-09-07 11:00:00,0.875,12.406
2019-09-07 12:00:00,0.857,12.118
2019-09-07 13:00:00,0.851,12.012
2019-09-07 14:00:00,0.856,12.099
2019-09-07 15:00:00,0.869,12.309
2019-09-07 16:00:00,0.881,12.519
2019-09-07 17:00:00,0.887,12.635
2019-09-07 18:00:00,0.887,12.62
2019-09-07 19:00:00,0.874,12.39
2019-09-07 20:00:00,0.849,11.989
2019-09-07 21:00:00,0.803,11.368
2019-09-07 22:00:00,0.754,10.821
2019-09-07 23:00:00,0.702,10.314
2019-09-08 00:00:00,0.651,9.875
2019-09-08 01:00:00,0.619,9.612
2019-09-08 02:00:00,0.602,9.479
2019-09-08 03:00:00,0.582,9.319
2019-09-08 04:00:00,0.557,9.13
2019-09-08 05:00:00,0.533,8.952
2019-09-08 06:00:00,0.481,8.562
2019-09-08 07:00:00,0.411,8.045
2019-09-08 08:00:00,0.324,7.382
2019-09-08 09:00:00,0.278,7.0
2019-09-08 10:00:00,0.236,6.63
2019-09-08 11:00:00,0.196,6.234
2019-09-08 12:00:00,0.174,6.006
2019-09-08 13:00:00,0.165,5.912
2019-09-08 14:00:00,0.157,5.822
2019-09-08 15:00:00,0.148,5.718
2019-09-08 16:00:00,0.14,5.616
2019-09-08 17:00:00,0.123,5.402
2019-09-08 18:00:00,0.1,5.089
2019-09-08 19:00:00,0.065,4.511
2019-09-08 20:00:00,0.031,3.699
2019-09-08 21:00:00,0.011,2.94
2019-09-08 22:00:00,0.004,2.37
2019-09-08 23:00:00,0.001,2.003
2019-09-09 00:00:00,0.006,2.581
2019-09-09 01:00:00,0.028,3.628
2019-09-09 02:00:00,0.072,4.617
2019-09-09 03:00:00,0.092,4.96
2019-09-09 04:00:00,0.076,4.699
2019-09-09 05:00:00,0.058,4.361
2019-09-09 06:00:00,0.052,4.247
2019-09-09 07:00:00,0.056,4.326
2019-09-09 08:00:00,0.067,4.534
2019-09-09 09:00:00,0.09,4.928
2019-09-09 10:00:00,0.118,5.325
2019-09-09 11:00:00,0.134,5.536
2019-09-09 12:00:00,0.138,5.593
2019-09-09 13:00:00,0.129,5.478
2019-09-09 14:00:00,0.105,5.148
2019-09-09 15:00:00,0.068,4.562
2019-09-09 16:00:00,0.041,3.988
2019-09-09 17:00:00,0.03,3.69
2019-09-09 18:00:00,0.026,3.563
2019-09-09 19:00:00,0.02,3.348
2019-09-09 20:00:00,0.01,2.88
2019-09-09 21:00:00,0.005,2.54
2019-09-09 22:00:00,0.004,2.449
2019-09-09 23:00:00,0.005,2.486
2019-09-10 00:00:00,0.005,2.499
2019-09-10 01:00:00,0.005,2.505
2019-09-10 02:00:00,0.009,2.814
2019-09-10 03:00:00,0.018,3.257
2019-09-10 04:00:00,0.031,3.713
2019-09-10 05:00:00,0.048,4.14
2019-09-10 06:00:00,0.053,4.27
2019-09-10 07:00:00,0.045,4.075
2019-09-10 08:00:00,0.029,3.656
2019-09-10 09:00:00,0.02,3.352
2019-09-10 10:00:00,0.018,3.272
2019-09-10 11:00:00,0.027,3.599
2019-09-10 12:00:00,0.03,3.698
2019-09-10 13:00:00,0.014,3.093
2019-09-10 14:00:00,0.029,3.652
2019-09-10 15:00:00,0.091,4.94
2019-09-10 16:00:00,0.153,5.77
2019-09-10 17:00:00,0.187,6.144
2019-09-10 18:00:00,0.241,6.666
2019-09-10 19:00:00,0.354,7.611
2019-09-10 20:00:00,0.545,9.039
2019-09-10 21:00:00,0.721,10.488
2019-09-10 22:00:00,0.826,11.657
2019-09-10 23:00:00,0.876,12.428
2019-09-11 00:00:00,0.909,13.076
2019-09-11 01:00:00,0.941,13.926
2019-09-11 02:00:00,0.96,14.597
2019-09-11 03:00:00,0.977,15.53
2019-09-11 04:00:00,0.985,16.262
2019-09-11 05:00:00,0.985,16.251
2019-09-11 06:00:00,0.981,15.884
2019-09-11 07:00:00,0.977,15.569
2019-09-11 08:00:00,0.97,15.091
2019-09-11 09:00:00,0.951,14.255
2019-09-11 10:00:00,0.935,13.735
2019-09-11 11:00:00,0.917,13.253
2019-09-11 12:00:00,0.898,12.833
2019-09-11 13:00:00,0.871,12.338
2019-09-11 14:00:00,0.829,11.709
2019-09-11 15:00:00,0.779,11.079
2019-09-11 16:00:00,0.726,10.541
2019-09-11 17:00:00,0.7,10.301
2019-09-11 18:00:00,0.69,10.206
2019-09-11 19:00:00,0.746,10.733
2019-09-11 20:00:00,0.822,11.61
2019-09-11 21:00:00,0.766,10.947
2019-09-11 22:00:00,0.762,10.896
2019-09-11 23:00:00,0.785,11.149
2019-09-12 00:00:00,0.785,11.156
2019-09-12 01:00:00,0.764,10.92
2019-09-12 02:00:00,0.738,10.66
2019-09-12 03:00:00,0.741,10.684
2019-09-12 04:00:00,0.738,10.658
2019-09-12 05:00:00,0.734,10.613
2019-09-12 06:00:00,0.733,10.607
2019-09-12 07:00:00,0.733,10.609
2019-09-12 08:00:00,0.735,10.626
2019-09-12 09:00:00,0.723,10.511
2019-09-12 10:00:00,0.707,10.351
2019-09-12 11:00:00,0.689,10.198
2019-09-12 12:00:00,0.685,10.157
2019-09-12 13:00:00,0.67,10.037
2019-09-12 14:00:00,0.643,9.807
2019-09-12 15:00:00,0.657,9.915
2019-09-12 16:00:00,0.702,10.318
2019-09-12 17:00:00,0.749,10.757
2019-09-12 18:00:00,0.781,11.11
2019-09-12 19:00:00,0.838,11.83
2019-09-12 20:00:00,0.864,12.23
2019-09-12 21:00:00,0.841,11.88
2019-09-12 22:00:00,0.755,10.827
2019-09-12 23:00:00,0.641,9.791
2019-09-13 00:00:00,0.573,9.243
2019-09-13 01:00:00,0.534,8.96
2019-09-13 02:00:00,0.52,8.854
2019-09-13 03:00:00,0.517,8.826
2019-09-13 04:00:00,0.504,8.731
2019-09-13 05:00:00,0.499,8.694
2019-09-13 06:00:00,0.522,8.871
2019-09-13 07:00:00,0.517,8.825
2019-09-13 08:00:00,0.469,8.48
2019-09-13 09:00:00,0.419,8.099
2019-09-13 10:00:00,0.371,7.748
2019-09-13 11:00:00,0.366,7.707
2019-09-13 12:00:00,0.413,8.061
2019-09-13 13:00:00,0.406,8.006
2019-09-13 14:00:00,0.335,7.467
2019-09-13 15:00:00,0.313,7.295
2019-09-13 16:00:00,0.255,6.802
2019-09-13 17:00:00,0.236,6.623
2019-09-13 18:00:00,0.223,6.506
2019-09-13 19:00:00,0.175,6.012
2019-09-13 20:00:00,0.183,6.108
2019-09-13 21:00:00,0.219,6.47
2019-09-13 22:00:00,0.272,6.951
2019-09-13 23:00:00,0.347,7.56
2019-09-14 00:00:00,0.4,7.97
2019-09-14 01:00:00,0.389,7.879
2019-09-14 02:00:00,0.357,7.636
2019-09-14 03:00:00,0.322,7.361
2019-09-14 04:00:00,0.328,7.403
2019-09-14 05:00:00,0.362,7.68
2019-09-14 06:00:00,0.417,8.092
2019-09-14 07:00:00,0.534,8.954
2019-09-14 08:00:00,0.669,10.021
2019-09-14 09:00:00,0.817,11.539
2019-09-14 10:00:00,0.891,12.703
2019-09-14 11:00:00,0.916,13.238
2019-09-14 12:00:00,0.924,13.437
2019-09-14 13:00:00,0.926,13.476
2019-09-14 14:00:00,0.925,13.464
2019-09-14 15:00:00,0.93,13.6
2019-09-14 16:00:00,0.936,13.772
2019-09-14 17:00:00,0.949,14.197
2019-09-14 18:00:00,0.956,14.419
2019-09-14 19:00:00,0.96,14.609
2019-09-14 20:00:00,0.964,14.783
2019-09-14 21:00:00,0.968,15.011
2019-09-14 22:00:00,0.974,15.332
2019-09-14 23:00:00,0.981,15.829
2019-09-15 00:00:00,0.969,15.033
2019-09-15 01:00:00,0.957,14.476
2019-09-15 02:00:00,0.944,13.996
2019-09-15 03:00:00,0.934,13.707
2019-09-15 04:00:00,0.942,13.942
2019-09-15 05:00:00,0.953,14.336
2019-09-15 06:00:00,0.948,14.145
2019-09-15 07:00:00,0.924,13.442
2019-09-15 08:00:00,0.901,12.91
2019-09-15 09:00:00,0.884,12.574
2019-09-15 10:00:00,0.884,12.567
2019-09-15 11:00:00,0.874,12.394
2019-09-15 12:00:00,0.835,11.792
2019-09-15 13:00:00,0.827,11.674
2019-09-15 14:00:00,0.798,11.304
2019-09-15 15:00:00,0.739,10.671
2019-09-15 16:00:00,0.691,10.21
2019-09-15 17:00:00,0.634,9.728
2019-09-15 18:00:00,0.517,8.825
2019-09-15 19:00:00,0.453,8.36
2019-09-15 20:00:00,0.396,7.934
2019-09-15 21:00:00,0.353,7.605
2019-09-15 22:00:00,0.317,7.321
2019-09-15 23:00:00,0.293,7.12
2019-09-16 00:00:00,0.252,6.777
2019-09-16 01:00:00,0.215,6.428
2019-09-16 02:00:00,0.178,6.045
2019-09-16 03:00:00,0.163,5.893
2019-09-16 04:00:00,0.156,5.811
2019-09-16 05:00:00,0.16,5.858
2019-09-16 06:00:00,0.182,6.094
2019-09-16 07:00:00,0.223,6.502
2019-09-16 08:00:00,0.266,6.9
2019-09-16 09:00:00,0.319,7.334
2019-09-16 10:00:00,0.404,7.991
2019-09-16 11:00:00,0.476,8.524
2019-09-16 12:00:00,0.55,9.078
2019-09-16 13:00:00,0.621,9.624
2019-09-16 14:00:00,0.674,10.066
2019-09-16 15:00:00,0.71,10.387
2019-09-16 16:00:00,0.726,10.544
2019-09-16 17:00:00,0.731,10.59
2019-09-16 18:00:00,0.733,10.608
2019-09-16 19:00:00,0.744,10.717
2019-09-16 20:00:00,0.78,11.094
2019-09-16 21:00:00,0.808,11.426
2019-09-16 22:00:00,0.838,11.827
2019-09-16 23:00:00,0.866,12.262
2019-09-17 00:00:00,0.883,12.552
2019-09-17 01:00:00,0.895,12.779
2019-09-17 02:00:00,0.905,12.998
2019-09-17 03:00:00,0.917,13.27
2019-09-17 04:00:00,0.934,13.704
2019-09-17 05:00:00,0.95,14.229
2019-09-17 06:00:00,0.961,14.656
2019-09-17 07:00:00,0.968,14.96
2019-09-17 08:00:00,0.972,15.194
2019-09-17 09:00:00,0.972,15.23
2019-09-17 10:00:00,0.968,14.961
2019-09-17 11:00:00,0.962,14.701
2019-09-17 12:00:00,0.956,14.435
2019-09-17 13:00:00,0.946,14.058
2019-09-17 14:00:00,0.935,13.737
2019-09-17 15:00:00,0.922,13.377
2019-09-17 16:00:00,0.899,12.868
2019-09-17 17:00:00,0.867,12.268
2019-09-17 18:00:00,0.822,11.602
2019-09-17 19:00:00,0.762,10.891
2019-09-17 20:00:00,0.695,10.249
2019-09-17 21:00:00,0.635,9.733
2019-09-17 22:00:00,0.601,9.459
2019-09-17 23:00:00,0.594,9.405
2019-09-18 00:00:00,0.608,9.511
2019-09-18 01:00:00,0.616,9.581
2019-09-18 02:00:00,0.615,9.575
2019-09-18 03:00:00,0.61,9.536
2019-09-18 04:00:00,0.607,9.507
2019-09-18 05:00:00,0.554,9.11
2019-09-18 06:00:00,0.48,8.556
2019-09-18 07:00:00,0.399,7.961
2019-09-18 08:00:00,0.327,7.39
2019-09-18 09:00:00,0.266,6.891
2019-09-18 10:00:00,0.226,6.536
2019-09-18 11:00:00,0.194,6.215
2019-09-18 12:00:00,0.172,5.973
2019-09-18 13:00:00,0.165,5.907
2019-09-18 14:00:00,0.156,5.799
2019-09-18 15:00:00,0.138,5.597
2019-09-18 16:00:00,0.128,5.47
2019-09-18 17:00:00,0.109,5.208
2019-09-18 18:00:00,0.072,4.62
2019-09-18 19:00:00,0.039,3.943
2019-09-18 20:00:00,0.02,3.341
2019-09-18 21:00:00,0.01,2.902
2019-09-18 22:00:00,0.006,2.573
2019-09-18 23:00:00,0.003,2.338
2019-09-19 00:00:00,0.003,2.233
2019-09-19 01:00:00,0.005,2.511
2019-09-19 02:00:00,0.008,2.728
2019-09-19 03:00:00,0.014,3.114
2019-09-19 04:00:00,0.022,3.441
2019-09-19 05:00:00,0.024,3.496
2019-09-19 06:00:00,0.021,3.384
2019-09-19 07:00:00,0.016,3.171
2019-09-19 08:00:00,0.025,3.524
2019-09-19 09:00:00,0.051,4.21
2019-09-19 10:00:00,0.091,4.95
2019-09-19 11:00:00,0.142,5.642
2019-09-19 12:00:00,0.199,6.267
2019-09-19 13:00:00,0.244,6.698
2019-09-19 14:00:00,0.26,6.84
2019-09-19 15:00:00,0.234,6.611
2019-09-19 16:00:00,0.189,6.164
2019-09-19 17:00:00,0.158,5.836
2019-09-19 18:00:00,0.147,5.697
2019-09-19 19:00:00,0.151,5.749
2019-09-19 20:00:00,0.167,5.928
2019-09-19 21:00:00,0.194,6.211
2019-09-19 22:00:00,0.222,6.495
2019-09-19 23:00:00,0.25,6.748
2019-09-20 00:00:00,0.287,7.073
2019-09-20 01:00:00,0.325,7.382
2019-09-20 02:00:00,0.344,7.538
2019-09-20 03:00:00,0.327,7.396
2019-09-20 04:00:00,0.284,7.054
2019-09-20 05:00:00,0.236,6.626
2019-09-20 06:00:00,0.2,6.283
2019-09-20 07:00:00,0.183,6.107
2019-09-20 08:00:00,0.184,6.114
2019-09-20 09:00:00,0.194,6.22
2019-09-20 10:00:00,0.209,6.364
2019-09-20 11:00:00,0.222,6.5
2019-09-20 12:00:00,0.234,6.603
2019-09-20 13:00:00,0.242,6.671
2019-09-20 14:00:00,0.252,6.772
2019-09-20 15:00:00,0.261,6.846
2019-09-20 16:00:00,0.262,6.849
2019-09-20 17:00:00,0.252,6.771
2019-09-20 18:00:00,0.237,6.633
2019-09-20 19:00:00,0.228,6.55
2019-09-20 20:00:00,0.232,6.584
2019-09-20 21:00:00,0.255,6.801
2019-09-20 22:00:00,0.291,7.103
2019-09-20 23:00:00,0.321,7.357
2019-09-21 00:00:00,0.348,7.566
2019-09-21 01:00:00,0.38,7.816
2019-09-21 02:00:00,0.422,8.131
2019-09-21 03:00:00,0.467,8.462
2019-09-21 04:00:00,0.48,8.55
2019-09-21 05:00:00,0.503,8.726
2019-09-21 06:00:00,0.544,9.025
2019-09-21 07:00:00,0.588,9.367
2019-09-21 08:00:00,0.627,9.669
2019-09-21 09:00:00,0.649,9.855
2019-09-21 10:00:00,0.667,10.007
2019-09-21 11:00:00,0.687,10.18
2019-09-21 12:00:00,0.731,10.587
2019-09-21 13:00:00,0.779,11.091
2019-09-21 14:00:00,0.817,11.544
2019-09-21 15:00:00,0.843,11.91
2019-09-21 16:00:00,0.856,12.106
2019-09-21 17:00:00,0.858,12.128
2019-09-21 18:00:00,0.857,12.122
2019-09-21 19:00:00,0.86,12.151
2019-09-21 20:00:00,0.865,12.239
2019-09-21 21:00:00,0.869,12.302
2019-09-21 22:00:00,0.868,12.3
2019-09-21 23:00:00,0.861,12.176
2019-09-22 00:00:00,0.847,11.966
2019-09-22 01:00:00,0.831,11.732
2019-09-22 02:00:00,0.824,11.635
2019-09-22 03:00:00,0.815,11.514
2019-09-22 04:00:00,0.811,11.475
2019-09-22 05:00:00,0.818,11.556
2019-09-22 06:00:00,0.826,11.66
2019-09-22 07:00:00,0.842,11.891
2019-09-22 08:00:00,0.857,12.119
2019-09-22 09:00:00,0.854,12.071
2019-09-22 10:00:00,0.837,11.822
2019-09-22 11:00:00,0.823,11.619
2019-09-22 12:00:00,0.826,11.65
2019-09-22 13:00:00,0.829,11.705
2019-09-22 14:00:00,0.828,11.696
2019-09-22 15:00:00,0.817,11.533
2019-09-22 16:00:00,0.797,11.302
2019-09-22 17:00:00,0.787,11.184
2019-09-22 18:00:00,0.783,11.136
2019-09-22 19:00:00,0.772,11.008
2019-09-22 20:00:00,0.74,10.679
2019-09-22 21:00:00,0.717,10.443
2019-09-22 22:00:00,0.687,10.168
2019-09-22 23:00:00,0.627,9.668
2019-09-23 00:00:00,0.552,9.092
2019-09-23 01:00:00,0.489,8.621
2019-09-23 02:00:00,0.496,8.668
2019-09-23 03:00:00,0.558,9.134
2019-09-23 04:00:00,0.57,9.227
2019-09-23 05:00:00,0.519,8.847
2019-09-23 06:00:00,0.522,8.871
2019-09-23 07:00:00,0.545,9.031
2019-09-23 08:00:00,0.533,8.953
2019-09-23 09:00:00,0.54,8.999
2019-09-23 10:00:00,0.565,9.185
2019-09-23 11:00:00,0.575,9.258
2019-09-23 12:00:00,0.571,9.231
2019-09-23 13:00:00,0.559,9.144
2019-09-23 14:00:00,0.537,8.982
2019-09-23 15:00:00,0.528,8.912
2019-09-23 16:00:00,0.528,8.901
2019-09-23 17:00:00,0.528,8.912
2019-09-23 18:00:00,0.552,9.092
2019-09-23 19:00:00,0.604,9.487
2019-09-23 20:00:00,0.665,9.99
2019-09-23 21:00:00,0.743,10.706
2019-09-23 22:00:00,0.821,11.592
2019-09-23 23:00:00,0.845,11.919
2019-09-24 00:00:00,0.823,11.63
2019-09-24 01:00:00,0.814,11.505
2019-09-24 02:00:00,0.824,11.638
2019-09-24 03:00:00,0.847,11.97
2019-09-24 04:00:00,0.873,12.377
2019-09-24 05:00:00,0.886,12.604
2019-09-24 06:00:00,0.896,12.806
2019-09-24 07:00:00,0.891,12.696
2019-09-24 08:00:00,0.885,12.582
2019-09-24 09:00:00,0.885,12.578
2019-09-24 10:00:00,0.886,12.618
2019-09-24 11:00:00,0.905,12.993
2019-09-24 12:00:00,0.921,13.346
2019-09-24 13:00:00,0.917,13.262
2019-09-24 14:00:00,0.914,13.175
2019-09-24 15:00:00,0.922,13.368
2019-09-24 16:00:00,0.944,14.002
2019-09-24 17:00:00,0.966,14.886
2019-09-24 18:00:00,0.97,15.081
2019-09-24 19:00:00,0.962,14.687
2019-09-24 20:00:00,0.944,14.009
2019-09-24 21:00:00,0.917,13.251
2019-09-24 22:00:00,0.871,12.331
2019-09-24 23:00:00,0.809,11.441
2019-09-25 00:00:00,0.75,10.783
2019-09-25 01:00:00,0.67,10.034
2019-09-25 02:00:00,0.567,9.209
2019-09-25 03:00:00,0.51,8.775
2019-09-25 04:00:00,0.474,8.506
2019-09-25 05:00:00,0.451,8.344
2019-09-25 06:00:00,0.441,8.261
2019-09-25 07:00:00,0.441,8.266
2019-09-25 08:00:00,0.45,8.337
2019-09-25 09:00:00,0.461,8.415
2019-09-25 10:00:00,0.46,8.399
2019-09-25 11:00:00,0.462,8.418
2019-09-25 12:00:00,0.47,8.481
2019-09-25 13:00:00,0.481,8.562
2019-09-25 14:00:00,0.505,8.737
2019-09-25 15:00:00,0.537,8.978
2019-09-25 16:00:00,0.581,9.311
2019-09-25 17:00:00,0.631,9.705
2019-09-25 18:00:00,0.678,10.095
2019-09-25 19:00:00,0.717,10.451
2019-09-25 20:00:00,0.754,10.822
2019-09-25 21:00:00,0.762,10.897
2019-09-25 22:00:00,0.812,11.482
2019-09-25 23:00:00,0.815,11.509
2019-09-26 00:00:00,0.759,10.867
2019-09-26 01:00:00,0.67,10.031
2019-09-26 02:00:00,0.602,9.478
2019-09-26 03:00:00,0.559,9.141
2019-09-26 04:00:00,0.545,9.032
2019-09-26 05:00:00,0.584,9.333
2019-09-26 06:00:00,0.637,9.756
2019-09-26 07:00:00,0.729,10.568
2019-09-26 08:00:00,0.848,11.975
2019-09-26 09:00:00,0.909,13.076
2019-09-26 10:00:00,0.907,13.03
2019-09-26 11:00:00,0.875,12.409
2019-09-26 12:00:00,0.823,11.622
2019-09-26 13:00:00,0.801,11.343
2019-09-26 14:00:00,0.786,11.169
2019-09-26 15:00:00,0.752,10.804
2019-09-26 16:00:00,0.663,9.97
2019-09-26 17:00:00,0.618,9.606
2019-09-26 18:00:00,0.643,9.804
2019-09-26 19:00:00,0.709,10.372
2019-09-26 20:00:00,0.733,10.611
2019-09-26 21:00:00,0.713,10.414
2019-09-26 22:00:00,0.714,10.424
2019-09-26 23:00:00,0.734,10.613
2019-09-27 00:00:00,0.719,10.474
2019-09-27 01:00:00,0.74,10.682
2019-09-27 02:00:00,0.757,10.844
2019-09-27 03:00:00,0.775,11.041
2019-09-27 04:00:00,0.771,10.99
2019-09-27 05:00:00,0.763,10.92
2019-09-27 06:00:00,0.745,10.726
2019-09-27 07:00:00,0.724,10.518
2019-09-27 08:00:00,0.699,10.286
2019-09-27 09:00:00,0.68,10.118
2019-09-27 10:00:00,0.676,10.079
2019-09-27 11:00:00,0.698,10.283
2019-09-27 12:00:00,0.751,10.787
2019-09-27 13:00:00,0.805,11.391
2019-09-27 14:00:00,0.841,11.876
2019-09-27 15:00:00,0.873,12.367
2019-09-27 16:00:00,0.898,12.84
2019-09-27 17:00:00,0.899,12.854
2019-09-27 18:00:00,0.886,12.609
2019-09-27 19:00:00,0.883,12.563
2019-09-27 20:00:00,0.901,12.904
2019-09-27 21:00:00,0.912,13.138
2019-09-27 22:00:00,0.932,13.651
2019-09-27 23:00:00,0.963,14.732
2019-09-28 00:00:00,0.974,15.358
2019-09-28 01:00:00,0.964,14.805
2019-09-28 02:00:00,0.941,13.9
2019-09-28 03:00:00,0.919,13.311
2019-09-28 04:00:00,0.897,12.818
2019-09-28 05:00:00,0.869,12.303
2019-09-28 06:00:00,0.843,11.897
2019-09-28 07:00:00,0.832,11.745
2019-09-28 08:00:00,0.84,11.854
2019-09-28 09:00:00,0.827,11.682
2019-09-28 10:00:00,0.804,11.376
2019-09-28 11:00:00,0.795,11.262
2019-09-28 12:00:00,0.83,11.717
2019-09-28 13:00:00,0.88,12.498
2019-09-28 14:00:00,0.903,12.951
2019-09-28 15:00:00,0.906,13.007
2019-09-28 16:00:00,0.897,12.819
2019-09-28 17:00:00,0.88,12.49
2019-09-28 18:00:00,0.85,12.004
2019-09-28 19:00:00,0.826,11.66
2019-09-28 20:00:00,0.787,11.183
2019-09-28 21:00:00,0.762,10.897
2019-09-28 22:00:00,0.716,10.439
2019-09-28 23:00:00,0.625,9.65
2019-09-29 00:00:00,0.481,8.561
2019-09-29 01:00:00,0.31,7.26
2019-09-29 02:00:00,0.138,5.585
2019-09-29 03:00:00,0.042,4.015
2019-09-29 04:00:00,0.019,3.302
2019-09-29 05:00:00,0.055,4.306
2019-09-29 06:00:00,0.156,5.794
2019-09-29 07:00:00,0.313,7.284
2019-09-29 08:00:00,0.478,8.532
2019-09-29 09:00:00,0.586,9.35
2019-09-29 10:00:00,0.63,9.701
2019-09-29 11:00:00,0.675,10.072
2019-09-29 12:00:00,0.745,10.724
2019-09-29 13:00:00,0.794,11.253
2019-09-29 14:00:00,0.813,11.492
2019-09-29 15:00:00,0.821,11.595
2019-09-29 16:00:00,0.827,11.681
2019-09-29 17:00:00,0.846,11.95
2019-09-29 18:00:00,0.874,12.39
2019-09-29 19:00:00,0.905,12.982
2019-09-29 20:00:00,0.926,13.5
2019-09-29 21:00:00,0.937,13.789
2019-09-29 22:00:00,0.94,13.888
2019-09-29 23:00:00,0.941,13.931
2019-09-30 00:00:00,0.944,13.989
2019-09-30 01:00:00,0.947,14.112
2019-09-30 02:00:00,0.948,14.16
2019-09-30 03:00:00,0.948,14.159
2019-09-30 04:00:00,0.943,13.968
2019-09-30 05:00:00,0.934,13.699
2019-09-30 06:00:00,0.913,13.15
2019-09-30 07:00:00,0.875,12.406
2019-09-30 08:00:00,0.815,11.512
2019-09-30 09:00:00,0.728,10.555
2019-09-30 10:00:00,0.67,10.033
2019-09-30 11:00:00,0.543,9.023
2019-09-30 12:00:00,0.48,8.56
2019-09-30 13:00:00,0.393,7.912
2019-09-30 14:00:00,0.306,7.231
2019-09-30 15:00:00,0.224,6.512
2019-09-30 16:00:00,0.148,5.711
2019-09-30 17:00:00,0.084,4.836
2019-09-30 18:00:00,0.032,3.762
2019-09-30 19:00:00,0.015,3.129
2019-09-30 20:00:00,0.015,3.146
2019-09-30 21:00:00,0.034,3.794
2019-09-30 22:00:00,0.109,5.216
2019-09-30 23:00:00,0.23,6.568
2019-10-01 00:00:00,0.356,7.62
2019-10-01 01:00:00,0.493,8.646
2019-10-01 02:00:00,0.617,9.595
2019-10-01 03:00:00,0.694,10.243
2019-10-01 04:00:00,0.715,10.432
2019-10-01 05:00:00,0.695,10.253
2019-10-01 06:00:00,0.667,10.004
2019-10-01 07:00:00,0.628,9.672
2019-10-01 08:00:00,0.582,9.323
2019-10-01 09:00:00,0.514,8.804
2019-10-01 10:00:00,0.438,8.24
2019-10-01 11:00:00,0.383,7.832
2019-10-01 12:00:00,0.36,7.655
2019-10-01 13:00:00,0.389,7.878
2019-10-01 14:00:00,0.473,8.505
2019-10-01 15:00:00,0.594,9.406
2019-10-01 16:00:00,0.712,10.403
2019-10-01 17:00:00,0.779,11.089
2019-10-01 18:00:00,0.803,11.372
2019-10-01 19:00:00,0.809,11.446
2019-10-01 20:00:00,0.816,11.528
2019-10-01 21:00:00,0.835,11.783
2019-10-01 22:00:00,0.86,12.165
2019-10-01 23:00:00,0.88,12.494
2019-10-02 00:00:00,0.894,12.765
2019-10-02 01:00:00,0.908,13.051
2019-10-02 02:00:00,0.922,13.393
2019-10-02 03:00:00,0.935,13.747
2019-10-02 04:00:00,0.948,14.136
2019-10-02 05:00:00,0.962,14.688
2019-10-02 06:00:00,0.974,15.324
2019-10-02 07:00:00,0.98,15.802
2019-10-02 08:00:00,0.984,16.19
2019-10-02 09:00:00,0.986,16.366
2019-10-02 10:00:00,0.984,16.116
2019-10-02 11:00:00,0.977,15.535
2019-10-02 12:00:00,0.966,14.897
2019-10-02 13:00:00,0.954,14.386
2019-10-02 14:00:00,0.941,13.925
2019-10-02 15:00:00,0.92,13.333
2019-10-02 16:00:00,0.892,12.722
2019-10-02 17:00:00,0.887,12.635
2019-10-02 18:00:00,0.895,12.786
2019-10-02 19:00:00,0.892,12.721
2019-10-02 20:00:00,0.869,12.315
2019-10-02 21:00:00,0.852,12.025
2019-10-02 22:00:00,0.839,11.846
2019-10-02 23:00:00,0.826,11.651
2019-10-03 00:00:00,0.81,11.461
2019-10-03 01:00:00,0.791,11.225
2019-10-03 02:00:00,0.771,11.0
2019-10-03 03:00:00,0.714,10.427
2019-10-03 04:00:00,0.604,9.487
2019-10-03 05:00:00,0.484,8.58
2019-10-03 06:00:00,0.374,7.764
2019-10-03 07:00:00,0.265,6.882
2019-10-03 08:00:00,0.168,5.94
2019-10-03 09:00:00,0.1,5.073
2019-10-03 10:00:00,0.057,4.352
2019-10-03 11:00:00,0.024,3.491
2019-10-03 12:00:00,0.006,2.632
2019-10-03 13:00:00,0.002,2.179
2019-10-03 14:00:00,0.004,2.394
2019-10-03 15:00:00,0.017,3.255
2019-10-03 16:00:00,0.038,3.902
2019-10-03 17:00:00,0.07,4.603
2019-10-03 18:00:00,0.134,5.532
2019-10-03 19:00:00,0.205,6.326
2019-10-03 20:00:00,0.252,6.77
2019-10-03 21:00:00,0.31,7.26
2019-10-03 22:00:00,0.383,7.835
2019-10-03 23:00:00,0.41,8.042
2019-10-04 00:00:00,0.417,8.083
2019-10-04 01:00:00,0.444,8.292
2019-10-04 02:00:00,0.494,8.658
2019-10-04 03:00:00,0.53,8.925
2019-10-04 04:00:00,0.572,9.237
2019-10-04 05:00:00,0.622,9.635
2019-10-04 06:00:00,0.668,10.017
2019-10-04 07:00:00,0.668,10.015
2019-10-04 08:00:00,0.628,9.675
2019-10-04 09:00:00,0.575,9.262
2019-10-04 10:00:00,0.523,8.873
2019-10-04 11:00:00,0.485,8.596
2019-10-04 12:00:00,0.441,8.268
2019-10-04 13:00:00,0.403,7.986
2019-10-04 14:00:00,0.379,7.81
2019-10-04 15:00:00,0.379,7.807
2019-10-04 16:00:00,0.387,7.863
2019-10-04 17:00:00,0.348,7.566
2019-10-04 18:00:00,0.272,6.947
2019-10-04 19:00:00,0.176,6.027
2019-10-04 20:00:00,0.102,5.109
2019-10-04 21:00:00,0.074,4.672
2019-10-04 22:00:00,0.098,5.047
2019-10-04 23:00:00,0.138,5.589
2019-10-05 00:00:00,0.128,5.47
2019-10-05 01:00:00,0.118,5.335
2019-10-05 02:00:00,0.129,5.481
2019-10-05 03:00:00,0.146,5.687
2019-10-05 04:00:00,0.179,6.054
2019-10-05 05:00:00,0.245,6.706
2019-10-05 06:00:00,0.291,7.111
2019-10-05 07:00:00,0.339,7.491
2019-10-05 08:00:00,0.377,7.788
2019-10-05 09:00:00,0.413,8.064
2019-10-05 10:00:00,0.446,8.302
2019-10-05 11:00:00,0.455,8.376
2019-10-05 12:00:00,0.46,8.411
2019-10-05 13:00:00,0.477,8.53
2019-10-05 14:00:00,0.506,8.749
2019-10-05 15:00:00,0.547,9.049
2019-10-05 16:00:00,0.585,9.342
2019-10-05 17:00:00,0.619,9.611
2019-10-05 18:00:00,0.66,9.942
2019-10-05 19:00:00,0.703,10.32
2019-10-05 20:00:00,0.749,10.763
2019-10-05 21:00:00,0.799,11.322
2019-10-05 22:00:00,0.848,11.972
2019-10-05 23:00:00,0.886,12.608
2019-10-06 00:00:00,0.91,13.086
2019-10-06 01:00:00,0.92,13.341
2019-10-06 02:00:00,0.926,13.495
2019-10-06 03:00:00,0.935,13.726
2019-10-06 04:00:00,0.941,13.922
2019-10-06 05:00:00,0.946,14.066
2019-10-06 06:00:00,0.954,14.364
2019-10-06 07:00:00,0.964,14.773
2019-10-06 08:00:00,0.969,15.02
2019-10-06 09:00:00,0.968,14.965
2019-10-06 10:00:00,0.963,14.742
2019-10-06 11:00:00,0.956,14.428
2019-10-06 12:00:00,0.947,14.102
2019-10-06 13:00:00,0.941,13.899
2019-10-06 14:00:00,0.933,13.667
2019-10-06 15:00:00,0.922,13.366
2019-10-06 16:00:00,0.923,13.418
2019-10-06 17:00:00,0.926,13.498
2019-10-06 18:00:00,0.889,12.657
2019-10-06 19:00:00,0.84,11.854
2019-10-06 20:00:00,0.816,11.526
2019-10-06 21:00:00,0.804,11.387
2019-10-06 22:00:00,0.797,11.302
2019-10-06 23:00:00,0.795,11.269
2019-10-07 00:00:00,0.785,11.147
2019-10-07 01:00:00,0.749,10.771
2019-10-07 02:00:00,0.707,10.349
2019-10-07 03:00:00,0.72,10.483
2019-10-07 04:00:00,0.76,10.871
2019-10-07 05:00:00,0.787,11.182
2019-10-07 06:00:00,0.85,12.006
2019-10-07 07:00:00,0.895,12.791
2019-10-07 08:00:00,0.915,13.213
2019-10-07 09:00:00,0.927,13.51
2019-10-07 10:00:00,0.937,13.788
2019-10-07 11:00:00,0.951,14.247
2019-10-07 12:00:00,0.959,14.55
2019-10-07 13:00:00,0.961,14.657
2019-10-07 14:00:00,0.961,14.654
2019-10-07 15:00:00,0.959,14.556
2019-10-07 16:00:00,0.956,14.432
2019-10-07 17:00:00,0.952,14.275
2019-10-07 18:00:00,0.95,14.21
2019-10-07 19:00:00,0.939,13.845
2019-10-07 20:00:00,0.911,13.124
2019-10-07 21:00:00,0.865,12.251
2019-10-07 22:00:00,0.806,11.397
2019-10-07 23:00:00,0.76,10.872
2019-10-08 00:00:00,0.722,10.491
2019-10-08 01:00:00,0.705,10.333
2019-10-08 02:00:00,0.709,10.382
2019-10-08 03:00:00,0.725,10.527
2019-10-08 04:00:00,0.754,10.819
2019-10-08 05:00:00,0.763,10.9
2019-10-08 06:00:00,0.789,11.201
2019-10-08 07:00:00,0.838,11.836
2019-10-08 08:00:00,0.869,12.309
2019-10-08 09:00:00,0.892,12.73
2019-10-08 10:00:00,0.909,13.069
2019-10-08 11:00:00,0.913,13.164
2019-10-08 12:00:00,0.92,13.338
2019-10-08 13:00:00,0.927,13.491
2019-10-08 14:00:00,0.932,13.644
2019-10-08 15:00:00,0.93,13.601
2019-10-08 16:00:00,0.926,13.477
2019-10-08 17:00:00,0.936,13.745
2019-10-08 18:00:00,0.954,14.366
2019-10-08 19:00:00,0.966,14.89
2019-10-08 20:00:00,0.973,15.289
2019-10-08 21:00:00,0.976,15.44
2019-10-08 22:00:00,0.973,15.272
2019-10-08 23:00:00,0.971,15.149
2019-10-09 00:00:00,0.971,15.151
2019-10-09 01:00:00,0.97,15.111
2019-10-09 02:00:00,0.968,14.989
2019-10-09 03:00:00,0.962,14.709
2019-10-09 04:00:00,0.952,14.303
2019-10-09 05:00:00,0.942,13.936
2019-10-09 06:00:00,0.929,13.57
2019-10-09 07:00:00,0.915,13.215
2019-10-09 08:00:00,0.902,12.925
2019-10-09 09:00:00,0.892,12.727
2019-10-09 10:00:00,0.886,12.611
2019-10-09 11:00:00,0.881,12.513
2019-10-09 12:00:00,0.876,12.431
2019-10-09 13:00:00,0.874,12.392
2019-10-09 14:00:00,0.881,12.52
2019-10-09 15:00:00,0.9,12.885
2019-10-09 16:00:00,0.917,13.245
2019-10-09 17:00:00,0.927,13.52
2019-10-09 18:00:00,0.936,13.764
2019-10-09 19:00:00,0.943,13.986
2019-10-09 20:00:00,0.949,14.2
2019-10-09 21:00:00,0.947,14.119
2019-10-09 22:00:00,0.943,13.958
2019-10-09 23:00:00,0.941,13.92
2019-10-10 00:00:00,0.943,13.976
2019-10-10 01:00:00,0.948,14.162
2019-10-10 02:00:00,0.958,14.527
2019-10-10 03:00:00,0.969,15.064
2019-10-10 04:00:00,0.975,15.43
2019-10-10 05:00:00,0.978,15.626
2019-10-10 06:00:00,0.979,15.675
2019-10-10 07:00:00,0.979,15.685
2019-10-10 08:00:00,0.979,15.682
2019-10-10 09:00:00,0.977,15.538
2019-10-10 10:00:00,0.973,15.255
2019-10-10 11:00:00,0.96,14.618
2019-10-10 12:00:00,0.947,14.119
2019-10-10 13:00:00,0.934,13.713
2019-10-10 14:00:00,0.923,13.421
2019-10-10 15:00:00,0.924,13.426
2019-10-10 16:00:00,0.906,13.003
2019-10-10 17:00:00,0.884,12.566
2019-10-10 18:00:00,0.925,13.47
2019-10-10 19:00:00,0.974,15.366
2019-10-10 20:00:00,0.987,16.66
2019-10-10 21:00:00,0.989,17.014
2019-10-10 22:00:00,0.987,16.615
2019-10-10 23:00:00,0.986,16.43
2019-10-11 00:00:00,0.986,16.352
2019-10-11 01:00:00,0.985,16.321
2019-10-11 02:00:00,0.986,16.412
2019-10-11 03:00:00,0.985,16.341
2019-10-11 04:00:00,0.982,15.988
2019-10-11 05:00:00,0.981,15.837
2019-10-11 06:00:00,0.976,15.494
2019-10-11 07:00:00,0.97,15.074
2019-10-11 08:00:00,0.962,14.672
2019-10-11 09:00:00,0.938,13.819
2019-10-11 10:00:00,0.92,13.322
2019-10-11 11:00:00,0.905,12.996
2019-10-11 12:00:00,0.89,12.68
2019-10-11 13:00:00,0.876,12.419
2019-10-11 14:00:00,0.837,11.82
2019-10-11 15:00:00,0.811,11.467
2019-10-11 16:00:00,0.822,11.61
2019-10-11 17:00:00,0.879,12.484
2019-10-11 18:00:00,0.915,13.217
2019-10-11 19:00:00,0.939,13.837
2019-10-11 20:00:00,0.954,14.348
2019-10-11 21:00:00,0.951,14.259
2019-10-11 22:00:00,0.947,14.101
2019-10-11 23:00:00,0.946,14.091
2019-10-12 00:00:00,0.95,14.22
2019-10-12 01:00:00,0.954,14.372
2019-10-12 02:00:00,0.959,14.586
2019-10-12 03:00:00,0.962,14.695
2019-10-12 04:00:00,0.964,14.781
2019-10-12 05:00:00,0.963,14.761
2019-10-12 06:00:00,0.96,14.624
2019-10-12 07:00:00,0.952,14.297
2019-10-12 08:00:00,0.934,13.701
2019-10-12 09:00:00,0.91,13.1
2019-10-12 10:00:00,0.873,12.38
2019-10-12 11:00:00,0.827,11.668
2019-10-12 12:00:00,0.775,11.047
2019-10-12 13:00:00,0.746,10.734
2019-10-12 14:00:00,0.719,10.478
2019-10-12 15:00:00,0.714,10.42
2019-10-12 16:00:00,0.656,9.914
2019-10-12 17:00:00,0.647,9.832
2019-10-12 18:00:00,0.642,9.795
2019-10-12 19:00:00,0.609,9.528
2019-10-12 20:00:00,0.569,9.222
2019-10-12 21:00:00,0.536,8.972
2019-10-12 22:00:00,0.49,8.635
2019-10-12 23:00:00,0.42,8.113
2019-10-13 00:00:00,0.337,7.481
2019-10-13 01:00:00,0.258,6.825
2019-10-13 02:00:00,0.19,6.178
2019-10-13 03:00:00,0.152,5.758
2019-10-13 04:00:00,0.142,5.647
2019-10-13 05:00:00,0.158,5.833
2019-10-13 06:00:00,0.196,6.233
2019-10-13 07:00:00,0.243,6.687
2019-10-13 08:00:00,0.278,6.99
2019-10-13 09:00:00,0.31,7.265
2019-10-13 10:00:00,0.38,7.819
2019-10-13 11:00:00,0.472,8.498
2019-10-13 12:00:00,0.566,9.193
2019-10-13 13:00:00,0.656,9.911
2019-10-13 14:00:00,0.682,10.139
2019-10-13 15:00:00,0.693,10.236
2019-10-13 16:00:00,0.689,10.195
2019-10-13 17:00:00,0.822,11.614
2019-10-13 18:00:00,0.93,13.598
2019-10-13 19:00:00,0.942,13.934
2019-10-13 20:00:00,0.954,14.377
2019-10-13 21:00:00,0.962,14.68
2019-10-13 22:00:00,0.937,13.791
2019-10-13 23:00:00,0.862,12.195
2019-10-14 00:00:00,0.714,10.419
2019-10-14 01:00:00,0.519,8.848
2019-10-14 02:00:00,0.342,7.522
2019-10-14 03:00:00,0.235,6.612
2019-10-14 04:00:00,0.216,6.435
2019-10-14 05:00:00,0.212,6.401
2019-10-14 06:00:00,0.217,6.437
2019-10-14 07:00:00,0.212,6.397
2019-10-14 08:00:00,0.186,6.14
2019-10-14 09:00:00,0.148,5.702
2019-10-14 10:00:00,0.107,5.186
2019-10-14 11:00:00,0.1,5.07
2019-10-14 12:00:00,0.162,5.878
2019-10-14 13:00:00,0.237,6.633
2019-10-14 14:00:00,0.274,6.957
2019-10-14 15:00:00,0.274,6.965
2019-10-14 16:00:00,0.274,6.963
2019-10-14 17:00:00,0.302,7.201
2019-10-14 18:00:00,0.36,7.655
2019-10-14 19:00:00,0.472,8.499
2019-10-14 20:00:00,0.64,9.779
2019-10-14 21:00:00,0.774,11.034
2019-10-14 22:00:00,0.845,11.923
2019-10-14 23:00:00,0.871,12.335
2019-10-15 00:00:00,0.868,12.3
2019-10-15 01:00:00,0.837,11.818
2019-10-15 02:00:00,0.763,10.905
2019-10-15 03:00:00,0.59,9.383
2019-10-15 04:00:00,0.35,7.58
2019-10-15 05:00:00,0.233,6.595
2019-10-15 06:00:00,0.244,6.693
2019-10-15 07:00:00,0.465,8.451
2019-10-15 08:00:00,0.642,9.801
2019-10-15 09:00:00,0.687,10.175
2019-10-15 10:00:00,0.663,9.965
2019-10-15 11:00:00,0.66,9.946
2019-10-15 12:00:00,0.636,9.749
2019-10-15 13:00:00,0.616,9.59
2019-10-15 14:00:00,0.611,9.548
2019-10-15 15:00:00,0.636,9.746
2019-10-15 16:00:00,0.67,10.032
2019-10-15 17:00:00,0.681,10.13
2019-10-15 18:00:00,0.68,10.12
2019-10-15 19:00:00,0.672,10.053
2019-10-15 20:00:00,0.641,9.788
2019-10-15 21:00:00,0.591,9.391
2019-10-15 22:00:00,0.576,9.272
2019-10-15 23:00:00,0.556,9.122
2019-10-16 00:00:00,0.544,9.024
2019-10-16 01:00:00,0.499,8.696
2019-10-16 02:00:00,0.45,8.335
2019-10-16 03:00:00,0.439,8.254
2019-10-16 04:00:00,0.478,8.538
2019-10-16 05:00:00,0.552,9.095
2019-10-16 06:00:00,0.635,9.737
2019-10-16 07:00:00,0.689,10.2
2019-10-16 08:00:00,0.714,10.424
2019-10-16 09:00:00,0.723,10.51
2019-10-16 10:00:00,0.747,10.745
2019-10-16 11:00:00,0.804,11.377
2019-10-16 12:00:00,0.849,11.986
2019-10-16 13:00:00,0.864,12.212
2019-10-16 14:00:00,0.848,11.982
2019-10-16 15:00:00,0.775,11.049
2019-10-16 16:00:00,0.594,9.408
2019-10-16 17:00:00,0.429,8.183
2019-10-16 18:00:00,0.454,8.368
2019-10-16 19:00:00,0.57,9.228
2019-10-16 20:00:00,0.66,9.949
2019-10-16 21:00:00,0.712,10.406
2019-10-16 22:00:00,0.738,10.651
2019-10-16 23:00:00,0.735,10.627
2019-10-17 00:00:00,0.712,10.401
2019-10-17 01:00:00,0.657,9.914
2019-10-17 02:00:00,0.576,9.275
2019-10-17 03:00:00,0.491,8.637
2019-10-17 04:00:00,0.422,8.124
2019-10-17 05:00:00,0.393,7.909
2019-10-17 06:00:00,0.402,7.98
2019-10-17 07:00:00,0.43,8.191
2019-10-17 08:00:00,0.478,8.537
2019-10-17 09:00:00,0.518,8.838
2019-10-17 10:00:00,0.549,9.069
2019-10-17 11:00:00,0.566,9.191
2019-10-17 12:00:00,0.567,9.208
2019-10-17 13:00:00,0.557,9.129
2019-10-17 14:00:00,0.551,9.083
2019-10-17 15:00:00,0.54,8.996
2019-10-17 16:00:00,0.533,8.954
2019-10-17 17:00:00,0.557,9.133
2019-10-17 18:00:00,0.596,9.419
2019-10-17 19:00:00,0.623,9.641
2019-10-17 20:00:00,0.647,9.84
2019-10-17 21:00:00,0.671,10.041
2019-10-17 22:00:00,0.685,10.158
2019-10-17 23:00:00,0.688,10.186
2019-10-18 00:00:00,0.669,10.027
2019-10-18 01:00:00,0.636,9.752
2019-10-18 02:00:00,0.621,9.627
2019-10-18 03:00:00,0.606,9.505
2019-10-18 04:00:00,0.608,9.519
2019-10-18 05:00:00,0.599,9.442
2019-10-18 06:00:00,0.565,9.186
2019-10-18 07:00:00,0.532,8.94
2019-10-18 08:00:00,0.509,8.767
2019-10-18 09:00:00,0.431,8.197
2019-10-18 10:00:00,0.319,7.342
2019-10-18 11:00:00,0.233,6.595
2019-10-18 12:00:00,0.19,6.168
2019-10-18 13:00:00,0.241,6.667
2019-10-18 14:00:00,0.445,8.296
2019-10-18 15:00:00,0.67,10.031
2019-10-18 16:00:00,0.771,10.991
2019-10-18 17:00:00,0.798,11.306
2019-10-18 18:00:00,0.79,11.211
2019-10-18 19:00:00,0.763,10.915
2019-10-18 20:00:00,0.714,10.428
2019-10-18 21:00:00,0.656,9.907
2019-10-18 22:00:00,0.589,9.376
2019-10-18 23:00:00,0.531,8.936
2019-10-19 00:00:00,0.485,8.592
2019-10-19 01:00:00,0.446,8.297
2019-10-19 02:00:00,0.413,8.057
2019-10-19 03:00:00,0.359,7.642
2019-10-19 04:00:00,0.321,7.351
2019-10-19 05:00:00,0.319,7.341
2019-10-19 06:00:00,0.334,7.46
2019-10-19 07:00:00,0.348,7.568
2019-10-19 08:00:00,0.342,7.52
2019-10-19 09:00:00,0.334,7.458
2019-10-19 10:00:00,0.338,7.487
2019-10-19 11:00:00,0.345,7.548
2019-10-19 12:00:00,0.344,7.536
2019-10-19 13:00:00,0.321,7.355
2019-10-19 14:00:00,0.291,7.099
2019-10-19 15:00:00,0.253,6.778
2019-10-19 16:00:00,0.215,6.429
2019-10-19 17:00:00,0.187,6.143
2019-10-19 18:00:00,0.182,6.095
2019-10-19 19:00:00,0.197,6.25
2019-10-19 20:00:00,0.225,6.524
2019-10-19 21:00:00,0.244,6.697
2019-10-19 22:00:00,0.247,6.724
2019-10-19 23:00:00,0.253,6.785
2019-10-20 00:00:00,0.262,6.856
2019-10-20 01:00:00,0.27,6.924
2019-10-20 02:00:00,0.272,6.946
2019-10-20 03:00:00,0.293,7.119
2019-10-20 04:00:00,0.326,7.388
2019-10-20 05:00:00,0.354,7.615
2019-10-20 06:00:00,0.383,7.837
2019-10-20 07:00:00,0.378,7.803
2019-10-20 08:00:00,0.377,7.785
2019-10-20 09:00:00,0.408,8.022
2019-10-20 10:00:00,0.453,8.348
2019-10-20 11:00:00,0.48,8.553
2019-10-20 12:00:00,0.473,8.504
2019-10-20 13:00:00,0.53,8.927
2019-10-20 14:00:00,0.599,9.448
2019-10-20 15:00:00,0.667,10.01
2019-10-20 16:00:00,0.719,10.478
2019-10-20 17:00:00,0.757,10.846
2019-10-20 18:00:00,0.77,10.986
2019-10-20 19:00:00,0.776,11.057
2019-10-20 20:00:00,0.776,11.06
2019-10-20 21:00:00,0.782,11.117
2019-10-20 22:00:00,0.783,11.122
2019-10-20 23:00:00,0.783,11.137
2019-10-21 00:00:00,0.765,10.939
2019-10-21 01:00:00,0.765,10.94
2019-10-21 02:00:00,0.766,10.944
2019-10-21 03:00:00,0.732,10.593
2019-10-21 04:00:00,0.726,10.538
2019-10-21 05:00:00,0.728,10.565
2019-10-21 06:00:00,0.722,10.504
2019-10-21 07:00:00,0.71,10.387
2019-10-21 08:00:00,0.689,10.195
2019-10-21 09:00:00,0.663,9.963
2019-10-21 10:00:00,0.63,9.69
2019-10-21 11:00:00,0.55,9.074
2019-10-21 12:00:00,0.426,8.155
2019-10-21 13:00:00,0.297,7.16
2019-10-21 14:00:00,0.276,6.982
2019-10-21 15:00:00,0.315,7.31
2019-10-21 16:00:00,0.286,7.066
2019-10-21 17:00:00,0.217,6.451
2019-10-21 18:00:00,0.165,5.908
2019-10-21 19:00:00,0.123,5.402
2019-10-21 20:00:00,0.102,5.107
2019-10-21 21:00:00,0.115,5.292
2019-10-21 22:00:00,0.138,5.587
2019-10-21 23:00:00,0.187,6.151
2019-10-22 00:00:00,0.278,6.995
2019-10-22 01:00:00,0.389,7.88
2019-10-22 02:00:00,0.511,8.782
2019-10-22 03:00:00,0.628,9.67
2019-10-22 04:00:00,0.695,10.254
2019-10-22 05:00:00,0.724,10.526
2019-10-22 06:00:00,0.738,10.656
2019-10-22 07:00:00,0.753,10.809
2019-10-22 08:00:00,0.781,11.104
2019-10-22 09:00:00,0.815,11.515
2019-10-22 10:00:00,0.845,11.925
2019-10-22 11:00:00,0.862,12.194
2019-10-22 12:00:00,0.867,12.268
2019-10-22 13:00:00,0.861,12.175
2019-10-22 14:00:00,0.854,12.063
2019-10-22 15:00:00,0.851,12.018
2019-10-22 16:00:00,0.847,11.956
2019-10-22 17:00:00,0.83,11.716
2019-10-22 18:00:00,0.822,11.615
2019-10-22 19:00:00,0.839,11.848
2019-10-22 20:00:00,0.856,12.095
2019-10-22 21:00:00,0.862,12.186
2019-10-22 22:00:00,0.86,12.159
2019-10-22 23:00:00,0.838,11.825
2019-10-23 00:00:00,0.822,11.618
2019-10-23 01:00:00,0.814,11.503
2019-10-23 02:00:00,0.793,11.248
2019-10-23 03:00:00,0.768,10.964
2019-10-23 04:00:00,0.743,10.712
2019-10-23 05:00:00,0.751,10.79
2019-10-23 06:00:00,0.775,11.05
2019-10-23 07:00:00,0.79,11.21
2019-10-23 08:00:00,0.802,11.361
2019-10-23 09:00:00,0.803,11.369
2019-10-23 10:00:00,0.79,11.219
2019-10-23 11:00:00,0.773,11.009
2019-10-23 12:00:00,0.76,10.872
2019-10-23 13:00:00,0.766,10.942
2019-10-23 14:00:00,0.781,11.102
2019-10-23 15:00:00,0.788,11.192
2019-10-23 16:00:00,0.781,11.102
2019-10-23 17:00:00,0.739,10.669
2019-10-23 18:00:00,0.7,10.298
2019-10-23 19:00:00,0.718,10.46
2019-10-23 20:00:00,0.778,11.076
2019-10-23 21:00:00,0.807,11.425
2019-10-23 22:00:00,0.76,10.883
2019-10-23 23:00:00,0.686,10.166
2019-10-24 00:00:00,0.683,10.144
2019-10-24 01:00:00,0.645,9.818
2019-10-24 02:00:00,0.489,8.621
2019-10-24 03:00:00,0.328,7.4
2019-10-24 04:00:00,0.261,6.848
2019-10-24 05:00:00,0.28,7.019
2019-10-24 06:00:00,0.267,6.907
2019-10-24 07:00:00,0.202,6.296
2019-10-24 08:00:00,0.219,6.461
2019-10-24 09:00:00,0.262,6.855
2019-10-24 10:00:00,0.276,6.983
2019-10-24 11:00:00,0.26,6.837
2019-10-24 12:00:00,0.248,6.732
2019-10-24 13:00:00,0.245,6.704
2019-10-24 14:00:00,0.281,7.029
2019-10-24 15:00:00,0.335,7.467
2019-10-24 16:00:00,0.395,7.922
2019-10-24 17:00:00,0.472,8.49
2019-10-24 18:00:00,0.559,9.141
2019-10-24 19:00:00,0.593,9.398
2019-10-24 20:00:00,0.66,9.945
2019-10-24 21:00:00,0.749,10.773
2019-10-24 22:00:00,0.773,11.01
2019-10-24 23:00:00,0.754,10.818
2019-10-25 00:00:00,0.775,11.048
2019-10-25 01:00:00,0.797,11.303
2019-10-25 02:00:00,0.817,11.535
2019-10-25 03:00:00,0.819,11.567
2019-10-25 04:00:00,0.797,11.294
2019-10-25 05:00:00,0.751,10.792
2019-10-25 06:00:00,0.705,10.339
2019-10-25 07:00:00,0.642,9.798
2019-10-25 08:00:00,0.535,8.963
2019-10-25 09:00:00,0.419,8.109
2019-10-25 10:00:00,0.345,7.548
2019-10-25 11:00:00,0.327,7.398
2019-10-25 12:00:00,0.377,7.79
2019-10-25 13:00:00,0.463,8.423
2019-10-25 14:00:00,0.548,9.065
2019-10-25 15:00:00,0.67,10.029
2019-10-25 16:00:00,0.758,10.859
2019-10-25 17:00:00,0.763,10.912
2019-10-25 18:00:00,0.763,10.918
2019-10-25 19:00:00,0.818,11.558
2019-10-25 20:00:00,0.901,12.901
2019-10-25 21:00:00,0.896,12.81
2019-10-25 22:00:00,0.756,10.83
2019-10-25 23:00:00,0.707,10.35
2019-10-26 00:00:00,0.735,10.619
2019-10-26 01:00:00,0.696,10.26
2019-10-26 02:00:00,0.555,9.112
2019-10-26 03:00:00,0.392,7.902
2019-10-26 04:00:00,0.219,6.466
2019-10-26 05:00:00,0.11,5.226
2019-10-26 06:00:00,0.048,4.152
2019-10-26 07:00:00,0.03,3.698
2019-10-26 08:00:00,0.034,3.792
2019-10-26 09:00:00,0.057,4.337
2019-10-26 10:00:00,0.082,4.786
2019-10-26 11:00:00,0.109,5.208
2019-10-26 12:00:00,0.106,5.163
2019-10-26 13:00:00,0.13,5.494
2019-10-26 14:00:00,0.14,5.622
2019-10-26 15:00:00,0.167,5.928
2019-10-26 16:00:00,0.247,6.724
2019-10-26 17:00:00,0.367,7.714
2019-10-26 18:00:00,0.553,9.102
2019-10-26 19:00:00,0.758,10.849
2019-10-26 20:00:00,0.891,12.696
2019-10-26 21:00:00,0.954,14.349
2019-10-26 22:00:00,0.977,15.52
2019-10-26 23:00:00,0.985,16.304
2019-10-27 00:00:00,0.988,16.832
2019-10-27 01:00:00,0.989,17.113
2019-10-27 02:00:00,0.989,17.02
2019-10-27 03:00:00,0.988,16.841
2019-10-27 04:00:00,0.986,16.474
2019-10-27 05:00:00,0.986,16.366
2019-10-27 06:00:00,0.987,16.608
2019-10-27 07:00:00,0.988,16.693
2019-10-27 08:00:00,0.988,16.73
2019-10-27 09:00:00,0.989,16.974
2019-10-27 10:00:00,0.989,17.294
2019-10-27 11:00:00,0.989,17.54
2019-10-27 12:00:00,0.989,17.612
2019-10-27 13:00:00,0.989,17.489
2019-10-27 14:00:00,0.989,17.157
2019-10-27 15:00:00,0.987,16.571
2019-10-27 16:00:00,0.981,15.87
2019-10-27 17:00:00,0.972,15.192
2019-10-27 18:00:00,0.961,14.647
2019-10-27 19:00:00,0.946,14.087
2019-10-27 20:00:00,0.93,13.582
2019-10-27 21:00:00,0.914,13.176
2019-10-27 22:00:00,0.896,12.807
2019-10-27 23:00:00,0.872,12.348
2019-10-28 00:00:00,0.838,11.828
2019-10-28 01:00:00,0.802,11.359
2019-10-28 02:00:00,0.775,11.05
2019-10-28 03:00:00,0.744,10.721
2019-10-28 04:00:00,0.707,10.356
2019-10-28 05:00:00,0.671,10.039
2019-10-28 06:00:00,0.636,9.74
2019-10-28 07:00:00,0.599,9.442
2019-10-28 08:00:00,0.558,9.134
2019-10-28 09:00:00,0.531,8.931
2019-10-28 10:00:00,0.522,8.869
2019-10-28 11:00:00,0.533,8.953
2019-10-28 12:00:00,0.558,9.134
2019-10-28 13:00:00,0.566,9.189
2019-10-28 14:00:00,0.564,9.172
2019-10-28 15:00:00,0.556,9.126
2019-10-28 16:00:00,0.548,9.05
2019-10-28 17:00:00,0.518,8.842
2019-10-28 18:00:00,0.484,8.589
2019-10-28 19:00:00,0.457,8.389
2019-10-28 20:00:00,0.429,8.181
2019-10-28 21:00:00,0.402,7.978
2019-10-28 22:00:00,0.383,7.84
2019-10-28 23:00:00,0.379,7.807
2019-10-29 00:00:00,0.383,7.84
2019-10-29 01:00:00,0.394,7.915
2019-10-29 02:00:00,0.413,8.064
2019-10-29 03:00:00,0.438,8.244
2019-10-29 04:00:00,0.452,8.344
2019-10-29 05:00:00,0.45,8.332
2019-10-29 06:00:00,0.434,8.216
2019-10-29 07:00:00,0.4,7.969
2019-10-29 08:00:00,0.353,7.611
2019-10-29 09:00:00,0.317,7.322
2019-10-29 10:00:00,0.291,7.103
2019-10-29 11:00:00,0.262,6.858
2019-10-29 12:00:00,0.236,6.631
2019-10-29 13:00:00,0.217,6.442
2019-10-29 14:00:00,0.199,6.265
2019-10-29 15:00:00,0.18,6.074
2019-10-29 16:00:00,0.164,5.9
2019-10-29 17:00:00,0.149,5.731
2019-10-29 18:00:00,0.131,5.511
2019-10-29 19:00:00,0.114,5.275
2019-10-29 20:00:00,0.092,4.961
2019-10-29 21:00:00,0.077,4.71
2019-10-29 22:00:00,0.073,4.633
2019-10-29 23:00:00,0.079,4.755
2019-10-30 00:00:00,0.09,4.931
2019-10-30 01:00:00,0.087,4.883
2019-10-30 02:00:00,0.074,4.674
2019-10-30 03:00:00,0.057,4.35
2019-10-30 04:00:00,0.044,4.071
2019-10-30 05:00:00,0.038,3.904
2019-10-30 06:00:00,0.032,3.75
2019-10-30 07:00:00,0.026,3.564
2019-10-30 08:00:00,0.025,3.531
2019-10-30 09:00:00,0.027,3.589
2019-10-30 10:00:00,0.031,3.699
2019-10-30 11:00:00,0.031,3.715
2019-10-30 12:00:00,0.029,3.666
2019-10-30 13:00:00,0.031,3.701
2019-10-30 14:00:00,0.036,3.857
2019-10-30 15:00:00,0.041,3.988
2019-10-30 16:00:00,0.047,4.131
2019-10-30 17:00:00,0.061,4.428
2019-10-30 18:00:00,0.086,4.86
2019-10-30 19:00:00,0.12,5.366
2019-10-30 20:00:00,0.156,5.795
2019-10-30 21:00:00,0.182,6.09
2019-10-30 22:00:00,0.191,6.184
2019-10-30 23:00:00,0.183,6.105
2019-10-31 00:00:00,0.173,5.995
2019-10-31 01:00:00,0.169,5.95
2019-10-31 02:00:00,0.169,5.95
2019-10-31 03:00:00,0.171,5.973
2019-10-31 04:00:00,0.173,5.995
2019-10-31 05:00:00,0.179,6.055
2019-10-31 06:00:00,0.193,6.203
2019-10-31 07:00:00,0.221,6.481
2019-10-31 08:00:00,0.258,6.823
2019-10-31 09:00:00,0.311,7.271
2019-10-31 10:00:00,0.368,7.727
2019-10-31 11:00:00,0.411,8.046
2019-10-31 12:00:00,0.433,8.208
2019-10-31 13:00:00,0.459,8.396
2019-10-31 14:00:00,0.501,8.706
2019-10-31 15:00:00,0.551,9.086
2019-10-31 16:00:00,0.587,9.363
2019-10-31 17:00:00,0.617,9.597
2019-10-31 18:00:00,0.623,9.639
2019-10-31 19:00:00,0.693,10.237
2019-10-31 20:00:00,0.722,10.5
2019-10-31 21:00:00,0.735,10.628
2019-10-31 22:00:00,0.741,10.692
2019-10-31 23:00:00,0.729,10.569
2019-11-01 00:00:00,0.718,10.467
2019-11-01 01:00:00,0.679,10.101
2019-11-01 02:00:00,0.679,10.107
2019-11-01 03:00:00,0.679,10.101
2019-11-01 04:00:00,0.689,10.194
2019-11-01 05:00:00,0.685,10.152
2019-11-01 06:00:00,0.669,10.024
2019-11-01 07:00:00,0.671,10.043
2019-11-01 08:00:00,0.684,10.146
2019-11-01 09:00:00,0.686,10.166
2019-11-01 10:00:00,0.682,10.14
2019-11-01 11:00:00,0.685,10.149
2019-11-01 12:00:00,0.692,10.229
2019-11-01 13:00:00,0.716,10.448
2019-11-01 14:00:00,0.752,10.796
2019-11-01 15:00:00,0.796,11.284
2019-11-01 16:00:00,0.832,11.746
2019-11-01 17:00:00,0.848,11.974
2019-11-01 18:00:00,0.834,11.769
2019-11-01 19:00:00,0.789,11.204
2019-11-01 20:00:00,0.712,10.408
2019-11-01 21:00:00,0.654,9.891
2019-11-01 22:00:00,0.617,9.592
2019-11-01 23:00:00,0.617,9.594
2019-11-02 00:00:00,0.647,9.833
2019-11-02 01:00:00,0.696,10.265
2019-11-02 02:00:00,0.771,11.0
2019-11-02 03:00:00,0.81,11.452
2019-11-02 04:00:00,0.818,11.561
2019-11-02 05:00:00,0.789,11.205
2019-11-02 06:00:00,0.766,10.948
2019-11-02 07:00:00,0.818,11.557
2019-11-02 08:00:00,0.842,11.883
2019-11-02 09:00:00,0.841,11.871
2019-11-02 10:00:00,0.818,11.559
2019-11-02 11:00:00,0.766,10.948
2019-11-02 12:00:00,0.742,10.693
2019-11-02 13:00:00,0.752,10.802
2019-11-02 14:00:00,0.785,11.146
2019-11-02 15:00:00,0.86,12.159
2019-11-02 16:00:00,0.929,13.577
2019-11-02 17:00:00,0.938,13.816
2019-11-02 18:00:00,0.904,12.976
2019-11-02 19:00:00,0.852,12.032
2019-11-02 20:00:00,0.864,12.22
2019-11-02 21:00:00,0.884,12.573
2019-11-02 22:00:00,0.886,12.601
2019-11-02 23:00:00,0.85,11.993
2019-11-03 00:00:00,0.788,11.188
2019-11-03 01:00:00,0.738,10.646
2019-11-03 02:00:00,0.679,10.109
2019-11-03 03:00:00,0.588,9.365
2019-11-03 04:00:00,0.483,8.572
2019-11-03 05:00:00,0.401,7.973
2019-11-03 06:00:00,0.349,7.575
2019-11-03 07:00:00,0.313,7.283
2019-11-03 08:00:00,0.289,7.086
2019-11-03 09:00:00,0.272,6.94
2019-11-03 10:00:00,0.26,6.844
2019-11-03 11:00:00,0.255,6.802
2019-11-03 12:00:00,0.244,6.689
2019-11-03 13:00:00,0.233,6.595
2019-11-03 14:00:00,0.24,6.664
2019-11-03 15:00:00,0.267,6.909
2019-11-03 16:00:00,0.31,7.261
2019-11-03 17:00:00,0.351,7.582
2019-11-03 18:00:00,0.367,7.715
2019-11-03 19:00:00,0.353,7.599
2019-11-03 20:00:00,0.32,7.343
2019-11-03 21:00:00,0.289,7.09
2019-11-03 22:00:00,0.259,6.832
2019-11-03 23:00:00,0.238,6.651
2019-11-04 00:00:00,0.244,6.696
2019-11-04 01:00:00,0.266,6.897
2019-11-04 02:00:00,0.28,7.008
2019-11-04 03:00:00,0.268,6.914
2019-11-04 04:00:00,0.253,6.785
2019-11-04 05:00:00,0.249,6.739
2019-11-04 06:00:00,0.277,6.987
2019-11-04 07:00:00,0.334,7.457
2019-11-04 08:00:00,0.392,7.905
2019-11-04 09:00:00,0.41,8.029
2019-11-04 10:00:00,0.386,7.862
2019-11-04 11:00:00,0.347,7.562
2019-11-04 12:00:00,0.28,7.009
2019-11-04 13:00:00,0.194,6.208
2019-11-04 14:00:00,0.116,5.304
2019-11-04 15:00:00,0.093,4.981
2019-11-04 16:00:00,0.112,5.253
2019-11-04 17:00:00,0.166,5.92
2019-11-04 18:00:00,0.245,6.706
2019-11-04 19:00:00,0.351,7.583
2019-11-04 20:00:00,0.48,8.548
2019-11-04 21:00:00,0.575,9.263
2019-11-04 22:00:00,0.66,9.939
2019-11-04 23:00:00,0.723,10.514
2019-11-05 00:00:00,0.783,11.138
2019-11-05 01:00:00,0.831,11.729
2019-11-05 02:00:00,0.863,12.202
2019-11-05 03:00:00,0.883,12.546
2019-11-05 04:00:00,0.899,12.866
2019-11-05 05:00:00,0.92,13.332
2019-11-05 06:00:00,0.937,13.794
2019-11-05 07:00:00,0.947,14.119
2019-11-05 08:00:00,0.949,14.198
2019-11-05 09:00:00,0.943,13.986
2019-11-05 10:00:00,0.93,13.601
2019-11-05 11:00:00,0.91,13.098
2019-11-05 12:00:00,0.882,12.541
2019-11-05 13:00:00,0.851,12.023
2019-11-05 14:00:00,0.817,11.548
2019-11-05 15:00:00,0.778,11.072
2019-11-05 16:00:00,0.72,10.483
2019-11-05 17:00:00,0.645,9.819
2019-11-05 18:00:00,0.564,9.172
2019-11-05 19:00:00,0.483,8.571
2019-11-05 20:00:00,0.404,7.994
2019-11-05 21:00:00,0.322,7.361
2019-11-05 22:00:00,0.246,6.71
2019-11-05 23:00:00,0.187,6.15
2019-11-06 00:00:00,0.145,5.676
2019-11-06 01:00:00,0.122,5.39
2019-11-06 02:00:00,0.106,5.176
2019-11-06 03:00:00,0.097,5.03
2019-11-06 04:00:00,0.087,4.871
2019-11-06 05:00:00,0.08,4.77
2019-11-06 06:00:00,0.077,4.72
2019-11-06 07:00:00,0.071,4.611
2019-11-06 08:00:00,0.049,4.169
2019-11-06 09:00:00,0.025,3.545
2019-11-06 10:00:00,0.01,2.895
2019-11-06 11:00:00,0.004,2.423
2019-11-06 12:00:00,0.003,2.339
2019-11-06 13:00:00,0.003,2.234
2019-11-06 14:00:00,0.002,2.087
2019-11-06 15:00:00,0.002,2.05
2019-11-06 16:00:00,0.003,2.274
2019-11-06 17:00:00,0.008,2.78
2019-11-06 18:00:00,0.024,3.513
2019-11-06 19:00:00,0.055,4.299
2019-11-06 20:00:00,0.09,4.932
2019-11-06 21:00:00,0.116,5.303
2019-11-06 22:00:00,0.134,5.532
2019-11-06 23:00:00,0.149,5.723
2019-11-07 00:00:00,0.183,6.107
2019-11-07 01:00:00,0.252,6.769
2019-11-07 02:00:00,0.314,7.302
2019-11-07 03:00:00,0.344,7.529
2019-11-07 04:00:00,0.413,8.063
2019-11-07 05:00:00,0.528,8.905
2019-11-07 06:00:00,0.63,9.693
2019-11-07 07:00:00,0.707,10.357
2019-11-07 08:00:00,0.759,10.867
2019-11-07 09:00:00,0.797,11.295
2019-11-07 10:00:00,0.829,11.71
2019-11-07 11:00:00,0.856,12.103
2019-11-07 12:00:00,0.879,12.478
2019-11-07 13:00:00,0.902,12.922
2019-11-07 14:00:00,0.923,13.418
2019-11-07 15:00:00,0.941,13.9
2019-11-07 16:00:00,0.954,14.363
2019-11-07 17:00:00,0.963,14.748
2019-11-07 18:00:00,0.968,14.96
2019-11-07 19:00:00,0.969,15.035
2019-11-07 20:00:00,0.969,15.032
2019-11-07 21:00:00,0.968,14.968
2019-11-07 22:00:00,0.965,14.862
2019-11-07 23:00:00,0.961,14.667
2019-11-08 00:00:00,0.956,14.457
2019-11-08 01:00:00,0.951,14.257
2019-11-08 02:00:00,0.946,14.088
2019-11-08 03:00:00,0.95,14.218
2019-11-08 04:00:00,0.96,14.619
2019-11-08 05:00:00,0.969,15.065
2019-11-08 06:00:00,0.975,15.389
2019-11-08 07:00:00,0.977,15.568
2019-11-08 08:00:00,0.977,15.565
2019-11-08 09:00:00,0.974,15.348
2019-11-08 10:00:00,0.97,15.074
2019-11-08 11:00:00,0.966,14.876
2019-11-08 12:00:00,0.963,14.749
2019-11-08 13:00:00,0.962,14.698
2019-11-08 14:00:00,0.959,14.588
2019-11-08 15:00:00,0.956,14.428
2019-11-08 16:00:00,0.948,14.148
2019-11-08 17:00:00,0.935,13.724
2019-11-08 18:00:00,0.917,13.265
2019-11-08 19:00:00,0.899,12.853
2019-11-08 20:00:00,0.882,12.538
2019-11-08 21:00:00,0.866,12.264
2019-11-08 22:00:00,0.852,12.038
2019-11-08 23:00:00,0.843,11.898
2019-11-09 00:00:00,0.835,11.795
2019-11-09 01:00:00,0.827,11.666
2019-11-09 02:00:00,0.812,11.476
2019-11-09 03:00:00,0.788,11.194
2019-11-09 04:00:00,0.763,10.904
2019-11-09 05:00:00,0.741,10.689
2019-11-09 06:00:00,0.726,10.545
2019-11-09 07:00:00,0.717,10.447
2019-11-09 08:00:00,0.707,10.352
2019-11-09 09:00:00,0.705,10.333
2019-11-09 10:00:00,0.715,10.431
2019-11-09 11:00:00,0.724,10.52
2019-11-09 12:00:00,0.717,10.445
2019-11-09 13:00:00,0.694,10.239
2019-11-09 14:00:00,0.685,10.16
2019-11-09 15:00:00,0.698,10.278
2019-11-09 16:00:00,0.71,10.388
2019-11-09 17:00:00,0.718,10.465
2019-11-09 18:00:00,0.718,10.466
2019-11-09 19:00:00,0.712,10.407
2019-11-09 20:00:00,0.709,10.373
2019-11-09 21:00:00,0.716,10.437
2019-11-09 22:00:00,0.726,10.542
2019-11-09 23:00:00,0.747,10.744
2019-11-10 00:00:00,0.783,11.125
2019-11-10 01:00:00,0.821,11.596
2019-11-10 02:00:00,0.848,11.972
2019-11-10 03:00:00,0.85,12.007
2019-11-10 04:00:00,0.835,11.783
2019-11-10 05:00:00,0.806,11.412
2019-11-10 06:00:00,0.76,10.872
2019-11-10 07:00:00,0.687,10.179
2019-11-10 08:00:00,0.59,9.382
2019-11-10 09:00:00,0.499,8.694
2019-11-10 10:00:00,0.429,8.184
2019-11-10 11:00:00,0.374,7.771
2019-11-10 12:00:00,0.295,7.138
2019-11-10 13:00:00,0.185,6.126
2019-11-10 14:00:00,0.06,4.394
2019-11-10 15:00:00,0.018,3.259
2019-11-10 16:00:00,0.008,2.769
2019-11-10 17:00:00,0.002,2.172
2019-11-10 18:00:00,0.004,2.433
2019-11-10 19:00:00,0.033,3.766
2019-11-10 20:00:00,0.102,5.106
2019-11-10 21:00:00,0.163,5.889
2019-11-10 22:00:00,0.228,6.557
2019-11-10 23:00:00,0.308,7.246
2019-11-11 00:00:00,0.438,8.24
2019-11-11 01:00:00,0.611,9.55
2019-11-11 02:00:00,0.766,10.949
2019-11-11 03:00:00,0.847,11.961
2019-11-11 04:00:00,0.873,12.38
2019-11-11 05:00:00,0.886,12.602
2019-11-11 06:00:00,0.902,12.917
2019-11-11 07:00:00,0.914,13.193
2019-11-11 08:00:00,0.903,12.957
2019-11-11 09:00:00,0.857,12.114
2019-11-11 10:00:00,0.757,10.848
2019-11-11 11:00:00,0.602,9.474
2019-11-11 12:00:00,0.458,8.395
2019-11-11 13:00:00,0.383,7.829
2019-11-11 14:00:00,0.408,8.023
2019-11-11 15:00:00,0.494,8.66
2019-11-11 16:00:00,0.575,9.267
2019-11-11 17:00:00,0.633,9.727
2019-11-11 18:00:00,0.68,10.123
2019-11-11 19:00:00,0.722,10.503
2019-11-11 20:00:00,0.769,10.975
2019-11-11 21:00:00,0.823,11.622
2019-11-11 22:00:00,0.861,12.17
2019-11-11 23:00:00,0.88,12.499
2019-11-12 00:00:00,0.892,12.724
2019-11-12 01:00:00,0.901,12.904
2019-11-12 02:00:00,0.909,13.074
2019-11-12 03:00:00,0.918,13.287
2019-11-12 04:00:00,0.926,13.483
2019-11-12 05:00:00,0.919,13.321
2019-11-12 06:00:00,0.892,12.728
2019-11-12 07:00:00,0.845,11.93
2019-11-12 08:00:00,0.783,11.12
2019-11-12 09:00:00,0.705,10.336
2019-11-12 10:00:00,0.608,9.513
2019-11-12 11:00:00,0.497,8.674
2019-11-12 12:00:00,0.362,7.669
2019-11-12 13:00:00,0.204,6.318
2019-11-12 14:00:00,0.084,4.842
2019-11-12 15:00:00,0.027,3.583
2019-11-12 16:00:00,0.031,3.72
2019-11-12 17:00:00,0.078,4.742
2019-11-12 18:00:00,0.136,5.563
2019-11-12 19:00:00,0.223,6.501
2019-11-12 20:00:00,0.32,7.345
2019-11-12 21:00:00,0.416,8.077
2019-11-12 22:00:00,0.494,8.655
2019-11-12 23:00:00,0.566,9.188
2019-11-13 00:00:00,0.642,9.799
2019-11-13 01:00:00,0.711,10.395
2019-11-13 02:00:00,0.753,10.806
2019-11-13 03:00:00,0.772,11.008
2019-11-13 04:00:00,0.787,11.182
2019-11-13 05:00:00,0.801,11.334
2019-11-13 06:00:00,0.806,11.403
2019-11-13 07:00:00,0.795,11.27
2019-11-13 08:00:00,0.76,10.88
2019-11-13 09:00:00,0.694,10.241
2019-11-13 10:00:00,0.602,9.48
2019-11-13 11:00:00,0.509,8.767
2019-11-13 12:00:00,0.422,8.121
2019-11-13 13:00:00,0.336,7.476
2019-11-13 14:00:00,0.255,6.797
2019-11-13 15:00:00,0.179,6.055
2019-11-13 16:00:00,0.109,5.2
2019-11-13 17:00:00,0.05,4.197
2019-11-13 18:00:00,0.019,3.317
2019-11-13 19:00:00,0.007,2.671
2019-11-13 20:00:00,0.004,2.43
2019-11-13 21:00:00,0.004,2.45
2019-11-13 22:00:00,0.008,2.755
2019-11-13 23:00:00,0.017,3.248
2019-11-14 00:00:00,0.033,3.769
2019-11-14 01:00:00,0.053,4.263
2019-11-14 02:00:00,0.09,4.938
2019-11-14 03:00:00,0.148,5.72
2019-11-14 04:00:00,0.219,6.466
2019-11-14 05:00:00,0.296,7.14
2019-11-14 06:00:00,0.353,7.6
2019-11-14 07:00:00,0.372,7.753
2019-11-14 08:00:00,0.365,7.702
2019-11-14 09:00:00,0.373,7.755
2019-11-14 10:00:00,0.392,7.906
2019-11-14 11:00:00,0.41,8.036
2019-11-14 12:00:00,0.426,8.153
2019-11-14 13:00:00,0.45,8.339
2019-11-14 14:00:00,0.465,8.445
2019-11-14 15:00:00,0.489,8.625
2019-11-14 16:00:00,0.52,8.851
2019-11-14 17:00:00,0.54,8.99
2019-11-14 18:00:00,0.558,9.14
2019-11-14 19:00:00,0.568,9.211
2019-11-14 20:00:00,0.561,9.158
2019-11-14 21:00:00,0.557,9.128
2019-11-14 22:00:00,0.536,8.973
2019-11-14 23:00:00,0.522,8.866
2019-11-15 00:00:00,0.545,9.031
2019-11-15 01:00:00,0.588,9.363
2019-11-15 02:00:00,0.645,9.819
2019-11-15 03:00:00,0.698,10.279
2019-11-15 04:00:00,0.763,10.91
2019-11-15 05:00:00,0.82,11.587
2019-11-15 06:00:00,0.867,12.281
2019-11-15 07:00:00,0.901,12.91
2019-11-15 08:00:00,0.93,13.596
2019-11-15 09:00:00,0.949,14.197
2019-11-15 10:00:00,0.96,14.597
2019-11-15 11:00:00,0.966,14.899
2019-11-15 12:00:00,0.965,14.844
2019-11-15 13:00:00,0.966,14.875
2019-11-15 14:00:00,0.972,15.213
2019-11-15 15:00:00,0.979,15.674
2019-11-15 16:00:00,0.979,15.725
2019-11-15 17:00:00,0.974,15.352
2019-11-15 18:00:00,0.963,14.744
2019-11-15 19:00:00,0.945,14.033
2019-11-15 20:00:00,0.921,13.355
2019-11-15 21:00:00,0.88,12.5
2019-11-15 22:00:00,0.817,11.532
2019-11-15 23:00:00,0.738,10.659
2019-11-16 00:00:00,0.682,10.137
2019-11-16 01:00:00,0.631,9.704
2019-11-16 02:00:00,0.578,9.29
2019-11-16 03:00:00,0.533,8.948
2019-11-16 04:00:00,0.509,8.762
2019-11-16 05:00:00,0.488,8.614
2019-11-16 06:00:00,0.44,8.257
2019-11-16 07:00:00,0.377,7.784
2019-11-16 08:00:00,0.36,7.653
2019-11-16 09:00:00,0.374,7.762
2019-11-16 10:00:00,0.375,7.773
2019-11-16 11:00:00,0.363,7.689
2019-11-16 12:00:00,0.367,7.713
2019-11-16 13:00:00,0.389,7.876
2019-11-16 14:00:00,0.417,8.086
2019-11-16 15:00:00,0.423,8.137
2019-11-16 16:00:00,0.419,8.098
2019-11-16 17:00:00,0.413,8.066
2019-11-16 18:00:00,0.417,8.082
2019-11-16 19:00:00,0.417,8.081
2019-11-16 20:00:00,0.401,7.971
2019-11-16 21:00:00,0.386,7.857
2019-11-16 22:00:00,0.371,7.749
2019-11-16 23:00:00,0.35,7.576
2019-11-17 00:00:00,0.326,7.387
2019-11-17 01:00:00,0.302,7.196
2019-11-17 02:00:00,0.275,6.971
2019-11-17 03:00:00,0.257,6.817
2019-11-17 04:00:00,0.253,6.781
2019-11-17 05:00:00,0.253,6.779
2019-11-17 06:00:00,0.261,6.848
2019-11-17 07:00:00,0.283,7.04
2019-11-17 08:00:00,0.313,7.294
2019-11-17 09:00:00,0.339,7.501
2019-11-17 10:00:00,0.365,7.7
2019-11-17 11:00:00,0.404,7.987
2019-11-17 12:00:00,0.439,8.252
2019-11-17 13:00:00,0.45,8.335
2019-11-17 14:00:00,0.467,8.462
2019-11-17 15:00:00,0.519,8.842
2019-11-17 16:00:00,0.596,9.42
2019-11-17 17:00:00,0.648,9.843
2019-11-17 18:00:00,0.661,9.952
2019-11-17 19:00:00,0.663,9.965
2019-11-17 20:00:00,0.698,10.277
2019-11-17 21:00:00,0.732,10.596
2019-11-17 22:00:00,0.752,10.805
2019-11-17 23:00:00,0.775,11.044
2019-11-18 00:00:00,0.796,11.287
2019-11-18 01:00:00,0.808,11.433
2019-11-18 02:00:00,0.823,11.63
2019-11-18 03:00:00,0.832,11.744
2019-11-18 04:00:00,0.83,11.722
2019-11-18 05:00:00,0.83,11.725
2019-11-18 06:00:00,0.823,11.619
2019-11-18 07:00:00,0.82,11.577
2019-11-18 08:00:00,0.841,11.872
2019-11-18 09:00:00,0.881,12.507
2019-11-18 10:00:00,0.91,13.091
2019-11-18 11:00:00,0.928,13.538
2019-11-18 12:00:00,0.943,13.961
2019-11-18 13:00:00,0.95,14.203
2019-11-18 14:00:00,0.948,14.16
2019-11-18 15:00:00,0.943,13.957
2019-11-18 16:00:00,0.929,13.567
2019-11-18 17:00:00,0.914,13.172
2019-11-18 18:00:00,0.897,12.814
2019-11-18 19:00:00,0.887,12.633
2019-11-18 20:00:00,0.888,12.645
2019-11-18 21:00:00,0.891,12.703
2019-11-18 22:00:00,0.891,12.698
2019-11-18 23:00:00,0.885,12.588
2019-11-19 00:00:00,0.869,12.307
2019-11-19 01:00:00,0.836,11.797
2019-11-19 02:00:00,0.782,11.114
2019-11-19 03:00:00,0.714,10.419
2019-11-19 04:00:00,0.644,9.814
2019-11-19 05:00:00,0.577,9.284
2019-11-19 06:00:00,0.514,8.806
2019-11-19 07:00:00,0.441,8.27
2019-11-19 08:00:00,0.351,7.592
2019-11-19 09:00:00,0.266,6.895
2019-11-19 10:00:00,0.203,6.314
2019-11-19 11:00:00,0.166,5.921
2019-11-19 12:00:00,0.139,5.608
2019-11-19 13:00:00,0.104,5.146
2019-11-19 14:00:00,0.052,4.234
2019-11-19 15:00:00,0.017,3.251
2019-11-19 16:00:00,0.006,2.561
2019-11-19 17:00:00,0.008,2.754
2019-11-19 18:00:00,0.032,3.754
2019-11-19 19:00:00,0.089,4.915
2019-11-19 20:00:00,0.158,5.831
2019-11-19 21:00:00,0.232,6.581
2019-11-19 22:00:00,0.294,7.134
2019-11-19 23:00:00,0.347,7.565
2019-11-20 00:00:00,0.39,7.892
2019-11-20 01:00:00,0.424,8.141
2019-11-20 02:00:00,0.454,8.37
2019-11-20 03:00:00,0.491,8.638
2019-11-20 04:00:00,0.533,8.947
2019-11-20 05:00:00,0.571,9.233
2019-11-20 06:00:00,0.601,9.468
2019-11-20 07:00:00,0.623,9.641
2019-11-20 08:00:00,0.633,9.722
2019-11-20 09:00:00,0.63,9.69
2019-11-20 10:00:00,0.615,9.574
2019-11-20 11:00:00,0.595,9.415
2019-11-20 12:00:00,0.575,9.266
2019-11-20 13:00:00,0.564,9.174
2019-11-20 14:00:00,0.558,9.139
2019-11-20 15:00:00,0.566,9.189
2019-11-20 16:00:00,0.59,9.38
2019-11-20 17:00:00,0.618,9.605
2019-11-20 18:00:00,0.639,9.771
2019-11-20 19:00:00,0.66,9.937
2019-11-20 20:00:00,0.675,10.071
2019-11-20 21:00:00,0.672,10.048
2019-11-20 22:00:00,0.647,9.84
2019-11-20 23:00:00,0.61,9.539
2019-11-21 00:00:00,0.566,9.198
2019-11-21 01:00:00,0.521,8.858
2019-11-21 02:00:00,0.476,8.525
2019-11-21 03:00:00,0.427,8.165
2019-11-21 04:00:00,0.392,7.909
2019-11-21 05:00:00,0.386,7.862
2019-11-21 06:00:00,0.407,8.02
2019-11-21 07:00:00,0.45,8.334
2019-11-21 08:00:00,0.485,8.594
2019-11-21 09:00:00,0.485,8.591
2019-11-21 10:00:00,0.453,8.348
2019-11-21 11:00:00,0.423,8.136
2019-11-21 12:00:00,0.431,8.199
2019-11-21 13:00:00,0.46,8.407
2019-11-21 14:00:00,0.49,8.632
2019-11-21 15:00:00,0.528,8.911
2019-11-21 16:00:00,0.594,9.41
2019-11-21 17:00:00,0.658,9.932
2019-11-21 18:00:00,0.703,10.321
2019-11-21 19:00:00,0.726,10.545
2019-11-21 20:00:00,0.728,10.556
2019-11-21 21:00:00,0.695,10.254
2019-11-21 22:00:00,0.641,9.791
2019-11-21 23:00:00,0.594,9.406
2019-11-22 00:00:00,0.565,9.186
2019-11-22 01:00:00,0.548,9.057
2019-11-22 02:00:00,0.535,8.966
2019-11-22 03:00:00,0.548,9.055
2019-11-22 04:00:00,0.585,9.343
2019-11-22 05:00:00,0.631,9.702
2019-11-22 06:00:00,0.654,9.894
2019-11-22 07:00:00,0.665,9.99
2019-11-22 08:00:00,0.679,10.107
2019-11-22 09:00:00,0.685,10.156
2019-11-22 10:00:00,0.679,10.113
2019-11-22 11:00:00,0.679,10.105
2019-11-22 12:00:00,0.68,10.116
2019-11-22 13:00:00,0.685,10.157
2019-11-22 14:00:00,0.693,10.237
2019-11-22 15:00:00,0.7,10.297
2019-11-22 16:00:00,0.698,10.283
2019-11-22 17:00:00,0.691,10.208
2019-11-22 18:00:00,0.681,10.126
2019-11-22 19:00:00,0.67,10.033
2019-11-22 20:00:00,0.662,9.959
2019-11-22 21:00:00,0.685,10.154
2019-11-22 22:00:00,0.705,10.343
2019-11-22 23:00:00,0.713,10.414
2019-11-23 00:00:00,0.719,10.478
2019-11-23 01:00:00,0.749,10.768
2019-11-23 02:00:00,0.793,11.238
2019-11-23 03:00:00,0.846,11.948
2019-11-23 04:00:00,0.891,12.713
2019-11-23 05:00:00,0.921,13.346
2019-11-23 06:00:00,0.936,13.759
2019-11-23 07:00:00,0.948,14.141
2019-11-23 08:00:00,0.958,14.536
2019-11-23 09:00:00,0.958,14.53
2019-11-23 10:00:00,0.953,14.311
2019-11-23 11:00:00,0.948,14.146
2019-11-23 12:00:00,0.946,14.063
2019-11-23 13:00:00,0.945,14.031
2019-11-23 14:00:00,0.949,14.19
2019-11-23 15:00:00,0.953,14.343
2019-11-23 16:00:00,0.962,14.722
2019-11-23 17:00:00,0.971,15.159
2019-11-23 18:00:00,0.977,15.514
2019-11-23 19:00:00,0.978,15.617
2019-11-23 20:00:00,0.975,15.396
2019-11-23 21:00:00,0.963,14.732
2019-11-23 22:00:00,0.938,13.828
2019-11-23 23:00:00,0.903,12.945
2019-11-24 00:00:00,0.875,12.41
2019-11-24 01:00:00,0.862,12.192
2019-11-24 02:00:00,0.86,12.153
2019-11-24 03:00:00,0.87,12.324
2019-11-24 04:00:00,0.88,12.487
2019-11-24 05:00:00,0.875,12.406
2019-11-24 06:00:00,0.868,12.287
2019-11-24 07:00:00,0.846,11.945
2019-11-24 08:00:00,0.813,11.492
2019-11-24 09:00:00,0.745,10.73
2019-11-24 10:00:00,0.669,10.024
2019-11-24 11:00:00,0.622,9.632
2019-11-24 12:00:00,0.604,9.486
2019-11-24 13:00:00,0.591,9.388
2019-11-24 14:00:00,0.571,9.232
2019-11-24 15:00:00,0.548,9.064
2019-11-24 16:00:00,0.54,8.997
2019-11-24 17:00:00,0.553,9.098
2019-11-24 18:00:00,0.58,9.308
2019-11-24 19:00:00,0.596,9.42
2019-11-24 20:00:00,0.59,9.382
2019-11-24 21:00:00,0.605,9.498
2019-11-24 22:00:00,0.596,9.421
2019-11-24 23:00:00,0.573,9.249
2019-11-25 00:00:00,0.552,9.094
2019-11-25 01:00:00,0.518,8.84
2019-11-25 02:00:00,0.507,8.755
2019-11-25 03:00:00,0.532,8.945
2019-11-25 04:00:00,0.544,9.025
2019-11-25 05:00:00,0.545,9.04
2019-11-25 06:00:00,0.526,8.892
2019-11-25 07:00:00,0.522,8.87
2019-11-25 08:00:00,0.55,9.081
2019-11-25 09:00:00,0.569,9.223
2019-11-25 10:00:00,0.612,9.558
2019-11-25 11:00:00,0.631,9.703
2019-11-25 12:00:00,0.63,9.695
2019-11-25 13:00:00,0.595,9.417
2019-11-25 14:00:00,0.564,9.17
2019-11-25 15:00:00,0.545,9.034
2019-11-25 16:00:00,0.539,8.989
2019-11-25 17:00:00,0.558,9.138
2019-11-25 18:00:00,0.597,9.433
2019-11-25 19:00:00,0.673,10.054
2019-11-25 20:00:00,0.728,10.559
2019-11-25 21:00:00,0.751,10.789
2019-11-25 22:00:00,0.748,10.756
2019-11-25 23:00:00,0.725,10.529
2019-11-26 00:00:00,0.734,10.616
2019-11-26 01:00:00,0.701,10.304
2019-11-26 02:00:00,0.717,10.456
2019-11-26 03:00:00,0.696,10.264
2019-11-26 04:00:00,0.705,10.337
2019-11-26 05:00:00,0.682,10.138
2019-11-26 06:00:00,0.689,10.193
2019-11-26 07:00:00,0.66,9.941
2019-11-26 08:00:00,0.612,9.558
2019-11-26 09:00:00,0.594,9.413
2019-11-26 10:00:00,0.581,9.31
2019-11-26 11:00:00,0.578,9.292
2019-11-26 12:00:00,0.55,9.076
2019-11-26 13:00:00,0.513,8.795
2019-11-26 14:00:00,0.492,8.643
2019-11-26 15:00:00,0.55,9.076
2019-11-26 16:00:00,0.673,10.058
2019-11-26 17:00:00,0.75,10.784
2019-11-26 18:00:00,0.756,10.833
2019-11-26 19:00:00,0.717,10.456
2019-11-26 20:00:00,0.717,10.44
2019-11-26 21:00:00,0.711,10.393
2019-11-26 22:00:00,0.705,10.341
2019-11-26 23:00:00,0.646,9.826
2019-11-27 00:00:00,0.557,9.128
2019-11-27 01:00:00,0.475,8.51
2019-11-27 02:00:00,0.46,8.408
2019-11-27 03:00:00,0.426,8.151
2019-11-27 04:00:00,0.43,8.192
2019-11-27 05:00:00,0.444,8.284
2019-11-27 06:00:00,0.362,7.665
2019-11-27 07:00:00,0.342,7.512
2019-11-27 08:00:00,0.389,7.885
2019-11-27 09:00:00,0.478,8.531
2019-11-27 10:00:00,0.566,9.202
2019-11-27 11:00:00,0.611,9.546
2019-11-27 12:00:00,0.658,9.931
2019-11-27 13:00:00,0.673,10.056
2019-11-27 14:00:00,0.638,9.767
2019-11-27 15:00:00,0.608,9.526
2019-11-27 16:00:00,0.608,9.526
2019-11-27 17:00:00,0.601,9.47
2019-11-27 18:00:00,0.587,9.362
2019-11-27 19:00:00,0.537,8.98
2019-11-27 20:00:00,0.502,8.722
2019-11-27 21:00:00,0.453,8.362
2019-11-27 22:00:00,0.417,8.083
2019-11-27 23:00:00,0.369,7.731
2019-11-28 00:00:00,0.348,7.567
2019-11-28 01:00:00,0.388,7.871
2019-11-28 02:00:00,0.502,8.716
2019-11-28 03:00:00,0.664,9.978
2019-11-28 04:00:00,0.822,11.607
2019-11-28 05:00:00,0.919,13.311
2019-11-28 06:00:00,0.96,14.632
2019-11-28 07:00:00,0.972,15.205
2019-11-28 08:00:00,0.971,15.139
2019-11-28 09:00:00,0.967,14.948
2019-11-28 10:00:00,0.972,15.219
2019-11-28 11:00:00,0.982,15.957
2019-11-28 12:00:00,0.987,16.615
2019-11-28 13:00:00,0.988,16.785
2019-11-28 14:00:00,0.988,16.726
2019-11-28 15:00:00,0.987,16.53
2019-11-28 16:00:00,0.985,16.263
2019-11-28 17:00:00,0.983,16.058
2019-11-28 18:00:00,0.981,15.824
2019-11-28 19:00:00,0.979,15.691
2019-11-28 20:00:00,0.978,15.641
2019-11-28 21:00:00,0.977,15.574
2019-11-28 22:00:00,0.977,15.518
2019-11-28 23:00:00,0.977,15.52
2019-11-29 00:00:00,0.976,15.448
2019-11-29 01:00:00,0.973,15.285
2019-11-29 02:00:00,0.968,15.015
2019-11-29 03:00:00,0.964,14.775
2019-11-29 04:00:00,0.958,14.546
2019-11-29 05:00:00,0.949,14.175
2019-11-29 06:00:00,0.933,13.674
2019-11-29 07:00:00,0.915,13.22
2019-11-29 08:00:00,0.894,12.76
2019-11-29 09:00:00,0.869,12.311
2019-11-29 10:00:00,0.842,11.888
2019-11-29 11:00:00,0.811,11.47
2019-11-29 12:00:00,0.777,11.064
2019-11-29 13:00:00,0.743,10.707
2019-11-29 14:00:00,0.707,10.36
2019-11-29 15:00:00,0.669,10.025
2019-11-29 16:00:00,0.63,9.693
2019-11-29 17:00:00,0.587,9.355
2019-11-29 18:00:00,0.549,9.073
2019-11-29 19:00:00,0.517,8.827
2019-11-29 20:00:00,0.492,8.642
2019-11-29 21:00:00,0.471,8.486
2019-11-29 22:00:00,0.441,8.266
2019-11-29 23:00:00,0.399,7.955
2019-11-30 00:00:00,0.351,7.592
2019-11-30 01:00:00,0.303,7.209
2019-11-30 02:00:00,0.262,6.854
2019-11-30 03:00:00,0.245,6.707
2019-11-30 04:00:00,0.242,6.676
2019-11-30 05:00:00,0.227,6.547
2019-11-30 06:00:00,0.203,6.308
2019-11-30 07:00:00,0.172,5.977
2019-11-30 08:00:00,0.138,5.592
2019-11-30 09:00:00,0.11,5.226
2019-11-30 10:00:00,0.091,4.939
2019-11-30 11:00:00,0.082,4.797
2019-11-30 12:00:00,0.084,4.834
2019-11-30 13:00:00,0.09,4.929
2019-11-30 14:00:00,0.094,4.987
2019-11-30 15:00:00,0.098,5.042
2019-11-30 16:00:00,0.104,5.14
2019-11-30 17:00:00,0.117,5.311
2019-11-30 18:00:00,0.118,5.325
2019-11-30 19:00:00,0.098,5.046
2019-11-30 20:00:00,0.062,4.437
2019-11-30 21:00:00,0.035,3.828
2019-11-30 22:00:00,0.025,3.549
2019-11-30 23:00:00,0.025,3.541
2019-12-01 00:00:00,0.034,3.798
2019-12-01 01:00:00,0.056,4.334
2019-12-01 02:00:00,0.082,4.79
2019-12-01 03:00:00,0.106,5.163
2019-12-01 04:00:00,0.132,5.516
2019-12-01 05:00:00,0.153,5.774
2019-12-01 06:00:00,0.172,5.988
2019-12-01 07:00:00,0.197,6.246
2019-12-01 08:00:00,0.203,6.311
2019-12-01 09:00:00,0.21,6.377
2019-12-01 10:00:00,0.213,6.407
2019-12-01 11:00:00,0.262,6.862
2019-12-01 12:00:00,0.383,7.838
2019-12-01 13:00:00,0.554,9.108
2019-12-01 14:00:00,0.723,10.514
2019-12-01 15:00:00,0.811,11.468
2019-12-01 16:00:00,0.841,11.871
2019-12-01 17:00:00,0.86,12.147
2019-12-01 18:00:00,0.873,12.376
2019-12-01 19:00:00,0.869,12.306
2019-12-01 20:00:00,0.864,12.225
2019-12-01 21:00:00,0.869,12.309
2019-12-01 22:00:00,0.86,12.16
2019-12-01 23:00:00,0.858,12.138
2019-12-02 00:00:00,0.858,12.123
2019-12-02 01:00:00,0.86,12.162
2019-12-02 02:00:00,0.856,12.094
2019-12-02 03:00:00,0.85,11.99
2019-12-02 04:00:00,0.843,11.896
2019-12-02 05:00:00,0.846,11.947
2019-12-02 06:00:00,0.836,11.81
2019-12-02 07:00:00,0.822,11.613
2019-12-02 08:00:00,0.81,11.462
2019-12-02 09:00:00,0.795,11.261
2019-12-02 10:00:00,0.761,10.886
2019-12-02 11:00:00,0.734,10.615
2019-12-02 12:00:00,0.707,10.355
2019-12-02 13:00:00,0.644,9.81
2019-12-02 14:00:00,0.605,9.49
2019-12-02 15:00:00,0.611,9.543
2019-12-02 16:00:00,0.581,9.315
2019-12-02 17:00:00,0.526,8.893
2019-12-02 18:00:00,0.478,8.534
2019-12-02 19:00:00,0.449,8.322
2019-12-02 20:00:00,0.511,8.785
2019-12-02 21:00:00,0.614,9.568
2019-12-02 22:00:00,0.658,9.923
2019-12-02 23:00:00,0.687,10.181
2019-12-03 00:00:00,0.696,10.259
2019-12-03 01:00:00,0.714,10.418
2019-12-03 02:00:00,0.712,10.404
2019-12-03 03:00:00,0.679,10.113
2019-12-03 04:00:00,0.656,9.91
2019-12-03 05:00:00,0.664,9.979
2019-12-03 06:00:00,0.682,10.135
2019-12-03 07:00:00,0.707,10.35
2019-12-03 08:00:00,0.731,10.583
2019-12-03 09:00:00,0.751,10.79
2019-12-03 10:00:00,0.769,10.98
2019-12-03 11:00:00,0.776,11.051
2019-12-03 12:00:00,0.755,10.827
2019-12-03 13:00:00,0.694,10.241
2019-12-03 14:00:00,0.608,9.526
2019-12-03 15:00:00,0.544,9.027
2019-12-03 16:00:00,0.515,8.813
2019-12-03 17:00:00,0.514,8.807
2019-12-03 18:00:00,0.534,8.959
2019-12-03 19:00:00,0.567,9.208
2019-12-03 20:00:00,0.595,9.415
2019-12-03 21:00:00,0.601,9.471
2019-12-03 22:00:00,0.584,9.333
2019-12-03 23:00:00,0.545,9.041
2019-12-04 00:00:00,0.499,8.699
2019-12-04 01:00:00,0.463,8.429
2019-12-04 02:00:00,0.463,8.425
2019-12-04 03:00:00,0.509,8.765
2019-12-04 04:00:00,0.577,9.279
2019-12-04 05:00:00,0.641,9.791
2019-12-04 06:00:00,0.697,10.269
2019-12-04 07:00:00,0.738,10.653
2019-12-04 08:00:00,0.77,10.983
2019-12-04 09:00:00,0.802,11.362
2019-12-04 10:00:00,0.835,11.793
2019-12-04 11:00:00,0.861,12.167
2019-12-04 12:00:00,0.877,12.452
2019-12-04 13:00:00,0.889,12.665
2019-12-04 14:00:00,0.899,12.854
2019-12-04 15:00:00,0.913,13.157
2019-12-04 16:00:00,0.923,13.397
2019-12-04 17:00:00,0.927,13.492
2019-12-04 18:00:00,0.927,13.521
2019-12-04 19:00:00,0.931,13.631
2019-12-04 20:00:00,0.933,13.678
2019-12-04 21:00:00,0.927,13.491
2019-12-04 22:00:00,0.913,13.157
2019-12-04 23:00:00,0.89,12.685
2019-12-05 00:00:00,0.875,12.397
2019-12-05 01:00:00,0.885,12.582
2019-12-05 02:00:00,0.913,13.157
2019-12-05 03:00:00,0.94,13.883
2019-12-05 04:00:00,0.957,14.47
2019-12-05 05:00:00,0.966,14.869
2019-12-05 06:00:00,0.97,15.085
2019-12-05 07:00:00,0.972,15.219
2019-12-05 08:00:00,0.976,15.45
2019-12-05 09:00:00,0.979,15.719
2019-12-05 10:00:00,0.979,15.648
2019-12-05 11:00:00,0.979,15.675
2019-12-05 12:00:00,0.982,15.968
2019-12-05 13:00:00,0.988,16.887
2019-12-05 14:00:00,0.987,17.968
2019-12-05 15:00:00,0.975,19.077
2019-12-05 16:00:00,0.945,20.211
2019-12-05 17:00:00,0.922,20.75
2019-12-05 18:00:00,0.913,20.933
2019-12-05 19:00:00,0.888,21.359
2019-12-05 20:00:00,0.874,21.577
2019-12-05 21:00:00,0.878,21.516
2019-12-05 22:00:00,0.903,21.122
2019-12-05 23:00:00,0.937,20.426
2019-12-06 00:00:00,0.971,19.261
2019-12-06 01:00:00,0.988,17.8
2019-12-06 02:00:00,0.986,16.479
2019-12-06 03:00:00,0.969,15.036
2019-12-06 04:00:00,0.95,14.203
2019-12-06 05:00:00,0.927,13.519
2019-12-06 06:00:00,0.923,13.413
2019-12-06 07:00:00,0.915,13.217
2019-12-06 08:00:00,0.917,13.272
2019-12-06 09:00:00,0.93,13.592
2019-12-06 10:00:00,0.944,14.015
2019-12-06 11:00:00,0.964,14.776
2019-12-06 12:00:00,0.966,14.9
2019-12-06 13:00:00,0.951,14.253
2019-12-06 14:00:00,0.919,13.309
2019-12-06 15:00:00,0.891,12.7
2019-12-06 16:00:00,0.883,12.558
2019-12-06 17:00:00,0.901,12.903
2019-12-06 18:00:00,0.911,13.132
2019-12-06 19:00:00,0.927,13.517
2019-12-06 20:00:00,0.939,13.832
2019-12-06 21:00:00,0.942,13.945
2019-12-06 22:00:00,0.935,13.739
2019-12-06 23:00:00,0.907,13.026
2019-12-07 00:00:00,0.847,11.961
2019-12-07 01:00:00,0.791,11.226
2019-12-07 02:00:00,0.781,11.112
2019-12-07 03:00:00,0.811,11.473
2019-12-07 04:00:00,0.818,11.559
2019-12-07 05:00:00,0.785,11.154
2019-12-07 06:00:00,0.779,11.079
2019-12-07 07:00:00,0.749,10.769
2019-12-07 08:00:00,0.7,10.299
2019-12-07 09:00:00,0.693,10.231
2019-12-07 10:00:00,0.645,9.818
2019-12-07 11:00:00,0.581,9.314
2019-12-07 12:00:00,0.614,9.571
2019-12-07 13:00:00,0.738,10.662
2019-12-07 14:00:00,0.747,10.747
2019-12-07 15:00:00,0.815,11.513
2019-12-07 16:00:00,0.887,12.632
2019-12-07 17:00:00,0.932,13.657
2019-12-07 18:00:00,0.964,14.785
2019-12-07 19:00:00,0.983,16.08
2019-12-07 20:00:00,0.989,17.097
2019-12-07 21:00:00,0.988,17.803
2019-12-07 22:00:00,0.985,18.349
2019-12-07 23:00:00,0.97,19.311
2019-12-08 00:00:00,0.939,20.365
2019-12-08 01:00:00,0.884,21.432
2019-12-08 02:00:00,0.692,23.51
2019-12-08 03:00:00,0.654,23.825
2019-12-08 04:00:00,0.88,21.482
2019-12-08 05:00:00,0.893,21.29
2019-12-08 06:00:00,0.947,20.162
2019-12-08 07:00:00,0.97,19.359
2019-12-08 08:00:00,0.98,18.797
2019-12-08 09:00:00,0.982,18.588
2019-12-08 10:00:00,0.98,18.788
2019-12-08 11:00:00,0.973,19.217
2019-12-08 12:00:00,0.967,19.459
2019-12-08 13:00:00,0.968,19.404
2019-12-08 14:00:00,0.968,19.405
2019-12-08 15:00:00,0.97,19.328
2019-12-08 16:00:00,0.972,19.231
2019-12-08 17:00:00,0.969,19.392
2019-12-08 18:00:00,0.966,19.524
2019-12-08 19:00:00,0.966,19.513
2019-12-08 20:00:00,0.969,19.367
2019-12-08 21:00:00,0.978,18.93
2019-12-08 22:00:00,0.983,18.509
2019-12-08 23:00:00,0.989,17.602
2019-12-09 00:00:00,0.984,16.173
2019-12-09 01:00:00,0.957,14.499
2019-12-09 02:00:00,0.906,13.009
2019-12-09 03:00:00,0.882,12.545
2019-12-09 04:00:00,0.915,13.212
2019-12-09 05:00:00,0.967,14.951
2019-12-09 06:00:00,0.989,17.405
2019-12-09 07:00:00,0.983,18.503
2019-12-09 08:00:00,0.976,19.01
2019-12-09 09:00:00,0.957,19.842
2019-12-09 10:00:00,0.958,19.813
2019-12-09 11:00:00,0.968,19.41
2019-12-09 12:00:00,0.974,19.117
2019-12-09 13:00:00,0.975,19.102
2019-12-09 14:00:00,0.976,19.042
2019-12-09 15:00:00,0.985,18.353
2019-12-09 16:00:00,0.989,17.299
2019-12-09 17:00:00,0.986,16.385
2019-12-09 18:00:00,0.973,15.276
2019-12-09 19:00:00,0.93,13.607
2019-12-09 20:00:00,0.819,11.572
2019-12-09 21:00:00,0.667,10.006
2019-12-09 22:00:00,0.469,8.476
2019-12-09 23:00:00,0.268,6.912
2019-12-10 00:00:00,0.212,6.398
2019-12-10 01:00:00,0.308,7.247
2019-12-10 02:00:00,0.446,8.308
2019-12-10 03:00:00,0.648,9.849
2019-12-10 04:00:00,0.852,12.032
2019-12-10 05:00:00,0.943,13.987
2019-12-10 06:00:00,0.979,15.682
2019-12-10 07:00:00,0.989,17.095
2019-12-10 08:00:00,0.984,18.395
2019-12-10 09:00:00,0.966,19.527
2019-12-10 10:00:00,0.924,20.723
2019-12-10 11:00:00,0.864,21.717
2019-12-10 12:00:00,0.758,22.905
2019-12-10 13:00:00,0.635,23.974
2019-12-10 14:00:00,0.588,24.343
2019-12-10 15:00:00,0.618,24.111
2019-12-10 16:00:00,0.586,24.365
2019-12-10 17:00:00,0.474,25.201
2019-12-10 18:00:00,0.363,26.063
2019-12-10 19:00:00,0.673,23.67
2019-12-10 20:00:00,0.955,19.899
2019-12-10 21:00:00,0.989,17.678
2019-12-10 22:00:00,0.988,16.875
2019-12-10 23:00:00,0.989,17.364
2019-12-11 00:00:00,0.989,17.207
2019-12-11 01:00:00,0.989,17.0
2019-12-11 02:00:00,0.987,16.647
2019-12-11 03:00:00,0.984,16.115
2019-12-11 04:00:00,0.975,15.431
2019-12-11 05:00:00,0.963,14.747
2019-12-11 06:00:00,0.95,14.223
2019-12-11 07:00:00,0.947,14.099
2019-12-11 08:00:00,0.948,14.135
2019-12-11 09:00:00,0.949,14.177
2019-12-11 10:00:00,0.948,14.159
2019-12-11 11:00:00,0.945,14.054
2019-12-11 12:00:00,0.947,14.118
2019-12-11 13:00:00,0.948,14.134
2019-12-11 14:00:00,0.932,13.638
2019-12-11 15:00:00,0.914,13.191
2019-12-11 16:00:00,0.913,13.151
2019-12-11 17:00:00,0.905,12.984
2019-12-11 18:00:00,0.876,12.418
2019-12-11 19:00:00,0.818,11.564
2019-12-11 20:00:00,0.751,10.793
2019-12-11 21:00:00,0.691,10.217
2019-12-11 22:00:00,0.66,9.947
2019-12-11 23:00:00,0.674,10.063
2019-12-12 00:00:00,0.693,10.237
2019-12-12 01:00:00,0.705,10.341
2019-12-12 02:00:00,0.723,10.514
2019-12-12 03:00:00,0.738,10.647
2019-12-12 04:00:00,0.727,10.547
2019-12-12 05:00:00,0.724,10.523
2019-12-12 06:00:00,0.747,10.746
2019-12-12 07:00:00,0.774,11.028
2019-12-12 08:00:00,0.788,11.195
2019-12-12 09:00:00,0.803,11.373
2019-12-12 10:00:00,0.819,11.571
2019-12-12 11:00:00,0.832,11.739
2019-12-12 12:00:00,0.845,11.924
2019-12-12 13:00:00,0.863,12.206
2019-12-12 14:00:00,0.886,12.603
2019-12-12 15:00:00,0.929,13.559
2019-12-12 16:00:00,0.972,15.233
2019-12-12 17:00:00,0.989,16.995
2019-12-12 18:00:00,0.986,18.13
2019-12-12 19:00:00,0.982,18.625
2019-12-12 20:00:00,0.98,18.775
2019-12-12 21:00:00,0.979,18.837
2019-12-12 22:00:00,0.983,18.516
2019-12-12 23:00:00,0.989,17.248
2019-12-13 00:00:00,0.968,14.981
2019-12-13 01:00:00,0.876,12.416
2019-12-13 02:00:00,0.691,10.219
2019-12-13 03:00:00,0.482,8.567
2019-12-13 04:00:00,0.338,7.487
2019-12-13 05:00:00,0.242,6.682
2019-12-13 06:00:00,0.21,6.369
2019-12-13 07:00:00,0.227,6.545
2019-12-13 08:00:00,0.268,6.91
2019-12-13 09:00:00,0.338,7.484
2019-12-13 10:00:00,0.439,8.252
2019-12-13 11:00:00,0.545,9.029
2019-12-13 12:00:00,0.638,9.766
2019-12-13 13:00:00,0.722,10.501
2019-12-13 14:00:00,0.78,11.097
2019-12-13 15:00:00,0.791,11.231
2019-12-13 16:00:00,0.786,11.169
2019-12-13 17:00:00,0.785,11.155
2019-12-13 18:00:00,0.783,11.125
2019-12-13 19:00:00,0.788,11.189
2019-12-13 20:00:00,0.796,11.276
2019-12-13 21:00:00,0.808,11.431
2019-12-13 22:00:00,0.816,11.525
2019-12-13 23:00:00,0.799,11.319
2019-12-14 00:00:00,0.767,10.959
2019-12-14 01:00:00,0.752,10.801
2019-12-14 02:00:00,0.771,10.993
2019-12-14 03:00:00,0.815,11.522
2019-12-14 04:00:00,0.857,12.122
2019-12-14 05:00:00,0.881,12.518
2019-12-14 06:00:00,0.911,13.13
2019-12-14 07:00:00,0.937,13.796
2019-12-14 08:00:00,0.954,14.345
2019-12-14 09:00:00,0.967,14.936
2019-12-14 10:00:00,0.978,15.626
2019-12-14 11:00:00,0.985,16.242
2019-12-14 12:00:00,0.987,16.572
2019-12-14 13:00:00,0.989,17.027
2019-12-14 14:00:00,0.989,17.54
2019-12-14 15:00:00,0.988,17.862
2019-12-14 16:00:00,0.987,17.967
2019-12-14 17:00:00,0.988,17.92
2019-12-14 18:00:00,0.987,17.97
2019-12-14 19:00:00,0.987,18.083
2019-12-14 20:00:00,0.988,17.852
2019-12-14 21:00:00,0.989,17.271
2019-12-14 22:00:00,0.984,16.212
2019-12-14 23:00:00,0.959,14.563
2019-12-15 00:00:00,0.896,12.801
2019-12-15 01:00:00,0.815,11.513
2019-12-15 02:00:00,0.832,11.751
2019-12-15 03:00:00,0.817,11.537
2019-12-15 04:00:00,0.758,10.863
2019-12-15 05:00:00,0.86,12.154
2019-12-15 06:00:00,0.972,15.237
2019-12-15 07:00:00,0.989,16.998
2019-12-15 08:00:00,0.988,16.853
2019-12-15 09:00:00,0.989,17.569
2019-12-15 10:00:00,0.989,17.636
2019-12-15 11:00:00,0.988,16.676
2019-12-15 12:00:00,0.98,15.765
2019-12-15 13:00:00,0.968,15.016
2019-12-15 14:00:00,0.96,14.62
2019-12-15 15:00:00,0.949,14.192
2019-12-15 16:00:00,0.923,13.411
2019-12-15 17:00:00,0.883,12.546
2019-12-15 18:00:00,0.837,11.822
2019-12-15 19:00:00,0.821,11.593
2019-12-15 20:00:00,0.807,11.415
2019-12-15 21:00:00,0.836,11.805
2019-12-15 22:00:00,0.894,12.753
2019-12-15 23:00:00,0.931,13.61
2019-12-16 00:00:00,0.944,13.999
2019-12-16 01:00:00,0.947,14.113
2019-12-16 02:00:00,0.941,13.897
2019-12-16 03:00:00,0.924,13.446
2019-12-16 04:00:00,0.924,13.424
2019-12-16 05:00:00,0.946,14.058
2019-12-16 06:00:00,0.953,14.336
2019-12-16 07:00:00,0.956,14.453
2019-12-16 08:00:00,0.96,14.606
2019-12-16 09:00:00,0.962,14.681
2019-12-16 10:00:00,0.964,14.774
2019-12-16 11:00:00,0.968,15.007
2019-12-16 12:00:00,0.968,14.969
2019-12-16 13:00:00,0.954,14.384
2019-12-16 14:00:00,0.921,13.349
2019-12-16 15:00:00,0.856,12.105
2019-12-16 16:00:00,0.788,11.191
2019-12-16 17:00:00,0.739,10.67
2019-12-16 18:00:00,0.693,10.238
2019-12-16 19:00:00,0.651,9.87
2019-12-16 20:00:00,0.587,9.362
2019-12-16 21:00:00,0.518,8.833
2019-12-16 22:00:00,0.475,8.51
2019-12-16 23:00:00,0.431,8.194
2019-12-17 00:00:00,0.378,7.801
2019-12-17 01:00:00,0.308,7.247
2019-12-17 02:00:00,0.272,6.945
2019-12-17 03:00:00,0.241,6.667
2019-12-17 04:00:00,0.203,6.315
2019-12-17 05:00:00,0.197,6.238
2019-12-17 06:00:00,0.175,6.02
2019-12-17 07:00:00,0.156,5.807
2019-12-17 08:00:00,0.135,5.545
2019-12-17 09:00:00,0.125,5.425
2019-12-17 10:00:00,0.087,4.877
2019-12-17 11:00:00,0.076,4.698
2019-12-17 12:00:00,0.069,4.584
2019-12-17 13:00:00,0.073,4.635
2019-12-17 14:00:00,0.093,4.973
2019-12-17 15:00:00,0.148,5.702
2019-12-17 16:00:00,0.255,6.804
2019-12-17 17:00:00,0.383,7.828
2019-12-17 18:00:00,0.548,9.051
2019-12-17 19:00:00,0.695,10.249
2019-12-17 20:00:00,0.787,11.186
2019-12-17 21:00:00,0.837,11.816
2019-12-17 22:00:00,0.869,12.302
2019-12-17 23:00:00,0.881,12.521
2019-12-18 00:00:00,0.876,12.429
2019-12-18 01:00:00,0.862,12.192
2019-12-18 02:00:00,0.828,11.697
2019-12-18 03:00:00,0.77,10.986
2019-12-18 04:00:00,0.678,10.095
2019-12-18 05:00:00,0.575,9.267
2019-12-18 06:00:00,0.484,8.581
2019-12-18 07:00:00,0.446,8.308
2019-12-18 08:00:00,0.452,8.348
2019-12-18 09:00:00,0.46,8.41
2019-12-18 10:00:00,0.455,8.376
2019-12-18 11:00:00,0.422,8.132
2019-12-18 12:00:00,0.471,8.485
2019-12-18 13:00:00,0.552,9.089
2019-12-18 14:00:00,0.561,9.158
2019-12-18 15:00:00,0.625,9.652
2019-12-18 16:00:00,0.749,10.764
2019-12-18 17:00:00,0.832,11.743
2019-12-18 18:00:00,0.892,12.724
2019-12-18 19:00:00,0.936,13.764
2019-12-18 20:00:00,0.969,15.035
2019-12-18 21:00:00,0.984,16.193
2019-12-18 22:00:00,0.988,16.713
2019-12-18 23:00:00,0.989,17.128
2019-12-19 00:00:00,0.989,17.529
2019-12-19 01:00:00,0.989,17.411
2019-12-19 02:00:00,0.985,16.228
2019-12-19 03:00:00,0.981,15.89
2019-12-19 04:00:00,0.979,15.663
2019-12-19 05:00:00,0.968,15.008
2019-12-19 06:00:00,0.954,14.36
2019-12-19 07:00:00,0.962,14.678
2019-12-19 08:00:00,0.945,14.04
2019-12-19 09:00:00,0.921,13.364
2019-12-19 10:00:00,0.924,13.439
2019-12-19 11:00:00,0.921,13.353
2019-12-19 12:00:00,0.935,13.748
2019-12-19 13:00:00,0.933,13.681
2019-12-19 14:00:00,0.93,13.599
2019-12-19 15:00:00,0.933,13.671
2019-12-19 16:00:00,0.935,13.734
2019-12-19 17:00:00,0.943,13.964
2019-12-19 18:00:00,0.974,15.32
2019-12-19 19:00:00,0.985,16.296
2019-12-19 20:00:00,0.988,16.917
2019-12-19 21:00:00,0.983,18.53
2019-12-19 22:00:00,0.989,17.546
2019-12-19 23:00:00,0.986,16.476
2019-12-20 00:00:00,0.984,16.137
2019-12-20 01:00:00,0.974,15.337
2019-12-20 02:00:00,0.949,14.183
2019-12-20 03:00:00,0.895,12.78
2019-12-20 04:00:00,0.869,12.314
2019-12-20 05:00:00,0.82,11.574
2019-12-20 06:00:00,0.575,9.259
2019-12-20 07:00:00,0.4,7.963
2019-12-20 08:00:00,0.599,9.443
2019-12-20 09:00:00,0.793,11.251
2019-12-20 10:00:00,0.917,13.255
2019-12-20 11:00:00,0.957,14.476
2019-12-20 12:00:00,0.962,14.674
2019-12-20 13:00:00,0.965,14.821
2019-12-20 14:00:00,0.964,14.802
2019-12-20 15:00:00,0.944,13.993
2019-12-20 16:00:00,0.888,12.647
2019-12-20 17:00:00,0.841,11.873
2019-12-20 18:00:00,0.863,12.206
2019-12-20 19:00:00,0.919,13.317
2019-12-20 20:00:00,0.945,14.036
2019-12-20 21:00:00,0.945,14.046
2019-12-20 22:00:00,0.932,13.641
2019-12-20 23:00:00,0.936,13.755
2019-12-21 00:00:00,0.953,14.342
2019-12-21 01:00:00,0.954,14.369
2019-12-21 02:00:00,0.941,13.916
2019-12-21 03:00:00,0.917,13.266
2019-12-21 04:00:00,0.873,12.376
2019-12-21 05:00:00,0.809,11.45
2019-12-21 06:00:00,0.763,10.905
2019-12-21 07:00:00,0.754,10.819
2019-12-21 08:00:00,0.773,11.01
2019-12-21 09:00:00,0.79,11.217
2019-12-21 10:00:00,0.821,11.596
2019-12-21 11:00:00,0.874,12.39
2019-12-21 12:00:00,0.911,13.116
2019-12-21 13:00:00,0.892,12.722
2019-12-21 14:00:00,0.842,11.888
2019-12-21 15:00:00,0.797,11.303
2019-12-21 16:00:00,0.774,11.032
2019-12-21 17:00:00,0.736,10.637
2019-12-21 18:00:00,0.717,10.443
2019-12-21 19:00:00,0.69,10.202
2019-12-21 20:00:00,0.589,9.378
2019-12-21 21:00:00,0.473,8.501
2019-12-21 22:00:00,0.413,8.054
2019-12-21 23:00:00,0.41,8.041
2019-12-22 00:00:00,0.419,8.098
2019-12-22 01:00:00,0.446,8.299
2019-12-22 02:00:00,0.436,8.231
2019-12-22 03:00:00,0.389,7.886
2019-12-22 04:00:00,0.362,7.672
2019-12-22 05:00:00,0.355,7.619
2019-12-22 06:00:00,0.366,7.71
2019-12-22 07:00:00,0.346,7.555
2019-12-22 08:00:00,0.295,7.137
2019-12-22 09:00:00,0.227,6.541
2019-12-22 10:00:00,0.163,5.892
2019-12-22 11:00:00,0.111,5.234
2019-12-22 12:00:00,0.065,4.493
2019-12-22 13:00:00,0.034,3.799
2019-12-22 14:00:00,0.019,3.32
2019-12-22 15:00:00,0.016,3.198
2019-12-22 16:00:00,0.019,3.317
2019-12-22 17:00:00,0.028,3.616
2019-12-22 18:00:00,0.049,4.164
2019-12-22 19:00:00,0.089,4.912
2019-12-22 20:00:00,0.145,5.676
2019-12-22 21:00:00,0.211,6.392
2019-12-22 22:00:00,0.277,6.987
2019-12-22 23:00:00,0.351,7.589
2019-12-23 00:00:00,0.426,8.153
2019-12-23 01:00:00,0.474,8.507
2019-12-23 02:00:00,0.518,8.842
2019-12-23 03:00:00,0.535,8.969
2019-12-23 04:00:00,0.526,8.896
2019-12-23 05:00:00,0.493,8.646
2019-12-23 06:00:00,0.469,8.477
2019-12-23 07:00:00,0.504,8.733
2019-12-23 08:00:00,0.573,9.243
2019-12-23 09:00:00,0.642,9.794
2019-12-23 10:00:00,0.717,10.455
2019-12-23 11:00:00,0.797,11.294
2019-12-23 12:00:00,0.853,12.057
2019-12-23 13:00:00,0.883,12.552
2019-12-23 14:00:00,0.89,12.686
2019-12-23 15:00:00,0.899,12.859
2019-12-23 16:00:00,0.91,13.1
2019-12-23 17:00:00,0.932,13.642
2019-12-23 18:00:00,0.947,14.098
2019-12-23 19:00:00,0.947,14.099
2019-12-23 20:00:00,0.943,13.968
2019-12-23 21:00:00,0.95,14.229
2019-12-23 22:00:00,0.955,14.408
2019-12-23 23:00:00,0.949,14.169
2019-12-24 00:00:00,0.931,13.624
2019-12-24 01:00:00,0.898,12.838
2019-12-24 02:00:00,0.843,11.908
2019-12-24 03:00:00,0.766,10.943
2019-12-24 04:00:00,0.681,10.128
2019-12-24 05:00:00,0.589,9.377
2019-12-24 06:00:00,0.479,8.546
2019-12-24 07:00:00,0.377,7.784
2019-12-24 08:00:00,0.295,7.137
2019-12-24 09:00:00,0.232,6.583
2019-12-24 10:00:00,0.186,6.133
2019-12-24 11:00:00,0.152,5.759
2019-12-24 12:00:00,0.136,5.564
2019-12-24 13:00:00,0.139,5.606
2019-12-24 14:00:00,0.14,5.619
2019-12-24 15:00:00,0.123,5.399
2019-12-24 16:00:00,0.098,5.046
2019-12-24 17:00:00,0.083,4.814
2019-12-24 18:00:00,0.085,4.848
2019-12-24 19:00:00,0.09,4.935
2019-12-24 20:00:00,0.113,5.261
2019-12-24 21:00:00,0.19,6.177
2019-12-24 22:00:00,0.324,7.381
2019-12-24 23:00:00,0.469,8.478
2019-12-25 00:00:00,0.567,9.209
2019-12-25 01:00:00,0.619,9.614
2019-12-25 02:00:00,0.66,9.946
2019-12-25 03:00:00,0.678,10.095
2019-12-25 04:00:00,0.666,10.001
2019-12-25 05:00:00,0.621,9.624
2019-12-25 06:00:00,0.554,9.109
2019-12-25 07:00:00,0.479,8.546
2019-12-25 08:00:00,0.396,7.934
2019-12-25 09:00:00,0.35,7.578
2019-12-25 10:00:00,0.321,7.348
2019-12-25 11:00:00,0.289,7.085
2019-12-25 12:00:00,0.276,6.983
2019-12-25 13:00:00,0.283,7.045
2019-12-25 14:00:00,0.281,7.025
2019-12-25 15:00:00,0.255,6.8
2019-12-25 16:00:00,0.193,6.206
2019-12-25 17:00:00,0.12,5.362
2019-12-25 18:00:00,0.075,4.684
2019-12-25 19:00:00,0.064,4.487
2019-12-25 20:00:00,0.07,4.587
2019-12-25 21:00:00,0.063,4.458
2019-12-25 22:00:00,0.039,3.931
2019-12-25 23:00:00,0.015,3.124
2019-12-26 00:00:00,0.004,2.393
2019-12-26 01:00:00,0.004,2.352
2019-12-26 02:00:00,0.012,3.003
2019-12-26 03:00:00,0.034,3.8
2019-12-26 04:00:00,0.067,4.534
2019-12-26 05:00:00,0.116,5.304
2019-12-26 06:00:00,0.172,5.984
2019-12-26 07:00:00,0.233,6.595
2019-12-26 08:00:00,0.291,7.1
2019-12-26 09:00:00,0.344,7.534
2019-12-26 10:00:00,0.412,8.051
2019-12-26 11:00:00,0.5,8.703
2019-12-26 12:00:00,0.585,9.343
2019-12-26 13:00:00,0.641,9.791
2019-12-26 14:00:00,0.69,10.203
2019-12-26 15:00:00,0.732,10.594
2019-12-26 16:00:00,0.758,10.854
2019-12-26 17:00:00,0.765,10.931
2019-12-26 18:00:00,0.75,10.777
2019-12-26 19:00:00,0.722,10.5
2019-12-26 20:00:00,0.702,10.315
2019-12-26 21:00:00,0.691,10.216
2019-12-26 22:00:00,0.668,10.016
2019-12-26 23:00:00,0.646,9.823
2019-12-27 00:00:00,0.63,9.693
2019-12-27 01:00:00,0.588,9.364
2019-12-27 02:00:00,0.48,8.554
2019-12-27 03:00:00,0.377,7.78
2019-12-27 04:00:00,0.362,7.669
2019-12-27 05:00:00,0.4,7.966
2019-12-27 06:00:00,0.449,8.321
2019-12-27 07:00:00,0.478,8.535
2019-12-27 08:00:00,0.527,8.897
2019-12-27 09:00:00,0.602,9.479
2019-12-27 10:00:00,0.672,10.052
2019-12-27 11:00:00,0.731,10.585
2019-12-27 12:00:00,0.773,11.009
2019-12-27 13:00:00,0.8,11.326
2019-12-27 14:00:00,0.824,11.637
2019-12-27 15:00:00,0.846,11.944
2019-12-27 16:00:00,0.872,12.361
2019-12-27 17:00:00,0.881,12.505
2019-12-27 18:00:00,0.891,12.699
2019-12-27 19:00:00,0.911,13.114
2019-12-27 20:00:00,0.914,13.195
2019-12-27 21:00:00,0.91,13.11
2019-12-27 22:00:00,0.915,13.22
2019-12-27 23:00:00,0.917,13.256
2019-12-28 00:00:00,0.915,13.225
2019-12-28 01:00:00,0.914,13.202
2019-12-28 02:00:00,0.911,13.115
2019-12-28 03:00:00,0.903,12.933
2019-12-28 04:00:00,0.898,12.836
2019-12-28 05:00:00,0.904,12.96
2019-12-28 06:00:00,0.904,12.971
2019-12-28 07:00:00,0.915,13.207
2019-12-28 08:00:00,0.94,13.878
2019-12-28 09:00:00,0.943,13.983
2019-12-28 10:00:00,0.933,13.691
2019-12-28 11:00:00,0.928,13.535
2019-12-28 12:00:00,0.921,13.362
2019-12-28 13:00:00,0.918,13.291
2019-12-28 14:00:00,0.92,13.341
2019-12-28 15:00:00,0.924,13.447
2019-12-28 16:00:00,0.927,13.493
2019-12-28 17:00:00,0.917,13.271
2019-12-28 18:00:00,0.92,13.335
2019-12-28 19:00:00,0.934,13.709
2019-12-28 20:00:00,0.942,13.95
2019-12-28 21:00:00,0.936,13.777
2019-12-28 22:00:00,0.944,13.992
2019-12-28 23:00:00,0.951,14.266
2019-12-29 00:00:00,0.942,13.939
2019-12-29 01:00:00,0.914,13.193
2019-12-29 02:00:00,0.879,12.478
2019-12-29 03:00:00,0.856,12.1
2019-12-29 04:00:00,0.84,11.862
2019-12-29 05:00:00,0.848,11.979
2019-12-29 06:00:00,0.895,12.774
2019-12-29 07:00:00,0.923,13.399
2019-12-29 08:00:00,0.938,13.814
2019-12-29 09:00:00,0.946,14.075
2019-12-29 10:00:00,0.957,14.5
2019-12-29 11:00:00,0.962,14.687
2019-12-29 12:00:00,0.959,14.588
2019-12-29 13:00:00,0.95,14.231
2019-12-29 14:00:00,0.941,13.898
2019-12-29 15:00:00,0.932,13.662
2019-12-29 16:00:00,0.934,13.719
2019-12-29 17:00:00,0.939,13.838
2019-12-29 18:00:00,0.938,13.828
2019-12-29 19:00:00,0.94,13.885
2019-12-29 20:00:00,0.938,13.822
2019-12-29 21:00:00,0.933,13.672
2019-12-29 22:00:00,0.919,13.3
2019-12-29 23:00:00,0.91,13.107
2019-12-30 00:00:00,0.902,12.925
2019-12-30 01:00:00,0.89,12.677
2019-12-30 02:00:00,0.877,12.443
2019-12-30 03:00:00,0.878,12.472
2019-12-30 04:00:00,0.885,12.591
2019-12-30 05:00:00,0.891,12.707
2019-12-30 06:00:00,0.893,12.746
2019-12-30 07:00:00,0.893,12.733
2019-12-30 08:00:00,0.889,12.667
2019-12-30 09:00:00,0.887,12.623
2019-12-30 10:00:00,0.878,12.458
2019-12-30 11:00:00,0.866,12.262
2019-12-30 12:00:00,0.861,12.178
2019-12-30 13:00:00,0.845,11.931
2019-12-30 14:00:00,0.822,11.603
2019-12-30 15:00:00,0.815,11.509
2019-12-30 16:00:00,0.833,11.753
2019-12-30 17:00:00,0.828,11.693
2019-12-30 18:00:00,0.801,11.337
2019-12-30 19:00:00,0.806,11.401
2019-12-30 20:00:00,0.818,11.555
2019-12-30 21:00:00,0.833,11.752
2019-12-30 22:00:00,0.84,11.86
2019-12-30 23:00:00,0.848,11.982
2019-12-31 00:00:00,0.839,11.846
2019-12-31 01:00:00,0.813,11.496
2019-12-31 02:00:00,0.772,11.008
2019-12-31 03:00:00,0.64,9.783
2019-12-31 04:00:00,0.48,8.559
2019-12-31 05:00:00,0.441,8.267
2019-12-31 06:00:00,0.407,8.02
2019-12-31 07:00:00,0.362,7.668
2019-12-31 08:00:00,0.27,6.928
2019-12-31 09:00:00,0.181,6.078
2019-12-31 10:00:00,0.135,5.551
2019-12-31 11:00:00,0.089,4.916
2019-12-31 12:00:00,0.056,4.332
2019-12-31 13:00:00,0.029,3.658
2019-12-31 14:00:00,0.01,2.88
2019-12-31 15:00:00,0.013,3.036
2019-12-31 16:00:00,0.044,4.052
2019-12-31 17:00:00,0.102,5.117
2019-12-31 18:00:00,0.204,6.322
2019-12-31 19:00:00,0.347,7.563
2019-12-31 20:00:00,0.493,8.647
2019-12-31 21:00:00,0.59,9.386
2019-12-31 22:00:00,0.658,9.931
2019-12-31 23:00:00,0.705,10.34
