,electricity,wind_speed
2019-01-01 00:00:00,0.976,15.464
2019-01-01 01:00:00,0.962,14.693
2019-01-01 02:00:00,0.943,13.96
2019-01-01 03:00:00,0.914,13.182
2019-01-01 04:00:00,0.879,12.477
2019-01-01 05:00:00,0.855,12.079
2019-01-01 06:00:00,0.85,12.001
2019-01-01 07:00:00,0.857,12.113
2019-01-01 08:00:00,0.867,12.284
2019-01-01 09:00:00,0.893,12.749
2019-01-01 10:00:00,0.919,13.31
2019-01-01 11:00:00,0.939,13.858
2019-01-01 12:00:00,0.953,14.307
2019-01-01 13:00:00,0.957,14.487
2019-01-01 14:00:00,0.954,14.384
2019-01-01 15:00:00,0.947,14.118
2019-01-01 16:00:00,0.935,13.736
2019-01-01 17:00:00,0.915,13.217
2019-01-01 18:00:00,0.887,12.621
2019-01-01 19:00:00,0.852,12.039
2019-01-01 20:00:00,0.817,11.539
2019-01-01 21:00:00,0.783,11.123
2019-01-01 22:00:00,0.746,10.733
2019-01-01 23:00:00,0.692,10.229
2019-01-02 00:00:00,0.624,9.646
2019-01-02 01:00:00,0.554,9.104
2019-01-02 02:00:00,0.481,8.563
2019-01-02 03:00:00,0.419,8.101
2019-01-02 04:00:00,0.363,7.683
2019-01-02 05:00:00,0.31,7.258
2019-01-02 06:00:00,0.264,6.874
2019-01-02 07:00:00,0.229,6.564
2019-01-02 08:00:00,0.21,6.37
2019-01-02 09:00:00,0.204,6.322
2019-01-02 10:00:00,0.212,6.397
2019-01-02 11:00:00,0.229,6.558
2019-01-02 12:00:00,0.236,6.627
2019-01-02 13:00:00,0.232,6.585
2019-01-02 14:00:00,0.202,6.304
2019-01-02 15:00:00,0.151,5.752
2019-01-02 16:00:00,0.099,5.053
2019-01-02 17:00:00,0.077,4.713
2019-01-02 18:00:00,0.076,4.696
2019-01-02 19:00:00,0.078,4.726
2019-01-02 20:00:00,0.07,4.592
2019-01-02 21:00:00,0.058,4.358
2019-01-02 22:00:00,0.05,4.198
2019-01-02 23:00:00,0.051,4.227
2019-01-03 00:00:00,0.057,4.352
2019-01-03 01:00:00,0.057,4.355
2019-01-03 02:00:00,0.05,4.207
2019-01-03 03:00:00,0.051,4.218
2019-01-03 04:00:00,0.055,4.3
2019-01-03 05:00:00,0.052,4.237
2019-01-03 06:00:00,0.05,4.195
2019-01-03 07:00:00,0.061,4.423
2019-01-03 08:00:00,0.09,4.934
2019-01-03 09:00:00,0.12,5.366
2019-01-03 10:00:00,0.138,5.597
2019-01-03 11:00:00,0.15,5.733
2019-01-03 12:00:00,0.155,5.784
2019-01-03 13:00:00,0.174,6.002
2019-01-03 14:00:00,0.213,6.405
2019-01-03 15:00:00,0.245,6.705
2019-01-03 16:00:00,0.27,6.929
2019-01-03 17:00:00,0.314,7.298
2019-01-03 18:00:00,0.356,7.628
2019-01-03 19:00:00,0.333,7.44
2019-01-03 20:00:00,0.302,7.201
2019-01-03 21:00:00,0.322,7.359
2019-01-03 22:00:00,0.36,7.656
2019-01-03 23:00:00,0.371,7.75
2019-01-04 00:00:00,0.389,7.885
2019-01-04 01:00:00,0.439,8.252
2019-01-04 02:00:00,0.475,8.52
2019-01-04 03:00:00,0.456,8.381
2019-01-04 04:00:00,0.426,8.157
2019-01-04 05:00:00,0.416,8.079
2019-01-04 06:00:00,0.404,7.996
2019-01-04 07:00:00,0.407,8.009
2019-01-04 08:00:00,0.41,8.041
2019-01-04 09:00:00,0.407,8.021
2019-01-04 10:00:00,0.395,7.932
2019-01-04 11:00:00,0.395,7.929
2019-01-04 12:00:00,0.411,8.044
2019-01-04 13:00:00,0.438,8.251
2019-01-04 14:00:00,0.469,8.475
2019-01-04 15:00:00,0.49,8.633
2019-01-04 16:00:00,0.501,8.705
2019-01-04 17:00:00,0.503,8.724
2019-01-04 18:00:00,0.497,8.674
2019-01-04 19:00:00,0.482,8.566
2019-01-04 20:00:00,0.465,8.444
2019-01-04 21:00:00,0.466,8.454
2019-01-04 22:00:00,0.467,8.464
2019-01-04 23:00:00,0.46,8.401
2019-01-05 00:00:00,0.455,8.374
2019-01-05 01:00:00,0.453,8.359
2019-01-05 02:00:00,0.454,8.366
2019-01-05 03:00:00,0.444,8.287
2019-01-05 04:00:00,0.429,8.181
2019-01-05 05:00:00,0.413,8.062
2019-01-05 06:00:00,0.39,7.889
2019-01-05 07:00:00,0.367,7.72
2019-01-05 08:00:00,0.351,7.587
2019-01-05 09:00:00,0.336,7.479
2019-01-05 10:00:00,0.328,7.4
2019-01-05 11:00:00,0.333,7.441
2019-01-05 12:00:00,0.336,7.473
2019-01-05 13:00:00,0.324,7.375
2019-01-05 14:00:00,0.283,7.047
2019-01-05 15:00:00,0.25,6.749
2019-01-05 16:00:00,0.234,6.609
2019-01-05 17:00:00,0.244,6.694
2019-01-05 18:00:00,0.27,6.931
2019-01-05 19:00:00,0.305,7.228
2019-01-05 20:00:00,0.345,7.546
2019-01-05 21:00:00,0.383,7.833
2019-01-05 22:00:00,0.391,7.893
2019-01-05 23:00:00,0.364,7.691
2019-01-06 00:00:00,0.333,7.45
2019-01-06 01:00:00,0.308,7.252
2019-01-06 02:00:00,0.289,7.088
2019-01-06 03:00:00,0.314,7.297
2019-01-06 04:00:00,0.365,7.701
2019-01-06 05:00:00,0.422,8.121
2019-01-06 06:00:00,0.45,8.329
2019-01-06 07:00:00,0.446,8.305
2019-01-06 08:00:00,0.437,8.234
2019-01-06 09:00:00,0.463,8.426
2019-01-06 10:00:00,0.445,8.294
2019-01-06 11:00:00,0.38,7.814
2019-01-06 12:00:00,0.328,7.399
2019-01-06 13:00:00,0.295,7.137
2019-01-06 14:00:00,0.253,6.783
2019-01-06 15:00:00,0.171,5.966
2019-01-06 16:00:00,0.077,4.716
2019-01-06 17:00:00,0.027,3.608
2019-01-06 18:00:00,0.009,2.82
2019-01-06 19:00:00,0.009,2.809
2019-01-06 20:00:00,0.051,4.211
2019-01-06 21:00:00,0.148,5.703
2019-01-06 22:00:00,0.268,6.911
2019-01-06 23:00:00,0.378,7.798
2019-01-07 00:00:00,0.475,8.519
2019-01-07 01:00:00,0.598,9.439
2019-01-07 02:00:00,0.711,10.396
2019-01-07 03:00:00,0.774,11.035
2019-01-07 04:00:00,0.862,12.195
2019-01-07 05:00:00,0.936,13.759
2019-01-07 06:00:00,0.945,14.031
2019-01-07 07:00:00,0.963,14.73
2019-01-07 08:00:00,0.982,15.94
2019-01-07 09:00:00,0.988,17.805
2019-01-07 10:00:00,0.984,18.447
2019-01-07 11:00:00,0.979,18.809
2019-01-07 12:00:00,0.966,19.515
2019-01-07 13:00:00,0.94,20.328
2019-01-07 14:00:00,0.876,21.547
2019-01-07 15:00:00,0.792,22.57
2019-01-07 16:00:00,0.725,23.218
2019-01-07 17:00:00,0.668,23.705
2019-01-07 18:00:00,0.66,23.776
2019-01-07 19:00:00,0.698,23.455
2019-01-07 20:00:00,0.768,22.82
2019-01-07 21:00:00,0.834,22.091
2019-01-07 22:00:00,0.891,21.311
2019-01-07 23:00:00,0.935,20.46
2019-01-08 00:00:00,0.958,19.802
2019-01-08 01:00:00,0.971,19.285
2019-01-08 02:00:00,0.979,18.845
2019-01-08 03:00:00,0.984,18.449
2019-01-08 04:00:00,0.988,17.879
2019-01-08 05:00:00,0.989,17.039
2019-01-08 06:00:00,0.984,16.211
2019-01-08 07:00:00,0.979,15.698
2019-01-08 08:00:00,0.971,15.151
2019-01-08 09:00:00,0.969,15.058
2019-01-08 10:00:00,0.968,14.964
2019-01-08 11:00:00,0.968,14.988
2019-01-08 12:00:00,0.972,15.195
2019-01-08 13:00:00,0.975,15.384
2019-01-08 14:00:00,0.973,15.296
2019-01-08 15:00:00,0.969,15.059
2019-01-08 16:00:00,0.963,14.747
2019-01-08 17:00:00,0.959,14.587
2019-01-08 18:00:00,0.955,14.414
2019-01-08 19:00:00,0.953,14.327
2019-01-08 20:00:00,0.95,14.234
2019-01-08 21:00:00,0.945,14.035
2019-01-08 22:00:00,0.941,13.925
2019-01-08 23:00:00,0.928,13.537
2019-01-09 00:00:00,0.899,12.865
2019-01-09 01:00:00,0.874,12.388
2019-01-09 02:00:00,0.854,12.07
2019-01-09 03:00:00,0.839,11.849
2019-01-09 04:00:00,0.838,11.833
2019-01-09 05:00:00,0.808,11.436
2019-01-09 06:00:00,0.728,10.563
2019-01-09 07:00:00,0.695,10.255
2019-01-09 08:00:00,0.64,9.777
2019-01-09 09:00:00,0.547,9.046
2019-01-09 10:00:00,0.451,8.343
2019-01-09 11:00:00,0.364,7.69
2019-01-09 12:00:00,0.278,6.99
2019-01-09 13:00:00,0.223,6.504
2019-01-09 14:00:00,0.188,6.161
2019-01-09 15:00:00,0.206,6.331
2019-01-09 16:00:00,0.252,6.775
2019-01-09 17:00:00,0.246,6.711
2019-01-09 18:00:00,0.186,6.136
2019-01-09 19:00:00,0.167,5.932
2019-01-09 20:00:00,0.224,6.517
2019-01-09 21:00:00,0.302,7.204
2019-01-09 22:00:00,0.347,7.56
2019-01-09 23:00:00,0.362,7.67
2019-01-10 00:00:00,0.353,7.609
2019-01-10 01:00:00,0.337,7.48
2019-01-10 02:00:00,0.335,7.464
2019-01-10 03:00:00,0.356,7.626
2019-01-10 04:00:00,0.403,7.986
2019-01-10 05:00:00,0.433,8.215
2019-01-10 06:00:00,0.455,8.371
2019-01-10 07:00:00,0.465,8.437
2019-01-10 08:00:00,0.468,8.473
2019-01-10 09:00:00,0.464,8.437
2019-01-10 10:00:00,0.494,8.655
2019-01-10 11:00:00,0.548,9.051
2019-01-10 12:00:00,0.575,9.263
2019-01-10 13:00:00,0.58,9.306
2019-01-10 14:00:00,0.591,9.387
2019-01-10 15:00:00,0.58,9.302
2019-01-10 16:00:00,0.563,9.169
2019-01-10 17:00:00,0.548,9.065
2019-01-10 18:00:00,0.535,8.961
2019-01-10 19:00:00,0.54,8.995
2019-01-10 20:00:00,0.568,9.214
2019-01-10 21:00:00,0.627,9.666
2019-01-10 22:00:00,0.69,10.204
2019-01-10 23:00:00,0.722,10.489
2019-01-11 00:00:00,0.719,10.474
2019-01-11 01:00:00,0.707,10.355
2019-01-11 02:00:00,0.701,10.304
2019-01-11 03:00:00,0.687,10.18
2019-01-11 04:00:00,0.657,9.915
2019-01-11 05:00:00,0.644,9.812
2019-01-11 06:00:00,0.621,9.631
2019-01-11 07:00:00,0.596,9.431
2019-01-11 08:00:00,0.583,9.332
2019-01-11 09:00:00,0.614,9.57
2019-01-11 10:00:00,0.619,9.607
2019-01-11 11:00:00,0.582,9.321
2019-01-11 12:00:00,0.542,9.015
2019-01-11 13:00:00,0.532,8.94
2019-01-11 14:00:00,0.588,9.37
2019-01-11 15:00:00,0.613,9.559
2019-01-11 16:00:00,0.648,9.851
2019-01-11 17:00:00,0.671,10.044
2019-01-11 18:00:00,0.635,9.734
2019-01-11 19:00:00,0.628,9.681
2019-01-11 20:00:00,0.684,10.148
2019-01-11 21:00:00,0.764,10.929
2019-01-11 22:00:00,0.862,12.188
2019-01-11 23:00:00,0.926,13.498
2019-01-12 00:00:00,0.969,15.048
2019-01-12 01:00:00,0.983,16.007
2019-01-12 02:00:00,0.987,16.606
2019-01-12 03:00:00,0.986,16.449
2019-01-12 04:00:00,0.976,15.469
2019-01-12 05:00:00,0.964,14.8
2019-01-12 06:00:00,0.946,14.078
2019-01-12 07:00:00,0.932,13.644
2019-01-12 08:00:00,0.935,13.733
2019-01-12 09:00:00,0.943,13.967
2019-01-12 10:00:00,0.944,14.001
2019-01-12 11:00:00,0.948,14.155
2019-01-12 12:00:00,0.95,14.191
2019-01-12 13:00:00,0.941,13.898
2019-01-12 14:00:00,0.918,13.292
2019-01-12 15:00:00,0.869,12.305
2019-01-12 16:00:00,0.801,11.344
2019-01-12 17:00:00,0.787,11.185
2019-01-12 18:00:00,0.82,11.586
2019-01-12 19:00:00,0.913,13.166
2019-01-12 20:00:00,0.948,14.16
2019-01-12 21:00:00,0.955,14.401
2019-01-12 22:00:00,0.963,14.744
2019-01-12 23:00:00,0.975,15.43
2019-01-13 00:00:00,0.984,16.136
2019-01-13 01:00:00,0.984,16.143
2019-01-13 02:00:00,0.986,16.355
2019-01-13 03:00:00,0.985,16.252
2019-01-13 04:00:00,0.983,16.03
2019-01-13 05:00:00,0.985,16.239
2019-01-13 06:00:00,0.987,16.643
2019-01-13 07:00:00,0.989,17.212
2019-01-13 08:00:00,0.985,18.322
2019-01-13 09:00:00,0.977,18.957
2019-01-13 10:00:00,0.984,18.451
2019-01-13 11:00:00,0.987,17.978
2019-01-13 12:00:00,0.989,17.68
2019-01-13 13:00:00,0.989,17.602
2019-01-13 14:00:00,0.989,17.497
2019-01-13 15:00:00,0.989,17.017
2019-01-13 16:00:00,0.986,16.43
2019-01-13 17:00:00,0.98,15.738
2019-01-13 18:00:00,0.965,14.809
2019-01-13 19:00:00,0.924,13.433
2019-01-13 20:00:00,0.85,11.992
2019-01-13 21:00:00,0.758,10.852
2019-01-13 22:00:00,0.67,10.029
2019-01-13 23:00:00,0.616,9.588
2019-01-14 00:00:00,0.596,9.425
2019-01-14 01:00:00,0.611,9.544
2019-01-14 02:00:00,0.612,9.555
2019-01-14 03:00:00,0.63,9.702
2019-01-14 04:00:00,0.658,9.928
2019-01-14 05:00:00,0.648,9.843
2019-01-14 06:00:00,0.605,9.49
2019-01-14 07:00:00,0.53,8.922
2019-01-14 08:00:00,0.414,8.071
2019-01-14 09:00:00,0.286,7.064
2019-01-14 10:00:00,0.186,6.134
2019-01-14 11:00:00,0.161,5.86
2019-01-14 12:00:00,0.197,6.242
2019-01-14 13:00:00,0.339,7.488
2019-01-14 14:00:00,0.486,8.6
2019-01-14 15:00:00,0.608,9.523
2019-01-14 16:00:00,0.705,10.329
2019-01-14 17:00:00,0.761,10.884
2019-01-14 18:00:00,0.781,11.099
2019-01-14 19:00:00,0.781,11.1
2019-01-14 20:00:00,0.815,11.522
2019-01-14 21:00:00,0.854,12.074
2019-01-14 22:00:00,0.876,12.417
2019-01-14 23:00:00,0.896,12.795
2019-01-15 00:00:00,0.937,13.799
2019-01-15 01:00:00,0.952,14.284
2019-01-15 02:00:00,0.963,14.737
2019-01-15 03:00:00,0.968,15.02
2019-01-15 04:00:00,0.97,15.116
2019-01-15 05:00:00,0.969,15.039
2019-01-15 06:00:00,0.959,14.554
2019-01-15 07:00:00,0.947,14.099
2019-01-15 08:00:00,0.937,13.786
2019-01-15 09:00:00,0.925,13.461
2019-01-15 10:00:00,0.929,13.564
2019-01-15 11:00:00,0.953,14.333
2019-01-15 12:00:00,0.973,15.253
2019-01-15 13:00:00,0.967,14.928
2019-01-15 14:00:00,0.966,14.87
2019-01-15 15:00:00,0.962,14.672
2019-01-15 16:00:00,0.954,14.368
2019-01-15 17:00:00,0.948,14.158
2019-01-15 18:00:00,0.945,14.033
2019-01-15 19:00:00,0.949,14.19
2019-01-15 20:00:00,0.96,14.615
2019-01-15 21:00:00,0.969,15.06
2019-01-15 22:00:00,0.98,15.757
2019-01-15 23:00:00,0.983,16.017
2019-01-16 00:00:00,0.982,15.947
2019-01-16 01:00:00,0.98,15.751
2019-01-16 02:00:00,0.977,15.56
2019-01-16 03:00:00,0.974,15.36
2019-01-16 04:00:00,0.969,15.043
2019-01-16 05:00:00,0.957,14.488
2019-01-16 06:00:00,0.941,13.914
2019-01-16 07:00:00,0.924,13.425
2019-01-16 08:00:00,0.889,12.653
2019-01-16 09:00:00,0.833,11.757
2019-01-16 10:00:00,0.865,12.246
2019-01-16 11:00:00,0.928,13.535
2019-01-16 12:00:00,0.945,14.044
2019-01-16 13:00:00,0.937,13.803
2019-01-16 14:00:00,0.928,13.543
2019-01-16 15:00:00,0.918,13.296
2019-01-16 16:00:00,0.914,13.198
2019-01-16 17:00:00,0.91,13.079
2019-01-16 18:00:00,0.902,12.929
2019-01-16 19:00:00,0.905,12.984
2019-01-16 20:00:00,0.946,14.086
2019-01-16 21:00:00,0.985,16.322
2019-01-16 22:00:00,0.989,17.628
2019-01-16 23:00:00,0.989,17.513
2019-01-17 00:00:00,0.989,17.557
2019-01-17 01:00:00,0.989,17.62
2019-01-17 02:00:00,0.989,17.635
2019-01-17 03:00:00,0.989,17.663
2019-01-17 04:00:00,0.987,18.114
2019-01-17 05:00:00,0.983,18.493
2019-01-17 06:00:00,0.981,18.674
2019-01-17 07:00:00,0.984,18.398
2019-01-17 08:00:00,0.989,17.481
2019-01-17 09:00:00,0.987,16.608
2019-01-17 10:00:00,0.979,15.683
2019-01-17 11:00:00,0.961,14.641
2019-01-17 12:00:00,0.939,13.854
2019-01-17 13:00:00,0.922,13.391
2019-01-17 14:00:00,0.903,12.954
2019-01-17 15:00:00,0.877,12.441
2019-01-17 16:00:00,0.817,11.531
2019-01-17 17:00:00,0.687,10.177
2019-01-17 18:00:00,0.51,8.775
2019-01-17 19:00:00,0.346,7.554
2019-01-17 20:00:00,0.214,6.415
2019-01-17 21:00:00,0.117,5.318
2019-01-17 22:00:00,0.052,4.236
2019-01-17 23:00:00,0.016,3.19
2019-01-18 00:00:00,0.01,2.912
2019-01-18 01:00:00,0.017,3.216
2019-01-18 02:00:00,0.041,3.999
2019-01-18 03:00:00,0.078,4.742
2019-01-18 04:00:00,0.097,5.031
2019-01-18 05:00:00,0.104,5.138
2019-01-18 06:00:00,0.123,5.398
2019-01-18 07:00:00,0.17,5.955
2019-01-18 08:00:00,0.241,6.667
2019-01-18 09:00:00,0.321,7.35
2019-01-18 10:00:00,0.402,7.979
2019-01-18 11:00:00,0.489,8.627
2019-01-18 12:00:00,0.579,9.296
2019-01-18 13:00:00,0.659,9.933
2019-01-18 14:00:00,0.726,10.541
2019-01-18 15:00:00,0.779,11.083
2019-01-18 16:00:00,0.809,11.443
2019-01-18 17:00:00,0.83,11.719
2019-01-18 18:00:00,0.854,12.072
2019-01-18 19:00:00,0.876,12.429
2019-01-18 20:00:00,0.886,12.606
2019-01-18 21:00:00,0.89,12.679
2019-01-18 22:00:00,0.882,12.533
2019-01-18 23:00:00,0.858,12.129
2019-01-19 00:00:00,0.815,11.523
2019-01-19 01:00:00,0.752,10.802
2019-01-19 02:00:00,0.669,10.022
2019-01-19 03:00:00,0.594,9.403
2019-01-19 04:00:00,0.53,8.918
2019-01-19 05:00:00,0.471,8.486
2019-01-19 06:00:00,0.422,8.13
2019-01-19 07:00:00,0.387,7.864
2019-01-19 08:00:00,0.371,7.749
2019-01-19 09:00:00,0.377,7.782
2019-01-19 10:00:00,0.377,7.795
2019-01-19 11:00:00,0.359,7.648
2019-01-19 12:00:00,0.316,7.315
2019-01-19 13:00:00,0.264,6.868
2019-01-19 14:00:00,0.21,6.375
2019-01-19 15:00:00,0.175,6.017
2019-01-19 16:00:00,0.16,5.853
2019-01-19 17:00:00,0.158,5.836
2019-01-19 18:00:00,0.167,5.927
2019-01-19 19:00:00,0.181,6.081
2019-01-19 20:00:00,0.197,6.237
2019-01-19 21:00:00,0.2,6.283
2019-01-19 22:00:00,0.191,6.185
2019-01-19 23:00:00,0.175,6.012
2019-01-20 00:00:00,0.156,5.806
2019-01-20 01:00:00,0.14,5.614
2019-01-20 02:00:00,0.13,5.493
2019-01-20 03:00:00,0.125,5.432
2019-01-20 04:00:00,0.121,5.371
2019-01-20 05:00:00,0.123,5.402
2019-01-20 06:00:00,0.144,5.664
2019-01-20 07:00:00,0.186,6.133
2019-01-20 08:00:00,0.244,6.696
2019-01-20 09:00:00,0.328,7.407
2019-01-20 10:00:00,0.407,8.018
2019-01-20 11:00:00,0.472,8.497
2019-01-20 12:00:00,0.514,8.798
2019-01-20 13:00:00,0.562,9.163
2019-01-20 14:00:00,0.641,9.793
2019-01-20 15:00:00,0.713,10.414
2019-01-20 16:00:00,0.727,10.546
2019-01-20 17:00:00,0.709,10.383
2019-01-20 18:00:00,0.682,10.137
2019-01-20 19:00:00,0.646,9.824
2019-01-20 20:00:00,0.591,9.39
2019-01-20 21:00:00,0.528,8.913
2019-01-20 22:00:00,0.43,8.189
2019-01-20 23:00:00,0.345,7.549
2019-01-21 00:00:00,0.315,7.31
2019-01-21 01:00:00,0.31,7.257
2019-01-21 02:00:00,0.291,7.108
2019-01-21 03:00:00,0.278,6.996
2019-01-21 04:00:00,0.267,6.909
2019-01-21 05:00:00,0.288,7.079
2019-01-21 06:00:00,0.356,7.623
2019-01-21 07:00:00,0.446,8.303
2019-01-21 08:00:00,0.524,8.882
2019-01-21 09:00:00,0.596,9.418
2019-01-21 10:00:00,0.647,9.838
2019-01-21 11:00:00,0.673,10.058
2019-01-21 12:00:00,0.701,10.311
2019-01-21 13:00:00,0.758,10.857
2019-01-21 14:00:00,0.821,11.593
2019-01-21 15:00:00,0.871,12.341
2019-01-21 16:00:00,0.906,13.01
2019-01-21 17:00:00,0.937,13.789
2019-01-21 18:00:00,0.961,14.637
2019-01-21 19:00:00,0.975,15.393
2019-01-21 20:00:00,0.982,15.93
2019-01-21 21:00:00,0.984,16.156
2019-01-21 22:00:00,0.979,15.727
2019-01-21 23:00:00,0.941,13.915
2019-01-22 00:00:00,0.815,11.511
2019-01-22 01:00:00,0.636,9.746
2019-01-22 02:00:00,0.548,9.062
2019-01-22 03:00:00,0.533,8.949
2019-01-22 04:00:00,0.512,8.792
2019-01-22 05:00:00,0.497,8.676
2019-01-22 06:00:00,0.519,8.848
2019-01-22 07:00:00,0.59,9.383
2019-01-22 08:00:00,0.674,10.068
2019-01-22 09:00:00,0.744,10.716
2019-01-22 10:00:00,0.773,11.009
2019-01-22 11:00:00,0.752,10.796
2019-01-22 12:00:00,0.69,10.202
2019-01-22 13:00:00,0.601,9.472
2019-01-22 14:00:00,0.536,8.973
2019-01-22 15:00:00,0.458,8.395
2019-01-22 16:00:00,0.36,7.652
2019-01-22 17:00:00,0.253,6.786
2019-01-22 18:00:00,0.165,5.91
2019-01-22 19:00:00,0.097,5.029
2019-01-22 20:00:00,0.061,4.413
2019-01-22 21:00:00,0.052,4.244
2019-01-22 22:00:00,0.066,4.523
2019-01-22 23:00:00,0.089,4.922
2019-01-23 00:00:00,0.116,5.306
2019-01-23 01:00:00,0.154,5.779
2019-01-23 02:00:00,0.185,6.125
2019-01-23 03:00:00,0.222,6.485
2019-01-23 04:00:00,0.241,6.668
2019-01-23 05:00:00,0.234,6.601
2019-01-23 06:00:00,0.201,6.296
2019-01-23 07:00:00,0.148,5.714
2019-01-23 08:00:00,0.088,4.906
2019-01-23 09:00:00,0.061,4.423
2019-01-23 10:00:00,0.033,3.766
2019-01-23 11:00:00,0.033,3.785
2019-01-23 12:00:00,0.056,4.332
2019-01-23 13:00:00,0.103,5.125
2019-01-23 14:00:00,0.152,5.765
2019-01-23 15:00:00,0.17,5.955
2019-01-23 16:00:00,0.177,6.035
2019-01-23 17:00:00,0.185,6.126
2019-01-23 18:00:00,0.2,6.278
2019-01-23 19:00:00,0.226,6.538
2019-01-23 20:00:00,0.253,6.786
2019-01-23 21:00:00,0.268,6.913
2019-01-23 22:00:00,0.257,6.818
2019-01-23 23:00:00,0.232,6.579
2019-01-24 00:00:00,0.198,6.255
2019-01-24 01:00:00,0.177,6.034
2019-01-24 02:00:00,0.158,5.832
2019-01-24 03:00:00,0.14,5.619
2019-01-24 04:00:00,0.128,5.472
2019-01-24 05:00:00,0.136,5.554
2019-01-24 06:00:00,0.14,5.623
2019-01-24 07:00:00,0.138,5.592
2019-01-24 08:00:00,0.128,5.467
2019-01-24 09:00:00,0.134,5.531
2019-01-24 10:00:00,0.104,5.14
2019-01-24 11:00:00,0.062,4.451
2019-01-24 12:00:00,0.04,3.946
2019-01-24 13:00:00,0.05,4.193
2019-01-24 14:00:00,0.047,4.119
2019-01-24 15:00:00,0.032,3.75
2019-01-24 16:00:00,0.033,3.786
2019-01-24 17:00:00,0.046,4.101
2019-01-24 18:00:00,0.086,4.864
2019-01-24 19:00:00,0.142,5.641
2019-01-24 20:00:00,0.222,6.489
2019-01-24 21:00:00,0.297,7.15
2019-01-24 22:00:00,0.36,7.652
2019-01-24 23:00:00,0.422,8.124
2019-01-25 00:00:00,0.548,9.061
2019-01-25 01:00:00,0.68,10.116
2019-01-25 02:00:00,0.703,10.322
2019-01-25 03:00:00,0.682,10.138
2019-01-25 04:00:00,0.669,10.024
2019-01-25 05:00:00,0.731,10.577
2019-01-25 06:00:00,0.834,11.775
2019-01-25 07:00:00,0.882,12.535
2019-01-25 08:00:00,0.867,12.281
2019-01-25 09:00:00,0.856,12.1
2019-01-25 10:00:00,0.824,11.639
2019-01-25 11:00:00,0.811,11.475
2019-01-25 12:00:00,0.803,11.365
2019-01-25 13:00:00,0.81,11.461
2019-01-25 14:00:00,0.821,11.592
2019-01-25 15:00:00,0.827,11.68
2019-01-25 16:00:00,0.839,11.839
2019-01-25 17:00:00,0.852,12.027
2019-01-25 18:00:00,0.82,11.585
2019-01-25 19:00:00,0.731,10.589
2019-01-25 20:00:00,0.625,9.658
2019-01-25 21:00:00,0.607,9.509
2019-01-25 22:00:00,0.565,9.185
2019-01-25 23:00:00,0.507,8.752
2019-01-26 00:00:00,0.568,9.211
2019-01-26 01:00:00,0.588,9.366
2019-01-26 02:00:00,0.475,8.516
2019-01-26 03:00:00,0.337,7.481
2019-01-26 04:00:00,0.272,6.945
2019-01-26 05:00:00,0.301,7.187
2019-01-26 06:00:00,0.478,8.542
2019-01-26 07:00:00,0.634,9.731
2019-01-26 08:00:00,0.739,10.669
2019-01-26 09:00:00,0.836,11.799
2019-01-26 10:00:00,0.91,13.099
2019-01-26 11:00:00,0.926,13.477
2019-01-26 12:00:00,0.919,13.304
2019-01-26 13:00:00,0.893,12.743
2019-01-26 14:00:00,0.866,12.256
2019-01-26 15:00:00,0.833,11.754
2019-01-26 16:00:00,0.773,11.008
2019-01-26 17:00:00,0.689,10.201
2019-01-26 18:00:00,0.599,9.452
2019-01-26 19:00:00,0.657,9.915
2019-01-26 20:00:00,0.883,12.559
2019-01-26 21:00:00,0.98,15.775
2019-01-26 22:00:00,0.986,18.14
2019-01-26 23:00:00,0.976,19.036
2019-01-27 00:00:00,0.977,18.951
2019-01-27 01:00:00,0.986,18.18
2019-01-27 02:00:00,0.989,17.62
2019-01-27 03:00:00,0.989,17.533
2019-01-27 04:00:00,0.988,17.78
2019-01-27 05:00:00,0.985,18.258
2019-01-27 06:00:00,0.975,19.11
2019-01-27 07:00:00,0.933,20.504
2019-01-27 08:00:00,0.783,22.661
2019-01-27 09:00:00,0.534,24.757
2019-01-27 10:00:00,0.418,25.629
2019-01-27 11:00:00,0.515,24.902
2019-01-27 12:00:00,0.711,23.338
2019-01-27 13:00:00,0.894,21.264
2019-01-27 14:00:00,0.963,19.626
2019-01-27 15:00:00,0.982,18.587
2019-01-27 16:00:00,0.988,17.739
2019-01-27 17:00:00,0.989,17.068
2019-01-27 18:00:00,0.987,16.628
2019-01-27 19:00:00,0.985,16.259
2019-01-27 20:00:00,0.981,15.877
2019-01-27 21:00:00,0.978,15.637
2019-01-27 22:00:00,0.975,15.419
2019-01-27 23:00:00,0.972,15.215
2019-01-28 00:00:00,0.97,15.121
2019-01-28 01:00:00,0.966,14.906
2019-01-28 02:00:00,0.962,14.698
2019-01-28 03:00:00,0.959,14.575
2019-01-28 04:00:00,0.956,14.443
2019-01-28 05:00:00,0.946,14.06
2019-01-28 06:00:00,0.925,13.463
2019-01-28 07:00:00,0.902,12.933
2019-01-28 08:00:00,0.886,12.596
2019-01-28 09:00:00,0.864,12.218
2019-01-28 10:00:00,0.824,11.638
2019-01-28 11:00:00,0.763,10.905
2019-01-28 12:00:00,0.669,10.024
2019-01-28 13:00:00,0.601,9.459
2019-01-28 14:00:00,0.585,9.346
2019-01-28 15:00:00,0.613,9.566
2019-01-28 16:00:00,0.637,9.754
2019-01-28 17:00:00,0.667,10.01
2019-01-28 18:00:00,0.712,10.409
2019-01-28 19:00:00,0.753,10.805
2019-01-28 20:00:00,0.763,10.901
2019-01-28 21:00:00,0.746,10.732
2019-01-28 22:00:00,0.737,10.643
2019-01-28 23:00:00,0.737,10.642
2019-01-29 00:00:00,0.75,10.777
2019-01-29 01:00:00,0.786,11.174
2019-01-29 02:00:00,0.81,11.461
2019-01-29 03:00:00,0.785,11.155
2019-01-29 04:00:00,0.709,10.377
2019-01-29 05:00:00,0.628,9.672
2019-01-29 06:00:00,0.563,9.169
2019-01-29 07:00:00,0.494,8.66
2019-01-29 08:00:00,0.419,8.103
2019-01-29 09:00:00,0.351,7.581
2019-01-29 10:00:00,0.284,7.053
2019-01-29 11:00:00,0.219,6.458
2019-01-29 12:00:00,0.154,5.78
2019-01-29 13:00:00,0.102,5.11
2019-01-29 14:00:00,0.162,5.879
2019-01-29 15:00:00,0.252,6.774
2019-01-29 16:00:00,0.319,7.333
2019-01-29 17:00:00,0.389,7.884
2019-01-29 18:00:00,0.453,8.354
2019-01-29 19:00:00,0.507,8.753
2019-01-29 20:00:00,0.53,8.918
2019-01-29 21:00:00,0.499,8.688
2019-01-29 22:00:00,0.441,8.267
2019-01-29 23:00:00,0.403,7.984
2019-01-30 00:00:00,0.383,7.828
2019-01-30 01:00:00,0.372,7.754
2019-01-30 02:00:00,0.356,7.631
2019-01-30 03:00:00,0.335,7.464
2019-01-30 04:00:00,0.308,7.243
2019-01-30 05:00:00,0.277,6.986
2019-01-30 06:00:00,0.246,6.718
2019-01-30 07:00:00,0.217,6.445
2019-01-30 08:00:00,0.195,6.227
2019-01-30 09:00:00,0.186,6.134
2019-01-30 10:00:00,0.182,6.087
2019-01-30 11:00:00,0.172,5.988
2019-01-30 12:00:00,0.161,5.862
2019-01-30 13:00:00,0.144,5.669
2019-01-30 14:00:00,0.129,5.482
2019-01-30 15:00:00,0.144,5.661
2019-01-30 16:00:00,0.198,6.256
2019-01-30 17:00:00,0.266,6.889
2019-01-30 18:00:00,0.319,7.329
2019-01-30 19:00:00,0.335,7.467
2019-01-30 20:00:00,0.324,7.373
2019-01-30 21:00:00,0.291,7.101
2019-01-30 22:00:00,0.249,6.733
2019-01-30 23:00:00,0.2,6.283
2019-01-31 00:00:00,0.158,5.827
2019-01-31 01:00:00,0.126,5.439
2019-01-31 02:00:00,0.103,5.123
2019-01-31 03:00:00,0.084,4.834
2019-01-31 04:00:00,0.05,4.187
2019-01-31 05:00:00,0.015,3.153
2019-01-31 06:00:00,0.002,2.182
2019-01-31 07:00:00,0.001,1.89
2019-01-31 08:00:00,0.002,2.025
2019-01-31 09:00:00,0.002,2.192
2019-01-31 10:00:00,0.002,2.132
2019-01-31 11:00:00,0.002,2.076
2019-01-31 12:00:00,0.001,1.955
2019-01-31 13:00:00,0.001,1.917
2019-01-31 14:00:00,0.002,2.129
2019-01-31 15:00:00,0.005,2.493
2019-01-31 16:00:00,0.01,2.899
2019-01-31 17:00:00,0.016,3.203
2019-01-31 18:00:00,0.026,3.571
2019-01-31 19:00:00,0.043,4.024
2019-01-31 20:00:00,0.056,4.328
2019-01-31 21:00:00,0.06,4.402
2019-01-31 22:00:00,0.06,4.399
2019-01-31 23:00:00,0.069,4.581
2019-02-01 00:00:00,0.093,4.984
2019-02-01 01:00:00,0.123,5.397
2019-02-01 02:00:00,0.143,5.65
2019-02-01 03:00:00,0.142,5.641
2019-02-01 04:00:00,0.128,5.467
2019-02-01 05:00:00,0.107,5.182
2019-02-01 06:00:00,0.086,4.865
2019-02-01 07:00:00,0.07,4.587
2019-02-01 08:00:00,0.061,4.42
2019-02-01 09:00:00,0.049,4.175
2019-02-01 10:00:00,0.036,3.865
2019-02-01 11:00:00,0.028,3.628
2019-02-01 12:00:00,0.02,3.36
2019-02-01 13:00:00,0.017,3.246
2019-02-01 14:00:00,0.016,3.2
2019-02-01 15:00:00,0.015,3.118
2019-02-01 16:00:00,0.013,3.034
2019-02-01 17:00:00,0.012,2.987
2019-02-01 18:00:00,0.011,2.958
2019-02-01 19:00:00,0.01,2.914
2019-02-01 20:00:00,0.013,3.037
2019-02-01 21:00:00,0.023,3.449
2019-02-01 22:00:00,0.052,4.238
2019-02-01 23:00:00,0.089,4.919
2019-02-02 00:00:00,0.14,5.618
2019-02-02 01:00:00,0.196,6.235
2019-02-02 02:00:00,0.244,6.691
2019-02-02 03:00:00,0.313,7.285
2019-02-02 04:00:00,0.417,8.092
2019-02-02 05:00:00,0.544,9.025
2019-02-02 06:00:00,0.677,10.086
2019-02-02 07:00:00,0.767,10.958
2019-02-02 08:00:00,0.812,11.477
2019-02-02 09:00:00,0.828,11.695
2019-02-02 10:00:00,0.839,11.845
2019-02-02 11:00:00,0.851,12.011
2019-02-02 12:00:00,0.861,12.17
2019-02-02 13:00:00,0.864,12.225
2019-02-02 14:00:00,0.856,12.097
2019-02-02 15:00:00,0.819,11.568
2019-02-02 16:00:00,0.748,10.752
2019-02-02 17:00:00,0.665,9.986
2019-02-02 18:00:00,0.614,9.567
2019-02-02 19:00:00,0.58,9.305
2019-02-02 20:00:00,0.534,8.957
2019-02-02 21:00:00,0.474,8.507
2019-02-02 22:00:00,0.391,7.896
2019-02-02 23:00:00,0.322,7.361
2019-02-03 00:00:00,0.287,7.074
2019-02-03 01:00:00,0.293,7.129
2019-02-03 02:00:00,0.321,7.353
2019-02-03 03:00:00,0.389,7.881
2019-02-03 04:00:00,0.502,8.718
2019-02-03 05:00:00,0.609,9.528
2019-02-03 06:00:00,0.684,10.146
2019-02-03 07:00:00,0.75,10.777
2019-02-03 08:00:00,0.808,11.43
2019-02-03 09:00:00,0.844,11.916
2019-02-03 10:00:00,0.862,12.197
2019-02-03 11:00:00,0.896,12.803
2019-02-03 12:00:00,0.928,13.552
2019-02-03 13:00:00,0.932,13.658
2019-02-03 14:00:00,0.905,12.98
2019-02-03 15:00:00,0.839,11.852
2019-02-03 16:00:00,0.762,10.895
2019-02-03 17:00:00,0.692,10.223
2019-02-03 18:00:00,0.661,9.951
2019-02-03 19:00:00,0.651,9.869
2019-02-03 20:00:00,0.628,9.68
2019-02-03 21:00:00,0.613,9.566
2019-02-03 22:00:00,0.605,9.5
2019-02-03 23:00:00,0.593,9.397
2019-02-04 00:00:00,0.7,10.299
2019-02-04 01:00:00,0.847,11.963
2019-02-04 02:00:00,0.941,13.898
2019-02-04 03:00:00,0.971,15.132
2019-02-04 04:00:00,0.981,15.812
2019-02-04 05:00:00,0.963,14.741
2019-02-04 06:00:00,0.941,13.906
2019-02-04 07:00:00,0.942,13.942
2019-02-04 08:00:00,0.94,13.875
2019-02-04 09:00:00,0.944,14.025
2019-02-04 10:00:00,0.961,14.636
2019-02-04 11:00:00,0.955,14.396
2019-02-04 12:00:00,0.949,14.163
2019-02-04 13:00:00,0.953,14.33
2019-02-04 14:00:00,0.964,14.805
2019-02-04 15:00:00,0.963,14.728
2019-02-04 16:00:00,0.949,14.17
2019-02-04 17:00:00,0.914,13.183
2019-02-04 18:00:00,0.868,12.291
2019-02-04 19:00:00,0.826,11.659
2019-02-04 20:00:00,0.771,10.991
2019-02-04 21:00:00,0.713,10.413
2019-02-04 22:00:00,0.674,10.07
2019-02-04 23:00:00,0.641,9.79
2019-02-05 00:00:00,0.585,9.341
2019-02-05 01:00:00,0.515,8.818
2019-02-05 02:00:00,0.452,8.347
2019-02-05 03:00:00,0.395,7.924
2019-02-05 04:00:00,0.315,7.311
2019-02-05 05:00:00,0.234,6.604
2019-02-05 06:00:00,0.155,5.79
2019-02-05 07:00:00,0.083,4.82
2019-02-05 08:00:00,0.038,3.892
2019-02-05 09:00:00,0.045,4.093
2019-02-05 10:00:00,0.121,5.376
2019-02-05 11:00:00,0.244,6.69
2019-02-05 12:00:00,0.434,8.217
2019-02-05 13:00:00,0.619,9.61
2019-02-05 14:00:00,0.749,10.764
2019-02-05 15:00:00,0.853,12.048
2019-02-05 16:00:00,0.922,13.391
2019-02-05 17:00:00,0.95,14.235
2019-02-05 18:00:00,0.957,14.475
2019-02-05 19:00:00,0.957,14.497
2019-02-05 20:00:00,0.947,14.115
2019-02-05 21:00:00,0.914,13.191
2019-02-05 22:00:00,0.839,11.846
2019-02-05 23:00:00,0.806,11.406
2019-02-06 00:00:00,0.819,11.568
2019-02-06 01:00:00,0.817,11.541
2019-02-06 02:00:00,0.786,11.172
2019-02-06 03:00:00,0.747,10.75
2019-02-06 04:00:00,0.718,10.461
2019-02-06 05:00:00,0.733,10.598
2019-02-06 06:00:00,0.707,10.359
2019-02-06 07:00:00,0.694,10.242
2019-02-06 08:00:00,0.681,10.132
2019-02-06 09:00:00,0.666,9.995
2019-02-06 10:00:00,0.663,9.961
2019-02-06 11:00:00,0.659,9.934
2019-02-06 12:00:00,0.658,9.918
2019-02-06 13:00:00,0.696,10.261
2019-02-06 14:00:00,0.763,10.913
2019-02-06 15:00:00,0.817,11.541
2019-02-06 16:00:00,0.841,11.871
2019-02-06 17:00:00,0.842,11.885
2019-02-06 18:00:00,0.844,11.902
2019-02-06 19:00:00,0.808,11.435
2019-02-06 20:00:00,0.751,10.794
2019-02-06 21:00:00,0.677,10.091
2019-02-06 22:00:00,0.542,9.015
2019-02-06 23:00:00,0.444,8.286
2019-02-07 00:00:00,0.389,7.887
2019-02-07 01:00:00,0.412,8.048
2019-02-07 02:00:00,0.413,8.067
2019-02-07 03:00:00,0.338,7.485
2019-02-07 04:00:00,0.278,6.994
2019-02-07 05:00:00,0.264,6.881
2019-02-07 06:00:00,0.237,6.638
2019-02-07 07:00:00,0.164,5.894
2019-02-07 08:00:00,0.082,4.799
2019-02-07 09:00:00,0.047,4.121
2019-02-07 10:00:00,0.088,4.895
2019-02-07 11:00:00,0.19,6.177
2019-02-07 12:00:00,0.322,7.363
2019-02-07 13:00:00,0.484,8.585
2019-02-07 14:00:00,0.665,9.992
2019-02-07 15:00:00,0.773,11.017
2019-02-07 16:00:00,0.823,11.626
2019-02-07 17:00:00,0.827,11.679
2019-02-07 18:00:00,0.789,11.198
2019-02-07 19:00:00,0.764,10.928
2019-02-07 20:00:00,0.788,11.196
2019-02-07 21:00:00,0.793,11.249
2019-02-07 22:00:00,0.777,11.063
2019-02-07 23:00:00,0.75,10.776
2019-02-08 00:00:00,0.722,10.506
2019-02-08 01:00:00,0.701,10.303
2019-02-08 02:00:00,0.735,10.625
2019-02-08 03:00:00,0.822,11.614
2019-02-08 04:00:00,0.906,13.005
2019-02-08 05:00:00,0.954,14.345
2019-02-08 06:00:00,0.972,15.228
2019-02-08 07:00:00,0.983,16.091
2019-02-08 08:00:00,0.989,17.396
2019-02-08 09:00:00,0.983,18.515
2019-02-08 10:00:00,0.967,19.48
2019-02-08 11:00:00,0.965,19.561
2019-02-08 12:00:00,0.98,18.762
2019-02-08 13:00:00,0.982,18.566
2019-02-08 14:00:00,0.974,19.156
2019-02-08 15:00:00,0.923,20.725
2019-02-08 16:00:00,0.886,21.397
2019-02-08 17:00:00,0.862,21.743
2019-02-08 18:00:00,0.896,21.226
2019-02-08 19:00:00,0.947,20.155
2019-02-08 20:00:00,0.969,19.379
2019-02-08 21:00:00,0.977,18.983
2019-02-08 22:00:00,0.98,18.798
2019-02-08 23:00:00,0.976,19.04
2019-02-09 00:00:00,0.972,19.229
2019-02-09 01:00:00,0.968,19.449
2019-02-09 02:00:00,0.967,19.453
2019-02-09 03:00:00,0.987,18.043
2019-02-09 04:00:00,0.978,15.63
2019-02-09 05:00:00,0.966,14.902
2019-02-09 06:00:00,0.98,15.809
2019-02-09 07:00:00,0.989,17.627
2019-02-09 08:00:00,0.966,19.507
2019-02-09 09:00:00,0.894,21.269
2019-02-09 10:00:00,0.805,22.431
2019-02-09 11:00:00,0.758,22.914
2019-02-09 12:00:00,0.768,22.818
2019-02-09 13:00:00,0.815,22.313
2019-02-09 14:00:00,0.882,21.453
2019-02-09 15:00:00,0.926,20.68
2019-02-09 16:00:00,0.959,19.781
2019-02-09 17:00:00,0.978,18.884
2019-02-09 18:00:00,0.987,18.086
2019-02-09 19:00:00,0.989,17.222
2019-02-09 20:00:00,0.985,16.308
2019-02-09 21:00:00,0.971,15.158
2019-02-09 22:00:00,0.939,13.868
2019-02-09 23:00:00,0.877,12.455
2019-02-10 00:00:00,0.797,11.302
2019-02-10 01:00:00,0.726,10.544
2019-02-10 02:00:00,0.654,9.893
2019-02-10 03:00:00,0.567,9.204
2019-02-10 04:00:00,0.48,8.555
2019-02-10 05:00:00,0.404,7.999
2019-02-10 06:00:00,0.351,7.59
2019-02-10 07:00:00,0.328,7.411
2019-02-10 08:00:00,0.326,7.387
2019-02-10 09:00:00,0.344,7.54
2019-02-10 10:00:00,0.374,7.766
2019-02-10 11:00:00,0.413,8.065
2019-02-10 12:00:00,0.467,8.459
2019-02-10 13:00:00,0.518,8.836
2019-02-10 14:00:00,0.552,9.091
2019-02-10 15:00:00,0.578,9.287
2019-02-10 16:00:00,0.631,9.703
2019-02-10 17:00:00,0.679,10.11
2019-02-10 18:00:00,0.727,10.547
2019-02-10 19:00:00,0.749,10.758
2019-02-10 20:00:00,0.747,10.741
2019-02-10 21:00:00,0.72,10.481
2019-02-10 22:00:00,0.707,10.359
2019-02-10 23:00:00,0.758,10.851
2019-02-11 00:00:00,0.817,11.547
2019-02-11 01:00:00,0.832,11.75
2019-02-11 02:00:00,0.815,11.52
2019-02-11 03:00:00,0.771,10.988
2019-02-11 04:00:00,0.705,10.343
2019-02-11 05:00:00,0.617,9.591
2019-02-11 06:00:00,0.548,9.065
2019-02-11 07:00:00,0.48,8.559
2019-02-11 08:00:00,0.395,7.922
2019-02-11 09:00:00,0.31,7.262
2019-02-11 10:00:00,0.253,6.78
2019-02-11 11:00:00,0.203,6.307
2019-02-11 12:00:00,0.154,5.775
2019-02-11 13:00:00,0.161,5.86
2019-02-11 14:00:00,0.175,6.021
2019-02-11 15:00:00,0.176,6.028
2019-02-11 16:00:00,0.181,6.075
2019-02-11 17:00:00,0.203,6.315
2019-02-11 18:00:00,0.246,6.713
2019-02-11 19:00:00,0.303,7.21
2019-02-11 20:00:00,0.398,7.952
2019-02-11 21:00:00,0.48,8.555
2019-02-11 22:00:00,0.502,8.716
2019-02-11 23:00:00,0.51,8.776
2019-02-12 00:00:00,0.532,8.941
2019-02-12 01:00:00,0.583,9.332
2019-02-12 02:00:00,0.658,9.928
2019-02-12 03:00:00,0.713,10.413
2019-02-12 04:00:00,0.749,10.757
2019-02-12 05:00:00,0.768,10.969
2019-02-12 06:00:00,0.834,11.76
2019-02-12 07:00:00,0.876,12.427
2019-02-12 08:00:00,0.919,13.314
2019-02-12 09:00:00,0.917,13.255
2019-02-12 10:00:00,0.902,12.924
2019-02-12 11:00:00,0.918,13.292
2019-02-12 12:00:00,0.937,13.791
2019-02-12 13:00:00,0.951,14.242
2019-02-12 14:00:00,0.959,14.588
2019-02-12 15:00:00,0.964,14.803
2019-02-12 16:00:00,0.966,14.911
2019-02-12 17:00:00,0.95,14.215
2019-02-12 18:00:00,0.928,13.544
2019-02-12 19:00:00,0.886,12.596
2019-02-12 20:00:00,0.809,11.439
2019-02-12 21:00:00,0.765,10.936
2019-02-12 22:00:00,0.749,10.762
2019-02-12 23:00:00,0.727,10.551
2019-02-13 00:00:00,0.684,10.147
2019-02-13 01:00:00,0.616,9.588
2019-02-13 02:00:00,0.58,9.302
2019-02-13 03:00:00,0.616,9.584
2019-02-13 04:00:00,0.743,10.705
2019-02-13 05:00:00,0.85,11.994
2019-02-13 06:00:00,0.883,12.55
2019-02-13 07:00:00,0.896,12.807
2019-02-13 08:00:00,0.917,13.273
2019-02-13 09:00:00,0.936,13.772
2019-02-13 10:00:00,0.936,13.779
2019-02-13 11:00:00,0.934,13.718
2019-02-13 12:00:00,0.928,13.526
2019-02-13 13:00:00,0.918,13.287
2019-02-13 14:00:00,0.918,13.298
2019-02-13 15:00:00,0.919,13.32
2019-02-13 16:00:00,0.905,12.997
2019-02-13 17:00:00,0.895,12.783
2019-02-13 18:00:00,0.891,12.712
2019-02-13 19:00:00,0.903,12.935
2019-02-13 20:00:00,0.919,13.305
2019-02-13 21:00:00,0.942,13.937
2019-02-13 22:00:00,0.957,14.491
2019-02-13 23:00:00,0.958,14.527
2019-02-14 00:00:00,0.948,14.14
2019-02-14 01:00:00,0.94,13.894
2019-02-14 02:00:00,0.91,13.081
2019-02-14 03:00:00,0.866,12.255
2019-02-14 04:00:00,0.838,11.837
2019-02-14 05:00:00,0.827,11.682
2019-02-14 06:00:00,0.82,11.576
2019-02-14 07:00:00,0.803,11.365
2019-02-14 08:00:00,0.783,11.129
2019-02-14 09:00:00,0.742,10.697
2019-02-14 10:00:00,0.689,10.196
2019-02-14 11:00:00,0.636,9.741
2019-02-14 12:00:00,0.599,9.445
2019-02-14 13:00:00,0.569,9.223
2019-02-14 14:00:00,0.55,9.076
2019-02-14 15:00:00,0.561,9.155
2019-02-14 16:00:00,0.607,9.508
2019-02-14 17:00:00,0.674,10.066
2019-02-14 18:00:00,0.723,10.515
2019-02-14 19:00:00,0.731,10.59
2019-02-14 20:00:00,0.702,10.317
2019-02-14 21:00:00,0.656,9.904
2019-02-14 22:00:00,0.594,9.404
2019-02-14 23:00:00,0.544,9.025
2019-02-15 00:00:00,0.525,8.888
2019-02-15 01:00:00,0.529,8.915
2019-02-15 02:00:00,0.533,8.953
2019-02-15 03:00:00,0.531,8.937
2019-02-15 04:00:00,0.536,8.973
2019-02-15 05:00:00,0.545,9.033
2019-02-15 06:00:00,0.549,9.073
2019-02-15 07:00:00,0.55,9.077
2019-02-15 08:00:00,0.545,9.037
2019-02-15 09:00:00,0.518,8.834
2019-02-15 10:00:00,0.515,8.813
2019-02-15 11:00:00,0.556,9.125
2019-02-15 12:00:00,0.632,9.706
2019-02-15 13:00:00,0.733,10.599
2019-02-15 14:00:00,0.81,11.453
2019-02-15 15:00:00,0.862,12.198
2019-02-15 16:00:00,0.894,12.756
2019-02-15 17:00:00,0.908,13.061
2019-02-15 18:00:00,0.913,13.149
2019-02-15 19:00:00,0.91,13.109
2019-02-15 20:00:00,0.907,13.041
2019-02-15 21:00:00,0.908,13.056
2019-02-15 22:00:00,0.914,13.199
2019-02-15 23:00:00,0.914,13.186
2019-02-16 00:00:00,0.928,13.546
2019-02-16 01:00:00,0.941,13.929
2019-02-16 02:00:00,0.94,13.879
2019-02-16 03:00:00,0.938,13.826
2019-02-16 04:00:00,0.9,12.88
2019-02-16 05:00:00,0.876,12.422
2019-02-16 06:00:00,0.88,12.5
2019-02-16 07:00:00,0.91,13.091
2019-02-16 08:00:00,0.884,12.569
2019-02-16 09:00:00,0.845,11.924
2019-02-16 10:00:00,0.81,11.452
2019-02-16 11:00:00,0.785,11.146
2019-02-16 12:00:00,0.772,11.004
2019-02-16 13:00:00,0.752,10.795
2019-02-16 14:00:00,0.731,10.588
2019-02-16 15:00:00,0.736,10.637
2019-02-16 16:00:00,0.77,10.986
2019-02-16 17:00:00,0.809,11.448
2019-02-16 18:00:00,0.817,11.54
2019-02-16 19:00:00,0.808,11.429
2019-02-16 20:00:00,0.81,11.458
2019-02-16 21:00:00,0.811,11.468
2019-02-16 22:00:00,0.835,11.778
2019-02-16 23:00:00,0.903,12.937
2019-02-17 00:00:00,0.915,13.205
2019-02-17 01:00:00,0.904,12.968
2019-02-17 02:00:00,0.917,13.255
2019-02-17 03:00:00,0.92,13.33
2019-02-17 04:00:00,0.918,13.277
2019-02-17 05:00:00,0.922,13.379
2019-02-17 06:00:00,0.934,13.701
2019-02-17 07:00:00,0.944,14.028
2019-02-17 08:00:00,0.946,14.069
2019-02-17 09:00:00,0.945,14.04
2019-02-17 10:00:00,0.946,14.089
2019-02-17 11:00:00,0.945,14.031
2019-02-17 12:00:00,0.933,13.684
2019-02-17 13:00:00,0.928,13.552
2019-02-17 14:00:00,0.945,14.031
2019-02-17 15:00:00,0.955,14.406
2019-02-17 16:00:00,0.949,14.176
2019-02-17 17:00:00,0.943,13.968
2019-02-17 18:00:00,0.928,13.552
2019-02-17 19:00:00,0.918,13.287
2019-02-17 20:00:00,0.909,13.069
2019-02-17 21:00:00,0.898,12.838
2019-02-17 22:00:00,0.907,13.035
2019-02-17 23:00:00,0.921,13.353
2019-02-18 00:00:00,0.928,13.552
2019-02-18 01:00:00,0.933,13.665
2019-02-18 02:00:00,0.938,13.82
2019-02-18 03:00:00,0.943,13.986
2019-02-18 04:00:00,0.946,14.061
2019-02-18 05:00:00,0.951,14.27
2019-02-18 06:00:00,0.953,14.317
2019-02-18 07:00:00,0.959,14.573
2019-02-18 08:00:00,0.963,14.733
2019-02-18 09:00:00,0.968,15.006
2019-02-18 10:00:00,0.962,14.689
2019-02-18 11:00:00,0.966,14.868
2019-02-18 12:00:00,0.975,15.436
2019-02-18 13:00:00,0.982,15.916
2019-02-18 14:00:00,0.985,16.226
2019-02-18 15:00:00,0.984,16.209
2019-02-18 16:00:00,0.984,16.21
2019-02-18 17:00:00,0.98,15.802
2019-02-18 18:00:00,0.966,14.876
2019-02-18 19:00:00,0.95,14.224
2019-02-18 20:00:00,0.936,13.761
2019-02-18 21:00:00,0.923,13.413
2019-02-18 22:00:00,0.901,12.904
2019-02-18 23:00:00,0.874,12.393
2019-02-19 00:00:00,0.846,11.943
2019-02-19 01:00:00,0.834,11.767
2019-02-19 02:00:00,0.819,11.568
2019-02-19 03:00:00,0.806,11.405
2019-02-19 04:00:00,0.796,11.281
2019-02-19 05:00:00,0.786,11.168
2019-02-19 06:00:00,0.765,10.932
2019-02-19 07:00:00,0.728,10.564
2019-02-19 08:00:00,0.685,10.163
2019-02-19 09:00:00,0.624,9.646
2019-02-19 10:00:00,0.584,9.332
2019-02-19 11:00:00,0.575,9.258
2019-02-19 12:00:00,0.549,9.071
2019-02-19 13:00:00,0.509,8.763
2019-02-19 14:00:00,0.474,8.509
2019-02-19 15:00:00,0.453,8.352
2019-02-19 16:00:00,0.431,8.195
2019-02-19 17:00:00,0.41,8.036
2019-02-19 18:00:00,0.406,8.007
2019-02-19 19:00:00,0.465,8.448
2019-02-19 20:00:00,0.568,9.215
2019-02-19 21:00:00,0.664,9.979
2019-02-19 22:00:00,0.747,10.742
2019-02-19 23:00:00,0.83,11.716
2019-02-20 00:00:00,0.875,12.403
2019-02-20 01:00:00,0.872,12.349
2019-02-20 02:00:00,0.851,12.015
2019-02-20 03:00:00,0.833,11.756
2019-02-20 04:00:00,0.832,11.735
2019-02-20 05:00:00,0.843,11.898
2019-02-20 06:00:00,0.877,12.447
2019-02-20 07:00:00,0.846,11.952
2019-02-20 08:00:00,0.852,12.044
2019-02-20 09:00:00,0.869,12.31
2019-02-20 10:00:00,0.882,12.531
2019-02-20 11:00:00,0.902,12.918
2019-02-20 12:00:00,0.911,13.12
2019-02-20 13:00:00,0.919,13.302
2019-02-20 14:00:00,0.925,13.469
2019-02-20 15:00:00,0.927,13.521
2019-02-20 16:00:00,0.931,13.631
2019-02-20 17:00:00,0.93,13.608
2019-02-20 18:00:00,0.937,13.786
2019-02-20 19:00:00,0.913,13.156
2019-02-20 20:00:00,0.876,12.434
2019-02-20 21:00:00,0.848,11.978
2019-02-20 22:00:00,0.842,11.893
2019-02-20 23:00:00,0.854,12.07
2019-02-21 00:00:00,0.853,12.056
2019-02-21 01:00:00,0.819,11.572
2019-02-21 02:00:00,0.765,10.937
2019-02-21 03:00:00,0.718,10.468
2019-02-21 04:00:00,0.71,10.389
2019-02-21 05:00:00,0.707,10.351
2019-02-21 06:00:00,0.709,10.381
2019-02-21 07:00:00,0.702,10.316
2019-02-21 08:00:00,0.672,10.049
2019-02-21 09:00:00,0.655,9.896
2019-02-21 10:00:00,0.601,9.46
2019-02-21 11:00:00,0.589,9.377
2019-02-21 12:00:00,0.591,9.389
2019-02-21 13:00:00,0.607,9.507
2019-02-21 14:00:00,0.658,9.932
2019-02-21 15:00:00,0.701,10.305
2019-02-21 16:00:00,0.721,10.487
2019-02-21 17:00:00,0.745,10.729
2019-02-21 18:00:00,0.763,10.919
2019-02-21 19:00:00,0.77,10.986
2019-02-21 20:00:00,0.774,11.029
2019-02-21 21:00:00,0.759,10.864
2019-02-21 22:00:00,0.712,10.4
2019-02-21 23:00:00,0.64,9.783
2019-02-22 00:00:00,0.583,9.332
2019-02-22 01:00:00,0.573,9.245
2019-02-22 02:00:00,0.607,9.507
2019-02-22 03:00:00,0.645,9.823
2019-02-22 04:00:00,0.665,9.991
2019-02-22 05:00:00,0.702,10.312
2019-02-22 06:00:00,0.751,10.789
2019-02-22 07:00:00,0.802,11.357
2019-02-22 08:00:00,0.817,11.538
2019-02-22 09:00:00,0.795,11.27
2019-02-22 10:00:00,0.804,11.386
2019-02-22 11:00:00,0.82,11.59
2019-02-22 12:00:00,0.857,12.109
2019-02-22 13:00:00,0.895,12.775
2019-02-22 14:00:00,0.903,12.944
2019-02-22 15:00:00,0.895,12.776
2019-02-22 16:00:00,0.882,12.537
2019-02-22 17:00:00,0.889,12.656
2019-02-22 18:00:00,0.9,12.886
2019-02-22 19:00:00,0.905,12.998
2019-02-22 20:00:00,0.91,13.11
2019-02-22 21:00:00,0.909,13.073
2019-02-22 22:00:00,0.904,12.964
2019-02-22 23:00:00,0.905,12.981
2019-02-23 00:00:00,0.891,12.709
2019-02-23 01:00:00,0.873,12.375
2019-02-23 02:00:00,0.867,12.276
2019-02-23 03:00:00,0.88,12.496
2019-02-23 04:00:00,0.89,12.676
2019-02-23 05:00:00,0.887,12.621
2019-02-23 06:00:00,0.885,12.588
2019-02-23 07:00:00,0.89,12.681
2019-02-23 08:00:00,0.895,12.782
2019-02-23 09:00:00,0.9,12.884
2019-02-23 10:00:00,0.912,13.144
2019-02-23 11:00:00,0.925,13.456
2019-02-23 12:00:00,0.933,13.673
2019-02-23 13:00:00,0.936,13.746
2019-02-23 14:00:00,0.932,13.642
2019-02-23 15:00:00,0.935,13.736
2019-02-23 16:00:00,0.94,13.874
2019-02-23 17:00:00,0.933,13.679
2019-02-23 18:00:00,0.914,13.198
2019-02-23 19:00:00,0.863,12.203
2019-02-23 20:00:00,0.803,11.364
2019-02-23 21:00:00,0.753,10.805
2019-02-23 22:00:00,0.689,10.194
2019-02-23 23:00:00,0.605,9.494
2019-02-24 00:00:00,0.493,8.647
2019-02-24 01:00:00,0.369,7.729
2019-02-24 02:00:00,0.238,6.646
2019-02-24 03:00:00,0.136,5.553
2019-02-24 04:00:00,0.074,4.655
2019-02-24 05:00:00,0.029,3.666
2019-02-24 06:00:00,0.004,2.44
2019-02-24 07:00:00,0.005,2.485
2019-02-24 08:00:00,0.024,3.502
2019-02-24 09:00:00,0.066,4.516
2019-02-24 10:00:00,0.118,5.329
2019-02-24 11:00:00,0.169,5.948
2019-02-24 12:00:00,0.223,6.502
2019-02-24 13:00:00,0.281,7.026
2019-02-24 14:00:00,0.328,7.406
2019-02-24 15:00:00,0.362,7.671
2019-02-24 16:00:00,0.387,7.865
2019-02-24 17:00:00,0.413,8.065
2019-02-24 18:00:00,0.435,8.227
2019-02-24 19:00:00,0.485,8.595
2019-02-24 20:00:00,0.557,9.129
2019-02-24 21:00:00,0.599,9.452
2019-02-24 22:00:00,0.594,9.409
2019-02-24 23:00:00,0.566,9.198
2019-02-25 00:00:00,0.514,8.812
2019-02-25 01:00:00,0.45,8.332
2019-02-25 02:00:00,0.37,7.733
2019-02-25 03:00:00,0.304,7.217
2019-02-25 04:00:00,0.262,6.855
2019-02-25 05:00:00,0.222,6.489
2019-02-25 06:00:00,0.19,6.18
2019-02-25 07:00:00,0.184,6.117
2019-02-25 08:00:00,0.19,6.177
2019-02-25 09:00:00,0.18,6.073
2019-02-25 10:00:00,0.156,5.793
2019-02-25 11:00:00,0.126,5.444
2019-02-25 12:00:00,0.112,5.257
2019-02-25 13:00:00,0.109,5.208
2019-02-25 14:00:00,0.107,5.189
2019-02-25 15:00:00,0.14,5.623
2019-02-25 16:00:00,0.241,6.667
2019-02-25 17:00:00,0.363,7.684
2019-02-25 18:00:00,0.48,8.551
2019-02-25 19:00:00,0.569,9.222
2019-02-25 20:00:00,0.625,9.648
2019-02-25 21:00:00,0.649,9.854
2019-02-25 22:00:00,0.643,9.804
2019-02-25 23:00:00,0.601,9.47
2019-02-26 00:00:00,0.535,8.967
2019-02-26 01:00:00,0.458,8.392
2019-02-26 02:00:00,0.399,7.959
2019-02-26 03:00:00,0.405,8.004
2019-02-26 04:00:00,0.45,8.337
2019-02-26 05:00:00,0.484,8.579
2019-02-26 06:00:00,0.488,8.618
2019-02-26 07:00:00,0.469,8.477
2019-02-26 08:00:00,0.43,8.189
2019-02-26 09:00:00,0.359,7.642
2019-02-26 10:00:00,0.286,7.064
2019-02-26 11:00:00,0.232,6.591
2019-02-26 12:00:00,0.189,6.164
2019-02-26 13:00:00,0.146,5.688
2019-02-26 14:00:00,0.099,5.064
2019-02-26 15:00:00,0.054,4.283
2019-02-26 16:00:00,0.035,3.83
2019-02-26 17:00:00,0.054,4.281
2019-02-26 18:00:00,0.109,5.2
2019-02-26 19:00:00,0.203,6.309
2019-02-26 20:00:00,0.327,7.393
2019-02-26 21:00:00,0.426,8.156
2019-02-26 22:00:00,0.455,8.371
2019-02-26 23:00:00,0.43,8.186
2019-02-27 00:00:00,0.398,7.952
2019-02-27 01:00:00,0.38,7.816
2019-02-27 02:00:00,0.379,7.809
2019-02-27 03:00:00,0.373,7.756
2019-02-27 04:00:00,0.38,7.819
2019-02-27 05:00:00,0.389,7.885
2019-02-27 06:00:00,0.383,7.834
2019-02-27 07:00:00,0.387,7.866
2019-02-27 08:00:00,0.397,7.944
2019-02-27 09:00:00,0.386,7.856
2019-02-27 10:00:00,0.384,7.842
2019-02-27 11:00:00,0.423,8.135
2019-02-27 12:00:00,0.502,8.717
2019-02-27 13:00:00,0.573,9.243
2019-02-27 14:00:00,0.611,9.545
2019-02-27 15:00:00,0.605,9.497
2019-02-27 16:00:00,0.564,9.175
2019-02-27 17:00:00,0.507,8.754
2019-02-27 18:00:00,0.457,8.39
2019-02-27 19:00:00,0.421,8.116
2019-02-27 20:00:00,0.408,8.023
2019-02-27 21:00:00,0.377,7.79
2019-02-27 22:00:00,0.316,7.318
2019-02-27 23:00:00,0.263,6.866
2019-02-28 00:00:00,0.235,6.616
2019-02-28 01:00:00,0.239,6.654
2019-02-28 02:00:00,0.258,6.822
2019-02-28 03:00:00,0.282,7.038
2019-02-28 04:00:00,0.29,7.098
2019-02-28 05:00:00,0.264,6.874
2019-02-28 06:00:00,0.228,6.556
2019-02-28 07:00:00,0.211,6.389
2019-02-28 08:00:00,0.199,6.261
2019-02-28 09:00:00,0.175,6.019
2019-02-28 10:00:00,0.157,5.823
2019-02-28 11:00:00,0.157,5.815
2019-02-28 12:00:00,0.156,5.796
2019-02-28 13:00:00,0.144,5.665
2019-02-28 14:00:00,0.126,5.441
2019-02-28 15:00:00,0.1,5.08
2019-02-28 16:00:00,0.073,4.646
2019-02-28 17:00:00,0.052,4.246
2019-02-28 18:00:00,0.033,3.77
2019-02-28 19:00:00,0.017,3.254
2019-02-28 20:00:00,0.015,3.117
2019-02-28 21:00:00,0.017,3.214
2019-02-28 22:00:00,0.014,3.115
2019-02-28 23:00:00,0.009,2.812
2019-03-01 00:00:00,0.005,2.529
2019-03-01 01:00:00,0.004,2.43
2019-03-01 02:00:00,0.005,2.479
2019-03-01 03:00:00,0.006,2.627
2019-03-01 04:00:00,0.012,2.993
2019-03-01 05:00:00,0.018,3.296
2019-03-01 06:00:00,0.015,3.127
2019-03-01 07:00:00,0.005,2.512
2019-03-01 08:00:00,0.007,2.65
2019-03-01 09:00:00,0.022,3.433
2019-03-01 10:00:00,0.05,4.208
2019-03-01 11:00:00,0.095,5.005
2019-03-01 12:00:00,0.152,5.758
2019-03-01 13:00:00,0.225,6.528
2019-03-01 14:00:00,0.308,7.247
2019-03-01 15:00:00,0.363,7.688
2019-03-01 16:00:00,0.446,8.299
2019-03-01 17:00:00,0.577,9.285
2019-03-01 18:00:00,0.651,9.875
2019-03-01 19:00:00,0.658,9.929
2019-03-01 20:00:00,0.622,9.632
2019-03-01 21:00:00,0.6,9.457
2019-03-01 22:00:00,0.581,9.312
2019-03-01 23:00:00,0.564,9.182
2019-03-02 00:00:00,0.534,8.961
2019-03-02 01:00:00,0.53,8.93
2019-03-02 02:00:00,0.558,9.134
2019-03-02 03:00:00,0.586,9.35
2019-03-02 04:00:00,0.612,9.554
2019-03-02 05:00:00,0.61,9.539
2019-03-02 06:00:00,0.611,9.549
2019-03-02 07:00:00,0.636,9.743
2019-03-02 08:00:00,0.628,9.679
2019-03-02 09:00:00,0.554,9.109
2019-03-02 10:00:00,0.576,9.273
2019-03-02 11:00:00,0.63,9.69
2019-03-02 12:00:00,0.75,10.775
2019-03-02 13:00:00,0.864,12.23
2019-03-02 14:00:00,0.941,13.9
2019-03-02 15:00:00,0.979,15.703
2019-03-02 16:00:00,0.988,17.751
2019-03-02 17:00:00,0.987,18.114
2019-03-02 18:00:00,0.984,18.412
2019-03-02 19:00:00,0.989,17.535
2019-03-02 20:00:00,0.989,17.515
2019-03-02 21:00:00,0.989,17.198
2019-03-02 22:00:00,0.989,17.643
2019-03-02 23:00:00,0.978,18.881
2019-03-03 00:00:00,0.955,19.918
2019-03-03 01:00:00,0.923,20.727
2019-03-03 02:00:00,0.897,21.215
2019-03-03 03:00:00,0.882,21.455
2019-03-03 04:00:00,0.895,21.252
2019-03-03 05:00:00,0.922,20.755
2019-03-03 06:00:00,0.947,20.146
2019-03-03 07:00:00,0.969,19.37
2019-03-03 08:00:00,0.98,18.785
2019-03-03 09:00:00,0.987,18.071
2019-03-03 10:00:00,0.989,17.191
2019-03-03 11:00:00,0.985,16.282
2019-03-03 12:00:00,0.972,15.233
2019-03-03 13:00:00,0.94,13.88
2019-03-03 14:00:00,0.875,12.399
2019-03-03 15:00:00,0.778,11.076
2019-03-03 16:00:00,0.718,10.466
2019-03-03 17:00:00,0.658,9.92
2019-03-03 18:00:00,0.513,8.796
2019-03-03 19:00:00,0.289,7.092
2019-03-03 20:00:00,0.11,5.22
2019-03-03 21:00:00,0.055,4.314
2019-03-03 22:00:00,0.165,5.909
2019-03-03 23:00:00,0.36,7.65
2019-03-04 00:00:00,0.578,9.291
2019-03-04 01:00:00,0.738,10.659
2019-03-04 02:00:00,0.842,11.892
2019-03-04 03:00:00,0.887,12.625
2019-03-04 04:00:00,0.9,12.888
2019-03-04 05:00:00,0.903,12.953
2019-03-04 06:00:00,0.903,12.937
2019-03-04 07:00:00,0.91,13.088
2019-03-04 08:00:00,0.91,13.093
2019-03-04 09:00:00,0.918,13.283
2019-03-04 10:00:00,0.933,13.673
2019-03-04 11:00:00,0.939,13.844
2019-03-04 12:00:00,0.942,13.94
2019-03-04 13:00:00,0.937,13.784
2019-03-04 14:00:00,0.918,13.278
2019-03-04 15:00:00,0.884,12.566
2019-03-04 16:00:00,0.829,11.7
2019-03-04 17:00:00,0.781,11.1
2019-03-04 18:00:00,0.744,10.721
2019-03-04 19:00:00,0.716,10.437
2019-03-04 20:00:00,0.701,10.305
2019-03-04 21:00:00,0.722,10.497
2019-03-04 22:00:00,0.743,10.708
2019-03-04 23:00:00,0.745,10.73
2019-03-05 00:00:00,0.725,10.532
2019-03-05 01:00:00,0.717,10.459
2019-03-05 02:00:00,0.704,10.327
2019-03-05 03:00:00,0.651,9.875
2019-03-05 04:00:00,0.561,9.159
2019-03-05 05:00:00,0.464,8.436
2019-03-05 06:00:00,0.398,7.952
2019-03-05 07:00:00,0.355,7.616
2019-03-05 08:00:00,0.275,6.974
2019-03-05 09:00:00,0.213,6.405
2019-03-05 10:00:00,0.166,5.923
2019-03-05 11:00:00,0.109,5.217
2019-03-05 12:00:00,0.096,5.016
2019-03-05 13:00:00,0.107,5.185
2019-03-05 14:00:00,0.168,5.938
2019-03-05 15:00:00,0.298,7.163
2019-03-05 16:00:00,0.389,7.881
2019-03-05 17:00:00,0.39,7.889
2019-03-05 18:00:00,0.324,7.381
2019-03-05 19:00:00,0.303,7.213
2019-03-05 20:00:00,0.238,6.645
2019-03-05 21:00:00,0.152,5.765
2019-03-05 22:00:00,0.091,4.953
2019-03-05 23:00:00,0.041,3.979
2019-03-06 00:00:00,0.021,3.391
2019-03-06 01:00:00,0.029,3.642
2019-03-06 02:00:00,0.099,5.063
2019-03-06 03:00:00,0.277,6.985
2019-03-06 04:00:00,0.498,8.687
2019-03-06 05:00:00,0.679,10.109
2019-03-06 06:00:00,0.785,11.152
2019-03-06 07:00:00,0.852,12.025
2019-03-06 08:00:00,0.871,12.342
2019-03-06 09:00:00,0.851,12.011
2019-03-06 10:00:00,0.798,11.304
2019-03-06 11:00:00,0.705,10.34
2019-03-06 12:00:00,0.594,9.409
2019-03-06 13:00:00,0.472,8.494
2019-03-06 14:00:00,0.339,7.499
2019-03-06 15:00:00,0.266,6.895
2019-03-06 16:00:00,0.284,7.05
2019-03-06 17:00:00,0.346,7.552
2019-03-06 18:00:00,0.362,7.671
2019-03-06 19:00:00,0.313,7.279
2019-03-06 20:00:00,0.23,6.568
2019-03-06 21:00:00,0.173,5.998
2019-03-06 22:00:00,0.156,5.807
2019-03-06 23:00:00,0.159,5.84
2019-03-07 00:00:00,0.16,5.854
2019-03-07 01:00:00,0.183,6.099
2019-03-07 02:00:00,0.222,6.5
2019-03-07 03:00:00,0.27,6.92
2019-03-07 04:00:00,0.257,6.818
2019-03-07 05:00:00,0.223,6.501
2019-03-07 06:00:00,0.213,6.407
2019-03-07 07:00:00,0.222,6.492
2019-03-07 08:00:00,0.278,6.997
2019-03-07 09:00:00,0.458,8.395
2019-03-07 10:00:00,0.731,10.589
2019-03-07 11:00:00,0.881,12.526
2019-03-07 12:00:00,0.963,14.735
2019-03-07 13:00:00,0.989,17.339
2019-03-07 14:00:00,0.968,19.417
2019-03-07 15:00:00,0.948,20.119
2019-03-07 16:00:00,0.955,19.903
2019-03-07 17:00:00,0.971,19.264
2019-03-07 18:00:00,0.98,18.775
2019-03-07 19:00:00,0.984,18.399
2019-03-07 20:00:00,0.987,17.972
2019-03-07 21:00:00,0.989,17.016
2019-03-07 22:00:00,0.98,15.781
2019-03-07 23:00:00,0.954,14.357
2019-03-08 00:00:00,0.892,12.727
2019-03-08 01:00:00,0.807,11.424
2019-03-08 02:00:00,0.735,10.619
2019-03-08 03:00:00,0.598,9.438
2019-03-08 04:00:00,0.45,8.339
2019-03-08 05:00:00,0.389,7.877
2019-03-08 06:00:00,0.298,7.165
2019-03-08 07:00:00,0.239,6.652
2019-03-08 08:00:00,0.268,6.91
2019-03-08 09:00:00,0.401,7.972
2019-03-08 10:00:00,0.579,9.3
2019-03-08 11:00:00,0.677,10.08
2019-03-08 12:00:00,0.756,10.834
2019-03-08 13:00:00,0.828,11.686
2019-03-08 14:00:00,0.869,12.308
2019-03-08 15:00:00,0.91,13.092
2019-03-08 16:00:00,0.945,14.046
2019-03-08 17:00:00,0.961,14.665
2019-03-08 18:00:00,0.959,14.59
2019-03-08 19:00:00,0.946,14.094
2019-03-08 20:00:00,0.951,14.27
2019-03-08 21:00:00,0.989,17.009
2019-03-08 22:00:00,0.987,17.988
2019-03-08 23:00:00,0.988,17.856
2019-03-09 00:00:00,0.986,18.201
2019-03-09 01:00:00,0.983,18.484
2019-03-09 02:00:00,0.983,18.492
2019-03-09 03:00:00,0.986,18.182
2019-03-09 04:00:00,0.988,17.784
2019-03-09 05:00:00,0.989,17.341
2019-03-09 06:00:00,0.988,16.675
2019-03-09 07:00:00,0.979,15.654
2019-03-09 08:00:00,0.965,14.846
2019-03-09 09:00:00,0.966,14.874
2019-03-09 10:00:00,0.973,15.253
2019-03-09 11:00:00,0.973,15.301
2019-03-09 12:00:00,0.973,15.255
2019-03-09 13:00:00,0.977,15.515
2019-03-09 14:00:00,0.985,16.296
2019-03-09 15:00:00,0.989,17.087
2019-03-09 16:00:00,0.989,17.681
2019-03-09 17:00:00,0.989,17.536
2019-03-09 18:00:00,0.988,16.851
2019-03-09 19:00:00,0.983,16.066
2019-03-09 20:00:00,0.962,14.701
2019-03-09 21:00:00,0.907,13.026
2019-03-09 22:00:00,0.84,11.856
2019-03-09 23:00:00,0.785,11.151
2019-03-10 00:00:00,0.713,10.415
2019-03-10 01:00:00,0.594,9.404
2019-03-10 02:00:00,0.433,8.213
2019-03-10 03:00:00,0.297,7.148
2019-03-10 04:00:00,0.171,5.968
2019-03-10 05:00:00,0.084,4.835
2019-03-10 06:00:00,0.038,3.911
2019-03-10 07:00:00,0.026,3.577
2019-03-10 08:00:00,0.045,4.076
2019-03-10 09:00:00,0.142,5.639
2019-03-10 10:00:00,0.381,7.822
2019-03-10 11:00:00,0.693,10.237
2019-03-10 12:00:00,0.845,11.918
2019-03-10 13:00:00,0.882,12.543
2019-03-10 14:00:00,0.928,13.547
2019-03-10 15:00:00,0.97,15.117
2019-03-10 16:00:00,0.986,16.436
2019-03-10 17:00:00,0.989,17.062
2019-03-10 18:00:00,0.989,17.455
2019-03-10 19:00:00,0.989,17.566
2019-03-10 20:00:00,0.989,17.471
2019-03-10 21:00:00,0.987,17.965
2019-03-10 22:00:00,0.979,18.803
2019-03-10 23:00:00,0.969,19.395
2019-03-11 00:00:00,0.964,19.587
2019-03-11 01:00:00,0.969,19.371
2019-03-11 02:00:00,0.979,18.841
2019-03-11 03:00:00,0.987,18.048
2019-03-11 04:00:00,0.988,16.799
2019-03-11 05:00:00,0.973,15.295
2019-03-11 06:00:00,0.959,14.554
2019-03-11 07:00:00,0.95,14.23
2019-03-11 08:00:00,0.937,13.793
2019-03-11 09:00:00,0.919,13.299
2019-03-11 10:00:00,0.875,12.411
2019-03-11 11:00:00,0.827,11.679
2019-03-11 12:00:00,0.766,10.947
2019-03-11 13:00:00,0.697,10.273
2019-03-11 14:00:00,0.619,9.611
2019-03-11 15:00:00,0.648,9.85
2019-03-11 16:00:00,0.701,10.302
2019-03-11 17:00:00,0.72,10.48
2019-03-11 18:00:00,0.762,10.895
2019-03-11 19:00:00,0.864,12.222
2019-03-11 20:00:00,0.935,13.738
2019-03-11 21:00:00,0.977,15.514
2019-03-11 22:00:00,0.989,17.672
2019-03-11 23:00:00,0.972,19.245
2019-03-12 00:00:00,0.943,20.257
2019-03-12 01:00:00,0.941,20.304
2019-03-12 02:00:00,0.979,18.863
2019-03-12 03:00:00,0.986,16.409
2019-03-12 04:00:00,0.954,14.347
2019-03-12 05:00:00,0.935,13.734
2019-03-12 06:00:00,0.929,13.568
2019-03-12 07:00:00,0.927,13.494
2019-03-12 08:00:00,0.942,13.941
2019-03-12 09:00:00,0.946,14.072
2019-03-12 10:00:00,0.943,13.969
2019-03-12 11:00:00,0.94,13.871
2019-03-12 12:00:00,0.942,13.944
2019-03-12 13:00:00,0.952,14.283
2019-03-12 14:00:00,0.969,15.069
2019-03-12 15:00:00,0.985,16.273
2019-03-12 16:00:00,0.988,17.746
2019-03-12 17:00:00,0.972,19.238
2019-03-12 18:00:00,0.93,20.586
2019-03-12 19:00:00,0.886,21.401
2019-03-12 20:00:00,0.916,20.867
2019-03-12 21:00:00,0.944,20.241
2019-03-12 22:00:00,0.944,20.226
2019-03-12 23:00:00,0.957,19.85
2019-03-13 00:00:00,0.967,19.458
2019-03-13 01:00:00,0.976,19.043
2019-03-13 02:00:00,0.98,18.78
2019-03-13 03:00:00,0.975,19.105
2019-03-13 04:00:00,0.958,19.808
2019-03-13 05:00:00,0.933,20.521
2019-03-13 06:00:00,0.901,21.157
2019-03-13 07:00:00,0.888,21.362
2019-03-13 08:00:00,0.911,20.969
2019-03-13 09:00:00,0.939,20.38
2019-03-13 10:00:00,0.969,19.38
2019-03-13 11:00:00,0.987,17.992
2019-03-13 12:00:00,0.986,16.405
2019-03-13 13:00:00,0.962,14.679
2019-03-13 14:00:00,0.935,13.727
2019-03-13 15:00:00,0.922,13.371
2019-03-13 16:00:00,0.923,13.422
2019-03-13 17:00:00,0.937,13.807
2019-03-13 18:00:00,0.939,13.847
2019-03-13 19:00:00,0.931,13.621
2019-03-13 20:00:00,0.921,13.359
2019-03-13 21:00:00,0.902,12.913
2019-03-13 22:00:00,0.91,13.087
2019-03-13 23:00:00,0.963,14.731
2019-03-14 00:00:00,0.986,16.35
2019-03-14 01:00:00,0.989,17.253
2019-03-14 02:00:00,0.989,17.39
2019-03-14 03:00:00,0.989,16.961
2019-03-14 04:00:00,0.983,16.065
2019-03-14 05:00:00,0.972,15.235
2019-03-14 06:00:00,0.963,14.751
2019-03-14 07:00:00,0.966,14.905
2019-03-14 08:00:00,0.966,14.901
2019-03-14 09:00:00,0.97,15.1
2019-03-14 10:00:00,0.97,15.121
2019-03-14 11:00:00,0.964,14.792
2019-03-14 12:00:00,0.951,14.27
2019-03-14 13:00:00,0.947,14.101
2019-03-14 14:00:00,0.924,13.433
2019-03-14 15:00:00,0.918,13.291
2019-03-14 16:00:00,0.906,13.018
2019-03-14 17:00:00,0.898,12.843
2019-03-14 18:00:00,0.886,12.603
2019-03-14 19:00:00,0.86,12.15
2019-03-14 20:00:00,0.828,11.689
2019-03-14 21:00:00,0.811,11.473
2019-03-14 22:00:00,0.803,11.365
2019-03-14 23:00:00,0.776,11.06
2019-03-15 00:00:00,0.787,11.175
2019-03-15 01:00:00,0.855,12.078
2019-03-15 02:00:00,0.904,12.979
2019-03-15 03:00:00,0.933,13.69
2019-03-15 04:00:00,0.953,14.307
2019-03-15 05:00:00,0.975,15.378
2019-03-15 06:00:00,0.989,16.976
2019-03-15 07:00:00,0.987,18.077
2019-03-15 08:00:00,0.983,18.525
2019-03-15 09:00:00,0.979,18.81
2019-03-15 10:00:00,0.976,19.048
2019-03-15 11:00:00,0.968,19.433
2019-03-15 12:00:00,0.967,19.478
2019-03-15 13:00:00,0.967,19.464
2019-03-15 14:00:00,0.973,19.174
2019-03-15 15:00:00,0.978,18.904
2019-03-15 16:00:00,0.98,18.726
2019-03-15 17:00:00,0.987,17.976
2019-03-15 18:00:00,0.989,17.291
2019-03-15 19:00:00,0.983,16.045
2019-03-15 20:00:00,0.97,15.113
2019-03-15 21:00:00,0.952,14.3
2019-03-15 22:00:00,0.914,13.182
2019-03-15 23:00:00,0.875,12.402
2019-03-16 00:00:00,0.827,11.683
2019-03-16 01:00:00,0.766,10.945
2019-03-16 02:00:00,0.701,10.309
2019-03-16 03:00:00,0.61,9.539
2019-03-16 04:00:00,0.515,8.814
2019-03-16 05:00:00,0.318,7.328
2019-03-16 06:00:00,0.215,6.431
2019-03-16 07:00:00,0.224,6.52
2019-03-16 08:00:00,0.36,7.651
2019-03-16 09:00:00,0.575,9.257
2019-03-16 10:00:00,0.726,10.538
2019-03-16 11:00:00,0.777,11.068
2019-03-16 12:00:00,0.711,10.392
2019-03-16 13:00:00,0.601,9.469
2019-03-16 14:00:00,0.495,8.666
2019-03-16 15:00:00,0.337,7.482
2019-03-16 16:00:00,0.494,8.65
2019-03-16 17:00:00,0.789,11.2
2019-03-16 18:00:00,0.918,13.297
2019-03-16 19:00:00,0.959,14.564
2019-03-16 20:00:00,0.968,14.968
2019-03-16 21:00:00,0.968,14.962
2019-03-16 22:00:00,0.97,15.113
2019-03-16 23:00:00,0.974,15.341
2019-03-17 00:00:00,0.979,15.662
2019-03-17 01:00:00,0.983,16.077
2019-03-17 02:00:00,0.987,16.631
2019-03-17 03:00:00,0.989,17.304
2019-03-17 04:00:00,0.989,17.718
2019-03-17 05:00:00,0.988,17.938
2019-03-17 06:00:00,0.988,17.766
2019-03-17 07:00:00,0.989,17.238
2019-03-17 08:00:00,0.987,16.595
2019-03-17 09:00:00,0.98,15.754
2019-03-17 10:00:00,0.965,14.819
2019-03-17 11:00:00,0.947,14.099
2019-03-17 12:00:00,0.934,13.695
2019-03-17 13:00:00,0.933,13.69
2019-03-17 14:00:00,0.951,14.263
2019-03-17 15:00:00,0.966,14.889
2019-03-17 16:00:00,0.972,15.22
2019-03-17 17:00:00,0.975,15.391
2019-03-17 18:00:00,0.972,15.236
2019-03-17 19:00:00,0.965,14.819
2019-03-17 20:00:00,0.949,14.188
2019-03-17 21:00:00,0.931,13.618
2019-03-17 22:00:00,0.915,13.221
2019-03-17 23:00:00,0.9,12.875
2019-03-18 00:00:00,0.884,12.567
2019-03-18 01:00:00,0.857,12.122
2019-03-18 02:00:00,0.811,11.464
2019-03-18 03:00:00,0.744,10.713
2019-03-18 04:00:00,0.647,9.836
2019-03-18 05:00:00,0.509,8.759
2019-03-18 06:00:00,0.362,7.666
2019-03-18 07:00:00,0.245,6.705
2019-03-18 08:00:00,0.166,5.92
2019-03-18 09:00:00,0.123,5.406
2019-03-18 10:00:00,0.095,5.014
2019-03-18 11:00:00,0.067,4.538
2019-03-18 12:00:00,0.046,4.1
2019-03-18 13:00:00,0.036,3.861
2019-03-18 14:00:00,0.03,3.682
2019-03-18 15:00:00,0.044,4.058
2019-03-18 16:00:00,0.078,4.733
2019-03-18 17:00:00,0.136,5.559
2019-03-18 18:00:00,0.214,6.417
2019-03-18 19:00:00,0.278,7.001
2019-03-18 20:00:00,0.313,7.285
2019-03-18 21:00:00,0.333,7.445
2019-03-18 22:00:00,0.341,7.508
2019-03-18 23:00:00,0.34,7.504
2019-03-19 00:00:00,0.337,7.484
2019-03-19 01:00:00,0.331,7.431
2019-03-19 02:00:00,0.321,7.355
2019-03-19 03:00:00,0.323,7.365
2019-03-19 04:00:00,0.35,7.576
2019-03-19 05:00:00,0.404,7.99
2019-03-19 06:00:00,0.45,8.329
2019-03-19 07:00:00,0.477,8.528
2019-03-19 08:00:00,0.514,8.799
2019-03-19 09:00:00,0.565,9.184
2019-03-19 10:00:00,0.658,9.919
2019-03-19 11:00:00,0.738,10.647
2019-03-19 12:00:00,0.796,11.278
2019-03-19 13:00:00,0.852,12.038
2019-03-19 14:00:00,0.878,12.465
2019-03-19 15:00:00,0.88,12.487
2019-03-19 16:00:00,0.862,12.19
2019-03-19 17:00:00,0.876,12.425
2019-03-19 18:00:00,0.889,12.657
2019-03-19 19:00:00,0.904,12.959
2019-03-19 20:00:00,0.899,12.856
2019-03-19 21:00:00,0.887,12.638
2019-03-19 22:00:00,0.885,12.589
2019-03-19 23:00:00,0.877,12.453
2019-03-20 00:00:00,0.875,12.412
2019-03-20 01:00:00,0.842,11.89
2019-03-20 02:00:00,0.811,11.468
2019-03-20 03:00:00,0.769,10.979
2019-03-20 04:00:00,0.714,10.416
2019-03-20 05:00:00,0.647,9.842
2019-03-20 06:00:00,0.583,9.329
2019-03-20 07:00:00,0.504,8.732
2019-03-20 08:00:00,0.394,7.917
2019-03-20 09:00:00,0.33,7.425
2019-03-20 10:00:00,0.342,7.517
2019-03-20 11:00:00,0.42,8.111
2019-03-20 12:00:00,0.542,9.018
2019-03-20 13:00:00,0.681,10.13
2019-03-20 14:00:00,0.777,11.064
2019-03-20 15:00:00,0.862,12.199
2019-03-20 16:00:00,0.928,13.535
2019-03-20 17:00:00,0.956,14.439
2019-03-20 18:00:00,0.964,14.782
2019-03-20 19:00:00,0.962,14.723
2019-03-20 20:00:00,0.954,14.374
2019-03-20 21:00:00,0.95,14.216
2019-03-20 22:00:00,0.951,14.267
2019-03-20 23:00:00,0.951,14.265
2019-03-21 00:00:00,0.952,14.297
2019-03-21 01:00:00,0.95,14.206
2019-03-21 02:00:00,0.929,13.566
2019-03-21 03:00:00,0.94,13.894
2019-03-21 04:00:00,0.936,13.742
2019-03-21 05:00:00,0.919,13.3
2019-03-21 06:00:00,0.918,13.285
2019-03-21 07:00:00,0.902,12.92
2019-03-21 08:00:00,0.875,12.403
2019-03-21 09:00:00,0.822,11.599
2019-03-21 10:00:00,0.74,10.679
2019-03-21 11:00:00,0.608,9.524
2019-03-21 12:00:00,0.405,8.001
2019-03-21 13:00:00,0.201,6.288
2019-03-21 14:00:00,0.065,4.497
2019-03-21 15:00:00,0.041,3.997
2019-03-21 16:00:00,0.102,5.109
2019-03-21 17:00:00,0.407,8.012
2019-03-21 18:00:00,0.638,9.764
2019-03-21 19:00:00,0.696,10.262
2019-03-21 20:00:00,0.726,10.541
2019-03-21 21:00:00,0.749,10.762
2019-03-21 22:00:00,0.771,10.993
2019-03-21 23:00:00,0.797,11.298
2019-03-22 00:00:00,0.826,11.652
2019-03-22 01:00:00,0.874,12.393
2019-03-22 02:00:00,0.908,13.063
2019-03-22 03:00:00,0.928,13.525
2019-03-22 04:00:00,0.943,13.957
2019-03-22 05:00:00,0.946,14.061
2019-03-22 06:00:00,0.945,14.044
2019-03-22 07:00:00,0.95,14.207
2019-03-22 08:00:00,0.965,14.829
2019-03-22 09:00:00,0.976,15.452
2019-03-22 10:00:00,0.982,15.942
2019-03-22 11:00:00,0.984,16.112
2019-03-22 12:00:00,0.984,16.124
2019-03-22 13:00:00,0.982,15.915
2019-03-22 14:00:00,0.975,15.424
2019-03-22 15:00:00,0.965,14.843
2019-03-22 16:00:00,0.953,14.324
2019-03-22 17:00:00,0.947,14.123
2019-03-22 18:00:00,0.952,14.304
2019-03-22 19:00:00,0.941,13.896
2019-03-22 20:00:00,0.918,13.283
2019-03-22 21:00:00,0.915,13.208
2019-03-22 22:00:00,0.907,13.032
2019-03-22 23:00:00,0.899,12.873
2019-03-23 00:00:00,0.897,12.825
2019-03-23 01:00:00,0.892,12.732
2019-03-23 02:00:00,0.901,12.9
2019-03-23 03:00:00,0.899,12.861
2019-03-23 04:00:00,0.886,12.598
2019-03-23 05:00:00,0.862,12.193
2019-03-23 06:00:00,0.845,11.933
2019-03-23 07:00:00,0.817,11.544
2019-03-23 08:00:00,0.773,11.028
2019-03-23 09:00:00,0.745,10.725
2019-03-23 10:00:00,0.705,10.337
2019-03-23 11:00:00,0.652,9.881
2019-03-23 12:00:00,0.601,9.465
2019-03-23 13:00:00,0.58,9.305
2019-03-23 14:00:00,0.588,9.369
2019-03-23 15:00:00,0.61,9.536
2019-03-23 16:00:00,0.605,9.496
2019-03-23 17:00:00,0.615,9.573
2019-03-23 18:00:00,0.637,9.753
2019-03-23 19:00:00,0.635,9.733
2019-03-23 20:00:00,0.628,9.681
2019-03-23 21:00:00,0.621,9.63
2019-03-23 22:00:00,0.625,9.655
2019-03-23 23:00:00,0.641,9.793
2019-03-24 00:00:00,0.671,10.042
2019-03-24 01:00:00,0.712,10.4
2019-03-24 02:00:00,0.772,11.006
2019-03-24 03:00:00,0.845,11.92
2019-03-24 04:00:00,0.875,12.413
2019-03-24 05:00:00,0.907,13.027
2019-03-24 06:00:00,0.939,13.869
2019-03-24 07:00:00,0.963,14.73
2019-03-24 08:00:00,0.975,15.416
2019-03-24 09:00:00,0.982,15.972
2019-03-24 10:00:00,0.985,16.305
2019-03-24 11:00:00,0.985,16.311
2019-03-24 12:00:00,0.98,15.798
2019-03-24 13:00:00,0.974,15.328
2019-03-24 14:00:00,0.974,15.322
2019-03-24 15:00:00,0.975,15.374
2019-03-24 16:00:00,0.981,15.843
2019-03-24 17:00:00,0.983,16.088
2019-03-24 18:00:00,0.985,16.273
2019-03-24 19:00:00,0.985,16.298
2019-03-24 20:00:00,0.985,16.236
2019-03-24 21:00:00,0.984,16.183
2019-03-24 22:00:00,0.986,16.461
2019-03-24 23:00:00,0.988,16.765
2019-03-25 00:00:00,0.988,16.864
2019-03-25 01:00:00,0.987,16.557
2019-03-25 02:00:00,0.981,15.836
2019-03-25 03:00:00,0.962,14.71
2019-03-25 04:00:00,0.94,13.887
2019-03-25 05:00:00,0.922,13.367
2019-03-25 06:00:00,0.91,13.091
2019-03-25 07:00:00,0.901,12.901
2019-03-25 08:00:00,0.882,12.544
2019-03-25 09:00:00,0.835,11.778
2019-03-25 10:00:00,0.746,10.736
2019-03-25 11:00:00,0.61,9.537
2019-03-25 12:00:00,0.463,8.427
2019-03-25 13:00:00,0.362,7.67
2019-03-25 14:00:00,0.277,6.984
2019-03-25 15:00:00,0.215,6.429
2019-03-25 16:00:00,0.197,6.249
2019-03-25 17:00:00,0.214,6.417
2019-03-25 18:00:00,0.231,6.576
2019-03-25 19:00:00,0.234,6.609
2019-03-25 20:00:00,0.259,6.828
2019-03-25 21:00:00,0.314,7.303
2019-03-25 22:00:00,0.41,8.029
2019-03-25 23:00:00,0.509,8.761
2019-03-26 00:00:00,0.553,9.096
2019-03-26 01:00:00,0.534,8.96
2019-03-26 02:00:00,0.519,8.846
2019-03-26 03:00:00,0.53,8.926
2019-03-26 04:00:00,0.567,9.209
2019-03-26 05:00:00,0.615,9.576
2019-03-26 06:00:00,0.639,9.77
2019-03-26 07:00:00,0.633,9.728
2019-03-26 08:00:00,0.609,9.534
2019-03-26 09:00:00,0.615,9.574
2019-03-26 10:00:00,0.648,9.846
2019-03-26 11:00:00,0.673,10.061
2019-03-26 12:00:00,0.696,10.258
2019-03-26 13:00:00,0.707,10.352
2019-03-26 14:00:00,0.726,10.538
2019-03-26 15:00:00,0.762,10.889
2019-03-26 16:00:00,0.792,11.231
2019-03-26 17:00:00,0.825,11.645
2019-03-26 18:00:00,0.849,11.988
2019-03-26 19:00:00,0.841,11.87
2019-03-26 20:00:00,0.827,11.672
2019-03-26 21:00:00,0.824,11.639
2019-03-26 22:00:00,0.813,11.495
2019-03-26 23:00:00,0.812,11.48
2019-03-27 00:00:00,0.806,11.41
2019-03-27 01:00:00,0.793,11.239
2019-03-27 02:00:00,0.779,11.092
2019-03-27 03:00:00,0.766,10.942
2019-03-27 04:00:00,0.781,11.098
2019-03-27 05:00:00,0.787,11.175
2019-03-27 06:00:00,0.797,11.294
2019-03-27 07:00:00,0.802,11.35
2019-03-27 08:00:00,0.806,11.402
2019-03-27 09:00:00,0.813,11.488
2019-03-27 10:00:00,0.822,11.616
2019-03-27 11:00:00,0.822,11.612
2019-03-27 12:00:00,0.826,11.657
2019-03-27 13:00:00,0.819,11.568
2019-03-27 14:00:00,0.806,11.409
2019-03-27 15:00:00,0.806,11.403
2019-03-27 16:00:00,0.806,11.407
2019-03-27 17:00:00,0.795,11.262
2019-03-27 18:00:00,0.795,11.26
2019-03-27 19:00:00,0.783,11.124
2019-03-27 20:00:00,0.752,10.804
2019-03-27 21:00:00,0.76,10.869
2019-03-27 22:00:00,0.763,10.918
2019-03-27 23:00:00,0.735,10.625
2019-03-28 00:00:00,0.691,10.217
2019-03-28 01:00:00,0.643,9.801
2019-03-28 02:00:00,0.616,9.579
2019-03-28 03:00:00,0.595,9.417
2019-03-28 04:00:00,0.589,9.372
2019-03-28 05:00:00,0.594,9.404
2019-03-28 06:00:00,0.589,9.377
2019-03-28 07:00:00,0.583,9.325
2019-03-28 08:00:00,0.596,9.428
2019-03-28 09:00:00,0.647,9.838
2019-03-28 10:00:00,0.709,10.384
2019-03-28 11:00:00,0.747,10.745
2019-03-28 12:00:00,0.773,11.011
2019-03-28 13:00:00,0.795,11.274
2019-03-28 14:00:00,0.816,11.525
2019-03-28 15:00:00,0.832,11.748
2019-03-28 16:00:00,0.852,12.036
2019-03-28 17:00:00,0.875,12.41
2019-03-28 18:00:00,0.878,12.464
2019-03-28 19:00:00,0.866,12.252
2019-03-28 20:00:00,0.847,11.969
2019-03-28 21:00:00,0.833,11.755
2019-03-28 22:00:00,0.806,11.401
2019-03-28 23:00:00,0.782,11.115
2019-03-29 00:00:00,0.77,10.983
2019-03-29 01:00:00,0.77,10.985
2019-03-29 02:00:00,0.756,10.837
2019-03-29 03:00:00,0.738,10.653
2019-03-29 04:00:00,0.717,10.441
2019-03-29 05:00:00,0.677,10.09
2019-03-29 06:00:00,0.689,10.191
2019-03-29 07:00:00,0.684,10.149
2019-03-29 08:00:00,0.693,10.233
2019-03-29 09:00:00,0.699,10.293
2019-03-29 10:00:00,0.714,10.427
2019-03-29 11:00:00,0.736,10.637
2019-03-29 12:00:00,0.743,10.71
2019-03-29 13:00:00,0.773,11.015
2019-03-29 14:00:00,0.783,11.137
2019-03-29 15:00:00,0.763,10.899
2019-03-29 16:00:00,0.698,10.278
2019-03-29 17:00:00,0.66,9.94
2019-03-29 18:00:00,0.677,10.092
2019-03-29 19:00:00,0.719,10.476
2019-03-29 20:00:00,0.739,10.669
2019-03-29 21:00:00,0.746,10.733
2019-03-29 22:00:00,0.738,10.65
2019-03-29 23:00:00,0.716,10.45
2019-03-30 00:00:00,0.673,10.058
2019-03-30 01:00:00,0.638,9.768
2019-03-30 02:00:00,0.613,9.564
2019-03-30 03:00:00,0.588,9.367
2019-03-30 04:00:00,0.564,9.178
2019-03-30 05:00:00,0.561,9.157
2019-03-30 06:00:00,0.501,8.705
2019-03-30 07:00:00,0.429,8.181
2019-03-30 08:00:00,0.334,7.462
2019-03-30 09:00:00,0.308,7.241
2019-03-30 10:00:00,0.334,7.459
2019-03-30 11:00:00,0.322,7.363
2019-03-30 12:00:00,0.294,7.132
2019-03-30 13:00:00,0.238,6.642
2019-03-30 14:00:00,0.191,6.182
2019-03-30 15:00:00,0.179,6.055
2019-03-30 16:00:00,0.21,6.383
2019-03-30 17:00:00,0.291,7.111
2019-03-30 18:00:00,0.378,7.799
2019-03-30 19:00:00,0.453,8.361
2019-03-30 20:00:00,0.502,8.719
2019-03-30 21:00:00,0.487,8.608
2019-03-30 22:00:00,0.438,8.246
2019-03-30 23:00:00,0.353,7.598
2019-03-31 00:00:00,0.27,6.923
2019-03-31 01:00:00,0.211,6.388
2019-03-31 02:00:00,0.172,5.992
2019-03-31 03:00:00,0.15,5.733
2019-03-31 04:00:00,0.136,5.554
2019-03-31 05:00:00,0.113,5.269
2019-03-31 06:00:00,0.09,4.937
2019-03-31 07:00:00,0.061,4.426
2019-03-31 08:00:00,0.027,3.593
2019-03-31 09:00:00,0.011,2.959
2019-03-31 10:00:00,0.009,2.805
2019-03-31 11:00:00,0.013,3.059
2019-03-31 12:00:00,0.029,3.66
2019-03-31 13:00:00,0.06,4.387
2019-03-31 14:00:00,0.088,4.897
2019-03-31 15:00:00,0.111,5.243
2019-03-31 16:00:00,0.141,5.632
2019-03-31 17:00:00,0.19,6.18
2019-03-31 18:00:00,0.255,6.803
2019-03-31 19:00:00,0.324,7.379
2019-03-31 20:00:00,0.392,7.903
2019-03-31 21:00:00,0.452,8.345
2019-03-31 22:00:00,0.509,8.766
2019-03-31 23:00:00,0.568,9.216
2019-04-01 00:00:00,0.628,9.67
2019-04-01 01:00:00,0.674,10.063
2019-04-01 02:00:00,0.707,10.351
2019-04-01 03:00:00,0.726,10.538
2019-04-01 04:00:00,0.739,10.667
2019-04-01 05:00:00,0.747,10.737
2019-04-01 06:00:00,0.75,10.776
2019-04-01 07:00:00,0.755,10.826
2019-04-01 08:00:00,0.781,11.104
2019-04-01 09:00:00,0.785,11.154
2019-04-01 10:00:00,0.773,11.026
2019-04-01 11:00:00,0.771,11.002
2019-04-01 12:00:00,0.779,11.088
2019-04-01 13:00:00,0.791,11.221
2019-04-01 14:00:00,0.806,11.399
2019-04-01 15:00:00,0.837,11.813
2019-04-01 16:00:00,0.871,12.329
2019-04-01 17:00:00,0.886,12.599
2019-04-01 18:00:00,0.875,12.404
2019-04-01 19:00:00,0.886,12.613
2019-04-01 20:00:00,0.838,11.829
2019-04-01 21:00:00,0.798,11.312
2019-04-01 22:00:00,0.779,11.086
2019-04-01 23:00:00,0.781,11.111
2019-04-02 00:00:00,0.809,11.449
2019-04-02 01:00:00,0.722,10.496
2019-04-02 02:00:00,0.589,9.375
2019-04-02 03:00:00,0.429,8.175
2019-04-02 04:00:00,0.287,7.074
2019-04-02 05:00:00,0.208,6.35
2019-04-02 06:00:00,0.179,6.062
2019-04-02 07:00:00,0.192,6.202
2019-04-02 08:00:00,0.233,6.596
2019-04-02 09:00:00,0.281,7.029
2019-04-02 10:00:00,0.31,7.263
2019-04-02 11:00:00,0.328,7.4
2019-04-02 12:00:00,0.356,7.625
2019-04-02 13:00:00,0.402,7.978
2019-04-02 14:00:00,0.459,8.396
2019-04-02 15:00:00,0.497,8.681
2019-04-02 16:00:00,0.552,9.09
2019-04-02 17:00:00,0.621,9.624
2019-04-02 18:00:00,0.695,10.255
2019-04-02 19:00:00,0.765,10.939
2019-04-02 20:00:00,0.808,11.434
2019-04-02 21:00:00,0.827,11.681
2019-04-02 22:00:00,0.835,11.781
2019-04-02 23:00:00,0.832,11.746
2019-04-03 00:00:00,0.811,11.473
2019-04-03 01:00:00,0.777,11.067
2019-04-03 02:00:00,0.743,10.708
2019-04-03 03:00:00,0.728,10.563
2019-04-03 04:00:00,0.673,10.055
2019-04-03 05:00:00,0.506,8.751
2019-04-03 06:00:00,0.266,6.887
2019-04-03 07:00:00,0.171,5.97
2019-04-03 08:00:00,0.245,6.705
2019-04-03 09:00:00,0.422,8.133
2019-04-03 10:00:00,0.642,9.799
2019-04-03 11:00:00,0.757,10.843
2019-04-03 12:00:00,0.793,11.25
2019-04-03 13:00:00,0.773,11.009
2019-04-03 14:00:00,0.719,10.472
2019-04-03 15:00:00,0.682,10.134
2019-04-03 16:00:00,0.679,10.113
2019-04-03 17:00:00,0.689,10.198
2019-04-03 18:00:00,0.714,10.418
2019-04-03 19:00:00,0.766,10.944
2019-04-03 20:00:00,0.827,11.669
2019-04-03 21:00:00,0.867,12.28
2019-04-03 22:00:00,0.879,12.481
2019-04-03 23:00:00,0.856,12.104
2019-04-04 00:00:00,0.817,11.535
2019-04-04 01:00:00,0.776,11.06
2019-04-04 02:00:00,0.751,10.792
2019-04-04 03:00:00,0.691,10.219
2019-04-04 04:00:00,0.597,9.432
2019-04-04 05:00:00,0.542,9.008
2019-04-04 06:00:00,0.477,8.528
2019-04-04 07:00:00,0.429,8.182
2019-04-04 08:00:00,0.444,8.29
2019-04-04 09:00:00,0.528,8.903
2019-04-04 10:00:00,0.629,9.685
2019-04-04 11:00:00,0.697,10.273
2019-04-04 12:00:00,0.742,10.694
2019-04-04 13:00:00,0.741,10.693
2019-04-04 14:00:00,0.735,10.633
2019-04-04 15:00:00,0.771,10.993
2019-04-04 16:00:00,0.827,11.68
2019-04-04 17:00:00,0.844,11.912
2019-04-04 18:00:00,0.848,11.977
2019-04-04 19:00:00,0.842,11.882
2019-04-04 20:00:00,0.822,11.614
2019-04-04 21:00:00,0.821,11.592
2019-04-04 22:00:00,0.832,11.745
2019-04-04 23:00:00,0.835,11.792
2019-04-05 00:00:00,0.825,11.648
2019-04-05 01:00:00,0.817,11.544
2019-04-05 02:00:00,0.841,11.874
2019-04-05 03:00:00,0.847,11.968
2019-04-05 04:00:00,0.815,11.507
2019-04-05 05:00:00,0.822,11.598
2019-04-05 06:00:00,0.822,11.611
2019-04-05 07:00:00,0.818,11.557
2019-04-05 08:00:00,0.827,11.679
2019-04-05 09:00:00,0.823,11.623
2019-04-05 10:00:00,0.797,11.299
2019-04-05 11:00:00,0.758,10.861
2019-04-05 12:00:00,0.686,10.167
2019-04-05 13:00:00,0.609,9.529
2019-04-05 14:00:00,0.528,8.901
2019-04-05 15:00:00,0.46,8.411
2019-04-05 16:00:00,0.398,7.954
2019-04-05 17:00:00,0.339,7.488
2019-04-05 18:00:00,0.285,7.056
2019-04-05 19:00:00,0.231,6.574
2019-04-05 20:00:00,0.201,6.296
2019-04-05 21:00:00,0.219,6.459
2019-04-05 22:00:00,0.262,6.858
2019-04-05 23:00:00,0.327,7.391
2019-04-06 00:00:00,0.379,7.812
2019-04-06 01:00:00,0.41,8.034
2019-04-06 02:00:00,0.446,8.301
2019-04-06 03:00:00,0.472,8.494
2019-04-06 04:00:00,0.493,8.648
2019-04-06 05:00:00,0.478,8.531
2019-04-06 06:00:00,0.457,8.387
2019-04-06 07:00:00,0.456,8.385
2019-04-06 08:00:00,0.467,8.46
2019-04-06 09:00:00,0.484,8.58
2019-04-06 10:00:00,0.501,8.708
2019-04-06 11:00:00,0.511,8.784
2019-04-06 12:00:00,0.528,8.902
2019-04-06 13:00:00,0.515,8.818
2019-04-06 14:00:00,0.499,8.697
2019-04-06 15:00:00,0.509,8.759
2019-04-06 16:00:00,0.519,8.85
2019-04-06 17:00:00,0.54,8.999
2019-04-06 18:00:00,0.531,8.935
2019-04-06 19:00:00,0.502,8.719
2019-04-06 20:00:00,0.465,8.443
2019-04-06 21:00:00,0.456,8.38
2019-04-06 22:00:00,0.46,8.408
2019-04-06 23:00:00,0.457,8.391
2019-04-07 00:00:00,0.459,8.398
2019-04-07 01:00:00,0.469,8.478
2019-04-07 02:00:00,0.469,8.477
2019-04-07 03:00:00,0.45,8.335
2019-04-07 04:00:00,0.428,8.169
2019-04-07 05:00:00,0.434,8.216
2019-04-07 06:00:00,0.46,8.402
2019-04-07 07:00:00,0.467,8.465
2019-04-07 08:00:00,0.488,8.614
2019-04-07 09:00:00,0.489,8.621
2019-04-07 10:00:00,0.485,8.594
2019-04-07 11:00:00,0.506,8.742
2019-04-07 12:00:00,0.549,9.069
2019-04-07 13:00:00,0.605,9.497
2019-04-07 14:00:00,0.645,9.82
2019-04-07 15:00:00,0.679,10.106
2019-04-07 16:00:00,0.699,10.288
2019-04-07 17:00:00,0.702,10.319
2019-04-07 18:00:00,0.705,10.336
2019-04-07 19:00:00,0.72,10.483
2019-04-07 20:00:00,0.694,10.241
2019-04-07 21:00:00,0.648,9.844
2019-04-07 22:00:00,0.618,9.602
2019-04-07 23:00:00,0.613,9.565
2019-04-08 00:00:00,0.606,9.505
2019-04-08 01:00:00,0.59,9.385
2019-04-08 02:00:00,0.564,9.177
2019-04-08 03:00:00,0.542,9.012
2019-04-08 04:00:00,0.529,8.916
2019-04-08 05:00:00,0.499,8.698
2019-04-08 06:00:00,0.452,8.346
2019-04-08 07:00:00,0.423,8.135
2019-04-08 08:00:00,0.414,8.067
2019-04-08 09:00:00,0.394,7.914
2019-04-08 10:00:00,0.353,7.607
2019-04-08 11:00:00,0.313,7.282
2019-04-08 12:00:00,0.288,7.078
2019-04-08 13:00:00,0.28,7.01
2019-04-08 14:00:00,0.281,7.029
2019-04-08 15:00:00,0.293,7.125
2019-04-08 16:00:00,0.322,7.359
2019-04-08 17:00:00,0.364,7.695
2019-04-08 18:00:00,0.407,8.009
2019-04-08 19:00:00,0.446,8.31
2019-04-08 20:00:00,0.459,8.396
2019-04-08 21:00:00,0.477,8.529
2019-04-08 22:00:00,0.506,8.749
2019-04-08 23:00:00,0.542,9.019
2019-04-09 00:00:00,0.586,9.348
2019-04-09 01:00:00,0.625,9.652
2019-04-09 02:00:00,0.649,9.857
2019-04-09 03:00:00,0.644,9.81
2019-04-09 04:00:00,0.625,9.653
2019-04-09 05:00:00,0.608,9.514
2019-04-09 06:00:00,0.582,9.319
2019-04-09 07:00:00,0.54,8.998
2019-04-09 08:00:00,0.485,8.597
2019-04-09 09:00:00,0.435,8.229
2019-04-09 10:00:00,0.365,7.701
2019-04-09 11:00:00,0.315,7.311
2019-04-09 12:00:00,0.299,7.17
2019-04-09 13:00:00,0.299,7.167
2019-04-09 14:00:00,0.295,7.137
2019-04-09 15:00:00,0.278,7.0
2019-04-09 16:00:00,0.251,6.757
2019-04-09 17:00:00,0.21,6.381
2019-04-09 18:00:00,0.172,5.976
2019-04-09 19:00:00,0.137,5.574
2019-04-09 20:00:00,0.099,5.053
2019-04-09 21:00:00,0.063,4.456
2019-04-09 22:00:00,0.034,3.812
2019-04-09 23:00:00,0.015,3.165
2019-04-10 00:00:00,0.006,2.643
2019-04-10 01:00:00,0.005,2.505
2019-04-10 02:00:00,0.007,2.684
2019-04-10 03:00:00,0.01,2.859
2019-04-10 04:00:00,0.011,2.948
2019-04-10 05:00:00,0.013,3.038
2019-04-10 06:00:00,0.013,3.065
2019-04-10 07:00:00,0.01,2.898
2019-04-10 08:00:00,0.006,2.598
2019-04-10 09:00:00,0.004,2.441
2019-04-10 10:00:00,0.004,2.411
2019-04-10 11:00:00,0.004,2.407
2019-04-10 12:00:00,0.006,2.627
2019-04-10 13:00:00,0.012,2.989
2019-04-10 14:00:00,0.022,3.431
2019-04-10 15:00:00,0.04,3.948
2019-04-10 16:00:00,0.065,4.509
2019-04-10 17:00:00,0.097,5.031
2019-04-10 18:00:00,0.146,5.689
2019-04-10 19:00:00,0.208,6.356
2019-04-10 20:00:00,0.262,6.859
2019-04-10 21:00:00,0.299,7.171
2019-04-10 22:00:00,0.328,7.411
2019-04-10 23:00:00,0.356,7.623
2019-04-11 00:00:00,0.374,7.771
2019-04-11 01:00:00,0.384,7.844
2019-04-11 02:00:00,0.388,7.871
2019-04-11 03:00:00,0.383,7.836
2019-04-11 04:00:00,0.373,7.755
2019-04-11 05:00:00,0.363,7.687
2019-04-11 06:00:00,0.347,7.559
2019-04-11 07:00:00,0.321,7.352
2019-04-11 08:00:00,0.293,7.119
2019-04-11 09:00:00,0.262,6.855
2019-04-11 10:00:00,0.238,6.648
2019-04-11 11:00:00,0.236,6.623
2019-04-11 12:00:00,0.244,6.693
2019-04-11 13:00:00,0.261,6.847
2019-04-11 14:00:00,0.288,7.08
2019-04-11 15:00:00,0.339,7.496
2019-04-11 16:00:00,0.418,8.094
2019-04-11 17:00:00,0.497,8.673
2019-04-11 18:00:00,0.541,9.005
2019-04-11 19:00:00,0.566,9.189
2019-04-11 20:00:00,0.59,9.386
2019-04-11 21:00:00,0.617,9.598
2019-04-11 22:00:00,0.63,9.701
2019-04-11 23:00:00,0.63,9.688
2019-04-12 00:00:00,0.633,9.727
2019-04-12 01:00:00,0.639,9.776
2019-04-12 02:00:00,0.636,9.743
2019-04-12 03:00:00,0.63,9.688
2019-04-12 04:00:00,0.621,9.628
2019-04-12 05:00:00,0.62,9.616
2019-04-12 06:00:00,0.618,9.599
2019-04-12 07:00:00,0.612,9.558
2019-04-12 08:00:00,0.608,9.519
2019-04-12 09:00:00,0.599,9.445
2019-04-12 10:00:00,0.593,9.399
2019-04-12 11:00:00,0.588,9.364
2019-04-12 12:00:00,0.585,9.343
2019-04-12 13:00:00,0.584,9.335
2019-04-12 14:00:00,0.588,9.369
2019-04-12 15:00:00,0.595,9.414
2019-04-12 16:00:00,0.597,9.435
2019-04-12 17:00:00,0.601,9.471
2019-04-12 18:00:00,0.606,9.504
2019-04-12 19:00:00,0.605,9.5
2019-04-12 20:00:00,0.599,9.453
2019-04-12 21:00:00,0.595,9.414
2019-04-12 22:00:00,0.59,9.382
2019-04-12 23:00:00,0.567,9.209
2019-04-13 00:00:00,0.501,8.705
2019-04-13 01:00:00,0.396,7.938
2019-04-13 02:00:00,0.308,7.249
2019-04-13 03:00:00,0.276,6.981
2019-04-13 04:00:00,0.294,7.135
2019-04-13 05:00:00,0.362,7.671
2019-04-13 06:00:00,0.457,8.386
2019-04-13 07:00:00,0.548,9.063
2019-04-13 08:00:00,0.623,9.64
2019-04-13 09:00:00,0.663,9.962
2019-04-13 10:00:00,0.654,9.893
2019-04-13 11:00:00,0.611,9.551
2019-04-13 12:00:00,0.584,9.333
2019-04-13 13:00:00,0.568,9.215
2019-04-13 14:00:00,0.571,9.232
2019-04-13 15:00:00,0.584,9.339
2019-04-13 16:00:00,0.594,9.409
2019-04-13 17:00:00,0.585,9.346
2019-04-13 18:00:00,0.564,9.182
2019-04-13 19:00:00,0.542,9.014
2019-04-13 20:00:00,0.528,8.907
2019-04-13 21:00:00,0.524,8.88
2019-04-13 22:00:00,0.558,9.14
2019-04-13 23:00:00,0.608,9.522
2019-04-14 00:00:00,0.623,9.642
2019-04-14 01:00:00,0.601,9.471
2019-04-14 02:00:00,0.579,9.295
2019-04-14 03:00:00,0.56,9.146
2019-04-14 04:00:00,0.548,9.06
2019-04-14 05:00:00,0.548,9.06
2019-04-14 06:00:00,0.536,8.972
2019-04-14 07:00:00,0.557,9.13
2019-04-14 08:00:00,0.622,9.638
2019-04-14 09:00:00,0.663,9.969
2019-04-14 10:00:00,0.666,9.994
2019-04-14 11:00:00,0.654,9.894
2019-04-14 12:00:00,0.639,9.772
2019-04-14 13:00:00,0.611,9.544
2019-04-14 14:00:00,0.598,9.439
2019-04-14 15:00:00,0.601,9.468
2019-04-14 16:00:00,0.612,9.554
2019-04-14 17:00:00,0.66,9.948
2019-04-14 18:00:00,0.702,10.318
2019-04-14 19:00:00,0.735,10.622
2019-04-14 20:00:00,0.77,10.984
2019-04-14 21:00:00,0.791,11.224
2019-04-14 22:00:00,0.79,11.22
2019-04-14 23:00:00,0.802,11.355
2019-04-15 00:00:00,0.804,11.382
2019-04-15 01:00:00,0.795,11.27
2019-04-15 02:00:00,0.785,11.147
2019-04-15 03:00:00,0.779,11.083
2019-04-15 04:00:00,0.783,11.135
2019-04-15 05:00:00,0.795,11.266
2019-04-15 06:00:00,0.805,11.389
2019-04-15 07:00:00,0.82,11.582
2019-04-15 08:00:00,0.834,11.761
2019-04-15 09:00:00,0.838,11.832
2019-04-15 10:00:00,0.854,12.074
2019-04-15 11:00:00,0.883,12.561
2019-04-15 12:00:00,0.906,13.019
2019-04-15 13:00:00,0.918,13.298
2019-04-15 14:00:00,0.925,13.449
2019-04-15 15:00:00,0.934,13.71
2019-04-15 16:00:00,0.946,14.09
2019-04-15 17:00:00,0.957,14.492
2019-04-15 18:00:00,0.964,14.804
2019-04-15 19:00:00,0.964,14.795
2019-04-15 20:00:00,0.957,14.478
2019-04-15 21:00:00,0.944,14.003
2019-04-15 22:00:00,0.929,13.555
2019-04-15 23:00:00,0.918,13.297
2019-04-16 00:00:00,0.91,13.109
2019-04-16 01:00:00,0.895,12.786
2019-04-16 02:00:00,0.89,12.668
2019-04-16 03:00:00,0.881,12.507
2019-04-16 04:00:00,0.876,12.433
2019-04-16 05:00:00,0.864,12.231
2019-04-16 06:00:00,0.852,12.042
2019-04-16 07:00:00,0.851,12.016
2019-04-16 08:00:00,0.85,12.001
2019-04-16 09:00:00,0.844,11.917
2019-04-16 10:00:00,0.832,11.742
2019-04-16 11:00:00,0.832,11.744
2019-04-16 12:00:00,0.833,11.757
2019-04-16 13:00:00,0.839,11.846
2019-04-16 14:00:00,0.845,11.932
2019-04-16 15:00:00,0.843,11.91
2019-04-16 16:00:00,0.841,11.878
2019-04-16 17:00:00,0.841,11.868
2019-04-16 18:00:00,0.837,11.819
2019-04-16 19:00:00,0.827,11.675
2019-04-16 20:00:00,0.807,11.419
2019-04-16 21:00:00,0.776,11.055
2019-04-16 22:00:00,0.741,10.686
2019-04-16 23:00:00,0.702,10.314
2019-04-17 00:00:00,0.662,9.957
2019-04-17 01:00:00,0.617,9.597
2019-04-17 02:00:00,0.573,9.251
2019-04-17 03:00:00,0.532,8.942
2019-04-17 04:00:00,0.505,8.736
2019-04-17 05:00:00,0.489,8.627
2019-04-17 06:00:00,0.467,8.464
2019-04-17 07:00:00,0.438,8.25
2019-04-17 08:00:00,0.398,7.954
2019-04-17 09:00:00,0.367,7.716
2019-04-17 10:00:00,0.339,7.488
2019-04-17 11:00:00,0.308,7.252
2019-04-17 12:00:00,0.283,7.04
2019-04-17 13:00:00,0.271,6.934
2019-04-17 14:00:00,0.259,6.833
2019-04-17 15:00:00,0.249,6.737
2019-04-17 16:00:00,0.236,6.625
2019-04-17 17:00:00,0.234,6.601
2019-04-17 18:00:00,0.249,6.735
2019-04-17 19:00:00,0.278,6.999
2019-04-17 20:00:00,0.305,7.227
2019-04-17 21:00:00,0.316,7.317
2019-04-17 22:00:00,0.321,7.35
2019-04-17 23:00:00,0.323,7.367
2019-04-18 00:00:00,0.32,7.344
2019-04-18 01:00:00,0.312,7.275
2019-04-18 02:00:00,0.298,7.166
2019-04-18 03:00:00,0.299,7.172
2019-04-18 04:00:00,0.314,7.303
2019-04-18 05:00:00,0.344,7.536
2019-04-18 06:00:00,0.389,7.881
2019-04-18 07:00:00,0.429,8.184
2019-04-18 08:00:00,0.455,8.376
2019-04-18 09:00:00,0.461,8.414
2019-04-18 10:00:00,0.449,8.319
2019-04-18 11:00:00,0.445,8.294
2019-04-18 12:00:00,0.46,8.41
2019-04-18 13:00:00,0.482,8.568
2019-04-18 14:00:00,0.509,8.76
2019-04-18 15:00:00,0.543,9.023
2019-04-18 16:00:00,0.568,9.213
2019-04-18 17:00:00,0.593,9.397
2019-04-18 18:00:00,0.619,9.608
2019-04-18 19:00:00,0.641,9.789
2019-04-18 20:00:00,0.637,9.754
2019-04-18 21:00:00,0.619,9.613
2019-04-18 22:00:00,0.584,9.333
2019-04-18 23:00:00,0.556,9.12
2019-04-19 00:00:00,0.543,9.022
2019-04-19 01:00:00,0.534,8.96
2019-04-19 02:00:00,0.524,8.885
2019-04-19 03:00:00,0.508,8.758
2019-04-19 04:00:00,0.472,8.49
2019-04-19 05:00:00,0.426,8.152
2019-04-19 06:00:00,0.388,7.871
2019-04-19 07:00:00,0.365,7.698
2019-04-19 08:00:00,0.359,7.643
2019-04-19 09:00:00,0.372,7.752
2019-04-19 10:00:00,0.4,7.966
2019-04-19 11:00:00,0.45,8.332
2019-04-19 12:00:00,0.496,8.667
2019-04-19 13:00:00,0.532,8.942
2019-04-19 14:00:00,0.562,9.165
2019-04-19 15:00:00,0.595,9.414
2019-04-19 16:00:00,0.636,9.751
2019-04-19 17:00:00,0.7,10.299
2019-04-19 18:00:00,0.766,10.948
2019-04-19 19:00:00,0.809,11.439
2019-04-19 20:00:00,0.821,11.593
2019-04-19 21:00:00,0.811,11.471
2019-04-19 22:00:00,0.798,11.311
2019-04-19 23:00:00,0.785,11.163
2019-04-20 00:00:00,0.775,11.039
2019-04-20 01:00:00,0.76,10.874
2019-04-20 02:00:00,0.731,10.578
2019-04-20 03:00:00,0.688,10.184
2019-04-20 04:00:00,0.639,9.77
2019-04-20 05:00:00,0.576,9.278
2019-04-20 06:00:00,0.508,8.758
2019-04-20 07:00:00,0.45,8.337
2019-04-20 08:00:00,0.413,8.057
2019-04-20 09:00:00,0.382,7.824
2019-04-20 10:00:00,0.382,7.827
2019-04-20 11:00:00,0.415,8.076
2019-04-20 12:00:00,0.446,8.305
2019-04-20 13:00:00,0.462,8.419
2019-04-20 14:00:00,0.47,8.482
2019-04-20 15:00:00,0.474,8.506
2019-04-20 16:00:00,0.475,8.516
2019-04-20 17:00:00,0.485,8.593
2019-04-20 18:00:00,0.509,8.762
2019-04-20 19:00:00,0.536,8.975
2019-04-20 20:00:00,0.561,9.161
2019-04-20 21:00:00,0.608,9.515
2019-04-20 22:00:00,0.665,9.988
2019-04-20 23:00:00,0.707,10.353
2019-04-21 00:00:00,0.737,10.643
2019-04-21 01:00:00,0.752,10.796
2019-04-21 02:00:00,0.756,10.836
2019-04-21 03:00:00,0.733,10.6
2019-04-21 04:00:00,0.691,10.21
2019-04-21 05:00:00,0.65,9.861
2019-04-21 06:00:00,0.601,9.466
2019-04-21 07:00:00,0.545,9.028
2019-04-21 08:00:00,0.497,8.676
2019-04-21 09:00:00,0.489,8.626
2019-04-21 10:00:00,0.541,9.005
2019-04-21 11:00:00,0.628,9.68
2019-04-21 12:00:00,0.705,10.341
2019-04-21 13:00:00,0.759,10.866
2019-04-21 14:00:00,0.801,11.342
2019-04-21 15:00:00,0.84,11.863
2019-04-21 16:00:00,0.867,12.277
2019-04-21 17:00:00,0.886,12.612
2019-04-21 18:00:00,0.9,12.89
2019-04-21 19:00:00,0.909,13.068
2019-04-21 20:00:00,0.911,13.127
2019-04-21 21:00:00,0.898,12.827
2019-04-21 22:00:00,0.874,12.388
2019-04-21 23:00:00,0.851,12.02
2019-04-22 00:00:00,0.831,11.733
2019-04-22 01:00:00,0.818,11.554
2019-04-22 02:00:00,0.794,11.253
2019-04-22 03:00:00,0.738,10.656
2019-04-22 04:00:00,0.682,10.133
2019-04-22 05:00:00,0.652,9.878
2019-04-22 06:00:00,0.63,9.69
2019-04-22 07:00:00,0.639,9.772
2019-04-22 08:00:00,0.678,10.097
2019-04-22 09:00:00,0.709,10.371
2019-04-22 10:00:00,0.728,10.556
2019-04-22 11:00:00,0.727,10.551
2019-04-22 12:00:00,0.714,10.421
2019-04-22 13:00:00,0.691,10.21
2019-04-22 14:00:00,0.677,10.086
2019-04-22 15:00:00,0.68,10.118
2019-04-22 16:00:00,0.706,10.348
2019-04-22 17:00:00,0.73,10.576
2019-04-22 18:00:00,0.747,10.737
2019-04-22 19:00:00,0.756,10.831
2019-04-22 20:00:00,0.771,10.994
2019-04-22 21:00:00,0.788,11.19
2019-04-22 22:00:00,0.772,11.005
2019-04-22 23:00:00,0.757,10.847
2019-04-23 00:00:00,0.692,10.23
2019-04-23 01:00:00,0.637,9.76
2019-04-23 02:00:00,0.637,9.758
2019-04-23 03:00:00,0.651,9.873
2019-04-23 04:00:00,0.667,10.004
2019-04-23 05:00:00,0.695,10.253
2019-04-23 06:00:00,0.756,10.839
2019-04-23 07:00:00,0.808,11.428
2019-04-23 08:00:00,0.838,11.835
2019-04-23 09:00:00,0.843,11.9
2019-04-23 10:00:00,0.82,11.587
2019-04-23 11:00:00,0.795,11.267
2019-04-23 12:00:00,0.779,11.078
2019-04-23 13:00:00,0.776,11.053
2019-04-23 14:00:00,0.785,11.148
2019-04-23 15:00:00,0.796,11.288
2019-04-23 16:00:00,0.799,11.321
2019-04-23 17:00:00,0.782,11.114
2019-04-23 18:00:00,0.756,10.841
2019-04-23 19:00:00,0.76,10.884
2019-04-23 20:00:00,0.777,11.065
2019-04-23 21:00:00,0.789,11.2
2019-04-23 22:00:00,0.78,11.096
2019-04-23 23:00:00,0.774,11.031
2019-04-24 00:00:00,0.777,11.063
2019-04-24 01:00:00,0.774,11.035
2019-04-24 02:00:00,0.808,11.427
2019-04-24 03:00:00,0.852,12.032
2019-04-24 04:00:00,0.877,12.449
2019-04-24 05:00:00,0.89,12.671
2019-04-24 06:00:00,0.889,12.653
2019-04-24 07:00:00,0.879,12.481
2019-04-24 08:00:00,0.867,12.282
2019-04-24 09:00:00,0.852,12.044
2019-04-24 10:00:00,0.813,11.488
2019-04-24 11:00:00,0.795,11.265
2019-04-24 12:00:00,0.81,11.459
2019-04-24 13:00:00,0.827,11.676
2019-04-24 14:00:00,0.763,10.908
2019-04-24 15:00:00,0.709,10.373
2019-04-24 16:00:00,0.688,10.185
2019-04-24 17:00:00,0.656,9.903
2019-04-24 18:00:00,0.602,9.477
2019-04-24 19:00:00,0.564,9.174
2019-04-24 20:00:00,0.553,9.1
2019-04-24 21:00:00,0.583,9.327
2019-04-24 22:00:00,0.616,9.579
2019-04-24 23:00:00,0.681,10.127
2019-04-25 00:00:00,0.669,10.027
2019-04-25 01:00:00,0.586,9.349
2019-04-25 02:00:00,0.562,9.163
2019-04-25 03:00:00,0.571,9.235
2019-04-25 04:00:00,0.597,9.435
2019-04-25 05:00:00,0.659,9.936
2019-04-25 06:00:00,0.567,9.208
2019-04-25 07:00:00,0.484,8.582
2019-04-25 08:00:00,0.511,8.783
2019-04-25 09:00:00,0.601,9.467
2019-04-25 10:00:00,0.652,9.879
2019-04-25 11:00:00,0.701,10.31
2019-04-25 12:00:00,0.723,10.508
2019-04-25 13:00:00,0.734,10.614
2019-04-25 14:00:00,0.765,10.938
2019-04-25 15:00:00,0.744,10.716
2019-04-25 16:00:00,0.682,10.137
2019-04-25 17:00:00,0.69,10.203
2019-04-25 18:00:00,0.707,10.363
2019-04-25 19:00:00,0.722,10.499
2019-04-25 20:00:00,0.729,10.569
2019-04-25 21:00:00,0.742,10.701
2019-04-25 22:00:00,0.719,10.474
2019-04-25 23:00:00,0.696,10.258
2019-04-26 00:00:00,0.658,9.921
2019-04-26 01:00:00,0.626,9.665
2019-04-26 02:00:00,0.586,9.348
2019-04-26 03:00:00,0.545,9.033
2019-04-26 04:00:00,0.55,9.078
2019-04-26 05:00:00,0.615,9.573
2019-04-26 06:00:00,0.685,10.155
2019-04-26 07:00:00,0.737,10.646
2019-04-26 08:00:00,0.768,10.969
2019-04-26 09:00:00,0.789,11.206
2019-04-26 10:00:00,0.831,11.733
2019-04-26 11:00:00,0.849,11.986
2019-04-26 12:00:00,0.857,12.114
2019-04-26 13:00:00,0.883,12.562
2019-04-26 14:00:00,0.904,12.963
2019-04-26 15:00:00,0.921,13.349
2019-04-26 16:00:00,0.935,13.749
2019-04-26 17:00:00,0.951,14.252
2019-04-26 18:00:00,0.929,13.557
2019-04-26 19:00:00,0.867,12.27
2019-04-26 20:00:00,0.799,11.321
2019-04-26 21:00:00,0.709,10.381
2019-04-26 22:00:00,0.635,9.736
2019-04-26 23:00:00,0.637,9.754
2019-04-27 00:00:00,0.664,9.977
2019-04-27 01:00:00,0.709,10.369
2019-04-27 02:00:00,0.731,10.585
2019-04-27 03:00:00,0.679,10.1
2019-04-27 04:00:00,0.582,9.324
2019-04-27 05:00:00,0.48,8.557
2019-04-27 06:00:00,0.369,7.732
2019-04-27 07:00:00,0.293,7.122
2019-04-27 08:00:00,0.248,6.732
2019-04-27 09:00:00,0.219,6.467
2019-04-27 10:00:00,0.179,6.051
2019-04-27 11:00:00,0.138,5.599
2019-04-27 12:00:00,0.119,5.355
2019-04-27 13:00:00,0.121,5.37
2019-04-27 14:00:00,0.136,5.561
2019-04-27 15:00:00,0.156,5.793
2019-04-27 16:00:00,0.172,5.975
2019-04-27 17:00:00,0.175,6.021
2019-04-27 18:00:00,0.177,6.031
2019-04-27 19:00:00,0.185,6.123
2019-04-27 20:00:00,0.187,6.147
2019-04-27 21:00:00,0.196,6.229
2019-04-27 22:00:00,0.216,6.433
2019-04-27 23:00:00,0.239,6.654
2019-04-28 00:00:00,0.252,6.777
2019-04-28 01:00:00,0.252,6.769
2019-04-28 02:00:00,0.239,6.654
2019-04-28 03:00:00,0.223,6.507
2019-04-28 04:00:00,0.191,6.186
2019-04-28 05:00:00,0.151,5.753
2019-04-28 06:00:00,0.107,5.189
2019-04-28 07:00:00,0.079,4.747
2019-04-28 08:00:00,0.051,4.217
2019-04-28 09:00:00,0.016,3.183
2019-04-28 10:00:00,0.009,2.812
2019-04-28 11:00:00,0.019,3.303
2019-04-28 12:00:00,0.03,3.693
2019-04-28 13:00:00,0.033,3.786
2019-04-28 14:00:00,0.042,4.019
2019-04-28 15:00:00,0.063,4.463
2019-04-28 16:00:00,0.083,4.826
2019-04-28 17:00:00,0.094,4.993
2019-04-28 18:00:00,0.109,5.213
2019-04-28 19:00:00,0.13,5.499
2019-04-28 20:00:00,0.148,5.708
2019-04-28 21:00:00,0.149,5.724
2019-04-28 22:00:00,0.134,5.531
2019-04-28 23:00:00,0.109,5.198
2019-04-29 00:00:00,0.092,4.968
2019-04-29 01:00:00,0.08,4.761
2019-04-29 02:00:00,0.071,4.604
2019-04-29 03:00:00,0.064,4.474
2019-04-29 04:00:00,0.059,4.37
2019-04-29 05:00:00,0.051,4.218
2019-04-29 06:00:00,0.038,3.925
2019-04-29 07:00:00,0.029,3.654
2019-04-29 08:00:00,0.038,3.906
2019-04-29 09:00:00,0.061,4.412
2019-04-29 10:00:00,0.08,4.769
2019-04-29 11:00:00,0.095,5.011
2019-04-29 12:00:00,0.101,5.097
2019-04-29 13:00:00,0.103,5.13
2019-04-29 14:00:00,0.101,5.091
2019-04-29 15:00:00,0.102,5.106
2019-04-29 16:00:00,0.112,5.254
2019-04-29 17:00:00,0.124,5.417
2019-04-29 18:00:00,0.139,5.604
2019-04-29 19:00:00,0.159,5.839
2019-04-29 20:00:00,0.18,6.068
2019-04-29 21:00:00,0.192,6.193
2019-04-29 22:00:00,0.201,6.286
2019-04-29 23:00:00,0.213,6.408
2019-04-30 00:00:00,0.216,6.433
2019-04-30 01:00:00,0.211,6.387
2019-04-30 02:00:00,0.207,6.346
2019-04-30 03:00:00,0.189,6.164
2019-04-30 04:00:00,0.161,5.862
2019-04-30 05:00:00,0.12,5.365
2019-04-30 06:00:00,0.083,4.817
2019-04-30 07:00:00,0.064,4.489
2019-04-30 08:00:00,0.057,4.342
2019-04-30 09:00:00,0.061,4.412
2019-04-30 10:00:00,0.066,4.515
2019-04-30 11:00:00,0.064,4.474
2019-04-30 12:00:00,0.069,4.58
2019-04-30 13:00:00,0.094,4.989
2019-04-30 14:00:00,0.135,5.551
2019-04-30 15:00:00,0.179,6.058
2019-04-30 16:00:00,0.237,6.634
2019-04-30 17:00:00,0.299,7.179
2019-04-30 18:00:00,0.344,7.537
2019-04-30 19:00:00,0.356,7.62
2019-04-30 20:00:00,0.339,7.501
2019-04-30 21:00:00,0.308,7.246
2019-04-30 22:00:00,0.255,6.798
2019-04-30 23:00:00,0.191,6.185
2019-05-01 00:00:00,0.134,5.534
2019-05-01 01:00:00,0.092,4.959
2019-05-01 02:00:00,0.066,4.521
2019-05-01 03:00:00,0.055,4.312
2019-05-01 04:00:00,0.058,4.365
2019-05-01 05:00:00,0.068,4.56
2019-05-01 06:00:00,0.075,4.683
2019-05-01 07:00:00,0.074,4.669
2019-05-01 08:00:00,0.075,4.686
2019-05-01 09:00:00,0.08,4.767
2019-05-01 10:00:00,0.082,4.797
2019-05-01 11:00:00,0.083,4.815
2019-05-01 12:00:00,0.08,4.772
2019-05-01 13:00:00,0.073,4.635
2019-05-01 14:00:00,0.062,4.445
2019-05-01 15:00:00,0.056,4.316
2019-05-01 16:00:00,0.052,4.237
2019-05-01 17:00:00,0.052,4.233
2019-05-01 18:00:00,0.061,4.425
2019-05-01 19:00:00,0.096,5.018
2019-05-01 20:00:00,0.162,5.875
2019-05-01 21:00:00,0.25,6.746
2019-05-01 22:00:00,0.334,7.461
2019-05-01 23:00:00,0.393,7.91
2019-05-02 00:00:00,0.409,8.026
2019-05-02 01:00:00,0.409,8.026
2019-05-02 02:00:00,0.429,8.174
2019-05-02 03:00:00,0.441,8.27
2019-05-02 04:00:00,0.457,8.387
2019-05-02 05:00:00,0.455,8.378
2019-05-02 06:00:00,0.438,8.25
2019-05-02 07:00:00,0.417,8.088
2019-05-02 08:00:00,0.391,7.894
2019-05-02 09:00:00,0.378,7.797
2019-05-02 10:00:00,0.368,7.723
2019-05-02 11:00:00,0.373,7.756
2019-05-02 12:00:00,0.412,8.052
2019-05-02 13:00:00,0.49,8.628
2019-05-02 14:00:00,0.586,9.348
2019-05-02 15:00:00,0.665,9.993
2019-05-02 16:00:00,0.703,10.323
2019-05-02 17:00:00,0.705,10.33
2019-05-02 18:00:00,0.679,10.099
2019-05-02 19:00:00,0.637,9.756
2019-05-02 20:00:00,0.591,9.388
2019-05-02 21:00:00,0.528,8.904
2019-05-02 22:00:00,0.472,8.496
2019-05-02 23:00:00,0.46,8.407
2019-05-03 00:00:00,0.48,8.553
2019-05-03 01:00:00,0.502,8.713
2019-05-03 02:00:00,0.518,8.839
2019-05-03 03:00:00,0.518,8.837
2019-05-03 04:00:00,0.52,8.853
2019-05-03 05:00:00,0.537,8.98
2019-05-03 06:00:00,0.569,9.222
2019-05-03 07:00:00,0.626,9.662
2019-05-03 08:00:00,0.684,10.149
2019-05-03 09:00:00,0.728,10.557
2019-05-03 10:00:00,0.752,10.804
2019-05-03 11:00:00,0.775,11.05
2019-05-03 12:00:00,0.807,11.422
2019-05-03 13:00:00,0.834,11.761
2019-05-03 14:00:00,0.858,12.129
2019-05-03 15:00:00,0.875,12.405
2019-05-03 16:00:00,0.88,12.494
2019-05-03 17:00:00,0.882,12.529
2019-05-03 18:00:00,0.889,12.667
2019-05-03 19:00:00,0.901,12.906
2019-05-03 20:00:00,0.91,13.085
2019-05-03 21:00:00,0.918,13.29
2019-05-03 22:00:00,0.921,13.362
2019-05-03 23:00:00,0.924,13.448
2019-05-04 00:00:00,0.938,13.811
2019-05-04 01:00:00,0.957,14.475
2019-05-04 02:00:00,0.968,15.013
2019-05-04 03:00:00,0.976,15.441
2019-05-04 04:00:00,0.979,15.709
2019-05-04 05:00:00,0.98,15.762
2019-05-04 06:00:00,0.979,15.66
2019-05-04 07:00:00,0.975,15.382
2019-05-04 08:00:00,0.969,15.039
2019-05-04 09:00:00,0.962,14.693
2019-05-04 10:00:00,0.953,14.322
2019-05-04 11:00:00,0.941,13.912
2019-05-04 12:00:00,0.923,13.42
2019-05-04 13:00:00,0.903,12.95
2019-05-04 14:00:00,0.887,12.638
2019-05-04 15:00:00,0.878,12.46
2019-05-04 16:00:00,0.867,12.283
2019-05-04 17:00:00,0.853,12.055
2019-05-04 18:00:00,0.84,11.855
2019-05-04 19:00:00,0.828,11.692
2019-05-04 20:00:00,0.805,11.391
2019-05-04 21:00:00,0.759,10.865
2019-05-04 22:00:00,0.709,10.381
2019-05-04 23:00:00,0.669,10.021
2019-05-05 00:00:00,0.644,9.815
2019-05-05 01:00:00,0.638,9.764
2019-05-05 02:00:00,0.64,9.784
2019-05-05 03:00:00,0.634,9.729
2019-05-05 04:00:00,0.618,9.605
2019-05-05 05:00:00,0.6,9.457
2019-05-05 06:00:00,0.579,9.297
2019-05-05 07:00:00,0.582,9.319
2019-05-05 08:00:00,0.596,9.427
2019-05-05 09:00:00,0.585,9.347
2019-05-05 10:00:00,0.562,9.166
2019-05-05 11:00:00,0.521,8.864
2019-05-05 12:00:00,0.465,8.443
2019-05-05 13:00:00,0.448,8.315
2019-05-05 14:00:00,0.467,8.466
2019-05-05 15:00:00,0.514,8.801
2019-05-05 16:00:00,0.568,9.214
2019-05-05 17:00:00,0.622,9.634
2019-05-05 18:00:00,0.657,9.916
2019-05-05 19:00:00,0.655,9.899
2019-05-05 20:00:00,0.633,9.713
2019-05-05 21:00:00,0.616,9.586
2019-05-05 22:00:00,0.607,9.506
2019-05-05 23:00:00,0.61,9.536
2019-05-06 00:00:00,0.616,9.578
2019-05-06 01:00:00,0.611,9.544
2019-05-06 02:00:00,0.602,9.476
2019-05-06 03:00:00,0.596,9.425
2019-05-06 04:00:00,0.594,9.41
2019-05-06 05:00:00,0.585,9.341
2019-05-06 06:00:00,0.566,9.19
2019-05-06 07:00:00,0.533,8.946
2019-05-06 08:00:00,0.484,8.586
2019-05-06 09:00:00,0.421,8.116
2019-05-06 10:00:00,0.342,7.518
2019-05-06 11:00:00,0.255,6.799
2019-05-06 12:00:00,0.175,6.021
2019-05-06 13:00:00,0.116,5.293
2019-05-06 14:00:00,0.074,4.659
2019-05-06 15:00:00,0.05,4.187
2019-05-06 16:00:00,0.04,3.95
2019-05-06 17:00:00,0.033,3.765
2019-05-06 18:00:00,0.027,3.601
2019-05-06 19:00:00,0.024,3.509
2019-05-06 20:00:00,0.024,3.48
2019-05-06 21:00:00,0.024,3.477
2019-05-06 22:00:00,0.024,3.481
2019-05-06 23:00:00,0.021,3.4
2019-05-07 00:00:00,0.02,3.341
2019-05-07 01:00:00,0.019,3.299
2019-05-07 02:00:00,0.018,3.264
2019-05-07 03:00:00,0.015,3.138
2019-05-07 04:00:00,0.01,2.905
2019-05-07 05:00:00,0.008,2.736
2019-05-07 06:00:00,0.007,2.664
2019-05-07 07:00:00,0.007,2.662
2019-05-07 08:00:00,0.009,2.785
2019-05-07 09:00:00,0.014,3.106
2019-05-07 10:00:00,0.029,3.673
2019-05-07 11:00:00,0.059,4.369
2019-05-07 12:00:00,0.096,5.017
2019-05-07 13:00:00,0.145,5.68
2019-05-07 14:00:00,0.199,6.268
2019-05-07 15:00:00,0.24,6.662
2019-05-07 16:00:00,0.274,6.957
2019-05-07 17:00:00,0.305,7.227
2019-05-07 18:00:00,0.344,7.533
2019-05-07 19:00:00,0.392,7.903
2019-05-07 20:00:00,0.451,8.341
2019-05-07 21:00:00,0.488,8.615
2019-05-07 22:00:00,0.503,8.73
2019-05-07 23:00:00,0.506,8.752
2019-05-08 00:00:00,0.518,8.835
2019-05-08 01:00:00,0.55,9.076
2019-05-08 02:00:00,0.605,9.499
2019-05-08 03:00:00,0.661,9.952
2019-05-08 04:00:00,0.711,10.394
2019-05-08 05:00:00,0.759,10.863
2019-05-08 06:00:00,0.801,11.339
2019-05-08 07:00:00,0.836,11.802
2019-05-08 08:00:00,0.865,12.236
2019-05-08 09:00:00,0.884,12.569
2019-05-08 10:00:00,0.896,12.8
2019-05-08 11:00:00,0.904,12.972
2019-05-08 12:00:00,0.91,13.086
2019-05-08 13:00:00,0.915,13.209
2019-05-08 14:00:00,0.922,13.38
2019-05-08 15:00:00,0.928,13.536
2019-05-08 16:00:00,0.931,13.617
2019-05-08 17:00:00,0.932,13.659
2019-05-08 18:00:00,0.933,13.689
2019-05-08 19:00:00,0.935,13.73
2019-05-08 20:00:00,0.937,13.795
2019-05-08 21:00:00,0.937,13.8
2019-05-08 22:00:00,0.934,13.71
2019-05-08 23:00:00,0.93,13.596
2019-05-09 00:00:00,0.93,13.591
2019-05-09 01:00:00,0.932,13.655
2019-05-09 02:00:00,0.931,13.627
2019-05-09 03:00:00,0.927,13.491
2019-05-09 04:00:00,0.92,13.326
2019-05-09 05:00:00,0.914,13.195
2019-05-09 06:00:00,0.908,13.053
2019-05-09 07:00:00,0.899,12.865
2019-05-09 08:00:00,0.883,12.548
2019-05-09 09:00:00,0.86,12.159
2019-05-09 10:00:00,0.825,11.649
2019-05-09 11:00:00,0.774,11.034
2019-05-09 12:00:00,0.705,10.34
2019-05-09 13:00:00,0.624,9.647
2019-05-09 14:00:00,0.542,9.013
2019-05-09 15:00:00,0.465,8.438
2019-05-09 16:00:00,0.388,7.872
2019-05-09 17:00:00,0.313,7.279
2019-05-09 18:00:00,0.243,6.684
2019-05-09 19:00:00,0.196,6.229
2019-05-09 20:00:00,0.16,5.855
2019-05-09 21:00:00,0.135,5.546
2019-05-09 22:00:00,0.125,5.431
2019-05-09 23:00:00,0.127,5.448
2019-05-10 00:00:00,0.132,5.513
2019-05-10 01:00:00,0.139,5.604
2019-05-10 02:00:00,0.148,5.713
2019-05-10 03:00:00,0.149,5.721
2019-05-10 04:00:00,0.139,5.61
2019-05-10 05:00:00,0.12,5.364
2019-05-10 06:00:00,0.092,4.956
2019-05-10 07:00:00,0.063,4.458
2019-05-10 08:00:00,0.037,3.872
2019-05-10 09:00:00,0.021,3.376
2019-05-10 10:00:00,0.012,2.992
2019-05-10 11:00:00,0.008,2.726
2019-05-10 12:00:00,0.008,2.73
2019-05-10 13:00:00,0.011,2.957
2019-05-10 14:00:00,0.018,3.262
2019-05-10 15:00:00,0.026,3.56
2019-05-10 16:00:00,0.033,3.782
2019-05-10 17:00:00,0.039,3.928
2019-05-10 18:00:00,0.048,4.159
2019-05-10 19:00:00,0.066,4.515
2019-05-10 20:00:00,0.085,4.851
2019-05-10 21:00:00,0.098,5.039
2019-05-10 22:00:00,0.095,5.009
2019-05-10 23:00:00,0.078,4.743
2019-05-11 00:00:00,0.052,4.238
2019-05-11 01:00:00,0.025,3.521
2019-05-11 02:00:00,0.008,2.757
2019-05-11 03:00:00,0.002,2.141
2019-05-11 04:00:00,0.001,1.973
2019-05-11 05:00:00,0.003,2.317
2019-05-11 06:00:00,0.011,2.951
2019-05-11 07:00:00,0.032,3.759
2019-05-11 08:00:00,0.067,4.532
2019-05-11 09:00:00,0.099,5.065
2019-05-11 10:00:00,0.116,5.305
2019-05-11 11:00:00,0.115,5.288
2019-05-11 12:00:00,0.1,5.088
2019-05-11 13:00:00,0.074,4.656
2019-05-11 14:00:00,0.046,4.099
2019-05-11 15:00:00,0.025,3.526
2019-05-11 16:00:00,0.013,3.034
2019-05-11 17:00:00,0.006,2.601
2019-05-11 18:00:00,0.004,2.378
2019-05-11 19:00:00,0.006,2.587
2019-05-11 20:00:00,0.009,2.85
2019-05-11 21:00:00,0.011,2.962
2019-05-11 22:00:00,0.013,3.036
2019-05-11 23:00:00,0.013,3.072
2019-05-12 00:00:00,0.019,3.32
2019-05-12 01:00:00,0.023,3.473
2019-05-12 02:00:00,0.028,3.616
2019-05-12 03:00:00,0.03,3.696
2019-05-12 04:00:00,0.035,3.822
2019-05-12 05:00:00,0.038,3.896
2019-05-12 06:00:00,0.034,3.819
2019-05-12 07:00:00,0.022,3.421
2019-05-12 08:00:00,0.008,2.718
2019-05-12 09:00:00,0.005,2.55
2019-05-12 10:00:00,0.013,3.072
2019-05-12 11:00:00,0.039,3.942
2019-05-12 12:00:00,0.074,4.665
2019-05-12 13:00:00,0.104,5.146
2019-05-12 14:00:00,0.126,5.443
2019-05-12 15:00:00,0.184,6.119
2019-05-12 16:00:00,0.297,7.158
2019-05-12 17:00:00,0.422,8.125
2019-05-12 18:00:00,0.518,8.841
2019-05-12 19:00:00,0.568,9.213
2019-05-12 20:00:00,0.599,9.45
2019-05-12 21:00:00,0.587,9.356
2019-05-12 22:00:00,0.548,9.05
2019-05-12 23:00:00,0.476,8.523
2019-05-13 00:00:00,0.377,7.792
2019-05-13 01:00:00,0.287,7.072
2019-05-13 02:00:00,0.219,6.469
2019-05-13 03:00:00,0.177,6.034
2019-05-13 04:00:00,0.156,5.811
2019-05-13 05:00:00,0.153,5.769
2019-05-13 06:00:00,0.146,5.688
2019-05-13 07:00:00,0.131,5.506
2019-05-13 08:00:00,0.121,5.376
2019-05-13 09:00:00,0.099,5.065
2019-05-13 10:00:00,0.082,4.784
2019-05-13 11:00:00,0.1,5.075
2019-05-13 12:00:00,0.123,5.402
2019-05-13 13:00:00,0.134,5.538
2019-05-13 14:00:00,0.135,5.55
2019-05-13 15:00:00,0.156,5.793
2019-05-13 16:00:00,0.188,6.161
2019-05-13 17:00:00,0.197,6.239
2019-05-13 18:00:00,0.203,6.31
2019-05-13 19:00:00,0.237,6.637
2019-05-13 20:00:00,0.307,7.238
2019-05-13 21:00:00,0.413,8.067
2019-05-13 22:00:00,0.529,8.915
2019-05-13 23:00:00,0.602,9.473
2019-05-14 00:00:00,0.619,9.611
2019-05-14 01:00:00,0.567,9.202
2019-05-14 02:00:00,0.45,8.33
2019-05-14 03:00:00,0.34,7.504
2019-05-14 04:00:00,0.244,6.691
2019-05-14 05:00:00,0.234,6.601
2019-05-14 06:00:00,0.254,6.795
2019-05-14 07:00:00,0.217,6.444
2019-05-14 08:00:00,0.149,5.721
2019-05-14 09:00:00,0.101,5.091
2019-05-14 10:00:00,0.078,4.728
2019-05-14 11:00:00,0.079,4.75
2019-05-14 12:00:00,0.092,4.965
2019-05-14 13:00:00,0.109,5.206
2019-05-14 14:00:00,0.147,5.695
2019-05-14 15:00:00,0.222,6.485
2019-05-14 16:00:00,0.302,7.201
2019-05-14 17:00:00,0.358,7.64
2019-05-14 18:00:00,0.392,7.902
2019-05-14 19:00:00,0.423,8.135
2019-05-14 20:00:00,0.45,8.329
2019-05-14 21:00:00,0.446,8.302
2019-05-14 22:00:00,0.412,8.048
2019-05-14 23:00:00,0.352,7.595
2019-05-15 00:00:00,0.281,7.022
2019-05-15 01:00:00,0.221,6.481
2019-05-15 02:00:00,0.18,6.074
2019-05-15 03:00:00,0.149,5.729
2019-05-15 04:00:00,0.132,5.518
2019-05-15 05:00:00,0.127,5.446
2019-05-15 06:00:00,0.116,5.299
2019-05-15 07:00:00,0.099,5.053
2019-05-15 08:00:00,0.096,5.019
2019-05-15 09:00:00,0.128,5.455
2019-05-15 10:00:00,0.19,6.179
2019-05-15 11:00:00,0.254,6.791
2019-05-15 12:00:00,0.306,7.232
2019-05-15 13:00:00,0.335,7.468
2019-05-15 14:00:00,0.345,7.543
2019-05-15 15:00:00,0.359,7.643
2019-05-15 16:00:00,0.396,7.937
2019-05-15 17:00:00,0.465,8.448
2019-05-15 18:00:00,0.535,8.961
2019-05-15 19:00:00,0.579,9.295
2019-05-15 20:00:00,0.6,9.454
2019-05-15 21:00:00,0.577,9.279
2019-05-15 22:00:00,0.54,9.0
2019-05-15 23:00:00,0.514,8.801
2019-05-16 00:00:00,0.49,8.634
2019-05-16 01:00:00,0.469,8.477
2019-05-16 02:00:00,0.447,8.311
2019-05-16 03:00:00,0.413,8.061
2019-05-16 04:00:00,0.383,7.835
2019-05-16 05:00:00,0.363,7.689
2019-05-16 06:00:00,0.363,7.683
2019-05-16 07:00:00,0.38,7.816
2019-05-16 08:00:00,0.397,7.941
2019-05-16 09:00:00,0.422,8.13
2019-05-16 10:00:00,0.463,8.433
2019-05-16 11:00:00,0.494,8.65
2019-05-16 12:00:00,0.501,8.707
2019-05-16 13:00:00,0.505,8.734
2019-05-16 14:00:00,0.509,8.768
2019-05-16 15:00:00,0.509,8.768
2019-05-16 16:00:00,0.48,8.555
2019-05-16 17:00:00,0.423,8.14
2019-05-16 18:00:00,0.364,7.691
2019-05-16 19:00:00,0.33,7.427
2019-05-16 20:00:00,0.329,7.415
2019-05-16 21:00:00,0.324,7.37
2019-05-16 22:00:00,0.314,7.303
2019-05-16 23:00:00,0.313,7.292
2019-05-17 00:00:00,0.33,7.42
2019-05-17 01:00:00,0.356,7.63
2019-05-17 02:00:00,0.388,7.871
2019-05-17 03:00:00,0.408,8.025
2019-05-17 04:00:00,0.426,8.159
2019-05-17 05:00:00,0.447,8.314
2019-05-17 06:00:00,0.461,8.412
2019-05-17 07:00:00,0.478,8.543
2019-05-17 08:00:00,0.509,8.768
2019-05-17 09:00:00,0.54,9.002
2019-05-17 10:00:00,0.557,9.128
2019-05-17 11:00:00,0.566,9.2
2019-05-17 12:00:00,0.578,9.292
2019-05-17 13:00:00,0.591,9.389
2019-05-17 14:00:00,0.598,9.436
2019-05-17 15:00:00,0.589,9.378
2019-05-17 16:00:00,0.576,9.272
2019-05-17 17:00:00,0.57,9.231
2019-05-17 18:00:00,0.581,9.313
2019-05-17 19:00:00,0.622,9.637
2019-05-17 20:00:00,0.676,10.076
2019-05-17 21:00:00,0.706,10.345
2019-05-17 22:00:00,0.706,10.347
2019-05-17 23:00:00,0.652,9.878
2019-05-18 00:00:00,0.621,9.629
2019-05-18 01:00:00,0.597,9.434
2019-05-18 02:00:00,0.568,9.212
2019-05-18 03:00:00,0.535,8.963
2019-05-18 04:00:00,0.506,8.739
2019-05-18 05:00:00,0.485,8.592
2019-05-18 06:00:00,0.454,8.368
2019-05-18 07:00:00,0.404,7.995
2019-05-18 08:00:00,0.332,7.436
2019-05-18 09:00:00,0.24,6.661
2019-05-18 10:00:00,0.175,6.023
2019-05-18 11:00:00,0.138,5.598
2019-05-18 12:00:00,0.128,5.463
2019-05-18 13:00:00,0.125,5.425
2019-05-18 14:00:00,0.118,5.336
2019-05-18 15:00:00,0.11,5.222
2019-05-18 16:00:00,0.096,5.015
2019-05-18 17:00:00,0.076,4.699
2019-05-18 18:00:00,0.059,4.374
2019-05-18 19:00:00,0.047,4.126
2019-05-18 20:00:00,0.043,4.023
2019-05-18 21:00:00,0.043,4.023
2019-05-18 22:00:00,0.045,4.074
2019-05-18 23:00:00,0.05,4.202
2019-05-19 00:00:00,0.061,4.413
2019-05-19 01:00:00,0.074,4.652
2019-05-19 02:00:00,0.089,4.911
2019-05-19 03:00:00,0.106,5.174
2019-05-19 04:00:00,0.115,5.283
2019-05-19 05:00:00,0.102,5.109
2019-05-19 06:00:00,0.083,4.825
2019-05-19 07:00:00,0.088,4.891
2019-05-19 08:00:00,0.116,5.306
2019-05-19 09:00:00,0.145,5.68
2019-05-19 10:00:00,0.161,5.862
2019-05-19 11:00:00,0.166,5.918
2019-05-19 12:00:00,0.172,5.991
2019-05-19 13:00:00,0.19,6.167
2019-05-19 14:00:00,0.202,6.301
2019-05-19 15:00:00,0.219,6.458
2019-05-19 16:00:00,0.237,6.636
2019-05-19 17:00:00,0.255,6.802
2019-05-19 18:00:00,0.276,6.979
2019-05-19 19:00:00,0.293,7.129
2019-05-19 20:00:00,0.301,7.187
2019-05-19 21:00:00,0.282,7.034
2019-05-19 22:00:00,0.244,6.701
2019-05-19 23:00:00,0.199,6.27
2019-05-20 00:00:00,0.154,5.776
2019-05-20 01:00:00,0.115,5.285
2019-05-20 02:00:00,0.091,4.951
2019-05-20 03:00:00,0.076,4.698
2019-05-20 04:00:00,0.061,4.408
2019-05-20 05:00:00,0.045,4.088
2019-05-20 06:00:00,0.033,3.765
2019-05-20 07:00:00,0.029,3.674
2019-05-20 08:00:00,0.029,3.665
2019-05-20 09:00:00,0.024,3.516
2019-05-20 10:00:00,0.019,3.324
2019-05-20 11:00:00,0.014,3.102
2019-05-20 12:00:00,0.011,2.941
2019-05-20 13:00:00,0.01,2.903
2019-05-20 14:00:00,0.015,3.163
2019-05-20 15:00:00,0.019,3.311
2019-05-20 16:00:00,0.025,3.525
2019-05-20 17:00:00,0.038,3.909
2019-05-20 18:00:00,0.055,4.292
2019-05-20 19:00:00,0.068,4.55
2019-05-20 20:00:00,0.07,4.589
2019-05-20 21:00:00,0.061,4.408
2019-05-20 22:00:00,0.043,4.023
2019-05-20 23:00:00,0.024,3.511
2019-05-21 00:00:00,0.013,3.051
2019-05-21 01:00:00,0.008,2.766
2019-05-21 02:00:00,0.006,2.606
2019-05-21 03:00:00,0.006,2.584
2019-05-21 04:00:00,0.015,3.134
2019-05-21 05:00:00,0.034,3.813
2019-05-21 06:00:00,0.055,4.292
2019-05-21 07:00:00,0.069,4.569
2019-05-21 08:00:00,0.081,4.777
2019-05-21 09:00:00,0.083,4.804
2019-05-21 10:00:00,0.077,4.719
2019-05-21 11:00:00,0.072,4.618
2019-05-21 12:00:00,0.057,4.355
2019-05-21 13:00:00,0.038,3.909
2019-05-21 14:00:00,0.019,3.311
2019-05-21 15:00:00,0.008,2.751
2019-05-21 16:00:00,0.004,2.392
2019-05-21 17:00:00,0.003,2.249
2019-05-21 18:00:00,0.004,2.393
2019-05-21 19:00:00,0.005,2.536
2019-05-21 20:00:00,0.008,2.721
2019-05-21 21:00:00,0.01,2.864
2019-05-21 22:00:00,0.012,3.014
2019-05-21 23:00:00,0.024,3.48
2019-05-22 00:00:00,0.045,4.074
2019-05-22 01:00:00,0.087,4.885
2019-05-22 02:00:00,0.164,5.896
2019-05-22 03:00:00,0.255,6.798
2019-05-22 04:00:00,0.329,7.414
2019-05-22 05:00:00,0.362,7.669
2019-05-22 06:00:00,0.378,7.803
2019-05-22 07:00:00,0.413,8.066
2019-05-22 08:00:00,0.448,8.316
2019-05-22 09:00:00,0.455,8.376
2019-05-22 10:00:00,0.447,8.311
2019-05-22 11:00:00,0.433,8.215
2019-05-22 12:00:00,0.422,8.123
2019-05-22 13:00:00,0.452,8.345
2019-05-22 14:00:00,0.549,9.067
2019-05-22 15:00:00,0.645,9.818
2019-05-22 16:00:00,0.739,10.672
2019-05-22 17:00:00,0.798,11.312
2019-05-22 18:00:00,0.837,11.814
2019-05-22 19:00:00,0.875,12.401
2019-05-22 20:00:00,0.89,12.669
2019-05-22 21:00:00,0.874,12.395
2019-05-22 22:00:00,0.829,11.707
2019-05-22 23:00:00,0.798,11.312
2019-05-23 00:00:00,0.777,11.067
2019-05-23 01:00:00,0.76,10.874
2019-05-23 02:00:00,0.774,11.033
2019-05-23 03:00:00,0.785,11.163
2019-05-23 04:00:00,0.787,11.182
2019-05-23 05:00:00,0.787,11.184
2019-05-23 06:00:00,0.776,11.058
2019-05-23 07:00:00,0.771,10.995
2019-05-23 08:00:00,0.783,11.122
2019-05-23 09:00:00,0.804,11.382
2019-05-23 10:00:00,0.818,11.555
2019-05-23 11:00:00,0.839,11.839
2019-05-23 12:00:00,0.852,12.043
2019-05-23 13:00:00,0.877,12.453
2019-05-23 14:00:00,0.903,12.942
2019-05-23 15:00:00,0.909,13.072
2019-05-23 16:00:00,0.9,12.883
2019-05-23 17:00:00,0.887,12.632
2019-05-23 18:00:00,0.878,12.461
2019-05-23 19:00:00,0.861,12.172
2019-05-23 20:00:00,0.828,11.692
2019-05-23 21:00:00,0.794,11.256
2019-05-23 22:00:00,0.751,10.788
2019-05-23 23:00:00,0.749,10.763
2019-05-24 00:00:00,0.749,10.762
2019-05-24 01:00:00,0.763,10.906
2019-05-24 02:00:00,0.766,10.943
2019-05-24 03:00:00,0.723,10.515
2019-05-24 04:00:00,0.685,10.156
2019-05-24 05:00:00,0.641,9.787
2019-05-24 06:00:00,0.581,9.311
2019-05-24 07:00:00,0.53,8.92
2019-05-24 08:00:00,0.468,8.468
2019-05-24 09:00:00,0.378,7.799
2019-05-24 10:00:00,0.246,6.717
2019-05-24 11:00:00,0.127,5.451
2019-05-24 12:00:00,0.05,4.188
2019-05-24 13:00:00,0.012,2.994
2019-05-24 14:00:00,0.014,3.107
2019-05-24 15:00:00,0.043,4.032
2019-05-24 16:00:00,0.083,4.802
2019-05-24 17:00:00,0.125,5.424
2019-05-24 18:00:00,0.13,5.499
2019-05-24 19:00:00,0.119,5.35
2019-05-24 20:00:00,0.091,4.948
2019-05-24 21:00:00,0.052,4.241
2019-05-24 22:00:00,0.043,4.04
2019-05-24 23:00:00,0.041,3.995
2019-05-25 00:00:00,0.045,4.087
2019-05-25 01:00:00,0.051,4.223
2019-05-25 02:00:00,0.049,4.17
2019-05-25 03:00:00,0.049,4.179
2019-05-25 04:00:00,0.064,4.491
2019-05-25 05:00:00,0.09,4.935
2019-05-25 06:00:00,0.109,5.206
2019-05-25 07:00:00,0.097,5.033
2019-05-25 08:00:00,0.074,4.674
2019-05-25 09:00:00,0.056,4.318
2019-05-25 10:00:00,0.047,4.123
2019-05-25 11:00:00,0.049,4.168
2019-05-25 12:00:00,0.068,4.551
2019-05-25 13:00:00,0.096,5.019
2019-05-25 14:00:00,0.124,5.421
2019-05-25 15:00:00,0.147,5.696
2019-05-25 16:00:00,0.155,5.785
2019-05-25 17:00:00,0.128,5.468
2019-05-25 18:00:00,0.105,5.159
2019-05-25 19:00:00,0.1,5.074
2019-05-25 20:00:00,0.115,5.284
2019-05-25 21:00:00,0.124,5.42
2019-05-25 22:00:00,0.088,4.903
2019-05-25 23:00:00,0.089,4.916
2019-05-26 00:00:00,0.137,5.567
2019-05-26 01:00:00,0.167,5.938
2019-05-26 02:00:00,0.223,6.505
2019-05-26 03:00:00,0.32,7.342
2019-05-26 04:00:00,0.41,8.03
2019-05-26 05:00:00,0.452,8.347
2019-05-26 06:00:00,0.513,8.797
2019-05-26 07:00:00,0.564,9.173
2019-05-26 08:00:00,0.499,8.701
2019-05-26 09:00:00,0.374,7.763
2019-05-26 10:00:00,0.328,7.405
2019-05-26 11:00:00,0.33,7.421
2019-05-26 12:00:00,0.397,7.943
2019-05-26 13:00:00,0.599,9.443
2019-05-26 14:00:00,0.822,11.617
2019-05-26 15:00:00,0.928,13.553
2019-05-26 16:00:00,0.968,15.015
2019-05-26 17:00:00,0.98,15.779
2019-05-26 18:00:00,0.981,15.869
2019-05-26 19:00:00,0.976,15.484
2019-05-26 20:00:00,0.972,15.213
2019-05-26 21:00:00,0.962,14.697
2019-05-26 22:00:00,0.946,14.091
2019-05-26 23:00:00,0.913,13.18
2019-05-27 00:00:00,0.858,12.133
2019-05-27 01:00:00,0.777,11.067
2019-05-27 02:00:00,0.677,10.084
2019-05-27 03:00:00,0.564,9.181
2019-05-27 04:00:00,0.493,8.648
2019-05-27 05:00:00,0.441,8.267
2019-05-27 06:00:00,0.363,7.689
2019-05-27 07:00:00,0.279,7.006
2019-05-27 08:00:00,0.219,6.46
2019-05-27 09:00:00,0.172,5.992
2019-05-27 10:00:00,0.133,5.526
2019-05-27 11:00:00,0.098,5.048
2019-05-27 12:00:00,0.067,4.529
2019-05-27 13:00:00,0.041,3.981
2019-05-27 14:00:00,0.027,3.601
2019-05-27 15:00:00,0.018,3.259
2019-05-27 16:00:00,0.012,3.02
2019-05-27 17:00:00,0.012,3.014
2019-05-27 18:00:00,0.013,3.065
2019-05-27 19:00:00,0.014,3.101
2019-05-27 20:00:00,0.013,3.068
2019-05-27 21:00:00,0.009,2.79
2019-05-27 22:00:00,0.005,2.459
2019-05-27 23:00:00,0.004,2.453
2019-05-28 00:00:00,0.012,3.012
2019-05-28 01:00:00,0.055,4.305
2019-05-28 02:00:00,0.136,5.554
2019-05-28 03:00:00,0.246,6.715
2019-05-28 04:00:00,0.359,7.642
2019-05-28 05:00:00,0.446,8.309
2019-05-28 06:00:00,0.499,8.697
2019-05-28 07:00:00,0.497,8.678
2019-05-28 08:00:00,0.453,8.35
2019-05-28 09:00:00,0.387,7.864
2019-05-28 10:00:00,0.313,7.281
2019-05-28 11:00:00,0.24,6.663
2019-05-28 12:00:00,0.167,5.929
2019-05-28 13:00:00,0.101,5.09
2019-05-28 14:00:00,0.055,4.288
2019-05-28 15:00:00,0.024,3.499
2019-05-28 16:00:00,0.007,2.711
2019-05-28 17:00:00,0.003,2.275
2019-05-28 18:00:00,0.025,3.528
2019-05-28 19:00:00,0.1,5.081
2019-05-28 20:00:00,0.207,6.344
2019-05-28 21:00:00,0.315,7.304
2019-05-28 22:00:00,0.404,7.99
2019-05-28 23:00:00,0.454,8.37
2019-05-29 00:00:00,0.46,8.408
2019-05-29 01:00:00,0.46,8.4
2019-05-29 02:00:00,0.467,8.46
2019-05-29 03:00:00,0.46,8.407
2019-05-29 04:00:00,0.431,8.194
2019-05-29 05:00:00,0.39,7.89
2019-05-29 06:00:00,0.344,7.535
2019-05-29 07:00:00,0.31,7.261
2019-05-29 08:00:00,0.289,7.084
2019-05-29 09:00:00,0.28,7.009
2019-05-29 10:00:00,0.268,6.91
2019-05-29 11:00:00,0.289,7.093
2019-05-29 12:00:00,0.342,7.523
2019-05-29 13:00:00,0.422,8.119
2019-05-29 14:00:00,0.505,8.735
2019-05-29 15:00:00,0.567,9.204
2019-05-29 16:00:00,0.618,9.604
2019-05-29 17:00:00,0.618,9.603
2019-05-29 18:00:00,0.633,9.727
2019-05-29 19:00:00,0.63,9.689
2019-05-29 20:00:00,0.558,9.139
2019-05-29 21:00:00,0.436,8.233
2019-05-29 22:00:00,0.36,7.649
2019-05-29 23:00:00,0.328,7.403
2019-05-30 00:00:00,0.318,7.325
2019-05-30 01:00:00,0.275,6.971
2019-05-30 02:00:00,0.199,6.268
2019-05-30 03:00:00,0.172,5.979
2019-05-30 04:00:00,0.317,7.324
2019-05-30 05:00:00,0.431,8.195
2019-05-30 06:00:00,0.497,8.681
2019-05-30 07:00:00,0.48,8.559
2019-05-30 08:00:00,0.416,8.08
2019-05-30 09:00:00,0.337,7.48
2019-05-30 10:00:00,0.249,6.737
2019-05-30 11:00:00,0.185,6.13
2019-05-30 12:00:00,0.145,5.679
2019-05-30 13:00:00,0.172,5.979
2019-05-30 14:00:00,0.234,6.608
2019-05-30 15:00:00,0.303,7.21
2019-05-30 16:00:00,0.347,7.559
2019-05-30 17:00:00,0.328,7.407
2019-05-30 18:00:00,0.303,7.209
2019-05-30 19:00:00,0.273,6.954
2019-05-30 20:00:00,0.244,6.699
2019-05-30 21:00:00,0.208,6.353
2019-05-30 22:00:00,0.175,6.02
2019-05-30 23:00:00,0.152,5.761
2019-05-31 00:00:00,0.13,5.494
2019-05-31 01:00:00,0.103,5.119
2019-05-31 02:00:00,0.099,5.063
2019-05-31 03:00:00,0.09,4.926
2019-05-31 04:00:00,0.087,4.89
2019-05-31 05:00:00,0.091,4.941
2019-05-31 06:00:00,0.084,4.842
2019-05-31 07:00:00,0.158,5.836
2019-05-31 08:00:00,0.287,7.073
2019-05-31 09:00:00,0.449,8.323
2019-05-31 10:00:00,0.575,9.264
2019-05-31 11:00:00,0.642,9.8
2019-05-31 12:00:00,0.712,10.402
2019-05-31 13:00:00,0.797,11.292
2019-05-31 14:00:00,0.868,12.298
2019-05-31 15:00:00,0.903,12.938
2019-05-31 16:00:00,0.927,13.523
2019-05-31 17:00:00,0.951,14.261
2019-05-31 18:00:00,0.969,15.048
2019-05-31 19:00:00,0.974,15.354
2019-05-31 20:00:00,0.977,15.569
2019-05-31 21:00:00,0.972,15.19
2019-05-31 22:00:00,0.94,13.871
2019-05-31 23:00:00,0.89,12.683
2019-06-01 00:00:00,0.853,12.049
2019-06-01 01:00:00,0.811,11.466
2019-06-01 02:00:00,0.8,11.326
2019-06-01 03:00:00,0.797,11.301
2019-06-01 04:00:00,0.758,10.852
2019-06-01 05:00:00,0.697,10.275
2019-06-01 06:00:00,0.627,9.666
2019-06-01 07:00:00,0.566,9.193
2019-06-01 08:00:00,0.573,9.246
2019-06-01 09:00:00,0.642,9.796
2019-06-01 10:00:00,0.672,10.047
2019-06-01 11:00:00,0.608,9.511
2019-06-01 12:00:00,0.487,8.612
2019-06-01 13:00:00,0.433,8.215
2019-06-01 14:00:00,0.43,8.189
2019-06-01 15:00:00,0.407,8.017
2019-06-01 16:00:00,0.419,8.109
2019-06-01 17:00:00,0.448,8.317
2019-06-01 18:00:00,0.472,8.494
2019-06-01 19:00:00,0.484,8.579
2019-06-01 20:00:00,0.468,8.47
2019-06-01 21:00:00,0.443,8.279
2019-06-01 22:00:00,0.475,8.513
2019-06-01 23:00:00,0.548,9.064
2019-06-02 00:00:00,0.628,9.679
2019-06-02 01:00:00,0.687,10.17
2019-06-02 02:00:00,0.764,10.927
2019-06-02 03:00:00,0.788,11.187
2019-06-02 04:00:00,0.749,10.76
2019-06-02 05:00:00,0.763,10.916
2019-06-02 06:00:00,0.787,11.18
2019-06-02 07:00:00,0.75,10.778
2019-06-02 08:00:00,0.669,10.02
2019-06-02 09:00:00,0.664,9.978
2019-06-02 10:00:00,0.771,10.991
2019-06-02 11:00:00,0.843,11.904
2019-06-02 12:00:00,0.888,12.642
2019-06-02 13:00:00,0.922,13.383
2019-06-02 14:00:00,0.939,13.866
2019-06-02 15:00:00,0.954,14.347
2019-06-02 16:00:00,0.965,14.866
2019-06-02 17:00:00,0.969,15.07
2019-06-02 18:00:00,0.967,14.921
2019-06-02 19:00:00,0.956,14.453
2019-06-02 20:00:00,0.948,14.145
2019-06-02 21:00:00,0.947,14.116
2019-06-02 22:00:00,0.952,14.298
2019-06-02 23:00:00,0.956,14.429
2019-06-03 00:00:00,0.957,14.498
2019-06-03 01:00:00,0.961,14.641
2019-06-03 02:00:00,0.969,15.072
2019-06-03 03:00:00,0.971,15.142
2019-06-03 04:00:00,0.974,15.311
2019-06-03 05:00:00,0.976,15.446
2019-06-03 06:00:00,0.974,15.359
2019-06-03 07:00:00,0.969,15.022
2019-06-03 08:00:00,0.964,14.795
2019-06-03 09:00:00,0.96,14.596
2019-06-03 10:00:00,0.956,14.453
2019-06-03 11:00:00,0.956,14.447
2019-06-03 12:00:00,0.955,14.405
2019-06-03 13:00:00,0.956,14.46
2019-06-03 14:00:00,0.954,14.371
2019-06-03 15:00:00,0.947,14.105
2019-06-03 16:00:00,0.934,13.715
2019-06-03 17:00:00,0.92,13.326
2019-06-03 18:00:00,0.902,12.923
2019-06-03 19:00:00,0.881,12.521
2019-06-03 20:00:00,0.856,12.094
2019-06-03 21:00:00,0.832,11.743
2019-06-03 22:00:00,0.806,11.41
2019-06-03 23:00:00,0.776,11.055
2019-06-04 00:00:00,0.734,10.616
2019-06-04 01:00:00,0.663,9.962
2019-06-04 02:00:00,0.59,9.382
2019-06-04 03:00:00,0.536,8.976
2019-06-04 04:00:00,0.488,8.614
2019-06-04 05:00:00,0.423,8.141
2019-06-04 06:00:00,0.364,7.696
2019-06-04 07:00:00,0.334,7.459
2019-06-04 08:00:00,0.297,7.162
2019-06-04 09:00:00,0.26,6.842
2019-06-04 10:00:00,0.236,6.62
2019-06-04 11:00:00,0.237,6.638
2019-06-04 12:00:00,0.282,7.034
2019-06-04 13:00:00,0.334,7.459
2019-06-04 14:00:00,0.351,7.583
2019-06-04 15:00:00,0.367,7.717
2019-06-04 16:00:00,0.406,8.004
2019-06-04 17:00:00,0.412,8.048
2019-06-04 18:00:00,0.434,8.22
2019-06-04 19:00:00,0.514,8.805
2019-06-04 20:00:00,0.575,9.259
2019-06-04 21:00:00,0.57,9.225
2019-06-04 22:00:00,0.469,8.475
2019-06-04 23:00:00,0.394,7.916
2019-06-05 00:00:00,0.392,7.904
2019-06-05 01:00:00,0.422,8.133
2019-06-05 02:00:00,0.469,8.476
2019-06-05 03:00:00,0.465,8.449
2019-06-05 04:00:00,0.391,7.893
2019-06-05 05:00:00,0.286,7.064
2019-06-05 06:00:00,0.202,6.302
2019-06-05 07:00:00,0.142,5.636
2019-06-05 08:00:00,0.11,5.224
2019-06-05 09:00:00,0.102,5.113
2019-06-05 10:00:00,0.099,5.057
2019-06-05 11:00:00,0.098,5.037
2019-06-05 12:00:00,0.096,5.017
2019-06-05 13:00:00,0.094,4.993
2019-06-05 14:00:00,0.161,5.87
2019-06-05 15:00:00,0.281,7.029
2019-06-05 16:00:00,0.323,7.365
2019-06-05 17:00:00,0.351,7.584
2019-06-05 18:00:00,0.412,8.047
2019-06-05 19:00:00,0.488,8.614
2019-06-05 20:00:00,0.487,8.61
2019-06-05 21:00:00,0.427,8.164
2019-06-05 22:00:00,0.334,7.461
2019-06-05 23:00:00,0.211,6.394
2019-06-06 00:00:00,0.13,5.488
2019-06-06 01:00:00,0.103,5.124
2019-06-06 02:00:00,0.095,5.006
2019-06-06 03:00:00,0.069,4.585
2019-06-06 04:00:00,0.03,3.691
2019-06-06 05:00:00,0.042,4.007
2019-06-06 06:00:00,0.079,4.745
2019-06-06 07:00:00,0.088,4.901
2019-06-06 08:00:00,0.1,5.07
2019-06-06 09:00:00,0.088,4.893
2019-06-06 10:00:00,0.104,5.138
2019-06-06 11:00:00,0.118,5.337
2019-06-06 12:00:00,0.139,5.601
2019-06-06 13:00:00,0.197,6.236
2019-06-06 14:00:00,0.302,7.193
2019-06-06 15:00:00,0.432,8.207
2019-06-06 16:00:00,0.535,8.968
2019-06-06 17:00:00,0.605,9.501
2019-06-06 18:00:00,0.633,9.717
2019-06-06 19:00:00,0.633,9.717
2019-06-06 20:00:00,0.608,9.518
2019-06-06 21:00:00,0.58,9.304
2019-06-06 22:00:00,0.538,8.982
2019-06-06 23:00:00,0.444,8.291
2019-06-07 00:00:00,0.332,7.437
2019-06-07 01:00:00,0.222,6.486
2019-06-07 02:00:00,0.14,5.619
2019-06-07 03:00:00,0.087,4.875
2019-06-07 04:00:00,0.061,4.428
2019-06-07 05:00:00,0.061,4.427
2019-06-07 06:00:00,0.065,4.506
2019-06-07 07:00:00,0.083,4.823
2019-06-07 08:00:00,0.126,5.44
2019-06-07 09:00:00,0.159,5.838
2019-06-07 10:00:00,0.215,6.429
2019-06-07 11:00:00,0.276,6.982
2019-06-07 12:00:00,0.334,7.462
2019-06-07 13:00:00,0.392,7.906
2019-06-07 14:00:00,0.432,8.206
2019-06-07 15:00:00,0.454,8.367
2019-06-07 16:00:00,0.468,8.47
2019-06-07 17:00:00,0.468,8.473
2019-06-07 18:00:00,0.447,8.311
2019-06-07 19:00:00,0.395,7.93
2019-06-07 20:00:00,0.377,7.793
2019-06-07 21:00:00,0.404,7.991
2019-06-07 22:00:00,0.478,8.534
2019-06-07 23:00:00,0.537,8.979
2019-06-08 00:00:00,0.605,9.492
2019-06-08 01:00:00,0.649,9.854
2019-06-08 02:00:00,0.7,10.294
2019-06-08 03:00:00,0.783,11.139
2019-06-08 04:00:00,0.869,12.304
2019-06-08 05:00:00,0.906,13.001
2019-06-08 06:00:00,0.915,13.205
2019-06-08 07:00:00,0.914,13.196
2019-06-08 08:00:00,0.91,13.096
2019-06-08 09:00:00,0.909,13.077
2019-06-08 10:00:00,0.909,13.071
2019-06-08 11:00:00,0.904,12.97
2019-06-08 12:00:00,0.904,12.975
2019-06-08 13:00:00,0.896,12.813
2019-06-08 14:00:00,0.882,12.544
2019-06-08 15:00:00,0.859,12.14
2019-06-08 16:00:00,0.813,11.494
2019-06-08 17:00:00,0.737,10.645
2019-06-08 18:00:00,0.604,9.487
2019-06-08 19:00:00,0.459,8.396
2019-06-08 20:00:00,0.404,7.988
2019-06-08 21:00:00,0.441,8.265
2019-06-08 22:00:00,0.455,8.377
2019-06-08 23:00:00,0.42,8.113
2019-06-09 00:00:00,0.353,7.6
2019-06-09 01:00:00,0.28,7.018
2019-06-09 02:00:00,0.229,6.565
2019-06-09 03:00:00,0.199,6.264
2019-06-09 04:00:00,0.18,6.069
2019-06-09 05:00:00,0.163,5.889
2019-06-09 06:00:00,0.161,5.867
2019-06-09 07:00:00,0.182,6.088
2019-06-09 08:00:00,0.188,6.153
2019-06-09 09:00:00,0.199,6.265
2019-06-09 10:00:00,0.223,6.502
2019-06-09 11:00:00,0.251,6.751
2019-06-09 12:00:00,0.261,6.846
2019-06-09 13:00:00,0.261,6.846
2019-06-09 14:00:00,0.277,6.986
2019-06-09 15:00:00,0.312,7.278
2019-06-09 16:00:00,0.356,7.63
2019-06-09 17:00:00,0.386,7.849
2019-06-09 18:00:00,0.407,8.013
2019-06-09 19:00:00,0.425,8.145
2019-06-09 20:00:00,0.444,8.286
2019-06-09 21:00:00,0.446,8.306
2019-06-09 22:00:00,0.438,8.25
2019-06-09 23:00:00,0.422,8.12
2019-06-10 00:00:00,0.391,7.894
2019-06-10 01:00:00,0.341,7.506
2019-06-10 02:00:00,0.28,7.01
2019-06-10 03:00:00,0.226,6.534
2019-06-10 04:00:00,0.184,6.111
2019-06-10 05:00:00,0.144,5.672
2019-06-10 06:00:00,0.124,5.421
2019-06-10 07:00:00,0.125,5.433
2019-06-10 08:00:00,0.127,5.446
2019-06-10 09:00:00,0.121,5.379
2019-06-10 10:00:00,0.121,5.371
2019-06-10 11:00:00,0.135,5.552
2019-06-10 12:00:00,0.168,5.944
2019-06-10 13:00:00,0.219,6.458
2019-06-10 14:00:00,0.281,7.027
2019-06-10 15:00:00,0.369,7.731
2019-06-10 16:00:00,0.464,8.434
2019-06-10 17:00:00,0.505,8.738
2019-06-10 18:00:00,0.509,8.766
2019-06-10 19:00:00,0.501,8.705
2019-06-10 20:00:00,0.509,8.759
2019-06-10 21:00:00,0.515,8.817
2019-06-10 22:00:00,0.517,8.824
2019-06-10 23:00:00,0.53,8.92
2019-06-11 00:00:00,0.553,9.102
2019-06-11 01:00:00,0.605,9.501
2019-06-11 02:00:00,0.656,9.901
2019-06-11 03:00:00,0.672,10.047
2019-06-11 04:00:00,0.706,10.348
2019-06-11 05:00:00,0.764,10.926
2019-06-11 06:00:00,0.801,11.338
2019-06-11 07:00:00,0.809,11.441
2019-06-11 08:00:00,0.804,11.378
2019-06-11 09:00:00,0.801,11.342
2019-06-11 10:00:00,0.806,11.412
2019-06-11 11:00:00,0.811,11.466
2019-06-11 12:00:00,0.818,11.565
2019-06-11 13:00:00,0.808,11.435
2019-06-11 14:00:00,0.797,11.301
2019-06-11 15:00:00,0.793,11.248
2019-06-11 16:00:00,0.783,11.123
2019-06-11 17:00:00,0.778,11.075
2019-06-11 18:00:00,0.786,11.171
2019-06-11 19:00:00,0.816,11.529
2019-06-11 20:00:00,0.86,12.148
2019-06-11 21:00:00,0.894,12.756
2019-06-11 22:00:00,0.905,12.985
2019-06-11 23:00:00,0.903,12.946
2019-06-12 00:00:00,0.912,13.139
2019-06-12 01:00:00,0.923,13.42
2019-06-12 02:00:00,0.932,13.645
2019-06-12 03:00:00,0.942,13.949
2019-06-12 04:00:00,0.96,14.632
2019-06-12 05:00:00,0.973,15.245
2019-06-12 06:00:00,0.975,15.414
2019-06-12 07:00:00,0.974,15.307
2019-06-12 08:00:00,0.973,15.278
2019-06-12 09:00:00,0.973,15.284
2019-06-12 10:00:00,0.966,14.906
2019-06-12 11:00:00,0.956,14.458
2019-06-12 12:00:00,0.943,13.984
2019-06-12 13:00:00,0.919,13.317
2019-06-12 14:00:00,0.89,12.682
2019-06-12 15:00:00,0.864,12.218
2019-06-12 16:00:00,0.851,12.018
2019-06-12 17:00:00,0.856,12.101
2019-06-12 18:00:00,0.864,12.212
2019-06-12 19:00:00,0.88,12.503
2019-06-12 20:00:00,0.895,12.777
2019-06-12 21:00:00,0.898,12.846
2019-06-12 22:00:00,0.927,13.521
2019-06-12 23:00:00,0.956,14.452
2019-06-13 00:00:00,0.966,14.897
2019-06-13 01:00:00,0.971,15.144
2019-06-13 02:00:00,0.97,15.088
2019-06-13 03:00:00,0.964,14.794
2019-06-13 04:00:00,0.961,14.664
2019-06-13 05:00:00,0.961,14.642
2019-06-13 06:00:00,0.959,14.589
2019-06-13 07:00:00,0.957,14.49
2019-06-13 08:00:00,0.952,14.302
2019-06-13 09:00:00,0.941,13.914
2019-06-13 10:00:00,0.917,13.264
2019-06-13 11:00:00,0.879,12.474
2019-06-13 12:00:00,0.827,11.67
2019-06-13 13:00:00,0.766,10.943
2019-06-13 14:00:00,0.714,10.423
2019-06-13 15:00:00,0.66,9.941
2019-06-13 16:00:00,0.585,9.343
2019-06-13 17:00:00,0.502,8.718
2019-06-13 18:00:00,0.41,8.039
2019-06-13 19:00:00,0.322,7.362
2019-06-13 20:00:00,0.27,6.927
2019-06-13 21:00:00,0.27,6.922
2019-06-13 22:00:00,0.302,7.195
2019-06-13 23:00:00,0.345,7.546
2019-06-14 00:00:00,0.403,7.983
2019-06-14 01:00:00,0.477,8.528
2019-06-14 02:00:00,0.522,8.87
2019-06-14 03:00:00,0.555,9.115
2019-06-14 04:00:00,0.571,9.234
2019-06-14 05:00:00,0.589,9.372
2019-06-14 06:00:00,0.605,9.492
2019-06-14 07:00:00,0.601,9.46
2019-06-14 08:00:00,0.575,9.26
2019-06-14 09:00:00,0.549,9.07
2019-06-14 10:00:00,0.527,8.899
2019-06-14 11:00:00,0.494,8.659
2019-06-14 12:00:00,0.477,8.529
2019-06-14 13:00:00,0.486,8.599
2019-06-14 14:00:00,0.524,8.88
2019-06-14 15:00:00,0.556,9.12
2019-06-14 16:00:00,0.561,9.155
2019-06-14 17:00:00,0.542,9.01
2019-06-14 18:00:00,0.532,8.942
2019-06-14 19:00:00,0.532,8.94
2019-06-14 20:00:00,0.509,8.765
2019-06-14 21:00:00,0.487,8.612
2019-06-14 22:00:00,0.487,8.607
2019-06-14 23:00:00,0.49,8.629
2019-06-15 00:00:00,0.496,8.67
2019-06-15 01:00:00,0.497,8.677
2019-06-15 02:00:00,0.475,8.52
2019-06-15 03:00:00,0.468,8.471
2019-06-15 04:00:00,0.478,8.541
2019-06-15 05:00:00,0.503,8.724
2019-06-15 06:00:00,0.545,9.034
2019-06-15 07:00:00,0.572,9.235
2019-06-15 08:00:00,0.556,9.12
2019-06-15 09:00:00,0.521,8.864
2019-06-15 10:00:00,0.556,9.123
2019-06-15 11:00:00,0.616,9.59
2019-06-15 12:00:00,0.617,9.595
2019-06-15 13:00:00,0.608,9.51
2019-06-15 14:00:00,0.604,9.486
2019-06-15 15:00:00,0.608,9.51
2019-06-15 16:00:00,0.626,9.662
2019-06-15 17:00:00,0.656,9.906
2019-06-15 18:00:00,0.687,10.174
2019-06-15 19:00:00,0.679,10.103
2019-06-15 20:00:00,0.625,9.655
2019-06-15 21:00:00,0.575,9.267
2019-06-15 22:00:00,0.502,8.723
2019-06-15 23:00:00,0.46,8.401
2019-06-16 00:00:00,0.449,8.318
2019-06-16 01:00:00,0.45,8.335
2019-06-16 02:00:00,0.477,8.527
2019-06-16 03:00:00,0.497,8.678
2019-06-16 04:00:00,0.511,8.78
2019-06-16 05:00:00,0.518,8.84
2019-06-16 06:00:00,0.523,8.876
2019-06-16 07:00:00,0.538,8.983
2019-06-16 08:00:00,0.55,9.077
2019-06-16 09:00:00,0.552,9.093
2019-06-16 10:00:00,0.567,9.207
2019-06-16 11:00:00,0.596,9.427
2019-06-16 12:00:00,0.628,9.671
2019-06-16 13:00:00,0.658,9.926
2019-06-16 14:00:00,0.672,10.048
2019-06-16 15:00:00,0.68,10.124
2019-06-16 16:00:00,0.678,10.097
2019-06-16 17:00:00,0.664,9.978
2019-06-16 18:00:00,0.611,9.55
2019-06-16 19:00:00,0.601,9.466
2019-06-16 20:00:00,0.658,9.927
2019-06-16 21:00:00,0.741,10.689
2019-06-16 22:00:00,0.815,11.514
2019-06-16 23:00:00,0.883,12.562
2019-06-17 00:00:00,0.934,13.699
2019-06-17 01:00:00,0.933,13.668
2019-06-17 02:00:00,0.927,13.506
2019-06-17 03:00:00,0.922,13.371
2019-06-17 04:00:00,0.89,12.693
2019-06-17 05:00:00,0.848,11.976
2019-06-17 06:00:00,0.822,11.598
2019-06-17 07:00:00,0.822,11.607
2019-06-17 08:00:00,0.827,11.678
2019-06-17 09:00:00,0.845,11.929
2019-06-17 10:00:00,0.863,12.202
2019-06-17 11:00:00,0.877,12.454
2019-06-17 12:00:00,0.893,12.734
2019-06-17 13:00:00,0.901,12.91
2019-06-17 14:00:00,0.905,12.989
2019-06-17 15:00:00,0.905,12.986
2019-06-17 16:00:00,0.9,12.876
2019-06-17 17:00:00,0.891,12.715
2019-06-17 18:00:00,0.867,12.273
2019-06-17 19:00:00,0.843,11.899
2019-06-17 20:00:00,0.818,11.556
2019-06-17 21:00:00,0.795,11.263
2019-06-17 22:00:00,0.764,10.93
2019-06-17 23:00:00,0.71,10.39
2019-06-18 00:00:00,0.633,9.719
2019-06-18 01:00:00,0.557,9.134
2019-06-18 02:00:00,0.499,8.698
2019-06-18 03:00:00,0.474,8.507
2019-06-18 04:00:00,0.481,8.562
2019-06-18 05:00:00,0.503,8.73
2019-06-18 06:00:00,0.564,9.171
2019-06-18 07:00:00,0.622,9.634
2019-06-18 08:00:00,0.677,10.087
2019-06-18 09:00:00,0.71,10.385
2019-06-18 10:00:00,0.721,10.488
2019-06-18 11:00:00,0.742,10.701
2019-06-18 12:00:00,0.722,10.501
2019-06-18 13:00:00,0.681,10.13
2019-06-18 14:00:00,0.627,9.666
2019-06-18 15:00:00,0.564,9.178
2019-06-18 16:00:00,0.51,8.774
2019-06-18 17:00:00,0.45,8.325
2019-06-18 18:00:00,0.382,7.824
2019-06-18 19:00:00,0.331,7.431
2019-06-18 20:00:00,0.301,7.185
2019-06-18 21:00:00,0.278,6.999
2019-06-18 22:00:00,0.244,6.698
2019-06-18 23:00:00,0.212,6.396
2019-06-19 00:00:00,0.199,6.274
2019-06-19 01:00:00,0.195,6.224
2019-06-19 02:00:00,0.196,6.233
2019-06-19 03:00:00,0.201,6.291
2019-06-19 04:00:00,0.184,6.116
2019-06-19 05:00:00,0.144,5.666
2019-06-19 06:00:00,0.111,5.239
2019-06-19 07:00:00,0.108,5.196
2019-06-19 08:00:00,0.117,5.312
2019-06-19 09:00:00,0.128,5.46
2019-06-19 10:00:00,0.145,5.678
2019-06-19 11:00:00,0.179,6.056
2019-06-19 12:00:00,0.23,6.568
2019-06-19 13:00:00,0.27,6.928
2019-06-19 14:00:00,0.302,7.199
2019-06-19 15:00:00,0.333,7.444
2019-06-19 16:00:00,0.351,7.593
2019-06-19 17:00:00,0.344,7.542
2019-06-19 18:00:00,0.319,7.336
2019-06-19 19:00:00,0.307,7.236
2019-06-19 20:00:00,0.336,7.476
2019-06-19 21:00:00,0.41,8.041
2019-06-19 22:00:00,0.469,8.479
2019-06-19 23:00:00,0.475,8.518
2019-06-20 00:00:00,0.421,8.117
2019-06-20 01:00:00,0.347,7.565
2019-06-20 02:00:00,0.299,7.168
2019-06-20 03:00:00,0.289,7.086
2019-06-20 04:00:00,0.299,7.173
2019-06-20 05:00:00,0.328,7.408
2019-06-20 06:00:00,0.398,7.955
2019-06-20 07:00:00,0.494,8.653
2019-06-20 08:00:00,0.583,9.332
2019-06-20 09:00:00,0.633,9.724
2019-06-20 10:00:00,0.658,9.921
2019-06-20 11:00:00,0.675,10.072
2019-06-20 12:00:00,0.685,10.155
2019-06-20 13:00:00,0.704,10.328
2019-06-20 14:00:00,0.725,10.53
2019-06-20 15:00:00,0.738,10.648
2019-06-20 16:00:00,0.758,10.849
2019-06-20 17:00:00,0.776,11.055
2019-06-20 18:00:00,0.79,11.217
2019-06-20 19:00:00,0.79,11.212
2019-06-20 20:00:00,0.764,10.922
2019-06-20 21:00:00,0.72,10.48
2019-06-20 22:00:00,0.679,10.103
2019-06-20 23:00:00,0.631,9.706
2019-06-21 00:00:00,0.62,9.621
2019-06-21 01:00:00,0.637,9.754
2019-06-21 02:00:00,0.647,9.828
2019-06-21 03:00:00,0.637,9.755
2019-06-21 04:00:00,0.636,9.75
2019-06-21 05:00:00,0.656,9.901
2019-06-21 06:00:00,0.657,9.916
2019-06-21 07:00:00,0.656,9.914
2019-06-21 08:00:00,0.639,9.776
2019-06-21 09:00:00,0.605,9.495
2019-06-21 10:00:00,0.558,9.137
2019-06-21 11:00:00,0.497,8.672
2019-06-21 12:00:00,0.429,8.176
2019-06-21 13:00:00,0.355,7.618
2019-06-21 14:00:00,0.285,7.06
2019-06-21 15:00:00,0.224,6.516
2019-06-21 16:00:00,0.171,5.966
2019-06-21 17:00:00,0.131,5.511
2019-06-21 18:00:00,0.096,5.024
2019-06-21 19:00:00,0.068,4.563
2019-06-21 20:00:00,0.06,4.403
2019-06-21 21:00:00,0.071,4.604
2019-06-21 22:00:00,0.094,5.0
2019-06-21 23:00:00,0.128,5.46
2019-06-22 00:00:00,0.156,5.804
2019-06-22 01:00:00,0.163,5.885
2019-06-22 02:00:00,0.153,5.771
2019-06-22 03:00:00,0.148,5.71
2019-06-22 04:00:00,0.135,5.548
2019-06-22 05:00:00,0.1,5.072
2019-06-22 06:00:00,0.073,4.641
2019-06-22 07:00:00,0.07,4.602
2019-06-22 08:00:00,0.09,4.931
2019-06-22 09:00:00,0.128,5.459
2019-06-22 10:00:00,0.161,5.859
2019-06-22 11:00:00,0.172,5.992
2019-06-22 12:00:00,0.158,5.836
2019-06-22 13:00:00,0.159,5.842
2019-06-22 14:00:00,0.204,6.319
2019-06-22 15:00:00,0.293,7.123
2019-06-22 16:00:00,0.394,7.917
2019-06-22 17:00:00,0.48,8.555
2019-06-22 18:00:00,0.528,8.905
2019-06-22 19:00:00,0.54,8.99
2019-06-22 20:00:00,0.529,8.913
2019-06-22 21:00:00,0.494,8.659
2019-06-22 22:00:00,0.454,8.369
2019-06-22 23:00:00,0.426,8.151
2019-06-23 00:00:00,0.404,7.987
2019-06-23 01:00:00,0.408,8.022
2019-06-23 02:00:00,0.431,8.195
2019-06-23 03:00:00,0.444,8.282
2019-06-23 04:00:00,0.435,8.225
2019-06-23 05:00:00,0.441,8.265
2019-06-23 06:00:00,0.443,8.279
2019-06-23 07:00:00,0.44,8.256
2019-06-23 08:00:00,0.432,8.203
2019-06-23 09:00:00,0.407,8.013
2019-06-23 10:00:00,0.392,7.903
2019-06-23 11:00:00,0.409,8.026
2019-06-23 12:00:00,0.433,8.21
2019-06-23 13:00:00,0.455,8.377
2019-06-23 14:00:00,0.468,8.468
2019-06-23 15:00:00,0.475,8.511
2019-06-23 16:00:00,0.485,8.593
2019-06-23 17:00:00,0.506,8.749
2019-06-23 18:00:00,0.53,8.925
2019-06-23 19:00:00,0.573,9.243
2019-06-23 20:00:00,0.625,9.655
2019-06-23 21:00:00,0.649,9.856
2019-06-23 22:00:00,0.665,9.986
2019-06-23 23:00:00,0.687,10.169
2019-06-24 00:00:00,0.716,10.449
2019-06-24 01:00:00,0.725,10.532
2019-06-24 02:00:00,0.714,10.428
2019-06-24 03:00:00,0.73,10.575
2019-06-24 04:00:00,0.763,10.903
2019-06-24 05:00:00,0.771,10.993
2019-06-24 06:00:00,0.749,10.758
2019-06-24 07:00:00,0.747,10.741
2019-06-24 08:00:00,0.727,10.552
2019-06-24 09:00:00,0.66,9.943
2019-06-24 10:00:00,0.536,8.971
2019-06-24 11:00:00,0.377,7.783
2019-06-24 12:00:00,0.225,6.52
2019-06-24 13:00:00,0.143,5.655
2019-06-24 14:00:00,0.109,5.198
2019-06-24 15:00:00,0.104,5.145
2019-06-24 16:00:00,0.115,5.283
2019-06-24 17:00:00,0.101,5.098
2019-06-24 18:00:00,0.052,4.246
2019-06-24 19:00:00,0.038,3.917
2019-06-24 20:00:00,0.119,5.353
2019-06-24 21:00:00,0.284,7.048
2019-06-24 22:00:00,0.402,7.981
2019-06-24 23:00:00,0.446,8.304
2019-06-25 00:00:00,0.473,8.504
2019-06-25 01:00:00,0.508,8.756
2019-06-25 02:00:00,0.55,9.078
2019-06-25 03:00:00,0.606,9.503
2019-06-25 04:00:00,0.608,9.512
2019-06-25 05:00:00,0.581,9.314
2019-06-25 06:00:00,0.571,9.233
2019-06-25 07:00:00,0.601,9.472
2019-06-25 08:00:00,0.653,9.887
2019-06-25 09:00:00,0.692,10.224
2019-06-25 10:00:00,0.714,10.423
2019-06-25 11:00:00,0.724,10.523
2019-06-25 12:00:00,0.727,10.551
2019-06-25 13:00:00,0.742,10.695
2019-06-25 14:00:00,0.761,10.887
2019-06-25 15:00:00,0.741,10.685
2019-06-25 16:00:00,0.719,10.472
2019-06-25 17:00:00,0.728,10.561
2019-06-25 18:00:00,0.75,10.778
2019-06-25 19:00:00,0.785,11.161
2019-06-25 20:00:00,0.786,11.166
2019-06-25 21:00:00,0.767,10.961
2019-06-25 22:00:00,0.736,10.636
2019-06-25 23:00:00,0.71,10.39
2019-06-26 00:00:00,0.696,10.259
2019-06-26 01:00:00,0.696,10.262
2019-06-26 02:00:00,0.687,10.18
2019-06-26 03:00:00,0.64,9.783
2019-06-26 04:00:00,0.569,9.22
2019-06-26 05:00:00,0.494,8.657
2019-06-26 06:00:00,0.447,8.312
2019-06-26 07:00:00,0.397,7.945
2019-06-26 08:00:00,0.328,7.413
2019-06-26 09:00:00,0.26,6.839
2019-06-26 10:00:00,0.197,6.252
2019-06-26 11:00:00,0.143,5.658
2019-06-26 12:00:00,0.084,4.833
2019-06-26 13:00:00,0.034,3.799
2019-06-26 14:00:00,0.013,3.032
2019-06-26 15:00:00,0.007,2.701
2019-06-26 16:00:00,0.007,2.672
2019-06-26 17:00:00,0.017,3.209
2019-06-26 18:00:00,0.031,3.7
2019-06-26 19:00:00,0.048,4.15
2019-06-26 20:00:00,0.064,4.476
2019-06-26 21:00:00,0.07,4.591
2019-06-26 22:00:00,0.07,4.601
2019-06-26 23:00:00,0.084,4.832
2019-06-27 00:00:00,0.116,5.293
2019-06-27 01:00:00,0.148,5.707
2019-06-27 02:00:00,0.171,5.971
2019-06-27 03:00:00,0.172,5.993
2019-06-27 04:00:00,0.162,5.879
2019-06-27 05:00:00,0.148,5.705
2019-06-27 06:00:00,0.129,5.486
2019-06-27 07:00:00,0.121,5.375
2019-06-27 08:00:00,0.117,5.313
2019-06-27 09:00:00,0.097,5.028
2019-06-27 10:00:00,0.071,4.609
2019-06-27 11:00:00,0.056,4.319
2019-06-27 12:00:00,0.051,4.224
2019-06-27 13:00:00,0.055,4.294
2019-06-27 14:00:00,0.063,4.468
2019-06-27 15:00:00,0.076,4.704
2019-06-27 16:00:00,0.085,4.858
2019-06-27 17:00:00,0.086,4.864
2019-06-27 18:00:00,0.078,4.741
2019-06-27 19:00:00,0.065,4.509
2019-06-27 20:00:00,0.05,4.193
2019-06-27 21:00:00,0.033,3.767
2019-06-27 22:00:00,0.018,3.265
2019-06-27 23:00:00,0.01,2.88
2019-06-28 00:00:00,0.007,2.646
2019-06-28 01:00:00,0.006,2.576
2019-06-28 02:00:00,0.007,2.654
2019-06-28 03:00:00,0.006,2.637
2019-06-28 04:00:00,0.007,2.646
2019-06-28 05:00:00,0.012,2.972
2019-06-28 06:00:00,0.025,3.521
2019-06-28 07:00:00,0.05,4.189
2019-06-28 08:00:00,0.089,4.912
2019-06-28 09:00:00,0.144,5.663
2019-06-28 10:00:00,0.208,6.359
2019-06-28 11:00:00,0.266,6.894
2019-06-28 12:00:00,0.314,7.297
2019-06-28 13:00:00,0.364,7.691
2019-06-28 14:00:00,0.419,8.103
2019-06-28 15:00:00,0.465,8.449
2019-06-28 16:00:00,0.5,8.704
2019-06-28 17:00:00,0.534,8.956
2019-06-28 18:00:00,0.561,9.161
2019-06-28 19:00:00,0.599,9.446
2019-06-28 20:00:00,0.648,9.85
2019-06-28 21:00:00,0.702,10.316
2019-06-28 22:00:00,0.736,10.633
2019-06-28 23:00:00,0.749,10.773
2019-06-29 00:00:00,0.747,10.747
2019-06-29 01:00:00,0.733,10.609
2019-06-29 02:00:00,0.709,10.38
2019-06-29 03:00:00,0.679,10.099
2019-06-29 04:00:00,0.644,9.813
2019-06-29 05:00:00,0.594,9.413
2019-06-29 06:00:00,0.541,9.004
2019-06-29 07:00:00,0.493,8.649
2019-06-29 08:00:00,0.451,8.342
2019-06-29 09:00:00,0.438,8.24
2019-06-29 10:00:00,0.461,8.414
2019-06-29 11:00:00,0.215,6.432
2019-06-29 12:00:00,0.198,6.256
2019-06-29 13:00:00,0.417,8.082
2019-06-29 14:00:00,0.515,8.82
2019-06-29 15:00:00,0.486,8.605
2019-06-29 16:00:00,0.47,8.483
2019-06-29 17:00:00,0.511,8.79
2019-06-29 18:00:00,0.463,8.43
2019-06-29 19:00:00,0.429,8.184
2019-06-29 20:00:00,0.468,8.471
2019-06-29 21:00:00,0.548,9.053
2019-06-29 22:00:00,0.633,9.712
2019-06-29 23:00:00,0.722,10.494
2019-06-30 00:00:00,0.846,11.947
2019-06-30 01:00:00,0.908,13.052
2019-06-30 02:00:00,0.903,12.949
2019-06-30 03:00:00,0.881,12.507
2019-06-30 04:00:00,0.861,12.181
2019-06-30 05:00:00,0.844,11.916
2019-06-30 06:00:00,0.832,11.741
2019-06-30 07:00:00,0.853,12.046
2019-06-30 08:00:00,0.876,12.431
2019-06-30 09:00:00,0.89,12.692
2019-06-30 10:00:00,0.895,12.776
2019-06-30 11:00:00,0.907,13.033
2019-06-30 12:00:00,0.924,13.435
2019-06-30 13:00:00,0.929,13.555
2019-06-30 14:00:00,0.913,13.168
2019-06-30 15:00:00,0.908,13.054
2019-06-30 16:00:00,0.918,13.283
2019-06-30 17:00:00,0.92,13.338
2019-06-30 18:00:00,0.917,13.258
2019-06-30 19:00:00,0.917,13.252
2019-06-30 20:00:00,0.91,13.097
2019-06-30 21:00:00,0.903,12.937
2019-06-30 22:00:00,0.91,13.089
2019-06-30 23:00:00,0.921,13.357
2019-07-01 00:00:00,0.93,13.596
2019-07-01 01:00:00,0.937,13.801
2019-07-01 02:00:00,0.94,13.886
2019-07-01 03:00:00,0.948,14.133
2019-07-01 04:00:00,0.954,14.348
2019-07-01 05:00:00,0.953,14.315
2019-07-01 06:00:00,0.933,13.667
2019-07-01 07:00:00,0.918,13.292
2019-07-01 08:00:00,0.898,12.846
2019-07-01 09:00:00,0.871,12.333
2019-07-01 10:00:00,0.851,12.019
2019-07-01 11:00:00,0.828,11.697
2019-07-01 12:00:00,0.791,11.227
2019-07-01 13:00:00,0.735,10.624
2019-07-01 14:00:00,0.648,9.848
2019-07-01 15:00:00,0.552,9.09
2019-07-01 16:00:00,0.468,8.469
2019-07-01 17:00:00,0.438,8.245
2019-07-01 18:00:00,0.464,8.433
2019-07-01 19:00:00,0.493,8.645
2019-07-01 20:00:00,0.502,8.711
2019-07-01 21:00:00,0.492,8.642
2019-07-01 22:00:00,0.462,8.419
2019-07-01 23:00:00,0.441,8.259
2019-07-02 00:00:00,0.47,8.481
2019-07-02 01:00:00,0.532,8.946
2019-07-02 02:00:00,0.566,9.197
2019-07-02 03:00:00,0.566,9.199
2019-07-02 04:00:00,0.54,8.994
2019-07-02 05:00:00,0.518,8.837
2019-07-02 06:00:00,0.495,8.666
2019-07-02 07:00:00,0.478,8.537
2019-07-02 08:00:00,0.466,8.457
2019-07-02 09:00:00,0.459,8.397
2019-07-02 10:00:00,0.435,8.226
2019-07-02 11:00:00,0.401,7.976
2019-07-02 12:00:00,0.377,7.785
2019-07-02 13:00:00,0.373,7.758
2019-07-02 14:00:00,0.368,7.723
2019-07-02 15:00:00,0.359,7.643
2019-07-02 16:00:00,0.344,7.533
2019-07-02 17:00:00,0.324,7.382
2019-07-02 18:00:00,0.315,7.31
2019-07-02 19:00:00,0.31,7.267
2019-07-02 20:00:00,0.303,7.208
2019-07-02 21:00:00,0.281,7.025
2019-07-02 22:00:00,0.263,6.867
2019-07-02 23:00:00,0.308,7.248
2019-07-03 00:00:00,0.393,7.91
2019-07-03 01:00:00,0.455,8.373
2019-07-03 02:00:00,0.471,8.487
2019-07-03 03:00:00,0.407,8.021
2019-07-03 04:00:00,0.315,7.31
2019-07-03 05:00:00,0.252,6.766
2019-07-03 06:00:00,0.21,6.375
2019-07-03 07:00:00,0.183,6.105
2019-07-03 08:00:00,0.207,6.347
2019-07-03 09:00:00,0.244,6.69
2019-07-03 10:00:00,0.264,6.876
2019-07-03 11:00:00,0.27,6.933
2019-07-03 12:00:00,0.264,6.876
2019-07-03 13:00:00,0.26,6.841
2019-07-03 14:00:00,0.262,6.859
2019-07-03 15:00:00,0.253,6.786
2019-07-03 16:00:00,0.244,6.698
2019-07-03 17:00:00,0.243,6.686
2019-07-03 18:00:00,0.264,6.88
2019-07-03 19:00:00,0.313,7.29
2019-07-03 20:00:00,0.396,7.939
2019-07-03 21:00:00,0.484,8.581
2019-07-03 22:00:00,0.506,8.748
2019-07-03 23:00:00,0.497,8.683
2019-07-04 00:00:00,0.506,8.749
2019-07-04 01:00:00,0.514,8.808
2019-07-04 02:00:00,0.53,8.918
2019-07-04 03:00:00,0.527,8.896
2019-07-04 04:00:00,0.532,8.94
2019-07-04 05:00:00,0.551,9.084
2019-07-04 06:00:00,0.589,9.374
2019-07-04 07:00:00,0.622,9.634
2019-07-04 08:00:00,0.679,10.113
2019-07-04 09:00:00,0.733,10.6
2019-07-04 10:00:00,0.757,10.843
2019-07-04 11:00:00,0.785,11.153
2019-07-04 12:00:00,0.827,11.679
2019-07-04 13:00:00,0.839,11.85
2019-07-04 14:00:00,0.857,12.123
2019-07-04 15:00:00,0.89,12.693
2019-07-04 16:00:00,0.881,12.518
2019-07-04 17:00:00,0.841,11.868
2019-07-04 18:00:00,0.813,11.498
2019-07-04 19:00:00,0.796,11.276
2019-07-04 20:00:00,0.79,11.215
2019-07-04 21:00:00,0.779,11.091
2019-07-04 22:00:00,0.765,10.935
2019-07-04 23:00:00,0.749,10.766
2019-07-05 00:00:00,0.728,10.56
2019-07-05 01:00:00,0.7,10.299
2019-07-05 02:00:00,0.679,10.111
2019-07-05 03:00:00,0.666,9.997
2019-07-05 04:00:00,0.604,9.485
2019-07-05 05:00:00,0.483,8.571
2019-07-05 06:00:00,0.356,7.627
2019-07-05 07:00:00,0.286,7.067
2019-07-05 08:00:00,0.242,6.683
2019-07-05 09:00:00,0.204,6.317
2019-07-05 10:00:00,0.203,6.313
2019-07-05 11:00:00,0.222,6.483
2019-07-05 12:00:00,0.27,6.922
2019-07-05 13:00:00,0.369,7.731
2019-07-05 14:00:00,0.542,9.011
2019-07-05 15:00:00,0.747,10.74
2019-07-05 16:00:00,0.847,11.959
2019-07-05 17:00:00,0.867,12.273
2019-07-05 18:00:00,0.868,12.291
2019-07-05 19:00:00,0.873,12.372
2019-07-05 20:00:00,0.875,12.404
2019-07-05 21:00:00,0.855,12.087
2019-07-05 22:00:00,0.822,11.606
2019-07-05 23:00:00,0.786,11.174
2019-07-06 00:00:00,0.753,10.812
2019-07-06 01:00:00,0.763,10.915
2019-07-06 02:00:00,0.776,11.058
2019-07-06 03:00:00,0.744,10.719
2019-07-06 04:00:00,0.739,10.665
2019-07-06 05:00:00,0.742,10.694
2019-07-06 06:00:00,0.743,10.704
2019-07-06 07:00:00,0.736,10.635
2019-07-06 08:00:00,0.701,10.307
2019-07-06 09:00:00,0.673,10.058
2019-07-06 10:00:00,0.621,9.628
2019-07-06 11:00:00,0.541,9.003
2019-07-06 12:00:00,0.454,8.369
2019-07-06 13:00:00,0.378,7.804
2019-07-06 14:00:00,0.324,7.381
2019-07-06 15:00:00,0.297,7.151
2019-07-06 16:00:00,0.282,7.035
2019-07-06 17:00:00,0.272,6.946
2019-07-06 18:00:00,0.266,6.887
2019-07-06 19:00:00,0.255,6.801
2019-07-06 20:00:00,0.227,6.544
2019-07-06 21:00:00,0.189,6.166
2019-07-06 22:00:00,0.158,5.83
2019-07-06 23:00:00,0.144,5.667
2019-07-07 00:00:00,0.157,5.822
2019-07-07 01:00:00,0.203,6.306
2019-07-07 02:00:00,0.274,6.967
2019-07-07 03:00:00,0.366,7.711
2019-07-07 04:00:00,0.446,8.299
2019-07-07 05:00:00,0.489,8.623
2019-07-07 06:00:00,0.506,8.744
2019-07-07 07:00:00,0.495,8.666
2019-07-07 08:00:00,0.471,8.485
2019-07-07 09:00:00,0.446,8.305
2019-07-07 10:00:00,0.422,8.129
2019-07-07 11:00:00,0.399,7.957
2019-07-07 12:00:00,0.396,7.937
2019-07-07 13:00:00,0.422,8.119
2019-07-07 14:00:00,0.487,8.607
2019-07-07 15:00:00,0.545,9.041
2019-07-07 16:00:00,0.549,9.068
2019-07-07 17:00:00,0.488,8.614
2019-07-07 18:00:00,0.414,8.069
2019-07-07 19:00:00,0.36,7.656
2019-07-07 20:00:00,0.326,7.387
2019-07-07 21:00:00,0.308,7.242
2019-07-07 22:00:00,0.293,7.127
2019-07-07 23:00:00,0.279,7.004
2019-07-08 00:00:00,0.252,6.777
2019-07-08 01:00:00,0.236,6.63
2019-07-08 02:00:00,0.218,6.455
2019-07-08 03:00:00,0.189,6.165
2019-07-08 04:00:00,0.158,5.826
2019-07-08 05:00:00,0.111,5.237
2019-07-08 06:00:00,0.069,4.577
2019-07-08 07:00:00,0.034,3.806
2019-07-08 08:00:00,0.015,3.152
2019-07-08 09:00:00,0.008,2.759
2019-07-08 10:00:00,0.003,2.256
2019-07-08 11:00:00,0.002,2.114
2019-07-08 12:00:00,0.004,2.351
2019-07-08 13:00:00,0.01,2.867
2019-07-08 14:00:00,0.023,3.444
2019-07-08 15:00:00,0.041,3.992
2019-07-08 16:00:00,0.069,4.569
2019-07-08 17:00:00,0.105,5.159
2019-07-08 18:00:00,0.15,5.735
2019-07-08 19:00:00,0.192,6.196
2019-07-08 20:00:00,0.246,6.714
2019-07-08 21:00:00,0.281,7.025
2019-07-08 22:00:00,0.302,7.196
2019-07-08 23:00:00,0.31,7.261
2019-07-09 00:00:00,0.305,7.228
2019-07-09 01:00:00,0.299,7.166
2019-07-09 02:00:00,0.278,6.999
2019-07-09 03:00:00,0.241,6.668
2019-07-09 04:00:00,0.209,6.367
2019-07-09 05:00:00,0.19,6.169
2019-07-09 06:00:00,0.183,6.105
2019-07-09 07:00:00,0.197,6.241
2019-07-09 08:00:00,0.242,6.677
2019-07-09 09:00:00,0.293,7.12
2019-07-09 10:00:00,0.356,7.624
2019-07-09 11:00:00,0.418,8.095
2019-07-09 12:00:00,0.462,8.417
2019-07-09 13:00:00,0.509,8.759
2019-07-09 14:00:00,0.549,9.07
2019-07-09 15:00:00,0.579,9.298
2019-07-09 16:00:00,0.599,9.448
2019-07-09 17:00:00,0.599,9.447
2019-07-09 18:00:00,0.605,9.498
2019-07-09 19:00:00,0.647,9.838
2019-07-09 20:00:00,0.724,10.521
2019-07-09 21:00:00,0.763,10.91
2019-07-09 22:00:00,0.744,10.717
2019-07-09 23:00:00,0.689,10.189
2019-07-10 00:00:00,0.6,9.455
2019-07-10 01:00:00,0.511,8.777
2019-07-10 02:00:00,0.441,8.271
2019-07-10 03:00:00,0.377,7.781
2019-07-10 04:00:00,0.339,7.488
2019-07-10 05:00:00,0.339,7.491
2019-07-10 06:00:00,0.352,7.597
2019-07-10 07:00:00,0.351,7.591
2019-07-10 08:00:00,0.362,7.671
2019-07-10 09:00:00,0.398,7.955
2019-07-10 10:00:00,0.404,7.996
2019-07-10 11:00:00,0.356,7.62
2019-07-10 12:00:00,0.264,6.879
2019-07-10 13:00:00,0.169,5.946
2019-07-10 14:00:00,0.106,5.172
2019-07-10 15:00:00,0.103,5.124
2019-07-10 16:00:00,0.14,5.62
2019-07-10 17:00:00,0.185,6.125
2019-07-10 18:00:00,0.21,6.381
2019-07-10 19:00:00,0.222,6.496
2019-07-10 20:00:00,0.237,6.637
2019-07-10 21:00:00,0.27,6.926
2019-07-10 22:00:00,0.287,7.072
2019-07-10 23:00:00,0.27,6.92
2019-07-11 00:00:00,0.237,6.635
2019-07-11 01:00:00,0.199,6.27
2019-07-11 02:00:00,0.163,5.893
2019-07-11 03:00:00,0.138,5.584
2019-07-11 04:00:00,0.126,5.444
2019-07-11 05:00:00,0.126,5.436
2019-07-11 06:00:00,0.121,5.372
2019-07-11 07:00:00,0.118,5.323
2019-07-11 08:00:00,0.117,5.307
2019-07-11 09:00:00,0.112,5.253
2019-07-11 10:00:00,0.097,5.03
2019-07-11 11:00:00,0.074,4.667
2019-07-11 12:00:00,0.061,4.416
2019-07-11 13:00:00,0.066,4.519
2019-07-11 14:00:00,0.085,4.857
2019-07-11 15:00:00,0.109,5.215
2019-07-11 16:00:00,0.125,5.423
2019-07-11 17:00:00,0.129,5.477
2019-07-11 18:00:00,0.128,5.455
2019-07-11 19:00:00,0.146,5.689
2019-07-11 20:00:00,0.203,6.31
2019-07-11 21:00:00,0.302,7.205
2019-07-11 22:00:00,0.36,7.657
2019-07-11 23:00:00,0.336,7.473
2019-07-12 00:00:00,0.308,7.241
2019-07-12 01:00:00,0.308,7.239
2019-07-12 02:00:00,0.337,7.484
2019-07-12 03:00:00,0.376,7.776
2019-07-12 04:00:00,0.4,7.967
2019-07-12 05:00:00,0.411,8.045
2019-07-12 06:00:00,0.398,7.95
2019-07-12 07:00:00,0.374,7.766
2019-07-12 08:00:00,0.321,7.357
2019-07-12 09:00:00,0.27,6.932
2019-07-12 10:00:00,0.222,6.488
2019-07-12 11:00:00,0.176,6.027
2019-07-12 12:00:00,0.15,5.743
2019-07-12 13:00:00,0.15,5.741
2019-07-12 14:00:00,0.173,5.996
2019-07-12 15:00:00,0.199,6.264
2019-07-12 16:00:00,0.227,6.539
2019-07-12 17:00:00,0.254,6.795
2019-07-12 18:00:00,0.272,6.945
2019-07-12 19:00:00,0.282,7.035
2019-07-12 20:00:00,0.272,6.948
2019-07-12 21:00:00,0.258,6.825
2019-07-12 22:00:00,0.246,6.717
2019-07-12 23:00:00,0.234,6.607
2019-07-13 00:00:00,0.223,6.509
2019-07-13 01:00:00,0.206,6.343
2019-07-13 02:00:00,0.2,6.28
2019-07-13 03:00:00,0.19,6.171
2019-07-13 04:00:00,0.172,5.975
2019-07-13 05:00:00,0.132,5.519
2019-07-13 06:00:00,0.103,5.129
2019-07-13 07:00:00,0.071,4.615
2019-07-13 08:00:00,0.046,4.101
2019-07-13 09:00:00,0.031,3.718
2019-07-13 10:00:00,0.028,3.622
2019-07-13 11:00:00,0.029,3.649
2019-07-13 12:00:00,0.027,3.604
2019-07-13 13:00:00,0.022,3.424
2019-07-13 14:00:00,0.019,3.329
2019-07-13 15:00:00,0.026,3.559
2019-07-13 16:00:00,0.044,4.053
2019-07-13 17:00:00,0.079,4.759
2019-07-13 18:00:00,0.132,5.518
2019-07-13 19:00:00,0.198,6.256
2019-07-13 20:00:00,0.256,6.806
2019-07-13 21:00:00,0.289,7.09
2019-07-13 22:00:00,0.297,7.161
2019-07-13 23:00:00,0.308,7.244
2019-07-14 00:00:00,0.327,7.396
2019-07-14 01:00:00,0.324,7.374
2019-07-14 02:00:00,0.351,7.591
2019-07-14 03:00:00,0.378,7.804
2019-07-14 04:00:00,0.377,7.793
2019-07-14 05:00:00,0.355,7.618
2019-07-14 06:00:00,0.339,7.499
2019-07-14 07:00:00,0.315,7.309
2019-07-14 08:00:00,0.28,7.007
2019-07-14 09:00:00,0.228,6.549
2019-07-14 10:00:00,0.17,5.951
2019-07-14 11:00:00,0.12,5.36
2019-07-14 12:00:00,0.082,4.798
2019-07-14 13:00:00,0.063,4.468
2019-07-14 14:00:00,0.06,4.393
2019-07-14 15:00:00,0.065,4.497
2019-07-14 16:00:00,0.075,4.675
2019-07-14 17:00:00,0.082,4.796
2019-07-14 18:00:00,0.085,4.858
2019-07-14 19:00:00,0.081,4.781
2019-07-14 20:00:00,0.067,4.527
2019-07-14 21:00:00,0.045,4.095
2019-07-14 22:00:00,0.024,3.503
2019-07-14 23:00:00,0.013,3.074
2019-07-15 00:00:00,0.01,2.907
2019-07-15 01:00:00,0.01,2.878
2019-07-15 02:00:00,0.012,2.973
2019-07-15 03:00:00,0.012,3.018
2019-07-15 04:00:00,0.013,3.032
2019-07-15 05:00:00,0.012,3.018
2019-07-15 06:00:00,0.012,3.011
2019-07-15 07:00:00,0.011,2.961
2019-07-15 08:00:00,0.01,2.888
2019-07-15 09:00:00,0.008,2.777
2019-07-15 10:00:00,0.006,2.611
2019-07-15 11:00:00,0.006,2.572
2019-07-15 12:00:00,0.006,2.573
2019-07-15 13:00:00,0.006,2.565
2019-07-15 14:00:00,0.006,2.594
2019-07-15 15:00:00,0.01,2.909
2019-07-15 16:00:00,0.029,3.653
2019-07-15 17:00:00,0.058,4.359
2019-07-15 18:00:00,0.096,5.024
2019-07-15 19:00:00,0.138,5.582
2019-07-15 20:00:00,0.172,5.993
2019-07-15 21:00:00,0.205,6.325
2019-07-15 22:00:00,0.228,6.556
2019-07-15 23:00:00,0.234,6.605
2019-07-16 00:00:00,0.217,6.44
2019-07-16 01:00:00,0.185,6.13
2019-07-16 02:00:00,0.155,5.793
2019-07-16 03:00:00,0.125,5.431
2019-07-16 04:00:00,0.107,5.182
2019-07-16 05:00:00,0.097,5.025
2019-07-16 06:00:00,0.086,4.863
2019-07-16 07:00:00,0.081,4.781
2019-07-16 08:00:00,0.083,4.822
2019-07-16 09:00:00,0.087,4.888
2019-07-16 10:00:00,0.091,4.943
2019-07-16 11:00:00,0.088,4.903
2019-07-16 12:00:00,0.079,4.759
2019-07-16 13:00:00,0.068,4.551
2019-07-16 14:00:00,0.058,4.356
2019-07-16 15:00:00,0.051,4.228
2019-07-16 16:00:00,0.051,4.22
2019-07-16 17:00:00,0.06,4.4
2019-07-16 18:00:00,0.078,4.732
2019-07-16 19:00:00,0.105,5.148
2019-07-16 20:00:00,0.151,5.745
2019-07-16 21:00:00,0.23,6.568
2019-07-16 22:00:00,0.327,7.392
2019-07-16 23:00:00,0.407,8.019
2019-07-17 00:00:00,0.452,8.346
2019-07-17 01:00:00,0.435,8.227
2019-07-17 02:00:00,0.377,7.788
2019-07-17 03:00:00,0.31,7.266
2019-07-17 04:00:00,0.291,7.104
2019-07-17 05:00:00,0.297,7.158
2019-07-17 06:00:00,0.302,7.19
2019-07-17 07:00:00,0.309,7.255
2019-07-17 08:00:00,0.314,7.297
2019-07-17 09:00:00,0.383,7.841
2019-07-17 10:00:00,0.507,8.753
2019-07-17 11:00:00,0.613,9.564
2019-07-17 12:00:00,0.684,10.147
2019-07-17 13:00:00,0.73,10.575
2019-07-17 14:00:00,0.737,10.644
2019-07-17 15:00:00,0.756,10.831
2019-07-17 16:00:00,0.728,10.557
2019-07-17 17:00:00,0.657,9.914
2019-07-17 18:00:00,0.61,9.542
2019-07-17 19:00:00,0.602,9.475
2019-07-17 20:00:00,0.677,10.091
2019-07-17 21:00:00,0.743,10.71
2019-07-17 22:00:00,0.774,11.03
2019-07-17 23:00:00,0.783,11.12
2019-07-18 00:00:00,0.769,10.974
2019-07-18 01:00:00,0.731,10.585
2019-07-18 02:00:00,0.674,10.064
2019-07-18 03:00:00,0.634,9.733
2019-07-18 04:00:00,0.655,9.898
2019-07-18 05:00:00,0.648,9.845
2019-07-18 06:00:00,0.594,9.403
2019-07-18 07:00:00,0.536,8.971
2019-07-18 08:00:00,0.494,8.659
2019-07-18 09:00:00,0.468,8.47
2019-07-18 10:00:00,0.453,8.362
2019-07-18 11:00:00,0.48,8.556
2019-07-18 12:00:00,0.534,8.957
2019-07-18 13:00:00,0.6,9.453
2019-07-18 14:00:00,0.647,9.84
2019-07-18 15:00:00,0.677,10.091
2019-07-18 16:00:00,0.707,10.355
2019-07-18 17:00:00,0.722,10.501
2019-07-18 18:00:00,0.724,10.518
2019-07-18 19:00:00,0.717,10.454
2019-07-18 20:00:00,0.721,10.484
2019-07-18 21:00:00,0.719,10.475
2019-07-18 22:00:00,0.695,10.252
2019-07-18 23:00:00,0.66,9.94
2019-07-19 00:00:00,0.608,9.519
2019-07-19 01:00:00,0.545,9.028
2019-07-19 02:00:00,0.48,8.55
2019-07-19 03:00:00,0.426,8.16
2019-07-19 04:00:00,0.373,7.756
2019-07-19 05:00:00,0.302,7.204
2019-07-19 06:00:00,0.242,6.679
2019-07-19 07:00:00,0.232,6.585
2019-07-19 08:00:00,0.251,6.753
2019-07-19 09:00:00,0.28,7.016
2019-07-19 10:00:00,0.324,7.377
2019-07-19 11:00:00,0.386,7.854
2019-07-19 12:00:00,0.475,8.513
2019-07-19 13:00:00,0.596,9.427
2019-07-19 14:00:00,0.725,10.526
2019-07-19 15:00:00,0.808,11.431
2019-07-19 16:00:00,0.829,11.707
2019-07-19 17:00:00,0.827,11.672
2019-07-19 18:00:00,0.809,11.438
2019-07-19 19:00:00,0.801,11.338
2019-07-19 20:00:00,0.789,11.204
2019-07-19 21:00:00,0.785,11.146
2019-07-19 22:00:00,0.723,10.507
2019-07-19 23:00:00,0.624,9.646
2019-07-20 00:00:00,0.593,9.4
2019-07-20 01:00:00,0.64,9.777
2019-07-20 02:00:00,0.668,10.018
2019-07-20 03:00:00,0.733,10.611
2019-07-20 04:00:00,0.763,10.916
2019-07-20 05:00:00,0.738,10.65
2019-07-20 06:00:00,0.677,10.086
2019-07-20 07:00:00,0.622,9.635
2019-07-20 08:00:00,0.557,9.128
2019-07-20 09:00:00,0.484,8.59
2019-07-20 10:00:00,0.394,7.915
2019-07-20 11:00:00,0.289,7.087
2019-07-20 12:00:00,0.199,6.274
2019-07-20 13:00:00,0.148,5.713
2019-07-20 14:00:00,0.135,5.542
2019-07-20 15:00:00,0.177,6.03
2019-07-20 16:00:00,0.356,7.626
2019-07-20 17:00:00,0.549,9.067
2019-07-20 18:00:00,0.564,9.183
2019-07-20 19:00:00,0.478,8.542
2019-07-20 20:00:00,0.407,8.018
2019-07-20 21:00:00,0.392,7.9
2019-07-20 22:00:00,0.417,8.085
2019-07-20 23:00:00,0.45,8.326
2019-07-21 00:00:00,0.475,8.517
2019-07-21 01:00:00,0.488,8.614
2019-07-21 02:00:00,0.485,8.591
2019-07-21 03:00:00,0.464,8.434
2019-07-21 04:00:00,0.422,8.125
2019-07-21 05:00:00,0.347,7.56
2019-07-21 06:00:00,0.281,7.025
2019-07-21 07:00:00,0.286,7.067
2019-07-21 08:00:00,0.369,7.728
2019-07-21 09:00:00,0.446,8.301
2019-07-21 10:00:00,0.488,8.613
2019-07-21 11:00:00,0.527,8.897
2019-07-21 12:00:00,0.576,9.271
2019-07-21 13:00:00,0.641,9.788
2019-07-21 14:00:00,0.681,10.127
2019-07-21 15:00:00,0.717,10.453
2019-07-21 16:00:00,0.726,10.542
2019-07-21 17:00:00,0.802,11.346
2019-07-21 18:00:00,0.863,12.207
2019-07-21 19:00:00,0.896,12.802
2019-07-21 20:00:00,0.943,13.978
2019-07-21 21:00:00,0.968,14.981
2019-07-21 22:00:00,0.971,15.149
2019-07-21 23:00:00,0.952,14.295
2019-07-22 00:00:00,0.902,12.933
2019-07-22 01:00:00,0.855,12.077
2019-07-22 02:00:00,0.827,11.685
2019-07-22 03:00:00,0.796,11.281
2019-07-22 04:00:00,0.818,11.565
2019-07-22 05:00:00,0.862,12.187
2019-07-22 06:00:00,0.885,12.577
2019-07-22 07:00:00,0.903,12.934
2019-07-22 08:00:00,0.927,13.502
2019-07-22 09:00:00,0.951,14.263
2019-07-22 10:00:00,0.969,15.027
2019-07-22 11:00:00,0.976,15.465
2019-07-22 12:00:00,0.977,15.524
2019-07-22 13:00:00,0.976,15.473
2019-07-22 14:00:00,0.977,15.541
2019-07-22 15:00:00,0.976,15.455
2019-07-22 16:00:00,0.972,15.187
2019-07-22 17:00:00,0.964,14.786
2019-07-22 18:00:00,0.951,14.239
2019-07-22 19:00:00,0.928,13.54
2019-07-22 20:00:00,0.907,13.043
2019-07-22 21:00:00,0.893,12.741
2019-07-22 22:00:00,0.87,12.318
2019-07-22 23:00:00,0.851,12.008
2019-07-23 00:00:00,0.832,11.751
2019-07-23 01:00:00,0.817,11.544
2019-07-23 02:00:00,0.796,11.287
2019-07-23 03:00:00,0.757,10.846
2019-07-23 04:00:00,0.687,10.169
2019-07-23 05:00:00,0.66,9.944
2019-07-23 06:00:00,0.632,9.706
2019-07-23 07:00:00,0.617,9.598
2019-07-23 08:00:00,0.612,9.553
2019-07-23 09:00:00,0.583,9.325
2019-07-23 10:00:00,0.556,9.119
2019-07-23 11:00:00,0.545,9.03
2019-07-23 12:00:00,0.53,8.926
2019-07-23 13:00:00,0.528,8.905
2019-07-23 14:00:00,0.556,9.125
2019-07-23 15:00:00,0.624,9.646
2019-07-23 16:00:00,0.699,10.291
2019-07-23 17:00:00,0.768,10.97
2019-07-23 18:00:00,0.813,11.499
2019-07-23 19:00:00,0.835,11.778
2019-07-23 20:00:00,0.852,12.036
2019-07-23 21:00:00,0.859,12.143
2019-07-23 22:00:00,0.853,12.059
2019-07-23 23:00:00,0.847,11.969
2019-07-24 00:00:00,0.855,12.086
2019-07-24 01:00:00,0.84,11.855
2019-07-24 02:00:00,0.848,11.975
2019-07-24 03:00:00,0.889,12.664
2019-07-24 04:00:00,0.898,12.836
2019-07-24 05:00:00,0.919,13.308
2019-07-24 06:00:00,0.883,12.554
2019-07-24 07:00:00,0.757,10.847
2019-07-24 08:00:00,0.779,11.082
2019-07-24 09:00:00,0.79,11.212
2019-07-24 10:00:00,0.731,10.579
2019-07-24 11:00:00,0.664,9.979
2019-07-24 12:00:00,0.514,8.801
2019-07-24 13:00:00,0.358,7.638
2019-07-24 14:00:00,0.299,7.18
2019-07-24 15:00:00,0.339,7.5
2019-07-24 16:00:00,0.396,7.933
2019-07-24 17:00:00,0.412,8.047
2019-07-24 18:00:00,0.441,8.259
2019-07-24 19:00:00,0.459,8.398
2019-07-24 20:00:00,0.478,8.542
2019-07-24 21:00:00,0.497,8.672
2019-07-24 22:00:00,0.497,8.68
2019-07-24 23:00:00,0.464,8.435
2019-07-25 00:00:00,0.415,8.073
2019-07-25 01:00:00,0.384,7.841
2019-07-25 02:00:00,0.395,7.922
2019-07-25 03:00:00,0.446,8.298
2019-07-25 04:00:00,0.532,8.945
2019-07-25 05:00:00,0.597,9.435
2019-07-25 06:00:00,0.625,9.66
2019-07-25 07:00:00,0.649,9.857
2019-07-25 08:00:00,0.697,10.267
2019-07-25 09:00:00,0.724,10.523
2019-07-25 10:00:00,0.758,10.862
2019-07-25 11:00:00,0.817,11.548
2019-07-25 12:00:00,0.864,12.212
2019-07-25 13:00:00,0.893,12.748
2019-07-25 14:00:00,0.911,13.122
2019-07-25 15:00:00,0.92,13.323
2019-07-25 16:00:00,0.917,13.261
2019-07-25 17:00:00,0.903,12.958
2019-07-25 18:00:00,0.857,12.117
2019-07-25 19:00:00,0.813,11.493
2019-07-25 20:00:00,0.855,12.087
2019-07-25 21:00:00,0.876,12.435
2019-07-25 22:00:00,0.885,12.578
2019-07-25 23:00:00,0.889,12.664
2019-07-26 00:00:00,0.873,12.378
2019-07-26 01:00:00,0.804,11.387
2019-07-26 02:00:00,0.667,10.004
2019-07-26 03:00:00,0.509,8.77
2019-07-26 04:00:00,0.371,7.745
2019-07-26 05:00:00,0.252,6.767
2019-07-26 06:00:00,0.181,6.081
2019-07-26 07:00:00,0.183,6.107
2019-07-26 08:00:00,0.207,6.345
2019-07-26 09:00:00,0.228,6.556
2019-07-26 10:00:00,0.235,6.615
2019-07-26 11:00:00,0.255,6.796
2019-07-26 12:00:00,0.278,6.991
2019-07-26 13:00:00,0.252,6.774
2019-07-26 14:00:00,0.192,6.2
2019-07-26 15:00:00,0.128,5.453
2019-07-26 16:00:00,0.087,4.884
2019-07-26 17:00:00,0.069,4.571
2019-07-26 18:00:00,0.066,4.524
2019-07-26 19:00:00,0.076,4.702
2019-07-26 20:00:00,0.077,4.721
2019-07-26 21:00:00,0.066,4.513
2019-07-26 22:00:00,0.047,4.123
2019-07-26 23:00:00,0.069,4.577
2019-07-27 00:00:00,0.144,5.668
2019-07-27 01:00:00,0.213,6.407
2019-07-27 02:00:00,0.225,6.529
2019-07-27 03:00:00,0.19,6.179
2019-07-27 04:00:00,0.161,5.864
2019-07-27 05:00:00,0.15,5.737
2019-07-27 06:00:00,0.152,5.756
2019-07-27 07:00:00,0.173,5.994
2019-07-27 08:00:00,0.23,6.572
2019-07-27 09:00:00,0.33,7.429
2019-07-27 10:00:00,0.446,8.302
2019-07-27 11:00:00,0.554,9.104
2019-07-27 12:00:00,0.599,9.444
2019-07-27 13:00:00,0.605,9.489
2019-07-27 14:00:00,0.601,9.464
2019-07-27 15:00:00,0.605,9.498
2019-07-27 16:00:00,0.598,9.437
2019-07-27 17:00:00,0.587,9.36
2019-07-27 18:00:00,0.58,9.307
2019-07-27 19:00:00,0.545,9.032
2019-07-27 20:00:00,0.548,9.052
2019-07-27 21:00:00,0.584,9.334
2019-07-27 22:00:00,0.638,9.766
2019-07-27 23:00:00,0.692,10.222
2019-07-28 00:00:00,0.725,10.531
2019-07-28 01:00:00,0.74,10.678
2019-07-28 02:00:00,0.743,10.711
2019-07-28 03:00:00,0.739,10.671
2019-07-28 04:00:00,0.722,10.506
2019-07-28 05:00:00,0.7,10.294
2019-07-28 06:00:00,0.682,10.139
2019-07-28 07:00:00,0.667,10.008
2019-07-28 08:00:00,0.656,9.907
2019-07-28 09:00:00,0.633,9.723
2019-07-28 10:00:00,0.594,9.412
2019-07-28 11:00:00,0.555,9.112
2019-07-28 12:00:00,0.518,8.83
2019-07-28 13:00:00,0.478,8.536
2019-07-28 14:00:00,0.453,8.352
2019-07-28 15:00:00,0.434,8.218
2019-07-28 16:00:00,0.432,8.202
2019-07-28 17:00:00,0.431,8.194
2019-07-28 18:00:00,0.417,8.092
2019-07-28 19:00:00,0.406,8.007
2019-07-28 20:00:00,0.402,7.978
2019-07-28 21:00:00,0.393,7.91
2019-07-28 22:00:00,0.364,7.691
2019-07-28 23:00:00,0.314,7.303
2019-07-29 00:00:00,0.242,6.678
2019-07-29 01:00:00,0.177,6.042
2019-07-29 02:00:00,0.138,5.588
2019-07-29 03:00:00,0.121,5.38
2019-07-29 04:00:00,0.124,5.41
2019-07-29 05:00:00,0.133,5.523
2019-07-29 06:00:00,0.141,5.63
2019-07-29 07:00:00,0.148,5.716
2019-07-29 08:00:00,0.149,5.722
2019-07-29 09:00:00,0.144,5.665
2019-07-29 10:00:00,0.138,5.585
2019-07-29 11:00:00,0.13,5.49
2019-07-29 12:00:00,0.118,5.33
2019-07-29 13:00:00,0.097,5.031
2019-07-29 14:00:00,0.071,4.613
2019-07-29 15:00:00,0.043,4.038
2019-07-29 16:00:00,0.022,3.412
2019-07-29 17:00:00,0.012,2.994
2019-07-29 18:00:00,0.013,3.054
2019-07-29 19:00:00,0.027,3.584
2019-07-29 20:00:00,0.063,4.471
2019-07-29 21:00:00,0.115,5.289
2019-07-29 22:00:00,0.159,5.847
2019-07-29 23:00:00,0.185,6.124
2019-07-30 00:00:00,0.189,6.163
2019-07-30 01:00:00,0.185,6.13
2019-07-30 02:00:00,0.185,6.122
2019-07-30 03:00:00,0.164,5.901
2019-07-30 04:00:00,0.12,5.362
2019-07-30 05:00:00,0.071,4.612
2019-07-30 06:00:00,0.036,3.859
2019-07-30 07:00:00,0.029,3.651
2019-07-30 08:00:00,0.035,3.826
2019-07-30 09:00:00,0.05,4.186
2019-07-30 10:00:00,0.07,4.591
2019-07-30 11:00:00,0.096,5.023
2019-07-30 12:00:00,0.12,5.365
2019-07-30 13:00:00,0.154,5.779
2019-07-30 14:00:00,0.221,6.479
2019-07-30 15:00:00,0.328,7.405
2019-07-30 16:00:00,0.438,8.248
2019-07-30 17:00:00,0.502,8.723
2019-07-30 18:00:00,0.555,9.115
2019-07-30 19:00:00,0.59,9.386
2019-07-30 20:00:00,0.625,9.66
2019-07-30 21:00:00,0.622,9.636
2019-07-30 22:00:00,0.598,9.439
2019-07-30 23:00:00,0.573,9.251
2019-07-31 00:00:00,0.557,9.128
2019-07-31 01:00:00,0.545,9.036
2019-07-31 02:00:00,0.545,9.038
2019-07-31 03:00:00,0.548,9.059
2019-07-31 04:00:00,0.548,9.054
2019-07-31 05:00:00,0.535,8.961
2019-07-31 06:00:00,0.525,8.89
2019-07-31 07:00:00,0.54,9.002
2019-07-31 08:00:00,0.556,9.124
2019-07-31 09:00:00,0.559,9.143
2019-07-31 10:00:00,0.537,8.977
2019-07-31 11:00:00,0.521,8.861
2019-07-31 12:00:00,0.513,8.794
2019-07-31 13:00:00,0.491,8.638
2019-07-31 14:00:00,0.453,8.354
2019-07-31 15:00:00,0.421,8.118
2019-07-31 16:00:00,0.41,8.03
2019-07-31 17:00:00,0.404,7.999
2019-07-31 18:00:00,0.403,7.986
2019-07-31 19:00:00,0.423,8.138
2019-07-31 20:00:00,0.45,8.33
2019-07-31 21:00:00,0.456,8.382
2019-07-31 22:00:00,0.453,8.36
2019-07-31 23:00:00,0.45,8.338
2019-08-01 00:00:00,0.459,8.395
2019-08-01 01:00:00,0.483,8.569
2019-08-01 02:00:00,0.506,8.745
2019-08-01 03:00:00,0.513,8.794
2019-08-01 04:00:00,0.499,8.69
2019-08-01 05:00:00,0.469,8.478
2019-08-01 06:00:00,0.424,8.143
2019-08-01 07:00:00,0.397,7.946
2019-08-01 08:00:00,0.374,7.766
2019-08-01 09:00:00,0.364,7.691
2019-08-01 10:00:00,0.363,7.686
2019-08-01 11:00:00,0.366,7.705
2019-08-01 12:00:00,0.365,7.698
2019-08-01 13:00:00,0.357,7.636
2019-08-01 14:00:00,0.336,7.477
2019-08-01 15:00:00,0.344,7.528
2019-08-01 16:00:00,0.356,7.626
2019-08-01 17:00:00,0.343,7.525
2019-08-01 18:00:00,0.326,7.389
2019-08-01 19:00:00,0.34,7.503
2019-08-01 20:00:00,0.365,7.702
2019-08-01 21:00:00,0.375,7.773
2019-08-01 22:00:00,0.36,7.651
2019-08-01 23:00:00,0.339,7.495
2019-08-02 00:00:00,0.313,7.285
2019-08-02 01:00:00,0.291,7.105
2019-08-02 02:00:00,0.282,7.034
2019-08-02 03:00:00,0.279,7.003
2019-08-02 04:00:00,0.272,6.949
2019-08-02 05:00:00,0.257,6.815
2019-08-02 06:00:00,0.241,6.667
2019-08-02 07:00:00,0.221,6.48
2019-08-02 08:00:00,0.215,6.428
2019-08-02 09:00:00,0.201,6.287
2019-08-02 10:00:00,0.169,5.946
2019-08-02 11:00:00,0.134,5.535
2019-08-02 12:00:00,0.101,5.099
2019-08-02 13:00:00,0.074,4.661
2019-08-02 14:00:00,0.053,4.252
2019-08-02 15:00:00,0.039,3.934
2019-08-02 16:00:00,0.032,3.754
2019-08-02 17:00:00,0.028,3.617
2019-08-02 18:00:00,0.023,3.465
2019-08-02 19:00:00,0.019,3.319
2019-08-02 20:00:00,0.015,3.149
2019-08-02 21:00:00,0.012,2.992
2019-08-02 22:00:00,0.009,2.838
2019-08-02 23:00:00,0.009,2.847
2019-08-03 00:00:00,0.012,3.018
2019-08-03 01:00:00,0.016,3.199
2019-08-03 02:00:00,0.021,3.392
2019-08-03 03:00:00,0.029,3.649
2019-08-03 04:00:00,0.035,3.837
2019-08-03 05:00:00,0.041,3.979
2019-08-03 06:00:00,0.042,4.01
2019-08-03 07:00:00,0.039,3.939
2019-08-03 08:00:00,0.034,3.813
2019-08-03 09:00:00,0.03,3.69
2019-08-03 10:00:00,0.024,3.496
2019-08-03 11:00:00,0.017,3.239
2019-08-03 12:00:00,0.012,2.971
2019-08-03 13:00:00,0.008,2.728
2019-08-03 14:00:00,0.006,2.595
2019-08-03 15:00:00,0.006,2.586
2019-08-03 16:00:00,0.008,2.775
2019-08-03 17:00:00,0.012,2.991
2019-08-03 18:00:00,0.016,3.2
2019-08-03 19:00:00,0.022,3.437
2019-08-03 20:00:00,0.029,3.647
2019-08-03 21:00:00,0.03,3.686
2019-08-03 22:00:00,0.027,3.598
2019-08-03 23:00:00,0.024,3.495
2019-08-04 00:00:00,0.023,3.464
2019-08-04 01:00:00,0.026,3.576
2019-08-04 02:00:00,0.037,3.878
2019-08-04 03:00:00,0.051,4.221
2019-08-04 04:00:00,0.07,4.587
2019-08-04 05:00:00,0.09,4.926
2019-08-04 06:00:00,0.109,5.217
2019-08-04 07:00:00,0.129,5.482
2019-08-04 08:00:00,0.152,5.764
2019-08-04 09:00:00,0.183,6.095
2019-08-04 10:00:00,0.212,6.398
2019-08-04 11:00:00,0.241,6.669
2019-08-04 12:00:00,0.272,6.942
2019-08-04 13:00:00,0.304,7.218
2019-08-04 14:00:00,0.351,7.587
2019-08-04 15:00:00,0.415,8.074
2019-08-04 16:00:00,0.495,8.664
2019-08-04 17:00:00,0.561,9.159
2019-08-04 18:00:00,0.616,9.588
2019-08-04 19:00:00,0.676,10.075
2019-08-04 20:00:00,0.715,10.433
2019-08-04 21:00:00,0.738,10.654
2019-08-04 22:00:00,0.741,10.686
2019-08-04 23:00:00,0.719,10.478
2019-08-05 00:00:00,0.658,9.924
2019-08-05 01:00:00,0.574,9.255
2019-08-05 02:00:00,0.5,8.702
2019-08-05 03:00:00,0.397,7.942
2019-08-05 04:00:00,0.293,7.124
2019-08-05 05:00:00,0.249,6.734
2019-08-05 06:00:00,0.26,6.839
2019-08-05 07:00:00,0.318,7.325
2019-08-05 08:00:00,0.386,7.858
2019-08-05 09:00:00,0.458,8.393
2019-08-05 10:00:00,0.481,8.561
2019-08-05 11:00:00,0.469,8.48
2019-08-05 12:00:00,0.469,8.474
2019-08-05 13:00:00,0.504,8.731
2019-08-05 14:00:00,0.576,9.272
2019-08-05 15:00:00,0.618,9.603
2019-08-05 16:00:00,0.649,9.852
2019-08-05 17:00:00,0.648,9.85
2019-08-05 18:00:00,0.629,9.685
2019-08-05 19:00:00,0.601,9.469
2019-08-05 20:00:00,0.574,9.255
2019-08-05 21:00:00,0.561,9.156
2019-08-05 22:00:00,0.545,9.037
2019-08-05 23:00:00,0.525,8.89
2019-08-06 00:00:00,0.5,8.704
2019-08-06 01:00:00,0.488,8.619
2019-08-06 02:00:00,0.484,8.585
2019-08-06 03:00:00,0.468,8.473
2019-08-06 04:00:00,0.453,8.354
2019-08-06 05:00:00,0.433,8.214
2019-08-06 06:00:00,0.403,7.986
2019-08-06 07:00:00,0.379,7.806
2019-08-06 08:00:00,0.386,7.849
2019-08-06 09:00:00,0.4,7.965
2019-08-06 10:00:00,0.401,7.974
2019-08-06 11:00:00,0.383,7.831
2019-08-06 12:00:00,0.36,7.65
2019-08-06 13:00:00,0.333,7.444
2019-08-06 14:00:00,0.311,7.271
2019-08-06 15:00:00,0.306,7.233
2019-08-06 16:00:00,0.305,7.226
2019-08-06 17:00:00,0.299,7.177
2019-08-06 18:00:00,0.299,7.172
2019-08-06 19:00:00,0.311,7.273
2019-08-06 20:00:00,0.349,7.573
2019-08-06 21:00:00,0.353,7.61
2019-08-06 22:00:00,0.319,7.328
2019-08-06 23:00:00,0.252,6.767
2019-08-07 00:00:00,0.197,6.237
2019-08-07 01:00:00,0.168,5.944
2019-08-07 02:00:00,0.165,5.909
2019-08-07 03:00:00,0.2,6.279
2019-08-07 04:00:00,0.265,6.883
2019-08-07 05:00:00,0.344,7.54
2019-08-07 06:00:00,0.407,8.017
2019-08-07 07:00:00,0.445,8.296
2019-08-07 08:00:00,0.474,8.506
2019-08-07 09:00:00,0.479,8.544
2019-08-07 10:00:00,0.442,8.275
2019-08-07 11:00:00,0.361,7.663
2019-08-07 12:00:00,0.27,6.929
2019-08-07 13:00:00,0.215,6.418
2019-08-07 14:00:00,0.199,6.264
2019-08-07 15:00:00,0.215,6.426
2019-08-07 16:00:00,0.257,6.816
2019-08-07 17:00:00,0.313,7.288
2019-08-07 18:00:00,0.367,7.717
2019-08-07 19:00:00,0.416,8.079
2019-08-07 20:00:00,0.465,8.443
2019-08-07 21:00:00,0.494,8.662
2019-08-07 22:00:00,0.521,8.858
2019-08-07 23:00:00,0.557,9.127
2019-08-08 00:00:00,0.581,9.312
2019-08-08 01:00:00,0.597,9.434
2019-08-08 02:00:00,0.601,9.458
2019-08-08 03:00:00,0.601,9.471
2019-08-08 04:00:00,0.586,9.354
2019-08-08 05:00:00,0.545,9.039
2019-08-08 06:00:00,0.506,8.739
2019-08-08 07:00:00,0.466,8.456
2019-08-08 08:00:00,0.429,8.184
2019-08-08 09:00:00,0.389,7.887
2019-08-08 10:00:00,0.337,7.481
2019-08-08 11:00:00,0.281,7.025
2019-08-08 12:00:00,0.222,6.489
2019-08-08 13:00:00,0.165,5.913
2019-08-08 14:00:00,0.13,5.494
2019-08-08 15:00:00,0.122,5.393
2019-08-08 16:00:00,0.158,5.835
2019-08-08 17:00:00,0.216,6.436
2019-08-08 18:00:00,0.219,6.468
2019-08-08 19:00:00,0.199,6.269
2019-08-08 20:00:00,0.221,6.479
2019-08-08 21:00:00,0.233,6.594
2019-08-08 22:00:00,0.281,7.022
2019-08-08 23:00:00,0.348,7.569
2019-08-09 00:00:00,0.401,7.976
2019-08-09 01:00:00,0.502,8.712
2019-08-09 02:00:00,0.598,9.438
2019-08-09 03:00:00,0.634,9.731
2019-08-09 04:00:00,0.716,10.439
2019-08-09 05:00:00,0.813,11.493
2019-08-09 06:00:00,0.85,12.003
2019-08-09 07:00:00,0.876,12.432
2019-08-09 08:00:00,0.907,13.034
2019-08-09 09:00:00,0.936,13.746
2019-08-09 10:00:00,0.961,14.665
2019-08-09 11:00:00,0.974,15.326
2019-08-09 12:00:00,0.973,15.271
2019-08-09 13:00:00,0.962,14.72
2019-08-09 14:00:00,0.94,13.887
2019-08-09 15:00:00,0.88,12.496
2019-08-09 16:00:00,0.765,10.936
2019-08-09 17:00:00,0.578,9.29
2019-08-09 18:00:00,0.456,8.381
2019-08-09 19:00:00,0.469,8.479
2019-08-09 20:00:00,0.552,9.091
2019-08-09 21:00:00,0.633,9.725
2019-08-09 22:00:00,0.673,10.062
2019-08-09 23:00:00,0.698,10.283
2019-08-10 00:00:00,0.665,9.991
2019-08-10 01:00:00,0.601,9.462
2019-08-10 02:00:00,0.509,8.763
2019-08-10 03:00:00,0.431,8.196
2019-08-10 04:00:00,0.383,7.834
2019-08-10 05:00:00,0.328,7.405
2019-08-10 06:00:00,0.25,6.746
2019-08-10 07:00:00,0.174,6.004
2019-08-10 08:00:00,0.12,5.356
2019-08-10 09:00:00,0.091,4.938
2019-08-10 10:00:00,0.071,4.604
2019-08-10 11:00:00,0.048,4.152
2019-08-10 12:00:00,0.029,3.65
2019-08-10 13:00:00,0.023,3.447
2019-08-10 14:00:00,0.044,4.049
2019-08-10 15:00:00,0.078,4.733
2019-08-10 16:00:00,0.088,4.905
2019-08-10 17:00:00,0.076,4.692
2019-08-10 18:00:00,0.078,4.741
2019-08-10 19:00:00,0.127,5.445
2019-08-10 20:00:00,0.222,6.495
2019-08-10 21:00:00,0.308,7.244
2019-08-10 22:00:00,0.342,7.521
2019-08-10 23:00:00,0.341,7.509
2019-08-11 00:00:00,0.315,7.31
2019-08-11 01:00:00,0.316,7.317
2019-08-11 02:00:00,0.329,7.414
2019-08-11 03:00:00,0.334,7.463
2019-08-11 04:00:00,0.348,7.57
2019-08-11 05:00:00,0.407,8.016
2019-08-11 06:00:00,0.502,8.713
2019-08-11 07:00:00,0.605,9.493
2019-08-11 08:00:00,0.681,10.129
2019-08-11 09:00:00,0.735,10.617
2019-08-11 10:00:00,0.753,10.806
2019-08-11 11:00:00,0.754,10.816
2019-08-11 12:00:00,0.735,10.633
2019-08-11 13:00:00,0.713,10.413
2019-08-11 14:00:00,0.688,10.184
2019-08-11 15:00:00,0.669,10.024
2019-08-11 16:00:00,0.653,9.891
2019-08-11 17:00:00,0.637,9.755
2019-08-11 18:00:00,0.628,9.679
2019-08-11 19:00:00,0.634,9.728
2019-08-11 20:00:00,0.641,9.789
2019-08-11 21:00:00,0.627,9.666
2019-08-11 22:00:00,0.577,9.284
2019-08-11 23:00:00,0.514,8.811
2019-08-12 00:00:00,0.449,8.323
2019-08-12 01:00:00,0.375,7.773
2019-08-12 02:00:00,0.302,7.201
2019-08-12 03:00:00,0.259,6.832
2019-08-12 04:00:00,0.244,6.692
2019-08-12 05:00:00,0.235,6.616
2019-08-12 06:00:00,0.219,6.47
2019-08-12 07:00:00,0.196,6.231
2019-08-12 08:00:00,0.175,6.016
2019-08-12 09:00:00,0.15,5.735
2019-08-12 10:00:00,0.121,5.37
2019-08-12 11:00:00,0.094,5.0
2019-08-12 12:00:00,0.076,4.692
2019-08-12 13:00:00,0.061,4.419
2019-08-12 14:00:00,0.051,4.221
2019-08-12 15:00:00,0.046,4.108
2019-08-12 16:00:00,0.048,4.159
2019-08-12 17:00:00,0.064,4.474
2019-08-12 18:00:00,0.099,5.051
2019-08-12 19:00:00,0.156,5.794
2019-08-12 20:00:00,0.236,6.62
2019-08-12 21:00:00,0.319,7.333
2019-08-12 22:00:00,0.369,7.73
2019-08-12 23:00:00,0.383,7.841
2019-08-13 00:00:00,0.366,7.71
2019-08-13 01:00:00,0.333,7.443
2019-08-13 02:00:00,0.299,7.179
2019-08-13 03:00:00,0.284,7.048
2019-08-13 04:00:00,0.291,7.109
2019-08-13 05:00:00,0.293,7.12
2019-08-13 06:00:00,0.264,6.87
2019-08-13 07:00:00,0.225,6.523
2019-08-13 08:00:00,0.212,6.401
2019-08-13 09:00:00,0.226,6.537
2019-08-13 10:00:00,0.242,6.67
2019-08-13 11:00:00,0.233,6.596
2019-08-13 12:00:00,0.225,6.526
2019-08-13 13:00:00,0.25,6.746
2019-08-13 14:00:00,0.301,7.186
2019-08-13 15:00:00,0.31,7.267
2019-08-13 16:00:00,0.297,7.158
2019-08-13 17:00:00,0.305,7.228
2019-08-13 18:00:00,0.327,7.398
2019-08-13 19:00:00,0.363,7.682
2019-08-13 20:00:00,0.422,8.131
2019-08-13 21:00:00,0.487,8.611
2019-08-13 22:00:00,0.514,8.802
2019-08-13 23:00:00,0.478,8.543
2019-08-14 00:00:00,0.398,7.95
2019-08-14 01:00:00,0.293,7.126
2019-08-14 02:00:00,0.197,6.249
2019-08-14 03:00:00,0.124,5.416
2019-08-14 04:00:00,0.075,4.684
2019-08-14 05:00:00,0.046,4.11
2019-08-14 06:00:00,0.047,4.132
2019-08-14 07:00:00,0.085,4.845
2019-08-14 08:00:00,0.175,6.015
2019-08-14 09:00:00,0.328,7.404
2019-08-14 10:00:00,0.494,8.658
2019-08-14 11:00:00,0.623,9.639
2019-08-14 12:00:00,0.696,10.26
2019-08-14 13:00:00,0.722,10.491
2019-08-14 14:00:00,0.724,10.519
2019-08-14 15:00:00,0.709,10.372
2019-08-14 16:00:00,0.688,10.184
2019-08-14 17:00:00,0.681,10.127
2019-08-14 18:00:00,0.7,10.297
2019-08-14 19:00:00,0.717,10.454
2019-08-14 20:00:00,0.716,10.448
2019-08-14 21:00:00,0.712,10.402
2019-08-14 22:00:00,0.687,10.17
2019-08-14 23:00:00,0.648,9.849
2019-08-15 00:00:00,0.589,9.376
2019-08-15 01:00:00,0.497,8.681
2019-08-15 02:00:00,0.407,8.021
2019-08-15 03:00:00,0.398,7.952
2019-08-15 04:00:00,0.467,8.463
2019-08-15 05:00:00,0.568,9.212
2019-08-15 06:00:00,0.631,9.703
2019-08-15 07:00:00,0.679,10.11
2019-08-15 08:00:00,0.714,10.429
2019-08-15 09:00:00,0.781,11.112
2019-08-15 10:00:00,0.855,12.085
2019-08-15 11:00:00,0.904,12.978
2019-08-15 12:00:00,0.871,12.334
2019-08-15 13:00:00,0.746,10.732
2019-08-15 14:00:00,0.578,9.289
2019-08-15 15:00:00,0.463,8.433
2019-08-15 16:00:00,0.362,7.678
2019-08-15 17:00:00,0.264,6.876
2019-08-15 18:00:00,0.273,6.955
2019-08-15 19:00:00,0.305,7.229
2019-08-15 20:00:00,0.324,7.373
2019-08-15 21:00:00,0.353,7.604
2019-08-15 22:00:00,0.41,8.036
2019-08-15 23:00:00,0.475,8.521
2019-08-16 00:00:00,0.545,9.036
2019-08-16 01:00:00,0.638,9.768
2019-08-16 02:00:00,0.733,10.61
2019-08-16 03:00:00,0.776,11.052
2019-08-16 04:00:00,0.772,11.005
2019-08-16 05:00:00,0.841,11.872
2019-08-16 06:00:00,0.877,12.443
2019-08-16 07:00:00,0.882,12.536
2019-08-16 08:00:00,0.915,13.205
2019-08-16 09:00:00,0.959,14.562
2019-08-16 10:00:00,0.975,15.421
2019-08-16 11:00:00,0.982,15.922
2019-08-16 12:00:00,0.984,16.149
2019-08-16 13:00:00,0.984,16.128
2019-08-16 14:00:00,0.976,15.491
2019-08-16 15:00:00,0.967,14.935
2019-08-16 16:00:00,0.945,14.047
2019-08-16 17:00:00,0.918,13.28
2019-08-16 18:00:00,0.89,12.67
2019-08-16 19:00:00,0.871,12.339
2019-08-16 20:00:00,0.851,12.009
2019-08-16 21:00:00,0.819,11.566
2019-08-16 22:00:00,0.778,11.074
2019-08-16 23:00:00,0.736,10.64
2019-08-17 00:00:00,0.722,10.489
2019-08-17 01:00:00,0.722,10.503
2019-08-17 02:00:00,0.711,10.396
2019-08-17 03:00:00,0.711,10.393
2019-08-17 04:00:00,0.735,10.618
2019-08-17 05:00:00,0.767,10.953
2019-08-17 06:00:00,0.795,11.269
2019-08-17 07:00:00,0.835,11.788
2019-08-17 08:00:00,0.852,12.025
2019-08-17 09:00:00,0.862,12.198
2019-08-17 10:00:00,0.845,11.93
2019-08-17 11:00:00,0.844,11.902
2019-08-17 12:00:00,0.855,12.077
2019-08-17 13:00:00,0.865,12.238
2019-08-17 14:00:00,0.864,12.222
2019-08-17 15:00:00,0.86,12.159
2019-08-17 16:00:00,0.84,11.855
2019-08-17 17:00:00,0.816,11.527
2019-08-17 18:00:00,0.811,11.47
2019-08-17 19:00:00,0.825,11.648
2019-08-17 20:00:00,0.845,11.932
2019-08-17 21:00:00,0.86,12.148
2019-08-17 22:00:00,0.875,12.409
2019-08-17 23:00:00,0.875,12.411
2019-08-18 00:00:00,0.866,12.26
2019-08-18 01:00:00,0.848,11.974
2019-08-18 02:00:00,0.849,11.985
2019-08-18 03:00:00,0.871,12.345
2019-08-18 04:00:00,0.896,12.805
2019-08-18 05:00:00,0.919,13.301
2019-08-18 06:00:00,0.932,13.653
2019-08-18 07:00:00,0.939,13.866
2019-08-18 08:00:00,0.931,13.627
2019-08-18 09:00:00,0.931,13.618
2019-08-18 10:00:00,0.933,13.674
2019-08-18 11:00:00,0.933,13.678
2019-08-18 12:00:00,0.932,13.648
2019-08-18 13:00:00,0.938,13.823
2019-08-18 14:00:00,0.942,13.943
2019-08-18 15:00:00,0.936,13.763
2019-08-18 16:00:00,0.939,13.843
2019-08-18 17:00:00,0.931,13.627
2019-08-18 18:00:00,0.93,13.606
2019-08-18 19:00:00,0.92,13.325
2019-08-18 20:00:00,0.904,12.975
2019-08-18 21:00:00,0.883,12.553
2019-08-18 22:00:00,0.848,11.971
2019-08-18 23:00:00,0.786,11.171
2019-08-19 00:00:00,0.733,10.602
2019-08-19 01:00:00,0.699,10.288
2019-08-19 02:00:00,0.695,10.254
2019-08-19 03:00:00,0.724,10.52
2019-08-19 04:00:00,0.765,10.931
2019-08-19 05:00:00,0.798,11.314
2019-08-19 06:00:00,0.836,11.809
2019-08-19 07:00:00,0.863,12.204
2019-08-19 08:00:00,0.875,12.396
2019-08-19 09:00:00,0.87,12.327
2019-08-19 10:00:00,0.847,11.964
2019-08-19 11:00:00,0.826,11.651
2019-08-19 12:00:00,0.817,11.533
2019-08-19 13:00:00,0.812,11.481
2019-08-19 14:00:00,0.804,11.377
2019-08-19 15:00:00,0.806,11.4
2019-08-19 16:00:00,0.804,11.386
2019-08-19 17:00:00,0.806,11.395
2019-08-19 18:00:00,0.798,11.313
2019-08-19 19:00:00,0.787,11.181
2019-08-19 20:00:00,0.771,10.996
2019-08-19 21:00:00,0.739,10.668
2019-08-19 22:00:00,0.711,10.396
2019-08-19 23:00:00,0.702,10.312
2019-08-20 00:00:00,0.646,9.824
2019-08-20 01:00:00,0.553,9.098
2019-08-20 02:00:00,0.471,8.487
2019-08-20 03:00:00,0.423,8.139
2019-08-20 04:00:00,0.361,7.658
2019-08-20 05:00:00,0.275,6.973
2019-08-20 06:00:00,0.194,6.211
2019-08-20 07:00:00,0.128,5.471
2019-08-20 08:00:00,0.084,4.835
2019-08-20 09:00:00,0.055,4.305
2019-08-20 10:00:00,0.042,4.002
2019-08-20 11:00:00,0.041,3.986
2019-08-20 12:00:00,0.047,4.122
2019-08-20 13:00:00,0.053,4.268
2019-08-20 14:00:00,0.065,4.507
2019-08-20 15:00:00,0.096,5.02
2019-08-20 16:00:00,0.139,5.6
2019-08-20 17:00:00,0.192,6.193
2019-08-20 18:00:00,0.25,6.749
2019-08-20 19:00:00,0.328,7.409
2019-08-20 20:00:00,0.422,8.123
2019-08-20 21:00:00,0.468,8.469
2019-08-20 22:00:00,0.448,8.318
2019-08-20 23:00:00,0.392,7.906
2019-08-21 00:00:00,0.309,7.253
2019-08-21 01:00:00,0.237,6.641
2019-08-21 02:00:00,0.21,6.38
2019-08-21 03:00:00,0.242,6.681
2019-08-21 04:00:00,0.31,7.26
2019-08-21 05:00:00,0.386,7.85
2019-08-21 06:00:00,0.422,8.124
2019-08-21 07:00:00,0.427,8.163
2019-08-21 08:00:00,0.438,8.249
2019-08-21 09:00:00,0.484,8.588
2019-08-21 10:00:00,0.543,9.022
2019-08-21 11:00:00,0.629,9.685
2019-08-21 12:00:00,0.727,10.549
2019-08-21 13:00:00,0.809,11.442
2019-08-21 14:00:00,0.856,12.104
2019-08-21 15:00:00,0.861,12.176
2019-08-21 16:00:00,0.858,12.129
2019-08-21 17:00:00,0.881,12.52
2019-08-21 18:00:00,0.913,13.168
2019-08-21 19:00:00,0.936,13.744
2019-08-21 20:00:00,0.956,14.442
2019-08-21 21:00:00,0.97,15.092
2019-08-21 22:00:00,0.964,14.795
2019-08-21 23:00:00,0.927,13.516
2019-08-22 00:00:00,0.852,12.026
2019-08-22 01:00:00,0.735,10.625
2019-08-22 02:00:00,0.597,9.434
2019-08-22 03:00:00,0.481,8.564
2019-08-22 04:00:00,0.389,7.884
2019-08-22 05:00:00,0.344,7.538
2019-08-22 06:00:00,0.374,7.764
2019-08-22 07:00:00,0.467,8.463
2019-08-22 08:00:00,0.596,9.418
2019-08-22 09:00:00,0.691,10.212
2019-08-22 10:00:00,0.745,10.728
2019-08-22 11:00:00,0.783,11.121
2019-08-22 12:00:00,0.807,11.419
2019-08-22 13:00:00,0.848,11.973
2019-08-22 14:00:00,0.897,12.825
2019-08-22 15:00:00,0.937,13.786
2019-08-22 16:00:00,0.955,14.396
2019-08-22 17:00:00,0.954,14.383
2019-08-22 18:00:00,0.949,14.164
2019-08-22 19:00:00,0.938,13.82
2019-08-22 20:00:00,0.925,13.469
2019-08-22 21:00:00,0.915,13.217
2019-08-22 22:00:00,0.917,13.268
2019-08-22 23:00:00,0.92,13.329
2019-08-23 00:00:00,0.927,13.508
2019-08-23 01:00:00,0.929,13.561
2019-08-23 02:00:00,0.913,13.149
2019-08-23 03:00:00,0.883,12.551
2019-08-23 04:00:00,0.846,11.947
2019-08-23 05:00:00,0.81,11.458
2019-08-23 06:00:00,0.771,11.002
2019-08-23 07:00:00,0.736,10.639
2019-08-23 08:00:00,0.722,10.503
2019-08-23 09:00:00,0.743,10.707
2019-08-23 10:00:00,0.765,10.938
2019-08-23 11:00:00,0.767,10.955
2019-08-23 12:00:00,0.753,10.81
2019-08-23 13:00:00,0.741,10.688
2019-08-23 14:00:00,0.706,10.348
2019-08-23 15:00:00,0.65,9.867
2019-08-23 16:00:00,0.58,9.309
2019-08-23 17:00:00,0.513,8.796
2019-08-23 18:00:00,0.475,8.52
2019-08-23 19:00:00,0.486,8.599
2019-08-23 20:00:00,0.514,8.809
2019-08-23 21:00:00,0.536,8.969
2019-08-23 22:00:00,0.533,8.948
2019-08-23 23:00:00,0.509,8.763
2019-08-24 00:00:00,0.485,8.596
2019-08-24 01:00:00,0.489,8.625
2019-08-24 02:00:00,0.519,8.843
2019-08-24 03:00:00,0.542,9.017
2019-08-24 04:00:00,0.548,9.065
2019-08-24 05:00:00,0.548,9.065
2019-08-24 06:00:00,0.513,8.797
2019-08-24 07:00:00,0.441,8.268
2019-08-24 08:00:00,0.365,7.702
2019-08-24 09:00:00,0.322,7.361
2019-08-24 10:00:00,0.32,7.344
2019-08-24 11:00:00,0.361,7.664
2019-08-24 12:00:00,0.41,8.039
2019-08-24 13:00:00,0.441,8.268
2019-08-24 14:00:00,0.446,8.299
2019-08-24 15:00:00,0.446,8.302
2019-08-24 16:00:00,0.467,8.463
2019-08-24 17:00:00,0.526,8.893
2019-08-24 18:00:00,0.59,9.384
2019-08-24 19:00:00,0.643,9.809
2019-08-24 20:00:00,0.665,9.987
2019-08-24 21:00:00,0.66,9.95
2019-08-24 22:00:00,0.617,9.595
2019-08-24 23:00:00,0.54,8.996
2019-08-25 00:00:00,0.463,8.428
2019-08-25 01:00:00,0.402,7.982
2019-08-25 02:00:00,0.353,7.598
2019-08-25 03:00:00,0.304,7.219
2019-08-25 04:00:00,0.26,6.839
2019-08-25 05:00:00,0.227,6.543
2019-08-25 06:00:00,0.21,6.369
2019-08-25 07:00:00,0.202,6.302
2019-08-25 08:00:00,0.21,6.384
2019-08-25 09:00:00,0.222,6.488
2019-08-25 10:00:00,0.227,6.543
2019-08-25 11:00:00,0.262,6.86
2019-08-25 12:00:00,0.324,7.38
2019-08-25 13:00:00,0.385,7.847
2019-08-25 14:00:00,0.44,8.259
2019-08-25 15:00:00,0.521,8.863
2019-08-25 16:00:00,0.611,9.547
2019-08-25 17:00:00,0.674,10.069
2019-08-25 18:00:00,0.725,10.529
2019-08-25 19:00:00,0.777,11.063
2019-08-25 20:00:00,0.798,11.311
2019-08-25 21:00:00,0.798,11.306
2019-08-25 22:00:00,0.771,11.001
2019-08-25 23:00:00,0.728,10.564
2019-08-26 00:00:00,0.666,9.995
2019-08-26 01:00:00,0.577,9.285
2019-08-26 02:00:00,0.477,8.527
2019-08-26 03:00:00,0.426,8.152
2019-08-26 04:00:00,0.393,7.911
2019-08-26 05:00:00,0.362,7.665
2019-08-26 06:00:00,0.312,7.278
2019-08-26 07:00:00,0.252,6.771
2019-08-26 08:00:00,0.222,6.491
2019-08-26 09:00:00,0.208,6.362
2019-08-26 10:00:00,0.195,6.225
2019-08-26 11:00:00,0.172,5.982
2019-08-26 12:00:00,0.145,5.679
2019-08-26 13:00:00,0.131,5.502
2019-08-26 14:00:00,0.148,5.71
2019-08-26 15:00:00,0.2,6.281
2019-08-26 16:00:00,0.268,6.913
2019-08-26 17:00:00,0.327,7.391
2019-08-26 18:00:00,0.355,7.619
2019-08-26 19:00:00,0.342,7.518
2019-08-26 20:00:00,0.313,7.279
2019-08-26 21:00:00,0.297,7.16
2019-08-26 22:00:00,0.293,7.118
2019-08-26 23:00:00,0.274,6.965
2019-08-27 00:00:00,0.251,6.753
2019-08-27 01:00:00,0.223,6.503
2019-08-27 02:00:00,0.186,6.142
2019-08-27 03:00:00,0.146,5.685
2019-08-27 04:00:00,0.102,5.109
2019-08-27 05:00:00,0.065,4.494
2019-08-27 06:00:00,0.043,4.028
2019-08-27 07:00:00,0.026,3.572
2019-08-27 08:00:00,0.015,3.155
2019-08-27 09:00:00,0.009,2.844
2019-08-27 10:00:00,0.007,2.678
2019-08-27 11:00:00,0.007,2.704
2019-08-27 12:00:00,0.015,3.138
2019-08-27 13:00:00,0.025,3.529
2019-08-27 14:00:00,0.038,3.906
2019-08-27 15:00:00,0.057,4.349
2019-08-27 16:00:00,0.078,4.736
2019-08-27 17:00:00,0.099,5.051
2019-08-27 18:00:00,0.131,5.51
2019-08-27 19:00:00,0.182,6.088
2019-08-27 20:00:00,0.233,6.594
2019-08-27 21:00:00,0.283,7.039
2019-08-27 22:00:00,0.321,7.357
2019-08-27 23:00:00,0.335,7.47
2019-08-28 00:00:00,0.328,7.407
2019-08-28 01:00:00,0.358,7.639
2019-08-28 02:00:00,0.432,8.202
2019-08-28 03:00:00,0.426,8.157
2019-08-28 04:00:00,0.315,7.308
2019-08-28 05:00:00,0.313,7.294
2019-08-28 06:00:00,0.419,8.099
2019-08-28 07:00:00,0.511,8.789
2019-08-28 08:00:00,0.603,9.482
2019-08-28 09:00:00,0.675,10.071
2019-08-28 10:00:00,0.747,10.75
2019-08-28 11:00:00,0.799,11.321
2019-08-28 12:00:00,0.851,12.021
2019-08-28 13:00:00,0.895,12.781
2019-08-28 14:00:00,0.903,12.954
2019-08-28 15:00:00,0.881,12.518
2019-08-28 16:00:00,0.822,11.611
2019-08-28 17:00:00,0.785,11.146
2019-08-28 18:00:00,0.753,10.806
2019-08-28 19:00:00,0.711,10.394
2019-08-28 20:00:00,0.658,9.918
2019-08-28 21:00:00,0.556,9.121
2019-08-28 22:00:00,0.429,8.171
2019-08-28 23:00:00,0.329,7.415
2019-08-29 00:00:00,0.289,7.083
2019-08-29 01:00:00,0.3,7.182
2019-08-29 02:00:00,0.377,7.786
2019-08-29 03:00:00,0.472,8.491
2019-08-29 04:00:00,0.545,9.041
2019-08-29 05:00:00,0.585,9.345
2019-08-29 06:00:00,0.586,9.354
2019-08-29 07:00:00,0.591,9.388
2019-08-29 08:00:00,0.649,9.859
2019-08-29 09:00:00,0.722,10.498
2019-08-29 10:00:00,0.785,11.15
2019-08-29 11:00:00,0.835,11.789
2019-08-29 12:00:00,0.867,12.281
2019-08-29 13:00:00,0.894,12.756
2019-08-29 14:00:00,0.91,13.092
2019-08-29 15:00:00,0.917,13.262
2019-08-29 16:00:00,0.927,13.506
2019-08-29 17:00:00,0.943,13.966
2019-08-29 18:00:00,0.966,14.875
2019-08-29 19:00:00,0.975,15.41
2019-08-29 20:00:00,0.967,14.941
2019-08-29 21:00:00,0.923,13.422
2019-08-29 22:00:00,0.911,13.133
2019-08-29 23:00:00,0.921,13.363
2019-08-30 00:00:00,0.925,13.458
2019-08-30 01:00:00,0.915,13.215
2019-08-30 02:00:00,0.914,13.19
2019-08-30 03:00:00,0.92,13.337
2019-08-30 04:00:00,0.921,13.358
2019-08-30 05:00:00,0.921,13.35
2019-08-30 06:00:00,0.932,13.649
2019-08-30 07:00:00,0.927,13.512
2019-08-30 08:00:00,0.943,13.986
2019-08-30 09:00:00,0.96,14.627
2019-08-30 10:00:00,0.977,15.514
2019-08-30 11:00:00,0.986,16.435
2019-08-30 12:00:00,0.986,16.374
2019-08-30 13:00:00,0.982,15.912
2019-08-30 14:00:00,0.971,15.156
2019-08-30 15:00:00,0.959,14.581
2019-08-30 16:00:00,0.946,14.087
2019-08-30 17:00:00,0.93,13.584
2019-08-30 18:00:00,0.912,13.136
2019-08-30 19:00:00,0.881,12.504
2019-08-30 20:00:00,0.851,12.02
2019-08-30 21:00:00,0.827,11.676
2019-08-30 22:00:00,0.825,11.648
2019-08-30 23:00:00,0.872,12.357
2019-08-31 00:00:00,0.917,13.256
2019-08-31 01:00:00,0.952,14.274
2019-08-31 02:00:00,0.964,14.802
2019-08-31 03:00:00,0.96,14.602
2019-08-31 04:00:00,0.953,14.327
2019-08-31 05:00:00,0.944,14.023
2019-08-31 06:00:00,0.939,13.859
2019-08-31 07:00:00,0.951,14.271
2019-08-31 08:00:00,0.963,14.742
2019-08-31 09:00:00,0.974,15.34
2019-08-31 10:00:00,0.982,15.957
2019-08-31 11:00:00,0.981,15.862
2019-08-31 12:00:00,0.972,15.205
2019-08-31 13:00:00,0.975,15.427
2019-08-31 14:00:00,0.983,16.015
2019-08-31 15:00:00,0.96,14.631
2019-08-31 16:00:00,0.912,13.139
2019-08-31 17:00:00,0.866,12.258
2019-08-31 18:00:00,0.818,11.559
2019-08-31 19:00:00,0.804,11.378
2019-08-31 20:00:00,0.818,11.562
2019-08-31 21:00:00,0.858,12.125
2019-08-31 22:00:00,0.869,12.305
2019-08-31 23:00:00,0.871,12.328
2019-09-01 00:00:00,0.875,12.411
2019-09-01 01:00:00,0.885,12.586
2019-09-01 02:00:00,0.89,12.683
2019-09-01 03:00:00,0.891,12.707
2019-09-01 04:00:00,0.881,12.518
2019-09-01 05:00:00,0.862,12.199
2019-09-01 06:00:00,0.84,11.866
2019-09-01 07:00:00,0.817,11.531
2019-09-01 08:00:00,0.769,10.976
2019-09-01 09:00:00,0.686,10.164
2019-09-01 10:00:00,0.571,9.233
2019-09-01 11:00:00,0.438,8.248
2019-09-01 12:00:00,0.328,7.406
2019-09-01 13:00:00,0.255,6.796
2019-09-01 14:00:00,0.203,6.309
2019-09-01 15:00:00,0.166,5.916
2019-09-01 16:00:00,0.139,5.606
2019-09-01 17:00:00,0.118,5.327
2019-09-01 18:00:00,0.094,4.985
2019-09-01 19:00:00,0.079,4.743
2019-09-01 20:00:00,0.08,4.761
2019-09-01 21:00:00,0.118,5.325
2019-09-01 22:00:00,0.195,6.227
2019-09-01 23:00:00,0.27,6.926
2019-09-02 00:00:00,0.297,7.16
2019-09-02 01:00:00,0.304,7.216
2019-09-02 02:00:00,0.313,7.288
2019-09-02 03:00:00,0.296,7.144
2019-09-02 04:00:00,0.31,7.267
2019-09-02 05:00:00,0.379,7.805
2019-09-02 06:00:00,0.451,8.343
2019-09-02 07:00:00,0.497,8.676
2019-09-02 08:00:00,0.572,9.237
2019-09-02 09:00:00,0.677,10.083
2019-09-02 10:00:00,0.782,11.114
2019-09-02 11:00:00,0.864,12.222
2019-09-02 12:00:00,0.926,13.479
2019-09-02 13:00:00,0.964,14.785
2019-09-02 14:00:00,0.979,15.732
2019-09-02 15:00:00,0.986,16.351
2019-09-02 16:00:00,0.987,16.644
2019-09-02 17:00:00,0.987,16.58
2019-09-02 18:00:00,0.985,16.293
2019-09-02 19:00:00,0.981,15.91
2019-09-02 20:00:00,0.974,15.368
2019-09-02 21:00:00,0.968,15.008
2019-09-02 22:00:00,0.944,14.025
2019-09-02 23:00:00,0.933,13.676
2019-09-03 00:00:00,0.913,13.168
2019-09-03 01:00:00,0.837,11.821
2019-09-03 02:00:00,0.747,10.747
2019-09-03 03:00:00,0.612,9.552
2019-09-03 04:00:00,0.484,8.575
2019-09-03 05:00:00,0.302,7.195
2019-09-03 06:00:00,0.179,6.061
2019-09-03 07:00:00,0.104,5.14
2019-09-03 08:00:00,0.107,5.18
2019-09-03 09:00:00,0.142,5.645
2019-09-03 10:00:00,0.203,6.308
2019-09-03 11:00:00,0.309,7.254
2019-09-03 12:00:00,0.43,8.191
2019-09-03 13:00:00,0.549,9.072
2019-09-03 14:00:00,0.633,9.721
2019-09-03 15:00:00,0.684,10.147
2019-09-03 16:00:00,0.714,10.419
2019-09-03 17:00:00,0.738,10.655
2019-09-03 18:00:00,0.766,10.95
2019-09-03 19:00:00,0.791,11.228
2019-09-03 20:00:00,0.796,11.278
2019-09-03 21:00:00,0.779,11.092
2019-09-03 22:00:00,0.735,10.622
2019-09-03 23:00:00,0.663,9.973
2019-09-04 00:00:00,0.59,9.38
2019-09-04 01:00:00,0.598,9.436
2019-09-04 02:00:00,0.773,11.022
2019-09-04 03:00:00,0.794,11.258
2019-09-04 04:00:00,0.687,10.171
2019-09-04 05:00:00,0.666,10.002
2019-09-04 06:00:00,0.716,10.449
2019-09-04 07:00:00,0.692,10.222
2019-09-04 08:00:00,0.66,9.943
2019-09-04 09:00:00,0.68,10.116
2019-09-04 10:00:00,0.666,9.996
2019-09-04 11:00:00,0.582,9.323
2019-09-04 12:00:00,0.418,8.097
2019-09-04 13:00:00,0.171,5.967
2019-09-04 14:00:00,0.062,4.443
2019-09-04 15:00:00,0.177,6.041
2019-09-04 16:00:00,0.523,8.876
2019-09-04 17:00:00,0.796,11.289
2019-09-04 18:00:00,0.951,14.266
2019-09-04 19:00:00,0.989,17.453
2019-09-04 20:00:00,0.987,17.975
2019-09-04 21:00:00,0.989,17.571
2019-09-04 22:00:00,0.989,17.19
2019-09-04 23:00:00,0.988,16.792
2019-09-05 00:00:00,0.986,16.423
2019-09-05 01:00:00,0.979,15.675
2019-09-05 02:00:00,0.962,14.69
2019-09-05 03:00:00,0.944,14.018
2019-09-05 04:00:00,0.927,13.516
2019-09-05 05:00:00,0.903,12.946
2019-09-05 06:00:00,0.863,12.205
2019-09-05 07:00:00,0.82,11.575
2019-09-05 08:00:00,0.768,10.965
2019-09-05 09:00:00,0.727,10.548
2019-09-05 10:00:00,0.717,10.451
2019-09-05 11:00:00,0.733,10.601
2019-09-05 12:00:00,0.754,10.82
2019-09-05 13:00:00,0.785,11.157
2019-09-05 14:00:00,0.787,11.186
2019-09-05 15:00:00,0.765,10.932
2019-09-05 16:00:00,0.797,11.294
2019-09-05 17:00:00,0.835,11.778
2019-09-05 18:00:00,0.877,12.456
2019-09-05 19:00:00,0.878,12.458
2019-09-05 20:00:00,0.85,11.999
2019-09-05 21:00:00,0.773,11.021
2019-09-05 22:00:00,0.791,11.226
2019-09-05 23:00:00,0.876,12.424
2019-09-06 00:00:00,0.934,13.703
2019-09-06 01:00:00,0.968,14.991
2019-09-06 02:00:00,0.983,16.092
2019-09-06 03:00:00,0.984,16.149
2019-09-06 04:00:00,0.975,15.428
2019-09-06 05:00:00,0.956,14.427
2019-09-06 06:00:00,0.947,14.128
2019-09-06 07:00:00,0.935,13.725
2019-09-06 08:00:00,0.891,12.712
2019-09-06 09:00:00,0.862,12.195
2019-09-06 10:00:00,0.841,11.873
2019-09-06 11:00:00,0.809,11.443
2019-09-06 12:00:00,0.779,11.087
2019-09-06 13:00:00,0.767,10.955
2019-09-06 14:00:00,0.795,11.271
2019-09-06 15:00:00,0.818,11.562
2019-09-06 16:00:00,0.795,11.269
2019-09-06 17:00:00,0.76,10.872
2019-09-06 18:00:00,0.756,10.84
2019-09-06 19:00:00,0.778,11.075
2019-09-06 20:00:00,0.761,10.888
2019-09-06 21:00:00,0.775,11.04
2019-09-06 22:00:00,0.826,11.649
2019-09-06 23:00:00,0.841,11.874
2019-09-07 00:00:00,0.857,12.115
2019-09-07 01:00:00,0.867,12.279
2019-09-07 02:00:00,0.881,12.51
2019-09-07 03:00:00,0.882,12.536
2019-09-07 04:00:00,0.868,12.285
2019-09-07 05:00:00,0.846,11.952
2019-09-07 06:00:00,0.836,11.807
2019-09-07 07:00:00,0.817,11.53
2019-09-07 08:00:00,0.761,10.885
2019-09-07 09:00:00,0.695,10.25
2019-09-07 10:00:00,0.6,9.455
2019-09-07 11:00:00,0.522,8.872
2019-09-07 12:00:00,0.465,8.449
2019-09-07 13:00:00,0.408,8.021
2019-09-07 14:00:00,0.33,7.425
2019-09-07 15:00:00,0.247,6.722
2019-09-07 16:00:00,0.196,6.233
2019-09-07 17:00:00,0.172,5.978
2019-09-07 18:00:00,0.176,6.024
2019-09-07 19:00:00,0.173,5.999
2019-09-07 20:00:00,0.136,5.556
2019-09-07 21:00:00,0.094,4.993
2019-09-07 22:00:00,0.066,4.52
2019-09-07 23:00:00,0.037,3.886
2019-09-08 00:00:00,0.015,3.145
2019-09-08 01:00:00,0.01,2.911
2019-09-08 02:00:00,0.012,3.002
2019-09-08 03:00:00,0.017,3.237
2019-09-08 04:00:00,0.021,3.383
2019-09-08 05:00:00,0.023,3.455
2019-09-08 06:00:00,0.023,3.473
2019-09-08 07:00:00,0.034,3.803
2019-09-08 08:00:00,0.066,4.523
2019-09-08 09:00:00,0.079,4.747
2019-09-08 10:00:00,0.089,4.92
2019-09-08 11:00:00,0.107,5.185
2019-09-08 12:00:00,0.115,5.287
2019-09-08 13:00:00,0.131,5.508
2019-09-08 14:00:00,0.165,5.914
2019-09-08 15:00:00,0.208,6.356
2019-09-08 16:00:00,0.272,6.94
2019-09-08 17:00:00,0.367,7.717
2019-09-08 18:00:00,0.452,8.348
2019-09-08 19:00:00,0.509,8.772
2019-09-08 20:00:00,0.544,9.027
2019-09-08 21:00:00,0.561,9.158
2019-09-08 22:00:00,0.569,9.223
2019-09-08 23:00:00,0.553,9.103
2019-09-09 00:00:00,0.532,8.945
2019-09-09 01:00:00,0.506,8.747
2019-09-09 02:00:00,0.472,8.501
2019-09-09 03:00:00,0.443,8.279
2019-09-09 04:00:00,0.422,8.127
2019-09-09 05:00:00,0.406,8.006
2019-09-09 06:00:00,0.393,7.913
2019-09-09 07:00:00,0.371,7.74
2019-09-09 08:00:00,0.349,7.572
2019-09-09 09:00:00,0.319,7.338
2019-09-09 10:00:00,0.279,7.002
2019-09-09 11:00:00,0.218,6.454
2019-09-09 12:00:00,0.161,5.864
2019-09-09 13:00:00,0.124,5.414
2019-09-09 14:00:00,0.115,5.288
2019-09-09 15:00:00,0.126,5.437
2019-09-09 16:00:00,0.141,5.628
2019-09-09 17:00:00,0.145,5.677
2019-09-09 18:00:00,0.138,5.588
2019-09-09 19:00:00,0.128,5.472
2019-09-09 20:00:00,0.122,5.384
2019-09-09 21:00:00,0.113,5.272
2019-09-09 22:00:00,0.102,5.107
2019-09-09 23:00:00,0.088,4.893
2019-09-10 00:00:00,0.068,4.557
2019-09-10 01:00:00,0.047,4.121
2019-09-10 02:00:00,0.03,3.692
2019-09-10 03:00:00,0.028,3.62
2019-09-10 04:00:00,0.028,3.632
2019-09-10 05:00:00,0.03,3.697
2019-09-10 06:00:00,0.035,3.824
2019-09-10 07:00:00,0.038,3.916
2019-09-10 08:00:00,0.031,3.725
2019-09-10 09:00:00,0.017,3.211
2019-09-10 10:00:00,0.006,2.603
2019-09-10 11:00:00,0.012,2.98
2019-09-10 12:00:00,0.057,4.349
2019-09-10 13:00:00,0.135,5.547
2019-09-10 14:00:00,0.194,6.222
2019-09-10 15:00:00,0.234,6.608
2019-09-10 16:00:00,0.388,7.872
2019-09-10 17:00:00,0.577,9.285
2019-09-10 18:00:00,0.723,10.516
2019-09-10 19:00:00,0.839,11.852
2019-09-10 20:00:00,0.903,12.953
2019-09-10 21:00:00,0.947,14.122
2019-09-10 22:00:00,0.967,14.939
2019-09-10 23:00:00,0.981,15.877
2019-09-11 00:00:00,0.983,16.047
2019-09-11 01:00:00,0.98,15.746
2019-09-11 02:00:00,0.974,15.319
2019-09-11 03:00:00,0.971,15.18
2019-09-11 04:00:00,0.967,14.924
2019-09-11 05:00:00,0.961,14.651
2019-09-11 06:00:00,0.952,14.291
2019-09-11 07:00:00,0.933,13.666
2019-09-11 08:00:00,0.923,13.415
2019-09-11 09:00:00,0.931,13.62
2019-09-11 10:00:00,0.92,13.339
2019-09-11 11:00:00,0.91,13.088
2019-09-11 12:00:00,0.902,12.931
2019-09-11 13:00:00,0.901,12.91
2019-09-11 14:00:00,0.914,13.175
2019-09-11 15:00:00,0.92,13.341
2019-09-11 16:00:00,0.91,13.085
2019-09-11 17:00:00,0.898,12.834
2019-09-11 18:00:00,0.908,13.062
2019-09-11 19:00:00,0.894,12.754
2019-09-11 20:00:00,0.843,11.895
2019-09-11 21:00:00,0.845,11.92
2019-09-11 22:00:00,0.83,11.721
2019-09-11 23:00:00,0.809,11.448
2019-09-12 00:00:00,0.774,11.039
2019-09-12 01:00:00,0.758,10.854
2019-09-12 02:00:00,0.735,10.627
2019-09-12 03:00:00,0.689,10.189
2019-09-12 04:00:00,0.644,9.817
2019-09-12 05:00:00,0.642,9.799
2019-09-12 06:00:00,0.639,9.772
2019-09-12 07:00:00,0.616,9.588
2019-09-12 08:00:00,0.581,9.315
2019-09-12 09:00:00,0.552,9.096
2019-09-12 10:00:00,0.535,8.968
2019-09-12 11:00:00,0.5,8.702
2019-09-12 12:00:00,0.413,8.055
2019-09-12 13:00:00,0.242,6.676
2019-09-12 14:00:00,0.112,5.251
2019-09-12 15:00:00,0.108,5.194
2019-09-12 16:00:00,0.229,6.564
2019-09-12 17:00:00,0.444,8.286
2019-09-12 18:00:00,0.631,9.702
2019-09-12 19:00:00,0.738,10.661
2019-09-12 20:00:00,0.778,11.076
2019-09-12 21:00:00,0.773,11.021
2019-09-12 22:00:00,0.712,10.409
2019-09-12 23:00:00,0.66,9.938
2019-09-13 00:00:00,0.667,10.009
2019-09-13 01:00:00,0.653,9.887
2019-09-13 02:00:00,0.665,9.988
2019-09-13 03:00:00,0.647,9.828
2019-09-13 04:00:00,0.671,10.042
2019-09-13 05:00:00,0.699,10.29
2019-09-13 06:00:00,0.68,10.117
2019-09-13 07:00:00,0.633,9.718
2019-09-13 08:00:00,0.599,9.451
2019-09-13 09:00:00,0.575,9.268
2019-09-13 10:00:00,0.573,9.253
2019-09-13 11:00:00,0.558,9.135
2019-09-13 12:00:00,0.525,8.889
2019-09-13 13:00:00,0.553,9.099
2019-09-13 14:00:00,0.589,9.375
2019-09-13 15:00:00,0.608,9.512
2019-09-13 16:00:00,0.628,9.677
2019-09-13 17:00:00,0.586,9.355
2019-09-13 18:00:00,0.604,9.487
2019-09-13 19:00:00,0.588,9.368
2019-09-13 20:00:00,0.566,9.202
2019-09-13 21:00:00,0.534,8.957
2019-09-13 22:00:00,0.519,8.846
2019-09-13 23:00:00,0.46,8.409
2019-09-14 00:00:00,0.417,8.082
2019-09-14 01:00:00,0.404,7.996
2019-09-14 02:00:00,0.451,8.342
2019-09-14 03:00:00,0.513,8.796
2019-09-14 04:00:00,0.56,9.145
2019-09-14 05:00:00,0.608,9.513
2019-09-14 06:00:00,0.633,9.712
2019-09-14 07:00:00,0.707,10.353
2019-09-14 08:00:00,0.802,11.355
2019-09-14 09:00:00,0.84,11.857
2019-09-14 10:00:00,0.869,12.315
2019-09-14 11:00:00,0.898,12.828
2019-09-14 12:00:00,0.915,13.226
2019-09-14 13:00:00,0.953,14.316
2019-09-14 14:00:00,0.975,15.438
2019-09-14 15:00:00,0.98,15.795
2019-09-14 16:00:00,0.985,16.306
2019-09-14 17:00:00,0.987,16.523
2019-09-14 18:00:00,0.987,16.594
2019-09-14 19:00:00,0.987,16.505
2019-09-14 20:00:00,0.984,16.142
2019-09-14 21:00:00,0.973,15.298
2019-09-14 22:00:00,0.947,14.12
2019-09-14 23:00:00,0.932,13.656
2019-09-15 00:00:00,0.947,14.129
2019-09-15 01:00:00,0.963,14.737
2019-09-15 02:00:00,0.966,14.873
2019-09-15 03:00:00,0.962,14.691
2019-09-15 04:00:00,0.965,14.814
2019-09-15 05:00:00,0.944,14.023
2019-09-15 06:00:00,0.92,13.341
2019-09-15 07:00:00,0.91,13.094
2019-09-15 08:00:00,0.901,12.897
2019-09-15 09:00:00,0.913,13.154
2019-09-15 10:00:00,0.901,12.908
2019-09-15 11:00:00,0.885,12.58
2019-09-15 12:00:00,0.872,12.347
2019-09-15 13:00:00,0.807,11.415
2019-09-15 14:00:00,0.705,10.34
2019-09-15 15:00:00,0.612,9.556
2019-09-15 16:00:00,0.523,8.875
2019-09-15 17:00:00,0.446,8.306
2019-09-15 18:00:00,0.449,8.322
2019-09-15 19:00:00,0.454,8.368
2019-09-15 20:00:00,0.463,8.422
2019-09-15 21:00:00,0.467,8.461
2019-09-15 22:00:00,0.46,8.404
2019-09-15 23:00:00,0.4,7.964
2019-09-16 00:00:00,0.336,7.474
2019-09-16 01:00:00,0.299,7.175
2019-09-16 02:00:00,0.286,7.07
2019-09-16 03:00:00,0.302,7.191
2019-09-16 04:00:00,0.348,7.567
2019-09-16 05:00:00,0.407,8.019
2019-09-16 06:00:00,0.461,8.416
2019-09-16 07:00:00,0.496,8.67
2019-09-16 08:00:00,0.548,9.054
2019-09-16 09:00:00,0.613,9.562
2019-09-16 10:00:00,0.65,9.863
2019-09-16 11:00:00,0.677,10.079
2019-09-16 12:00:00,0.672,10.054
2019-09-16 13:00:00,0.677,10.091
2019-09-16 14:00:00,0.714,10.427
2019-09-16 15:00:00,0.755,10.825
2019-09-16 16:00:00,0.779,11.081
2019-09-16 17:00:00,0.806,11.407
2019-09-16 18:00:00,0.82,11.581
2019-09-16 19:00:00,0.814,11.501
2019-09-16 20:00:00,0.808,11.431
2019-09-16 21:00:00,0.819,11.57
2019-09-16 22:00:00,0.844,11.917
2019-09-16 23:00:00,0.85,11.992
2019-09-17 00:00:00,0.84,11.859
2019-09-17 01:00:00,0.832,11.743
2019-09-17 02:00:00,0.835,11.792
2019-09-17 03:00:00,0.843,11.908
2019-09-17 04:00:00,0.859,12.146
2019-09-17 05:00:00,0.864,12.228
2019-09-17 06:00:00,0.864,12.234
2019-09-17 07:00:00,0.868,12.298
2019-09-17 08:00:00,0.871,12.334
2019-09-17 09:00:00,0.849,11.988
2019-09-17 10:00:00,0.803,11.368
2019-09-17 11:00:00,0.73,10.573
2019-09-17 12:00:00,0.625,9.655
2019-09-17 13:00:00,0.528,8.9
2019-09-17 14:00:00,0.437,8.236
2019-09-17 15:00:00,0.34,7.502
2019-09-17 16:00:00,0.248,6.727
2019-09-17 17:00:00,0.179,6.063
2019-09-17 18:00:00,0.129,5.478
2019-09-17 19:00:00,0.088,4.904
2019-09-17 20:00:00,0.056,4.316
2019-09-17 21:00:00,0.029,3.642
2019-09-17 22:00:00,0.016,3.183
2019-09-17 23:00:00,0.016,3.178
2019-09-18 00:00:00,0.022,3.417
2019-09-18 01:00:00,0.027,3.598
2019-09-18 02:00:00,0.026,3.555
2019-09-18 03:00:00,0.02,3.358
2019-09-18 04:00:00,0.011,2.957
2019-09-18 05:00:00,0.008,2.76
2019-09-18 06:00:00,0.009,2.829
2019-09-18 07:00:00,0.012,3.019
2019-09-18 08:00:00,0.018,3.291
2019-09-18 09:00:00,0.03,3.68
2019-09-18 10:00:00,0.047,4.126
2019-09-18 11:00:00,0.074,4.669
2019-09-18 12:00:00,0.104,5.142
2019-09-18 13:00:00,0.128,5.453
2019-09-18 14:00:00,0.142,5.638
2019-09-18 15:00:00,0.144,5.667
2019-09-18 16:00:00,0.135,5.552
2019-09-18 17:00:00,0.126,5.435
2019-09-18 18:00:00,0.11,5.225
2019-09-18 19:00:00,0.09,4.933
2019-09-18 20:00:00,0.087,4.877
2019-09-18 21:00:00,0.084,4.839
2019-09-18 22:00:00,0.076,4.698
2019-09-18 23:00:00,0.064,4.49
2019-09-19 00:00:00,0.077,4.712
2019-09-19 01:00:00,0.111,5.236
2019-09-19 02:00:00,0.152,5.759
2019-09-19 03:00:00,0.198,6.255
2019-09-19 04:00:00,0.222,6.495
2019-09-19 05:00:00,0.232,6.586
2019-09-19 06:00:00,0.234,6.609
2019-09-19 07:00:00,0.212,6.398
2019-09-19 08:00:00,0.183,6.1
2019-09-19 09:00:00,0.18,6.073
2019-09-19 10:00:00,0.19,6.179
2019-09-19 11:00:00,0.194,6.221
2019-09-19 12:00:00,0.184,6.119
2019-09-19 13:00:00,0.172,5.988
2019-09-19 14:00:00,0.165,5.908
2019-09-19 15:00:00,0.16,5.853
2019-09-19 16:00:00,0.164,5.901
2019-09-19 17:00:00,0.194,6.215
2019-09-19 18:00:00,0.246,6.721
2019-09-19 19:00:00,0.303,7.208
2019-09-19 20:00:00,0.344,7.537
2019-09-19 21:00:00,0.362,7.675
2019-09-19 22:00:00,0.341,7.506
2019-09-19 23:00:00,0.282,7.036
2019-09-20 00:00:00,0.209,6.366
2019-09-20 01:00:00,0.148,5.719
2019-09-20 02:00:00,0.109,5.206
2019-09-20 03:00:00,0.083,4.821
2019-09-20 04:00:00,0.069,4.574
2019-09-20 05:00:00,0.059,4.386
2019-09-20 06:00:00,0.056,4.324
2019-09-20 07:00:00,0.062,4.443
2019-09-20 08:00:00,0.07,4.592
2019-09-20 09:00:00,0.073,4.64
2019-09-20 10:00:00,0.08,4.762
2019-09-20 11:00:00,0.099,5.058
2019-09-20 12:00:00,0.125,5.424
2019-09-20 13:00:00,0.166,5.921
2019-09-20 14:00:00,0.227,6.546
2019-09-20 15:00:00,0.308,7.242
2019-09-20 16:00:00,0.403,7.986
2019-09-20 17:00:00,0.521,8.861
2019-09-20 18:00:00,0.642,9.8
2019-09-20 19:00:00,0.729,10.571
2019-09-20 20:00:00,0.771,10.988
2019-09-20 21:00:00,0.777,11.062
2019-09-20 22:00:00,0.764,10.921
2019-09-20 23:00:00,0.753,10.805
2019-09-21 00:00:00,0.748,10.753
2019-09-21 01:00:00,0.744,10.72
2019-09-21 02:00:00,0.745,10.725
2019-09-21 03:00:00,0.749,10.758
2019-09-21 04:00:00,0.757,10.843
2019-09-21 05:00:00,0.764,10.927
2019-09-21 06:00:00,0.771,10.998
2019-09-21 07:00:00,0.774,11.039
2019-09-21 08:00:00,0.784,11.14
2019-09-21 09:00:00,0.803,11.365
2019-09-21 10:00:00,0.81,11.451
2019-09-21 11:00:00,0.822,11.614
2019-09-21 12:00:00,0.836,11.808
2019-09-21 13:00:00,0.849,11.989
2019-09-21 14:00:00,0.859,12.139
2019-09-21 15:00:00,0.86,12.165
2019-09-21 16:00:00,0.865,12.239
2019-09-21 17:00:00,0.877,12.452
2019-09-21 18:00:00,0.885,12.579
2019-09-21 19:00:00,0.881,12.509
2019-09-21 20:00:00,0.863,12.207
2019-09-21 21:00:00,0.833,11.756
2019-09-21 22:00:00,0.793,11.241
2019-09-21 23:00:00,0.749,10.768
2019-09-22 00:00:00,0.714,10.424
2019-09-22 01:00:00,0.687,10.178
2019-09-22 02:00:00,0.667,10.008
2019-09-22 03:00:00,0.651,9.873
2019-09-22 04:00:00,0.641,9.789
2019-09-22 05:00:00,0.641,9.785
2019-09-22 06:00:00,0.652,9.884
2019-09-22 07:00:00,0.663,9.971
2019-09-22 08:00:00,0.668,10.018
2019-09-22 09:00:00,0.67,10.033
2019-09-22 10:00:00,0.662,9.955
2019-09-22 11:00:00,0.663,9.968
2019-09-22 12:00:00,0.685,10.156
2019-09-22 13:00:00,0.713,10.413
2019-09-22 14:00:00,0.728,10.558
2019-09-22 15:00:00,0.711,10.395
2019-09-22 16:00:00,0.66,9.951
2019-09-22 17:00:00,0.64,9.782
2019-09-22 18:00:00,0.658,9.92
2019-09-22 19:00:00,0.652,9.884
2019-09-22 20:00:00,0.604,9.485
2019-09-22 21:00:00,0.556,9.12
2019-09-22 22:00:00,0.528,8.9
2019-09-22 23:00:00,0.509,8.768
2019-09-23 00:00:00,0.47,8.483
2019-09-23 01:00:00,0.41,8.042
2019-09-23 02:00:00,0.366,7.705
2019-09-23 03:00:00,0.374,7.77
2019-09-23 04:00:00,0.422,8.119
2019-09-23 05:00:00,0.443,8.278
2019-09-23 06:00:00,0.407,8.018
2019-09-23 07:00:00,0.361,7.663
2019-09-23 08:00:00,0.296,7.139
2019-09-23 09:00:00,0.281,7.024
2019-09-23 10:00:00,0.351,7.586
2019-09-23 11:00:00,0.437,8.235
2019-09-23 12:00:00,0.482,8.567
2019-09-23 13:00:00,0.522,8.871
2019-09-23 14:00:00,0.579,9.299
2019-09-23 15:00:00,0.599,9.453
2019-09-23 16:00:00,0.626,9.664
2019-09-23 17:00:00,0.656,9.911
2019-09-23 18:00:00,0.702,10.317
2019-09-23 19:00:00,0.75,10.783
2019-09-23 20:00:00,0.795,11.261
2019-09-23 21:00:00,0.843,11.894
2019-09-23 22:00:00,0.877,12.45
2019-09-23 23:00:00,0.907,13.023
2019-09-24 00:00:00,0.915,13.213
2019-09-24 01:00:00,0.903,12.956
2019-09-24 02:00:00,0.887,12.636
2019-09-24 03:00:00,0.846,11.939
2019-09-24 04:00:00,0.815,11.523
2019-09-24 05:00:00,0.751,10.788
2019-09-24 06:00:00,0.717,10.451
2019-09-24 07:00:00,0.7,10.293
2019-09-24 08:00:00,0.682,10.14
2019-09-24 09:00:00,0.647,9.835
2019-09-24 10:00:00,0.608,9.518
2019-09-24 11:00:00,0.615,9.576
2019-09-24 12:00:00,0.654,9.893
2019-09-24 13:00:00,0.665,9.991
2019-09-24 14:00:00,0.65,9.862
2019-09-24 15:00:00,0.649,9.858
2019-09-24 16:00:00,0.68,10.12
2019-09-24 17:00:00,0.71,10.391
2019-09-24 18:00:00,0.714,10.421
2019-09-24 19:00:00,0.689,10.189
2019-09-24 20:00:00,0.667,10.009
2019-09-24 21:00:00,0.659,9.934
2019-09-24 22:00:00,0.66,9.947
2019-09-24 23:00:00,0.652,9.878
2019-09-25 00:00:00,0.602,9.473
2019-09-25 01:00:00,0.542,9.014
2019-09-25 02:00:00,0.48,8.552
2019-09-25 03:00:00,0.443,8.279
2019-09-25 04:00:00,0.435,8.224
2019-09-25 05:00:00,0.487,8.608
2019-09-25 06:00:00,0.578,9.294
2019-09-25 07:00:00,0.663,9.962
2019-09-25 08:00:00,0.705,10.329
2019-09-25 09:00:00,0.717,10.447
2019-09-25 10:00:00,0.714,10.428
2019-09-25 11:00:00,0.696,10.258
2019-09-25 12:00:00,0.675,10.074
2019-09-25 13:00:00,0.671,10.037
2019-09-25 14:00:00,0.668,10.014
2019-09-25 15:00:00,0.668,10.017
2019-09-25 16:00:00,0.685,10.151
2019-09-25 17:00:00,0.701,10.308
2019-09-25 18:00:00,0.714,10.422
2019-09-25 19:00:00,0.709,10.378
2019-09-25 20:00:00,0.692,10.228
2019-09-25 21:00:00,0.684,10.148
2019-09-25 22:00:00,0.685,10.162
2019-09-25 23:00:00,0.697,10.266
2019-09-26 00:00:00,0.702,10.317
2019-09-26 01:00:00,0.708,10.365
2019-09-26 02:00:00,0.722,10.501
2019-09-26 03:00:00,0.742,10.694
2019-09-26 04:00:00,0.753,10.814
2019-09-26 05:00:00,0.769,10.975
2019-09-26 06:00:00,0.793,11.25
2019-09-26 07:00:00,0.747,10.742
2019-09-26 08:00:00,0.594,9.405
2019-09-26 09:00:00,0.466,8.458
2019-09-26 10:00:00,0.483,8.57
2019-09-26 11:00:00,0.579,9.295
2019-09-26 12:00:00,0.613,9.566
2019-09-26 13:00:00,0.638,9.763
2019-09-26 14:00:00,0.677,10.08
2019-09-26 15:00:00,0.677,10.085
2019-09-26 16:00:00,0.687,10.18
2019-09-26 17:00:00,0.71,10.386
2019-09-26 18:00:00,0.701,10.303
2019-09-26 19:00:00,0.68,10.115
2019-09-26 20:00:00,0.665,9.991
2019-09-26 21:00:00,0.681,10.127
2019-09-26 22:00:00,0.707,10.355
2019-09-26 23:00:00,0.689,10.197
2019-09-27 00:00:00,0.652,9.878
2019-09-27 01:00:00,0.63,9.691
2019-09-27 02:00:00,0.612,9.555
2019-09-27 03:00:00,0.609,9.53
2019-09-27 04:00:00,0.602,9.475
2019-09-27 05:00:00,0.593,9.396
2019-09-27 06:00:00,0.568,9.214
2019-09-27 07:00:00,0.514,8.809
2019-09-27 08:00:00,0.438,8.249
2019-09-27 09:00:00,0.338,7.487
2019-09-27 10:00:00,0.247,6.725
2019-09-27 11:00:00,0.196,6.233
2019-09-27 12:00:00,0.197,6.245
2019-09-27 13:00:00,0.224,6.514
2019-09-27 14:00:00,0.242,6.677
2019-09-27 15:00:00,0.212,6.403
2019-09-27 16:00:00,0.111,5.239
2019-09-27 17:00:00,0.053,4.264
2019-09-27 18:00:00,0.089,4.922
2019-09-27 19:00:00,0.274,6.967
2019-09-27 20:00:00,0.502,8.716
2019-09-27 21:00:00,0.611,9.546
2019-09-27 22:00:00,0.617,9.593
2019-09-27 23:00:00,0.602,9.478
2019-09-28 00:00:00,0.591,9.391
2019-09-28 01:00:00,0.558,9.138
2019-09-28 02:00:00,0.463,8.428
2019-09-28 03:00:00,0.342,7.514
2019-09-28 04:00:00,0.31,7.266
2019-09-28 05:00:00,0.278,7.002
2019-09-28 06:00:00,0.291,7.101
2019-09-28 07:00:00,0.351,7.581
2019-09-28 08:00:00,0.419,8.11
2019-09-28 09:00:00,0.522,8.87
2019-09-28 10:00:00,0.633,9.726
2019-09-28 11:00:00,0.717,10.456
2019-09-28 12:00:00,0.742,10.701
2019-09-28 13:00:00,0.714,10.422
2019-09-28 14:00:00,0.683,10.144
2019-09-28 15:00:00,0.668,10.019
2019-09-28 16:00:00,0.633,9.717
2019-09-28 17:00:00,0.537,8.981
2019-09-28 18:00:00,0.48,8.554
2019-09-28 19:00:00,0.392,7.907
2019-09-28 20:00:00,0.285,7.056
2019-09-28 21:00:00,0.188,6.159
2019-09-28 22:00:00,0.108,5.191
2019-09-28 23:00:00,0.054,4.282
2019-09-29 00:00:00,0.04,3.955
2019-09-29 01:00:00,0.071,4.606
2019-09-29 02:00:00,0.149,5.725
2019-09-29 03:00:00,0.222,6.496
2019-09-29 04:00:00,0.261,6.846
2019-09-29 05:00:00,0.309,7.256
2019-09-29 06:00:00,0.405,8.001
2019-09-29 07:00:00,0.528,8.907
2019-09-29 08:00:00,0.622,9.637
2019-09-29 09:00:00,0.683,10.143
2019-09-29 10:00:00,0.724,10.521
2019-09-29 11:00:00,0.753,10.81
2019-09-29 12:00:00,0.783,11.134
2019-09-29 13:00:00,0.818,11.556
2019-09-29 14:00:00,0.845,11.934
2019-09-29 15:00:00,0.846,11.939
2019-09-29 16:00:00,0.828,11.686
2019-09-29 17:00:00,0.801,11.336
2019-09-29 18:00:00,0.749,10.76
2019-09-29 19:00:00,0.67,10.031
2019-09-29 20:00:00,0.593,9.4
2019-09-29 21:00:00,0.548,9.053
2019-09-29 22:00:00,0.537,8.979
2019-09-29 23:00:00,0.571,9.234
2019-09-30 00:00:00,0.62,9.619
2019-09-30 01:00:00,0.664,9.981
2019-09-30 02:00:00,0.68,10.122
2019-09-30 03:00:00,0.681,10.127
2019-09-30 04:00:00,0.667,10.011
2019-09-30 05:00:00,0.627,9.668
2019-09-30 06:00:00,0.586,9.355
2019-09-30 07:00:00,0.519,8.849
2019-09-30 08:00:00,0.466,8.457
2019-09-30 09:00:00,0.386,7.86
2019-09-30 10:00:00,0.285,7.061
2019-09-30 11:00:00,0.246,6.711
2019-09-30 12:00:00,0.196,6.229
2019-09-30 13:00:00,0.151,5.745
2019-09-30 14:00:00,0.149,5.732
2019-09-30 15:00:00,0.177,6.029
2019-09-30 16:00:00,0.191,6.182
2019-09-30 17:00:00,0.263,6.865
2019-09-30 18:00:00,0.349,7.573
2019-09-30 19:00:00,0.407,8.02
2019-09-30 20:00:00,0.464,8.435
2019-09-30 21:00:00,0.531,8.936
2019-09-30 22:00:00,0.58,9.307
2019-09-30 23:00:00,0.616,9.589
2019-10-01 00:00:00,0.646,9.825
2019-10-01 01:00:00,0.687,10.182
2019-10-01 02:00:00,0.731,10.578
2019-10-01 03:00:00,0.749,10.768
2019-10-01 04:00:00,0.736,10.639
2019-10-01 05:00:00,0.712,10.407
2019-10-01 06:00:00,0.691,10.214
2019-10-01 07:00:00,0.667,10.004
2019-10-01 08:00:00,0.629,9.684
2019-10-01 09:00:00,0.591,9.391
2019-10-01 10:00:00,0.55,9.08
2019-10-01 11:00:00,0.51,8.774
2019-10-01 12:00:00,0.509,8.759
2019-10-01 13:00:00,0.551,9.085
2019-10-01 14:00:00,0.616,9.577
2019-10-01 15:00:00,0.673,10.062
2019-10-01 16:00:00,0.735,10.624
2019-10-01 17:00:00,0.796,11.285
2019-10-01 18:00:00,0.838,11.826
2019-10-01 19:00:00,0.852,12.039
2019-10-01 20:00:00,0.851,12.015
2019-10-01 21:00:00,0.849,11.989
2019-10-01 22:00:00,0.85,12.004
2019-10-01 23:00:00,0.86,12.155
2019-10-02 00:00:00,0.871,12.332
2019-10-02 01:00:00,0.881,12.527
2019-10-02 02:00:00,0.894,12.766
2019-10-02 03:00:00,0.904,12.961
2019-10-02 04:00:00,0.918,13.277
2019-10-02 05:00:00,0.939,13.836
2019-10-02 06:00:00,0.957,14.481
2019-10-02 07:00:00,0.966,14.87
2019-10-02 08:00:00,0.968,14.977
2019-10-02 09:00:00,0.967,14.916
2019-10-02 10:00:00,0.96,14.608
2019-10-02 11:00:00,0.945,14.049
2019-10-02 12:00:00,0.918,13.277
2019-10-02 13:00:00,0.871,12.334
2019-10-02 14:00:00,0.816,11.526
2019-10-02 15:00:00,0.766,10.946
2019-10-02 16:00:00,0.729,10.568
2019-10-02 17:00:00,0.707,10.35
2019-10-02 18:00:00,0.687,10.178
2019-10-02 19:00:00,0.659,9.933
2019-10-02 20:00:00,0.621,9.624
2019-10-02 21:00:00,0.581,9.31
2019-10-02 22:00:00,0.537,8.981
2019-10-02 23:00:00,0.484,8.583
2019-10-03 00:00:00,0.412,8.052
2019-10-03 01:00:00,0.339,7.497
2019-10-03 02:00:00,0.255,6.801
2019-10-03 03:00:00,0.179,6.068
2019-10-03 04:00:00,0.128,5.465
2019-10-03 05:00:00,0.081,4.776
2019-10-03 06:00:00,0.038,3.891
2019-10-03 07:00:00,0.017,3.218
2019-10-03 08:00:00,0.01,2.865
2019-10-03 09:00:00,0.011,2.963
2019-10-03 10:00:00,0.028,3.627
2019-10-03 11:00:00,0.081,4.78
2019-10-03 12:00:00,0.159,5.839
2019-10-03 13:00:00,0.26,6.843
2019-10-03 14:00:00,0.377,7.794
2019-10-03 15:00:00,0.488,8.615
2019-10-03 16:00:00,0.586,9.349
2019-10-03 17:00:00,0.679,10.104
2019-10-03 18:00:00,0.747,10.737
2019-10-03 19:00:00,0.777,11.069
2019-10-03 20:00:00,0.788,11.187
2019-10-03 21:00:00,0.801,11.332
2019-10-03 22:00:00,0.823,11.619
2019-10-03 23:00:00,0.836,11.81
2019-10-04 00:00:00,0.844,11.913
2019-10-04 01:00:00,0.835,11.782
2019-10-04 02:00:00,0.803,11.366
2019-10-04 03:00:00,0.781,11.11
2019-10-04 04:00:00,0.774,11.034
2019-10-04 05:00:00,0.775,11.047
2019-10-04 06:00:00,0.775,11.048
2019-10-04 07:00:00,0.774,11.03
2019-10-04 08:00:00,0.785,11.161
2019-10-04 09:00:00,0.793,11.237
2019-10-04 10:00:00,0.768,10.972
2019-10-04 11:00:00,0.705,10.333
2019-10-04 12:00:00,0.594,9.406
2019-10-04 13:00:00,0.512,8.791
2019-10-04 14:00:00,0.544,9.025
2019-10-04 15:00:00,0.586,9.351
2019-10-04 16:00:00,0.569,9.222
2019-10-04 17:00:00,0.527,8.897
2019-10-04 18:00:00,0.453,8.351
2019-10-04 19:00:00,0.355,7.616
2019-10-04 20:00:00,0.302,7.2
2019-10-04 21:00:00,0.325,7.385
2019-10-04 22:00:00,0.289,7.087
2019-10-04 23:00:00,0.186,6.139
2019-10-05 00:00:00,0.133,5.523
2019-10-05 01:00:00,0.133,5.529
2019-10-05 02:00:00,0.15,5.741
2019-10-05 03:00:00,0.21,6.382
2019-10-05 04:00:00,0.27,6.92
2019-10-05 05:00:00,0.309,7.256
2019-10-05 06:00:00,0.388,7.872
2019-10-05 07:00:00,0.47,8.481
2019-10-05 08:00:00,0.53,8.919
2019-10-05 09:00:00,0.568,9.216
2019-10-05 10:00:00,0.584,9.34
2019-10-05 11:00:00,0.576,9.276
2019-10-05 12:00:00,0.569,9.221
2019-10-05 13:00:00,0.568,9.217
2019-10-05 14:00:00,0.584,9.332
2019-10-05 15:00:00,0.585,9.344
2019-10-05 16:00:00,0.609,9.529
2019-10-05 17:00:00,0.663,9.97
2019-10-05 18:00:00,0.724,10.519
2019-10-05 19:00:00,0.774,11.033
2019-10-05 20:00:00,0.806,11.404
2019-10-05 21:00:00,0.856,12.096
2019-10-05 22:00:00,0.895,12.784
2019-10-05 23:00:00,0.923,13.397
2019-10-06 00:00:00,0.947,14.13
2019-10-06 01:00:00,0.966,14.881
2019-10-06 02:00:00,0.978,15.6
2019-10-06 03:00:00,0.978,15.598
2019-10-06 04:00:00,0.973,15.245
2019-10-06 05:00:00,0.966,14.893
2019-10-06 06:00:00,0.959,14.568
2019-10-06 07:00:00,0.956,14.427
2019-10-06 08:00:00,0.956,14.443
2019-10-06 09:00:00,0.949,14.196
2019-10-06 10:00:00,0.931,13.619
2019-10-06 11:00:00,0.91,13.098
2019-10-06 12:00:00,0.864,12.223
2019-10-06 13:00:00,0.797,11.298
2019-10-06 14:00:00,0.752,10.803
2019-10-06 15:00:00,0.68,10.119
2019-10-06 16:00:00,0.562,9.164
2019-10-06 17:00:00,0.492,8.645
2019-10-06 18:00:00,0.56,9.148
2019-10-06 19:00:00,0.672,10.05
2019-10-06 20:00:00,0.771,10.997
2019-10-06 21:00:00,0.808,11.432
2019-10-06 22:00:00,0.873,12.365
2019-10-06 23:00:00,0.925,13.452
2019-10-07 00:00:00,0.936,13.779
2019-10-07 01:00:00,0.935,13.748
2019-10-07 02:00:00,0.928,13.528
2019-10-07 03:00:00,0.937,13.8
2019-10-07 04:00:00,0.963,14.766
2019-10-07 05:00:00,0.98,15.798
2019-10-07 06:00:00,0.988,16.748
2019-10-07 07:00:00,0.989,17.405
2019-10-07 08:00:00,0.988,17.853
2019-10-07 09:00:00,0.989,17.621
2019-10-07 10:00:00,0.989,17.581
2019-10-07 11:00:00,0.988,17.892
2019-10-07 12:00:00,0.987,18.035
2019-10-07 13:00:00,0.989,17.256
2019-10-07 14:00:00,0.98,15.773
2019-10-07 15:00:00,0.943,13.958
2019-10-07 16:00:00,0.864,12.217
2019-10-07 17:00:00,0.787,11.18
2019-10-07 18:00:00,0.742,10.698
2019-10-07 19:00:00,0.731,10.584
2019-10-07 20:00:00,0.733,10.601
2019-10-07 21:00:00,0.745,10.728
2019-10-07 22:00:00,0.756,10.832
2019-10-07 23:00:00,0.77,10.987
2019-10-08 00:00:00,0.781,11.104
2019-10-08 01:00:00,0.785,11.147
2019-10-08 02:00:00,0.802,11.36
2019-10-08 03:00:00,0.83,11.715
2019-10-08 04:00:00,0.849,11.987
2019-10-08 05:00:00,0.869,12.302
2019-10-08 06:00:00,0.877,12.448
2019-10-08 07:00:00,0.893,12.745
2019-10-08 08:00:00,0.908,13.047
2019-10-08 09:00:00,0.925,13.462
2019-10-08 10:00:00,0.938,13.817
2019-10-08 11:00:00,0.948,14.156
2019-10-08 12:00:00,0.959,14.568
2019-10-08 13:00:00,0.967,14.922
2019-10-08 14:00:00,0.974,15.307
2019-10-08 15:00:00,0.979,15.716
2019-10-08 16:00:00,0.981,15.828
2019-10-08 17:00:00,0.977,15.527
2019-10-08 18:00:00,0.965,14.85
2019-10-08 19:00:00,0.953,14.323
2019-10-08 20:00:00,0.95,14.211
2019-10-08 21:00:00,0.953,14.327
2019-10-08 22:00:00,0.958,14.512
2019-10-08 23:00:00,0.958,14.525
2019-10-09 00:00:00,0.956,14.462
2019-10-09 01:00:00,0.95,14.23
2019-10-09 02:00:00,0.945,14.034
2019-10-09 03:00:00,0.943,13.983
2019-10-09 04:00:00,0.946,14.072
2019-10-09 05:00:00,0.949,14.186
2019-10-09 06:00:00,0.952,14.277
2019-10-09 07:00:00,0.953,14.311
2019-10-09 08:00:00,0.956,14.42
2019-10-09 09:00:00,0.958,14.542
2019-10-09 10:00:00,0.958,14.525
2019-10-09 11:00:00,0.957,14.503
2019-10-09 12:00:00,0.958,14.532
2019-10-09 13:00:00,0.959,14.562
2019-10-09 14:00:00,0.962,14.698
2019-10-09 15:00:00,0.967,14.916
2019-10-09 16:00:00,0.966,14.901
2019-10-09 17:00:00,0.963,14.77
2019-10-09 18:00:00,0.959,14.589
2019-10-09 19:00:00,0.958,14.51
2019-10-09 20:00:00,0.962,14.694
2019-10-09 21:00:00,0.968,15.019
2019-10-09 22:00:00,0.975,15.415
2019-10-09 23:00:00,0.981,15.831
2019-10-10 00:00:00,0.983,16.104
2019-10-10 01:00:00,0.984,16.221
2019-10-10 02:00:00,0.984,16.128
2019-10-10 03:00:00,0.98,15.8
2019-10-10 04:00:00,0.968,14.998
2019-10-10 05:00:00,0.947,14.123
2019-10-10 06:00:00,0.936,13.74
2019-10-10 07:00:00,0.908,13.052
2019-10-10 08:00:00,0.88,12.5
2019-10-10 09:00:00,0.866,12.258
2019-10-10 10:00:00,0.851,12.019
2019-10-10 11:00:00,0.835,11.795
2019-10-10 12:00:00,0.828,11.692
2019-10-10 13:00:00,0.817,11.535
2019-10-10 14:00:00,0.785,11.159
2019-10-10 15:00:00,0.723,10.509
2019-10-10 16:00:00,0.691,10.211
2019-10-10 17:00:00,0.756,10.832
2019-10-10 18:00:00,0.858,12.125
2019-10-10 19:00:00,0.932,13.641
2019-10-10 20:00:00,0.954,14.383
2019-10-10 21:00:00,0.95,14.191
2019-10-10 22:00:00,0.935,13.748
2019-10-10 23:00:00,0.938,13.811
2019-10-11 00:00:00,0.95,14.215
2019-10-11 01:00:00,0.953,14.332
2019-10-11 02:00:00,0.956,14.461
2019-10-11 03:00:00,0.962,14.674
2019-10-11 04:00:00,0.957,14.488
2019-10-11 05:00:00,0.946,14.059
2019-10-11 06:00:00,0.932,13.637
2019-10-11 07:00:00,0.924,13.425
2019-10-11 08:00:00,0.912,13.139
2019-10-11 09:00:00,0.903,12.948
2019-10-11 10:00:00,0.907,13.041
2019-10-11 11:00:00,0.916,13.227
2019-10-11 12:00:00,0.936,13.747
2019-10-11 13:00:00,0.959,14.584
2019-10-11 14:00:00,0.968,14.989
2019-10-11 15:00:00,0.974,15.323
2019-10-11 16:00:00,0.976,15.471
2019-10-11 17:00:00,0.977,15.534
2019-10-11 18:00:00,0.976,15.496
2019-10-11 19:00:00,0.975,15.397
2019-10-11 20:00:00,0.973,15.24
2019-10-11 21:00:00,0.97,15.12
2019-10-11 22:00:00,0.968,14.963
2019-10-11 23:00:00,0.958,14.525
2019-10-12 00:00:00,0.941,13.905
2019-10-12 01:00:00,0.914,13.184
2019-10-12 02:00:00,0.863,12.204
2019-10-12 03:00:00,0.801,11.334
2019-10-12 04:00:00,0.736,10.635
2019-10-12 05:00:00,0.689,10.2
2019-10-12 06:00:00,0.681,10.128
2019-10-12 07:00:00,0.687,10.18
2019-10-12 08:00:00,0.691,10.209
2019-10-12 09:00:00,0.695,10.249
2019-10-12 10:00:00,0.694,10.241
2019-10-12 11:00:00,0.689,10.197
2019-10-12 12:00:00,0.68,10.121
2019-10-12 13:00:00,0.658,9.927
2019-10-12 14:00:00,0.624,9.647
2019-10-12 15:00:00,0.656,9.913
2019-10-12 16:00:00,0.674,10.066
2019-10-12 17:00:00,0.633,9.727
2019-10-12 18:00:00,0.614,9.568
2019-10-12 19:00:00,0.577,9.282
2019-10-12 20:00:00,0.515,8.82
2019-10-12 21:00:00,0.451,8.343
2019-10-12 22:00:00,0.373,7.756
2019-10-12 23:00:00,0.293,7.129
2019-10-13 00:00:00,0.223,6.506
2019-10-13 01:00:00,0.174,6.002
2019-10-13 02:00:00,0.136,5.554
2019-10-13 03:00:00,0.096,5.025
2019-10-13 04:00:00,0.067,4.528
2019-10-13 05:00:00,0.055,4.292
2019-10-13 06:00:00,0.054,4.284
2019-10-13 07:00:00,0.077,4.722
2019-10-13 08:00:00,0.112,5.252
2019-10-13 09:00:00,0.143,5.658
2019-10-13 10:00:00,0.175,6.012
2019-10-13 11:00:00,0.195,6.224
2019-10-13 12:00:00,0.219,6.471
2019-10-13 13:00:00,0.22,6.472
2019-10-13 14:00:00,0.177,6.038
2019-10-13 15:00:00,0.16,5.858
2019-10-13 16:00:00,0.103,5.12
2019-10-13 17:00:00,0.049,4.179
2019-10-13 18:00:00,0.02,3.348
2019-10-13 19:00:00,0.007,2.711
2019-10-13 20:00:00,0.009,2.81
2019-10-13 21:00:00,0.037,3.868
2019-10-13 22:00:00,0.089,4.92
2019-10-13 23:00:00,0.138,5.59
2019-10-14 00:00:00,0.203,6.314
2019-10-14 01:00:00,0.276,6.982
2019-10-14 02:00:00,0.347,7.565
2019-10-14 03:00:00,0.396,7.94
2019-10-14 04:00:00,0.363,7.684
2019-10-14 05:00:00,0.334,7.458
2019-10-14 06:00:00,0.31,7.261
2019-10-14 07:00:00,0.264,6.873
2019-10-14 08:00:00,0.199,6.275
2019-10-14 09:00:00,0.146,5.692
2019-10-14 10:00:00,0.117,5.32
2019-10-14 11:00:00,0.09,4.923
2019-10-14 12:00:00,0.085,4.852
2019-10-14 13:00:00,0.085,4.844
2019-10-14 14:00:00,0.135,5.553
2019-10-14 15:00:00,0.187,6.151
2019-10-14 16:00:00,0.215,6.43
2019-10-14 17:00:00,0.253,6.786
2019-10-14 18:00:00,0.291,7.104
2019-10-14 19:00:00,0.318,7.325
2019-10-14 20:00:00,0.321,7.349
2019-10-14 21:00:00,0.303,7.21
2019-10-14 22:00:00,0.284,7.051
2019-10-14 23:00:00,0.254,6.79
2019-10-15 00:00:00,0.236,6.628
2019-10-15 01:00:00,0.286,7.069
2019-10-15 02:00:00,0.36,7.65
2019-10-15 03:00:00,0.386,7.859
2019-10-15 04:00:00,0.401,7.972
2019-10-15 05:00:00,0.436,8.232
2019-10-15 06:00:00,0.45,8.336
2019-10-15 07:00:00,0.458,8.395
2019-10-15 08:00:00,0.477,8.527
2019-10-15 09:00:00,0.486,8.602
2019-10-15 10:00:00,0.413,8.057
2019-10-15 11:00:00,0.351,7.589
2019-10-15 12:00:00,0.293,7.126
2019-10-15 13:00:00,0.213,6.408
2019-10-15 14:00:00,0.156,5.806
2019-10-15 15:00:00,0.156,5.794
2019-10-15 16:00:00,0.146,5.688
2019-10-15 17:00:00,0.118,5.323
2019-10-15 18:00:00,0.1,5.082
2019-10-15 19:00:00,0.099,5.057
2019-10-15 20:00:00,0.091,4.947
2019-10-15 21:00:00,0.098,5.044
2019-10-15 22:00:00,0.139,5.609
2019-10-15 23:00:00,0.244,6.698
2019-10-16 00:00:00,0.377,7.785
2019-10-16 01:00:00,0.491,8.638
2019-10-16 02:00:00,0.555,9.114
2019-10-16 03:00:00,0.573,9.245
2019-10-16 04:00:00,0.59,9.383
2019-10-16 05:00:00,0.633,9.716
2019-10-16 06:00:00,0.693,10.232
2019-10-16 07:00:00,0.75,10.784
2019-10-16 08:00:00,0.815,11.51
2019-10-16 09:00:00,0.876,12.433
2019-10-16 10:00:00,0.905,12.986
2019-10-16 11:00:00,0.861,12.176
2019-10-16 12:00:00,0.724,10.521
2019-10-16 13:00:00,0.563,9.17
2019-10-16 14:00:00,0.555,9.117
2019-10-16 15:00:00,0.667,10.006
2019-10-16 16:00:00,0.677,10.089
2019-10-16 17:00:00,0.658,9.919
2019-10-16 18:00:00,0.633,9.726
2019-10-16 19:00:00,0.616,9.58
2019-10-16 20:00:00,0.569,9.222
2019-10-16 21:00:00,0.498,8.684
2019-10-16 22:00:00,0.423,8.141
2019-10-16 23:00:00,0.333,7.451
2019-10-17 00:00:00,0.252,6.773
2019-10-17 01:00:00,0.202,6.299
2019-10-17 02:00:00,0.184,6.118
2019-10-17 03:00:00,0.179,6.061
2019-10-17 04:00:00,0.183,6.101
2019-10-17 05:00:00,0.201,6.287
2019-10-17 06:00:00,0.234,6.6
2019-10-17 07:00:00,0.274,6.957
2019-10-17 08:00:00,0.31,7.263
2019-10-17 09:00:00,0.327,7.391
2019-10-17 10:00:00,0.326,7.386
2019-10-17 11:00:00,0.323,7.366
2019-10-17 12:00:00,0.342,7.51
2019-10-17 13:00:00,0.396,7.939
2019-10-17 14:00:00,0.485,8.593
2019-10-17 15:00:00,0.579,9.294
2019-10-17 16:00:00,0.671,10.04
2019-10-17 17:00:00,0.747,10.74
2019-10-17 18:00:00,0.783,11.138
2019-10-17 19:00:00,0.8,11.326
2019-10-17 20:00:00,0.788,11.191
2019-10-17 21:00:00,0.757,10.844
2019-10-17 22:00:00,0.743,10.71
2019-10-17 23:00:00,0.677,10.08
2019-10-18 00:00:00,0.572,9.238
2019-10-18 01:00:00,0.478,8.538
2019-10-18 02:00:00,0.407,8.014
2019-10-18 03:00:00,0.328,7.41
2019-10-18 04:00:00,0.251,6.753
2019-10-18 05:00:00,0.197,6.238
2019-10-18 06:00:00,0.131,5.505
2019-10-18 07:00:00,0.088,4.898
2019-10-18 08:00:00,0.055,4.286
2019-10-18 09:00:00,0.037,3.877
2019-10-18 10:00:00,0.036,3.85
2019-10-18 11:00:00,0.043,4.043
2019-10-18 12:00:00,0.048,4.137
2019-10-18 13:00:00,0.05,4.188
2019-10-18 14:00:00,0.048,4.163
2019-10-18 15:00:00,0.041,3.968
2019-10-18 16:00:00,0.038,3.909
2019-10-18 17:00:00,0.048,4.162
2019-10-18 18:00:00,0.056,4.322
2019-10-18 19:00:00,0.06,4.39
2019-10-18 20:00:00,0.063,4.465
2019-10-18 21:00:00,0.08,4.766
2019-10-18 22:00:00,0.111,5.236
2019-10-18 23:00:00,0.15,5.739
2019-10-19 00:00:00,0.198,6.255
2019-10-19 01:00:00,0.243,6.687
2019-10-19 02:00:00,0.292,7.115
2019-10-19 03:00:00,0.374,7.765
2019-10-19 04:00:00,0.528,8.91
2019-10-19 05:00:00,0.702,10.312
2019-10-19 06:00:00,0.852,12.041
2019-10-19 07:00:00,0.936,13.74
2019-10-19 08:00:00,0.967,14.949
2019-10-19 09:00:00,0.971,15.18
2019-10-19 10:00:00,0.965,14.825
2019-10-19 11:00:00,0.954,14.35
2019-10-19 12:00:00,0.939,13.849
2019-10-19 13:00:00,0.923,13.401
2019-10-19 14:00:00,0.907,13.041
2019-10-19 15:00:00,0.904,12.964
2019-10-19 16:00:00,0.909,13.067
2019-10-19 17:00:00,0.907,13.034
2019-10-19 18:00:00,0.904,12.972
2019-10-19 19:00:00,0.917,13.263
2019-10-19 20:00:00,0.939,13.839
2019-10-19 21:00:00,0.952,14.286
2019-10-19 22:00:00,0.959,14.578
2019-10-19 23:00:00,0.965,14.831
2019-10-20 00:00:00,0.969,15.06
2019-10-20 01:00:00,0.973,15.241
2019-10-20 02:00:00,0.975,15.417
2019-10-20 03:00:00,0.978,15.616
2019-10-20 04:00:00,0.98,15.75
2019-10-20 05:00:00,0.981,15.899
2019-10-20 06:00:00,0.983,16.068
2019-10-20 07:00:00,0.984,16.169
2019-10-20 08:00:00,0.984,16.127
2019-10-20 09:00:00,0.981,15.821
2019-10-20 10:00:00,0.976,15.463
2019-10-20 11:00:00,0.972,15.227
2019-10-20 12:00:00,0.97,15.089
2019-10-20 13:00:00,0.965,14.827
2019-10-20 14:00:00,0.954,14.378
2019-10-20 15:00:00,0.942,13.946
2019-10-20 16:00:00,0.931,13.629
2019-10-20 17:00:00,0.922,13.375
2019-10-20 18:00:00,0.911,13.115
2019-10-20 19:00:00,0.891,12.7
2019-10-20 20:00:00,0.848,11.971
2019-10-20 21:00:00,0.784,11.145
2019-10-20 22:00:00,0.714,10.422
2019-10-20 23:00:00,0.671,10.039
2019-10-21 00:00:00,0.625,9.649
2019-10-21 01:00:00,0.567,9.207
2019-10-21 02:00:00,0.528,8.902
2019-10-21 03:00:00,0.493,8.646
2019-10-21 04:00:00,0.422,8.125
2019-10-21 05:00:00,0.313,7.288
2019-10-21 06:00:00,0.224,6.52
2019-10-21 07:00:00,0.169,5.946
2019-10-21 08:00:00,0.101,5.09
2019-10-21 09:00:00,0.029,3.65
2019-10-21 10:00:00,0.004,2.362
2019-10-21 11:00:00,0.008,2.76
2019-10-21 12:00:00,0.057,4.348
2019-10-21 13:00:00,0.118,5.341
2019-10-21 14:00:00,0.168,5.943
2019-10-21 15:00:00,0.234,6.606
2019-10-21 16:00:00,0.328,7.4
2019-10-21 17:00:00,0.434,8.22
2019-10-21 18:00:00,0.533,8.948
2019-10-21 19:00:00,0.608,9.517
2019-10-21 20:00:00,0.662,9.955
2019-10-21 21:00:00,0.694,10.247
2019-10-21 22:00:00,0.723,10.511
2019-10-21 23:00:00,0.756,10.839
2019-10-22 00:00:00,0.796,11.28
2019-10-22 01:00:00,0.836,11.806
2019-10-22 02:00:00,0.868,12.301
2019-10-22 03:00:00,0.878,12.46
2019-10-22 04:00:00,0.872,12.353
2019-10-22 05:00:00,0.864,12.227
2019-10-22 06:00:00,0.865,12.251
2019-10-22 07:00:00,0.864,12.225
2019-10-22 08:00:00,0.864,12.228
2019-10-22 09:00:00,0.869,12.316
2019-10-22 10:00:00,0.875,12.411
2019-10-22 11:00:00,0.872,12.356
2019-10-22 12:00:00,0.865,12.237
2019-10-22 13:00:00,0.858,12.132
2019-10-22 14:00:00,0.855,12.089
2019-10-22 15:00:00,0.845,11.925
2019-10-22 16:00:00,0.836,11.805
2019-10-22 17:00:00,0.826,11.66
2019-10-22 18:00:00,0.806,11.411
2019-10-22 19:00:00,0.787,11.177
2019-10-22 20:00:00,0.763,10.919
2019-10-22 21:00:00,0.778,11.073
2019-10-22 22:00:00,0.809,11.439
2019-10-22 23:00:00,0.819,11.568
2019-10-23 00:00:00,0.816,11.523
2019-10-23 01:00:00,0.813,11.499
2019-10-23 02:00:00,0.812,11.481
2019-10-23 03:00:00,0.804,11.377
2019-10-23 04:00:00,0.786,11.171
2019-10-23 05:00:00,0.795,11.271
2019-10-23 06:00:00,0.82,11.575
2019-10-23 07:00:00,0.835,11.792
2019-10-23 08:00:00,0.831,11.729
2019-10-23 09:00:00,0.82,11.588
2019-10-23 10:00:00,0.827,11.684
2019-10-23 11:00:00,0.841,11.88
2019-10-23 12:00:00,0.848,11.977
2019-10-23 13:00:00,0.849,11.988
2019-10-23 14:00:00,0.853,12.052
2019-10-23 15:00:00,0.86,12.162
2019-10-23 16:00:00,0.859,12.14
2019-10-23 17:00:00,0.877,12.448
2019-10-23 18:00:00,0.907,13.029
2019-10-23 19:00:00,0.943,13.972
2019-10-23 20:00:00,0.943,13.957
2019-10-23 21:00:00,0.939,13.857
2019-10-23 22:00:00,0.937,13.791
2019-10-23 23:00:00,0.924,13.43
2019-10-24 00:00:00,0.907,13.029
2019-10-24 01:00:00,0.907,13.041
2019-10-24 02:00:00,0.914,13.172
2019-10-24 03:00:00,0.885,12.584
2019-10-24 04:00:00,0.839,11.843
2019-10-24 05:00:00,0.783,11.135
2019-10-24 06:00:00,0.722,10.495
2019-10-24 07:00:00,0.58,9.303
2019-10-24 08:00:00,0.475,8.519
2019-10-24 09:00:00,0.45,8.327
2019-10-24 10:00:00,0.497,8.677
2019-10-24 11:00:00,0.472,8.498
2019-10-24 12:00:00,0.46,8.401
2019-10-24 13:00:00,0.456,8.38
2019-10-24 14:00:00,0.444,8.287
2019-10-24 15:00:00,0.425,8.145
2019-10-24 16:00:00,0.45,8.34
2019-10-24 17:00:00,0.514,8.805
2019-10-24 18:00:00,0.633,9.712
2019-10-24 19:00:00,0.756,10.833
2019-10-24 20:00:00,0.765,10.939
2019-10-24 21:00:00,0.66,9.948
2019-10-24 22:00:00,0.494,8.657
2019-10-24 23:00:00,0.438,8.242
2019-10-25 00:00:00,0.478,8.531
2019-10-25 01:00:00,0.538,8.984
2019-10-25 02:00:00,0.612,9.553
2019-10-25 03:00:00,0.689,10.197
2019-10-25 04:00:00,0.762,10.89
2019-10-25 05:00:00,0.803,11.372
2019-10-25 06:00:00,0.836,11.806
2019-10-25 07:00:00,0.865,12.244
2019-10-25 08:00:00,0.872,12.36
2019-10-25 09:00:00,0.873,12.366
2019-10-25 10:00:00,0.852,12.038
2019-10-25 11:00:00,0.806,11.406
2019-10-25 12:00:00,0.754,10.817
2019-10-25 13:00:00,0.692,10.225
2019-10-25 14:00:00,0.625,9.655
2019-10-25 15:00:00,0.494,8.66
2019-10-25 16:00:00,0.28,7.01
2019-10-25 17:00:00,0.112,5.251
2019-10-25 18:00:00,0.061,4.413
2019-10-25 19:00:00,0.068,4.54
2019-10-25 20:00:00,0.084,4.829
2019-10-25 21:00:00,0.155,5.784
2019-10-25 22:00:00,0.301,7.188
2019-10-25 23:00:00,0.478,8.541
2019-10-26 00:00:00,0.585,9.346
2019-10-26 01:00:00,0.669,10.026
2019-10-26 02:00:00,0.723,10.515
2019-10-26 03:00:00,0.717,10.453
2019-10-26 04:00:00,0.69,10.204
2019-10-26 05:00:00,0.685,10.156
2019-10-26 06:00:00,0.677,10.088
2019-10-26 07:00:00,0.698,10.278
2019-10-26 08:00:00,0.689,10.192
2019-10-26 09:00:00,0.692,10.225
2019-10-26 10:00:00,0.7,10.297
2019-10-26 11:00:00,0.7,10.294
2019-10-26 12:00:00,0.72,10.481
2019-10-26 13:00:00,0.741,10.689
2019-10-26 14:00:00,0.778,11.074
2019-10-26 15:00:00,0.839,11.853
2019-10-26 16:00:00,0.898,12.844
2019-10-26 17:00:00,0.936,13.77
2019-10-26 18:00:00,0.961,14.657
2019-10-26 19:00:00,0.973,15.249
2019-10-26 20:00:00,0.979,15.718
2019-10-26 21:00:00,0.983,16.023
2019-10-26 22:00:00,0.986,16.462
2019-10-26 23:00:00,0.988,16.807
2019-10-27 00:00:00,0.987,16.64
2019-10-27 01:00:00,0.986,16.384
2019-10-27 02:00:00,0.986,16.49
2019-10-27 03:00:00,0.988,16.879
2019-10-27 04:00:00,0.989,17.267
2019-10-27 05:00:00,0.989,17.542
2019-10-27 06:00:00,0.989,17.561
2019-10-27 07:00:00,0.989,17.362
2019-10-27 08:00:00,0.989,16.993
2019-10-27 09:00:00,0.988,16.729
2019-10-27 10:00:00,0.986,16.379
2019-10-27 11:00:00,0.981,15.828
2019-10-27 12:00:00,0.972,15.236
2019-10-27 13:00:00,0.962,14.684
2019-10-27 14:00:00,0.95,14.206
2019-10-27 15:00:00,0.931,13.621
2019-10-27 16:00:00,0.902,12.92
2019-10-27 17:00:00,0.864,12.209
2019-10-27 18:00:00,0.817,11.542
2019-10-27 19:00:00,0.773,11.013
2019-10-27 20:00:00,0.733,10.601
2019-10-27 21:00:00,0.701,10.305
2019-10-27 22:00:00,0.677,10.088
2019-10-27 23:00:00,0.658,9.931
2019-10-28 00:00:00,0.647,9.831
2019-10-28 01:00:00,0.639,9.771
2019-10-28 02:00:00,0.644,9.814
2019-10-28 03:00:00,0.653,9.888
2019-10-28 04:00:00,0.654,9.893
2019-10-28 05:00:00,0.654,9.892
2019-10-28 06:00:00,0.648,9.85
2019-10-28 07:00:00,0.637,9.76
2019-10-28 08:00:00,0.621,9.628
2019-10-28 09:00:00,0.599,9.444
2019-10-28 10:00:00,0.571,9.233
2019-10-28 11:00:00,0.549,9.067
2019-10-28 12:00:00,0.535,8.967
2019-10-28 13:00:00,0.541,9.006
2019-10-28 14:00:00,0.555,9.116
2019-10-28 15:00:00,0.568,9.217
2019-10-28 16:00:00,0.594,9.408
2019-10-28 17:00:00,0.609,9.532
2019-10-28 18:00:00,0.616,9.577
2019-10-28 19:00:00,0.601,9.459
2019-10-28 20:00:00,0.564,9.183
2019-10-28 21:00:00,0.535,8.966
2019-10-28 22:00:00,0.509,8.759
2019-10-28 23:00:00,0.483,8.569
2019-10-29 00:00:00,0.461,8.416
2019-10-29 01:00:00,0.444,8.291
2019-10-29 02:00:00,0.438,8.243
2019-10-29 03:00:00,0.446,8.298
2019-10-29 04:00:00,0.456,8.381
2019-10-29 05:00:00,0.46,8.412
2019-10-29 06:00:00,0.456,8.381
2019-10-29 07:00:00,0.443,8.278
2019-10-29 08:00:00,0.414,8.069
2019-10-29 09:00:00,0.384,7.842
2019-10-29 10:00:00,0.351,7.586
2019-10-29 11:00:00,0.313,7.283
2019-10-29 12:00:00,0.267,6.902
2019-10-29 13:00:00,0.224,6.519
2019-10-29 14:00:00,0.186,6.141
2019-10-29 15:00:00,0.167,5.936
2019-10-29 16:00:00,0.165,5.91
2019-10-29 17:00:00,0.163,5.884
2019-10-29 18:00:00,0.159,5.848
2019-10-29 19:00:00,0.157,5.821
2019-10-29 20:00:00,0.155,5.786
2019-10-29 21:00:00,0.15,5.735
2019-10-29 22:00:00,0.144,5.666
2019-10-29 23:00:00,0.138,5.592
2019-10-30 00:00:00,0.131,5.502
2019-10-30 01:00:00,0.119,5.355
2019-10-30 02:00:00,0.111,5.236
2019-10-30 03:00:00,0.098,5.045
2019-10-30 04:00:00,0.088,4.895
2019-10-30 05:00:00,0.083,4.826
2019-10-30 06:00:00,0.094,4.987
2019-10-30 07:00:00,0.116,5.297
2019-10-30 08:00:00,0.132,5.516
2019-10-30 09:00:00,0.145,5.677
2019-10-30 10:00:00,0.153,5.769
2019-10-30 11:00:00,0.155,5.788
2019-10-30 12:00:00,0.154,5.778
2019-10-30 13:00:00,0.155,5.789
2019-10-30 14:00:00,0.16,5.859
2019-10-30 15:00:00,0.17,5.961
2019-10-30 16:00:00,0.192,6.19
2019-10-30 17:00:00,0.224,6.518
2019-10-30 18:00:00,0.264,6.872
2019-10-30 19:00:00,0.304,7.218
2019-10-30 20:00:00,0.339,7.489
2019-10-30 21:00:00,0.353,7.604
2019-10-30 22:00:00,0.35,7.577
2019-10-30 23:00:00,0.334,7.458
2019-10-31 00:00:00,0.318,7.324
2019-10-31 01:00:00,0.301,7.188
2019-10-31 02:00:00,0.283,7.041
2019-10-31 03:00:00,0.277,6.987
2019-10-31 04:00:00,0.288,7.077
2019-10-31 05:00:00,0.314,7.3
2019-10-31 06:00:00,0.351,7.583
2019-10-31 07:00:00,0.395,7.923
2019-10-31 08:00:00,0.444,8.291
2019-10-31 09:00:00,0.494,8.657
2019-10-31 10:00:00,0.545,9.035
2019-10-31 11:00:00,0.583,9.33
2019-10-31 12:00:00,0.616,9.587
2019-10-31 13:00:00,0.647,9.829
2019-10-31 14:00:00,0.67,10.035
2019-10-31 15:00:00,0.687,10.172
2019-10-31 16:00:00,0.7,10.295
2019-10-31 17:00:00,0.737,10.643
2019-10-31 18:00:00,0.771,10.993
2019-10-31 19:00:00,0.793,11.243
2019-10-31 20:00:00,0.793,11.251
2019-10-31 21:00:00,0.785,11.15
2019-10-31 22:00:00,0.786,11.17
2019-10-31 23:00:00,0.785,11.147
2019-11-01 00:00:00,0.79,11.211
2019-11-01 01:00:00,0.795,11.259
2019-11-01 02:00:00,0.813,11.488
2019-11-01 03:00:00,0.83,11.72
2019-11-01 04:00:00,0.844,11.917
2019-11-01 05:00:00,0.847,11.956
2019-11-01 06:00:00,0.841,11.872
2019-11-01 07:00:00,0.824,11.637
2019-11-01 08:00:00,0.803,11.366
2019-11-01 09:00:00,0.779,11.088
2019-11-01 10:00:00,0.77,10.983
2019-11-01 11:00:00,0.787,11.183
2019-11-01 12:00:00,0.813,11.494
2019-11-01 13:00:00,0.84,11.863
2019-11-01 14:00:00,0.86,12.153
2019-11-01 15:00:00,0.869,12.306
2019-11-01 16:00:00,0.861,12.177
2019-11-01 17:00:00,0.835,11.788
2019-11-01 18:00:00,0.786,11.167
2019-11-01 19:00:00,0.71,10.391
2019-11-01 20:00:00,0.606,9.503
2019-11-01 21:00:00,0.558,9.136
2019-11-01 22:00:00,0.557,9.127
2019-11-01 23:00:00,0.564,9.172
2019-11-02 00:00:00,0.603,9.484
2019-11-02 01:00:00,0.683,10.145
2019-11-02 02:00:00,0.779,11.081
2019-11-02 03:00:00,0.838,11.83
2019-11-02 04:00:00,0.854,12.065
2019-11-02 05:00:00,0.776,11.057
2019-11-02 06:00:00,0.656,9.9
2019-11-02 07:00:00,0.526,8.894
2019-11-02 08:00:00,0.428,8.166
2019-11-02 09:00:00,0.367,7.718
2019-11-02 10:00:00,0.339,7.491
2019-11-02 11:00:00,0.309,7.253
2019-11-02 12:00:00,0.259,6.836
2019-11-02 13:00:00,0.252,6.777
2019-11-02 14:00:00,0.256,6.806
2019-11-02 15:00:00,0.252,6.775
2019-11-02 16:00:00,0.234,6.603
2019-11-02 17:00:00,0.232,6.592
2019-11-02 18:00:00,0.304,7.214
2019-11-02 19:00:00,0.456,8.378
2019-11-02 20:00:00,0.644,9.815
2019-11-02 21:00:00,0.777,11.07
2019-11-02 22:00:00,0.85,11.997
2019-11-02 23:00:00,0.903,12.933
2019-11-03 00:00:00,0.928,13.525
2019-11-03 01:00:00,0.915,13.207
2019-11-03 02:00:00,0.88,12.486
2019-11-03 03:00:00,0.84,11.864
2019-11-03 04:00:00,0.846,11.945
2019-11-03 05:00:00,0.852,12.027
2019-11-03 06:00:00,0.844,11.902
2019-11-03 07:00:00,0.839,11.85
2019-11-03 08:00:00,0.829,11.708
2019-11-03 09:00:00,0.789,11.202
2019-11-03 10:00:00,0.717,10.451
2019-11-03 11:00:00,0.658,9.924
2019-11-03 12:00:00,0.608,9.52
2019-11-03 13:00:00,0.582,9.323
2019-11-03 14:00:00,0.584,9.335
2019-11-03 15:00:00,0.604,9.487
2019-11-03 16:00:00,0.629,9.686
2019-11-03 17:00:00,0.644,9.815
2019-11-03 18:00:00,0.64,9.777
2019-11-03 19:00:00,0.614,9.567
2019-11-03 20:00:00,0.567,9.202
2019-11-03 21:00:00,0.523,8.876
2019-11-03 22:00:00,0.491,8.636
2019-11-03 23:00:00,0.472,8.492
2019-11-04 00:00:00,0.478,8.542
2019-11-04 01:00:00,0.501,8.705
2019-11-04 02:00:00,0.54,9.0
2019-11-04 03:00:00,0.564,9.174
2019-11-04 04:00:00,0.575,9.26
2019-11-04 05:00:00,0.593,9.398
2019-11-04 06:00:00,0.633,9.717
2019-11-04 07:00:00,0.682,10.136
2019-11-04 08:00:00,0.715,10.433
2019-11-04 09:00:00,0.739,10.668
2019-11-04 10:00:00,0.779,11.081
2019-11-04 11:00:00,0.835,11.795
2019-11-04 12:00:00,0.905,12.999
2019-11-04 13:00:00,0.949,14.2
2019-11-04 14:00:00,0.972,15.238
2019-11-04 15:00:00,0.979,15.728
2019-11-04 16:00:00,0.983,16.063
2019-11-04 17:00:00,0.986,16.395
2019-11-04 18:00:00,0.988,16.845
2019-11-04 19:00:00,0.989,17.43
2019-11-04 20:00:00,0.988,17.866
2019-11-04 21:00:00,0.986,18.118
2019-11-04 22:00:00,0.987,18.011
2019-11-04 23:00:00,0.989,17.471
2019-11-05 00:00:00,0.988,16.789
2019-11-05 01:00:00,0.984,16.111
2019-11-05 02:00:00,0.977,15.52
2019-11-05 03:00:00,0.964,14.791
2019-11-05 04:00:00,0.943,13.977
2019-11-05 05:00:00,0.921,13.357
2019-11-05 06:00:00,0.9,12.882
2019-11-05 07:00:00,0.872,12.354
2019-11-05 08:00:00,0.832,11.74
2019-11-05 09:00:00,0.776,11.061
2019-11-05 10:00:00,0.714,10.426
2019-11-05 11:00:00,0.652,9.884
2019-11-05 12:00:00,0.599,9.451
2019-11-05 13:00:00,0.565,9.185
2019-11-05 14:00:00,0.548,9.057
2019-11-05 15:00:00,0.547,9.048
2019-11-05 16:00:00,0.548,9.065
2019-11-05 17:00:00,0.54,8.996
2019-11-05 18:00:00,0.514,8.801
2019-11-05 19:00:00,0.478,8.531
2019-11-05 20:00:00,0.426,8.152
2019-11-05 21:00:00,0.374,7.761
2019-11-05 22:00:00,0.326,7.387
2019-11-05 23:00:00,0.281,7.023
2019-11-06 00:00:00,0.239,6.652
2019-11-06 01:00:00,0.21,6.375
2019-11-06 02:00:00,0.194,6.218
2019-11-06 03:00:00,0.167,5.931
2019-11-06 04:00:00,0.128,5.464
2019-11-06 05:00:00,0.089,4.918
2019-11-06 06:00:00,0.065,4.498
2019-11-06 07:00:00,0.071,4.608
2019-11-06 08:00:00,0.059,4.385
2019-11-06 09:00:00,0.027,3.591
2019-11-06 10:00:00,0.015,3.141
2019-11-06 11:00:00,0.017,3.24
2019-11-06 12:00:00,0.026,3.564
2019-11-06 13:00:00,0.045,4.074
2019-11-06 14:00:00,0.079,4.758
2019-11-06 15:00:00,0.134,5.535
2019-11-06 16:00:00,0.188,6.154
2019-11-06 17:00:00,0.257,6.815
2019-11-06 18:00:00,0.329,7.416
2019-11-06 19:00:00,0.395,7.929
2019-11-06 20:00:00,0.45,8.326
2019-11-06 21:00:00,0.469,8.48
2019-11-06 22:00:00,0.477,8.528
2019-11-06 23:00:00,0.484,8.584
2019-11-07 00:00:00,0.511,8.78
2019-11-07 01:00:00,0.563,9.167
2019-11-07 02:00:00,0.62,9.623
2019-11-07 03:00:00,0.667,10.01
2019-11-07 04:00:00,0.712,10.41
2019-11-07 05:00:00,0.756,10.835
2019-11-07 06:00:00,0.804,11.376
2019-11-07 07:00:00,0.848,11.973
2019-11-07 08:00:00,0.877,12.439
2019-11-07 09:00:00,0.895,12.779
2019-11-07 10:00:00,0.906,13.005
2019-11-07 11:00:00,0.917,13.256
2019-11-07 12:00:00,0.929,13.576
2019-11-07 13:00:00,0.941,13.903
2019-11-07 14:00:00,0.948,14.161
2019-11-07 15:00:00,0.952,14.287
2019-11-07 16:00:00,0.954,14.37
2019-11-07 17:00:00,0.953,14.34
2019-11-07 18:00:00,0.949,14.2
2019-11-07 19:00:00,0.943,13.962
2019-11-07 20:00:00,0.934,13.708
2019-11-07 21:00:00,0.928,13.53
2019-11-07 22:00:00,0.922,13.384
2019-11-07 23:00:00,0.916,13.232
2019-11-08 00:00:00,0.913,13.164
2019-11-08 01:00:00,0.91,13.096
2019-11-08 02:00:00,0.903,12.942
2019-11-08 03:00:00,0.887,12.623
2019-11-08 04:00:00,0.866,12.255
2019-11-08 05:00:00,0.839,11.839
2019-11-08 06:00:00,0.798,11.315
2019-11-08 07:00:00,0.742,10.701
2019-11-08 08:00:00,0.672,10.05
2019-11-08 09:00:00,0.601,9.464
2019-11-08 10:00:00,0.549,9.071
2019-11-08 11:00:00,0.511,8.79
2019-11-08 12:00:00,0.485,8.597
2019-11-08 13:00:00,0.466,8.453
2019-11-08 14:00:00,0.441,8.268
2019-11-08 15:00:00,0.413,8.064
2019-11-08 16:00:00,0.386,7.862
2019-11-08 17:00:00,0.356,7.626
2019-11-08 18:00:00,0.309,7.255
2019-11-08 19:00:00,0.248,6.727
2019-11-08 20:00:00,0.19,6.176
2019-11-08 21:00:00,0.151,5.746
2019-11-08 22:00:00,0.123,5.402
2019-11-08 23:00:00,0.099,5.06
2019-11-09 00:00:00,0.088,4.9
2019-11-09 01:00:00,0.09,4.927
2019-11-09 02:00:00,0.099,5.053
2019-11-09 03:00:00,0.112,5.252
2019-11-09 04:00:00,0.132,5.515
2019-11-09 05:00:00,0.167,5.933
2019-11-09 06:00:00,0.216,6.435
2019-11-09 07:00:00,0.27,6.933
2019-11-09 08:00:00,0.318,7.327
2019-11-09 09:00:00,0.339,7.501
2019-11-09 10:00:00,0.334,7.457
2019-11-09 11:00:00,0.313,7.288
2019-11-09 12:00:00,0.29,7.094
2019-11-09 13:00:00,0.286,7.069
2019-11-09 14:00:00,0.339,7.499
2019-11-09 15:00:00,0.432,8.205
2019-11-09 16:00:00,0.49,8.634
2019-11-09 17:00:00,0.509,8.769
2019-11-09 18:00:00,0.531,8.933
2019-11-09 19:00:00,0.566,9.199
2019-11-09 20:00:00,0.608,9.516
2019-11-09 21:00:00,0.647,9.83
2019-11-09 22:00:00,0.665,9.988
2019-11-09 23:00:00,0.665,9.991
2019-11-10 00:00:00,0.66,9.95
2019-11-10 01:00:00,0.655,9.896
2019-11-10 02:00:00,0.644,9.815
2019-11-10 03:00:00,0.631,9.706
2019-11-10 04:00:00,0.596,9.428
2019-11-10 05:00:00,0.54,9.002
2019-11-10 06:00:00,0.485,8.593
2019-11-10 07:00:00,0.441,8.263
2019-11-10 08:00:00,0.391,7.896
2019-11-10 09:00:00,0.328,7.404
2019-11-10 10:00:00,0.267,6.909
2019-11-10 11:00:00,0.213,6.409
2019-11-10 12:00:00,0.123,5.403
2019-11-10 13:00:00,0.034,3.798
2019-11-10 14:00:00,0.017,3.217
2019-11-10 15:00:00,0.032,3.76
2019-11-10 16:00:00,0.138,5.59
2019-11-10 17:00:00,0.246,6.722
2019-11-10 18:00:00,0.33,7.429
2019-11-10 19:00:00,0.415,8.076
2019-11-10 20:00:00,0.502,8.714
2019-11-10 21:00:00,0.629,9.685
2019-11-10 22:00:00,0.753,10.807
2019-11-10 23:00:00,0.841,11.873
2019-11-11 00:00:00,0.89,12.683
2019-11-11 01:00:00,0.919,13.311
2019-11-11 02:00:00,0.934,13.708
2019-11-11 03:00:00,0.939,13.866
2019-11-11 04:00:00,0.93,13.596
2019-11-11 05:00:00,0.872,12.35
2019-11-11 06:00:00,0.71,10.387
2019-11-11 07:00:00,0.528,8.911
2019-11-11 08:00:00,0.489,8.621
2019-11-11 09:00:00,0.525,8.887
2019-11-11 10:00:00,0.54,9.002
2019-11-11 11:00:00,0.554,9.106
2019-11-11 12:00:00,0.564,9.18
2019-11-11 13:00:00,0.596,9.424
2019-11-11 14:00:00,0.628,9.674
2019-11-11 15:00:00,0.61,9.543
2019-11-11 16:00:00,0.556,9.122
2019-11-11 17:00:00,0.485,8.593
2019-11-11 18:00:00,0.379,7.805
2019-11-11 19:00:00,0.328,7.411
2019-11-11 20:00:00,0.304,7.216
2019-11-11 21:00:00,0.302,7.202
2019-11-11 22:00:00,0.297,7.16
2019-11-11 23:00:00,0.291,7.1
2019-11-12 00:00:00,0.284,7.047
2019-11-12 01:00:00,0.278,6.994
2019-11-12 02:00:00,0.266,6.89
2019-11-12 03:00:00,0.289,7.091
2019-11-12 04:00:00,0.352,7.595
2019-11-12 05:00:00,0.405,8.003
2019-11-12 06:00:00,0.444,8.284
2019-11-12 07:00:00,0.514,8.807
2019-11-12 08:00:00,0.633,9.726
2019-11-12 09:00:00,0.781,11.1
2019-11-12 10:00:00,0.887,12.633
2019-11-12 11:00:00,0.944,13.993
2019-11-12 12:00:00,0.968,15.003
2019-11-12 13:00:00,0.978,15.576
2019-11-12 14:00:00,0.978,15.643
2019-11-12 15:00:00,0.975,15.397
2019-11-12 16:00:00,0.968,14.976
2019-11-12 17:00:00,0.955,14.393
2019-11-12 18:00:00,0.936,13.743
2019-11-12 19:00:00,0.911,13.113
2019-11-12 20:00:00,0.881,12.519
2019-11-12 21:00:00,0.841,11.873
2019-11-12 22:00:00,0.795,11.266
2019-11-12 23:00:00,0.743,10.71
2019-11-13 00:00:00,0.686,10.165
2019-11-13 01:00:00,0.62,9.622
2019-11-13 02:00:00,0.55,9.075
2019-11-13 03:00:00,0.484,8.585
2019-11-13 04:00:00,0.417,8.085
2019-11-13 05:00:00,0.344,7.53
2019-11-13 06:00:00,0.27,6.933
2019-11-13 07:00:00,0.184,6.12
2019-11-13 08:00:00,0.092,4.969
2019-11-13 09:00:00,0.035,3.841
2019-11-13 10:00:00,0.01,2.912
2019-11-13 11:00:00,0.003,2.285
2019-11-13 12:00:00,0.002,2.09
2019-11-13 13:00:00,0.003,2.223
2019-11-13 14:00:00,0.006,2.605
2019-11-13 15:00:00,0.015,3.124
2019-11-13 16:00:00,0.034,3.816
2019-11-13 17:00:00,0.072,4.617
2019-11-13 18:00:00,0.123,5.403
2019-11-13 19:00:00,0.182,6.088
2019-11-13 20:00:00,0.226,6.534
2019-11-13 21:00:00,0.253,6.783
2019-11-13 22:00:00,0.264,6.868
2019-11-13 23:00:00,0.278,6.994
2019-11-14 00:00:00,0.306,7.232
2019-11-14 01:00:00,0.351,7.584
2019-11-14 02:00:00,0.41,8.041
2019-11-14 03:00:00,0.488,8.616
2019-11-14 04:00:00,0.566,9.196
2019-11-14 05:00:00,0.63,9.689
2019-11-14 06:00:00,0.689,10.196
2019-11-14 07:00:00,0.744,10.719
2019-11-14 08:00:00,0.793,11.245
2019-11-14 09:00:00,0.824,11.639
2019-11-14 10:00:00,0.858,12.135
2019-11-14 11:00:00,0.894,12.766
2019-11-14 12:00:00,0.924,13.445
2019-11-14 13:00:00,0.947,14.106
2019-11-14 14:00:00,0.963,14.732
2019-11-14 15:00:00,0.97,15.073
2019-11-14 16:00:00,0.968,14.995
2019-11-14 17:00:00,0.96,14.606
2019-11-14 18:00:00,0.945,14.038
2019-11-14 19:00:00,0.923,13.42
2019-11-14 20:00:00,0.893,12.75
2019-11-14 21:00:00,0.877,12.444
2019-11-14 22:00:00,0.876,12.433
2019-11-14 23:00:00,0.876,12.437
2019-11-15 00:00:00,0.881,12.512
2019-11-15 01:00:00,0.886,12.616
2019-11-15 02:00:00,0.885,12.591
2019-11-15 03:00:00,0.877,12.444
2019-11-15 04:00:00,0.866,12.263
2019-11-15 05:00:00,0.858,12.13
2019-11-15 06:00:00,0.841,11.878
2019-11-15 07:00:00,0.816,11.524
2019-11-15 08:00:00,0.785,11.15
2019-11-15 09:00:00,0.757,10.847
2019-11-15 10:00:00,0.724,10.52
2019-11-15 11:00:00,0.71,10.386
2019-11-15 12:00:00,0.713,10.414
2019-11-15 13:00:00,0.717,10.455
2019-11-15 14:00:00,0.727,10.553
2019-11-15 15:00:00,0.754,10.818
2019-11-15 16:00:00,0.785,11.152
2019-11-15 17:00:00,0.802,11.346
2019-11-15 18:00:00,0.815,11.523
2019-11-15 19:00:00,0.821,11.593
2019-11-15 20:00:00,0.81,11.456
2019-11-15 21:00:00,0.795,11.272
2019-11-15 22:00:00,0.781,11.108
2019-11-15 23:00:00,0.76,10.881
2019-11-16 00:00:00,0.722,10.499
2019-11-16 01:00:00,0.689,10.191
2019-11-16 02:00:00,0.673,10.058
2019-11-16 03:00:00,0.663,9.966
2019-11-16 04:00:00,0.644,9.813
2019-11-16 05:00:00,0.613,9.561
2019-11-16 06:00:00,0.57,9.23
2019-11-16 07:00:00,0.513,8.795
2019-11-16 08:00:00,0.441,8.268
2019-11-16 09:00:00,0.377,7.792
2019-11-16 10:00:00,0.327,7.398
2019-11-16 11:00:00,0.278,6.996
2019-11-16 12:00:00,0.233,6.597
2019-11-16 13:00:00,0.197,6.252
2019-11-16 14:00:00,0.179,6.061
2019-11-16 15:00:00,0.179,6.058
2019-11-16 16:00:00,0.186,6.138
2019-11-16 17:00:00,0.194,6.222
2019-11-16 18:00:00,0.19,6.18
2019-11-16 19:00:00,0.174,6.007
2019-11-16 20:00:00,0.15,5.741
2019-11-16 21:00:00,0.129,5.48
2019-11-16 22:00:00,0.114,5.274
2019-11-16 23:00:00,0.101,5.095
2019-11-17 00:00:00,0.09,4.926
2019-11-17 01:00:00,0.079,4.753
2019-11-17 02:00:00,0.074,4.652
2019-11-17 03:00:00,0.07,4.6
2019-11-17 04:00:00,0.082,4.8
2019-11-17 05:00:00,0.106,5.176
2019-11-17 06:00:00,0.125,5.431
2019-11-17 07:00:00,0.128,5.47
2019-11-17 08:00:00,0.121,5.375
2019-11-17 09:00:00,0.11,5.221
2019-11-17 10:00:00,0.101,5.097
2019-11-17 11:00:00,0.111,5.237
2019-11-17 12:00:00,0.155,5.791
2019-11-17 13:00:00,0.215,6.427
2019-11-17 14:00:00,0.265,6.884
2019-11-17 15:00:00,0.281,7.029
2019-11-17 16:00:00,0.293,7.121
2019-11-17 17:00:00,0.344,7.538
2019-11-17 18:00:00,0.417,8.085
2019-11-17 19:00:00,0.468,8.473
2019-11-17 20:00:00,0.494,8.657
2019-11-17 21:00:00,0.542,9.02
2019-11-17 22:00:00,0.63,9.691
2019-11-17 23:00:00,0.702,10.313
2019-11-18 00:00:00,0.72,10.484
2019-11-18 01:00:00,0.693,10.238
2019-11-18 02:00:00,0.649,9.857
2019-11-18 03:00:00,0.605,9.489
2019-11-18 04:00:00,0.564,9.174
2019-11-18 05:00:00,0.527,8.896
2019-11-18 06:00:00,0.519,8.845
2019-11-18 07:00:00,0.529,8.917
2019-11-18 08:00:00,0.53,8.919
2019-11-18 09:00:00,0.506,8.744
2019-11-18 10:00:00,0.474,8.506
2019-11-18 11:00:00,0.454,8.365
2019-11-18 12:00:00,0.46,8.4
2019-11-18 13:00:00,0.47,8.484
2019-11-18 14:00:00,0.464,8.437
2019-11-18 15:00:00,0.445,8.296
2019-11-18 16:00:00,0.407,8.015
2019-11-18 17:00:00,0.347,7.565
2019-11-18 18:00:00,0.297,7.153
2019-11-18 19:00:00,0.267,6.909
2019-11-18 20:00:00,0.254,6.793
2019-11-18 21:00:00,0.239,6.659
2019-11-18 22:00:00,0.223,6.502
2019-11-18 23:00:00,0.203,6.306
2019-11-19 00:00:00,0.168,5.939
2019-11-19 01:00:00,0.121,5.373
2019-11-19 02:00:00,0.075,4.676
2019-11-19 03:00:00,0.037,3.869
2019-11-19 04:00:00,0.015,3.142
2019-11-19 05:00:00,0.005,2.482
2019-11-19 06:00:00,0.003,2.218
2019-11-19 07:00:00,0.004,2.35
2019-11-19 08:00:00,0.007,2.65
2019-11-19 09:00:00,0.016,3.185
2019-11-19 10:00:00,0.044,4.072
2019-11-19 11:00:00,0.095,5.003
2019-11-19 12:00:00,0.147,5.698
2019-11-19 13:00:00,0.217,6.451
2019-11-19 14:00:00,0.33,7.423
2019-11-19 15:00:00,0.467,8.463
2019-11-19 16:00:00,0.605,9.489
2019-11-19 17:00:00,0.717,10.457
2019-11-19 18:00:00,0.79,11.212
2019-11-19 19:00:00,0.827,11.675
2019-11-19 20:00:00,0.846,11.955
2019-11-19 21:00:00,0.858,12.128
2019-11-19 22:00:00,0.861,12.178
2019-11-19 23:00:00,0.857,12.121
2019-11-20 00:00:00,0.85,12.007
2019-11-20 01:00:00,0.848,11.974
2019-11-20 02:00:00,0.856,12.097
2019-11-20 03:00:00,0.869,12.312
2019-11-20 04:00:00,0.887,12.63
2019-11-20 05:00:00,0.897,12.816
2019-11-20 06:00:00,0.908,13.064
2019-11-20 07:00:00,0.921,13.358
2019-11-20 08:00:00,0.932,13.646
2019-11-20 09:00:00,0.94,13.89
2019-11-20 10:00:00,0.945,14.031
2019-11-20 11:00:00,0.942,13.952
2019-11-20 12:00:00,0.933,13.672
2019-11-20 13:00:00,0.922,13.379
2019-11-20 14:00:00,0.915,13.219
2019-11-20 15:00:00,0.905,12.988
2019-11-20 16:00:00,0.896,12.803
2019-11-20 17:00:00,0.897,12.817
2019-11-20 18:00:00,0.901,12.904
2019-11-20 19:00:00,0.902,12.923
2019-11-20 20:00:00,0.901,12.897
2019-11-20 21:00:00,0.917,13.257
2019-11-20 22:00:00,0.931,13.616
2019-11-20 23:00:00,0.929,13.578
2019-11-21 00:00:00,0.917,13.255
2019-11-21 01:00:00,0.899,12.863
2019-11-21 02:00:00,0.882,12.539
2019-11-21 03:00:00,0.864,12.233
2019-11-21 04:00:00,0.85,11.99
2019-11-21 05:00:00,0.838,11.827
2019-11-21 06:00:00,0.833,11.754
2019-11-21 07:00:00,0.832,11.738
2019-11-21 08:00:00,0.838,11.825
2019-11-21 09:00:00,0.844,11.914
2019-11-21 10:00:00,0.841,11.878
2019-11-21 11:00:00,0.823,11.623
2019-11-21 12:00:00,0.794,11.257
2019-11-21 13:00:00,0.759,10.864
2019-11-21 14:00:00,0.728,10.56
2019-11-21 15:00:00,0.709,10.372
2019-11-21 16:00:00,0.691,10.206
2019-11-21 17:00:00,0.685,10.15
2019-11-21 18:00:00,0.698,10.277
2019-11-21 19:00:00,0.725,10.527
2019-11-21 20:00:00,0.736,10.633
2019-11-21 21:00:00,0.735,10.617
2019-11-21 22:00:00,0.72,10.481
2019-11-21 23:00:00,0.706,10.348
2019-11-22 00:00:00,0.685,10.162
2019-11-22 01:00:00,0.668,10.019
2019-11-22 02:00:00,0.656,9.905
2019-11-22 03:00:00,0.633,9.715
2019-11-22 04:00:00,0.613,9.564
2019-11-22 05:00:00,0.596,9.43
2019-11-22 06:00:00,0.599,9.444
2019-11-22 07:00:00,0.613,9.56
2019-11-22 08:00:00,0.631,9.703
2019-11-22 09:00:00,0.653,9.887
2019-11-22 10:00:00,0.679,10.11
2019-11-22 11:00:00,0.691,10.216
2019-11-22 12:00:00,0.702,10.318
2019-11-22 13:00:00,0.721,10.485
2019-11-22 14:00:00,0.735,10.621
2019-11-22 15:00:00,0.743,10.707
2019-11-22 16:00:00,0.74,10.678
2019-11-22 17:00:00,0.73,10.575
2019-11-22 18:00:00,0.708,10.364
2019-11-22 19:00:00,0.69,10.202
2019-11-22 20:00:00,0.685,10.16
2019-11-22 21:00:00,0.671,10.042
2019-11-22 22:00:00,0.66,9.943
2019-11-22 23:00:00,0.668,10.017
2019-11-23 00:00:00,0.691,10.218
2019-11-23 01:00:00,0.698,10.278
2019-11-23 02:00:00,0.7,10.294
2019-11-23 03:00:00,0.737,10.646
2019-11-23 04:00:00,0.782,11.114
2019-11-23 05:00:00,0.816,11.526
2019-11-23 06:00:00,0.829,11.711
2019-11-23 07:00:00,0.842,11.886
2019-11-23 08:00:00,0.864,12.21
2019-11-23 09:00:00,0.864,12.221
2019-11-23 10:00:00,0.873,12.373
2019-11-23 11:00:00,0.886,12.617
2019-11-23 12:00:00,0.899,12.862
2019-11-23 13:00:00,0.911,13.118
2019-11-23 14:00:00,0.914,13.191
2019-11-23 15:00:00,0.906,13.015
2019-11-23 16:00:00,0.908,13.046
2019-11-23 17:00:00,0.912,13.138
2019-11-23 18:00:00,0.911,13.12
2019-11-23 19:00:00,0.899,12.857
2019-11-23 20:00:00,0.897,12.814
2019-11-23 21:00:00,0.909,13.074
2019-11-23 22:00:00,0.903,12.949
2019-11-23 23:00:00,0.88,12.502
2019-11-24 00:00:00,0.844,11.915
2019-11-24 01:00:00,0.782,11.114
2019-11-24 02:00:00,0.774,11.029
2019-11-24 03:00:00,0.775,11.045
2019-11-24 04:00:00,0.78,11.097
2019-11-24 05:00:00,0.782,11.115
2019-11-24 06:00:00,0.773,11.02
2019-11-24 07:00:00,0.749,10.759
2019-11-24 08:00:00,0.716,10.449
2019-11-24 09:00:00,0.673,10.062
2019-11-24 10:00:00,0.62,9.622
2019-11-24 11:00:00,0.528,8.902
2019-11-24 12:00:00,0.449,8.323
2019-11-24 13:00:00,0.404,7.991
2019-11-24 14:00:00,0.389,7.887
2019-11-24 15:00:00,0.385,7.846
2019-11-24 16:00:00,0.374,7.77
2019-11-24 17:00:00,0.367,7.719
2019-11-24 18:00:00,0.352,7.597
2019-11-24 19:00:00,0.313,7.28
2019-11-24 20:00:00,0.27,6.932
2019-11-24 21:00:00,0.242,6.678
2019-11-24 22:00:00,0.232,6.585
2019-11-24 23:00:00,0.234,6.598
2019-11-25 00:00:00,0.249,6.736
2019-11-25 01:00:00,0.272,6.944
2019-11-25 02:00:00,0.306,7.231
2019-11-25 03:00:00,0.342,7.518
2019-11-25 04:00:00,0.369,7.733
2019-11-25 05:00:00,0.403,7.984
2019-11-25 06:00:00,0.456,8.383
2019-11-25 07:00:00,0.53,8.925
2019-11-25 08:00:00,0.599,9.446
2019-11-25 09:00:00,0.639,9.771
2019-11-25 10:00:00,0.717,10.447
2019-11-25 11:00:00,0.747,10.748
2019-11-25 12:00:00,0.733,10.607
2019-11-25 13:00:00,0.693,10.235
2019-11-25 14:00:00,0.671,10.038
2019-11-25 15:00:00,0.658,9.927
2019-11-25 16:00:00,0.633,9.711
2019-11-25 17:00:00,0.628,9.672
2019-11-25 18:00:00,0.633,9.722
2019-11-25 19:00:00,0.647,9.839
2019-11-25 20:00:00,0.663,9.974
2019-11-25 21:00:00,0.694,10.24
2019-11-25 22:00:00,0.739,10.668
2019-11-25 23:00:00,0.75,10.779
2019-11-26 00:00:00,0.744,10.715
2019-11-26 01:00:00,0.721,10.488
2019-11-26 02:00:00,0.703,10.323
2019-11-26 03:00:00,0.674,10.068
2019-11-26 04:00:00,0.671,10.039
2019-11-26 05:00:00,0.647,9.838
2019-11-26 06:00:00,0.628,9.67
2019-11-26 07:00:00,0.628,9.67
2019-11-26 08:00:00,0.625,9.654
2019-11-26 09:00:00,0.575,9.26
2019-11-26 10:00:00,0.52,8.856
2019-11-26 11:00:00,0.506,8.749
2019-11-26 12:00:00,0.512,8.791
2019-11-26 13:00:00,0.536,8.969
2019-11-26 14:00:00,0.542,9.019
2019-11-26 15:00:00,0.561,9.153
2019-11-26 16:00:00,0.573,9.247
2019-11-26 17:00:00,0.59,9.384
2019-11-26 18:00:00,0.59,9.386
2019-11-26 19:00:00,0.564,9.179
2019-11-26 20:00:00,0.551,9.086
2019-11-26 21:00:00,0.531,8.935
2019-11-26 22:00:00,0.471,8.486
2019-11-26 23:00:00,0.386,7.862
2019-11-27 00:00:00,0.292,7.115
2019-11-27 01:00:00,0.196,6.234
2019-11-27 02:00:00,0.132,5.518
2019-11-27 03:00:00,0.087,4.872
2019-11-27 04:00:00,0.061,4.408
2019-11-27 05:00:00,0.055,4.303
2019-11-27 06:00:00,0.064,4.484
2019-11-27 07:00:00,0.048,4.143
2019-11-27 08:00:00,0.024,3.504
2019-11-27 09:00:00,0.027,3.609
2019-11-27 10:00:00,0.053,4.26
2019-11-27 11:00:00,0.097,5.026
2019-11-27 12:00:00,0.142,5.637
2019-11-27 13:00:00,0.208,6.356
2019-11-27 14:00:00,0.343,7.524
2019-11-27 15:00:00,0.515,8.819
2019-11-27 16:00:00,0.66,9.947
2019-11-27 17:00:00,0.756,10.836
2019-11-27 18:00:00,0.813,11.494
2019-11-27 19:00:00,0.841,11.874
2019-11-27 20:00:00,0.858,12.125
2019-11-27 21:00:00,0.871,12.34
2019-11-27 22:00:00,0.881,12.506
2019-11-27 23:00:00,0.9,12.876
2019-11-28 00:00:00,0.925,13.456
2019-11-28 01:00:00,0.946,14.095
2019-11-28 02:00:00,0.961,14.665
2019-11-28 03:00:00,0.971,15.169
2019-11-28 04:00:00,0.977,15.513
2019-11-28 05:00:00,0.983,16.005
2019-11-28 06:00:00,0.986,16.401
2019-11-28 07:00:00,0.987,16.665
2019-11-28 08:00:00,0.988,16.747
2019-11-28 09:00:00,0.987,16.618
2019-11-28 10:00:00,0.985,16.225
2019-11-28 11:00:00,0.98,15.748
2019-11-28 12:00:00,0.973,15.253
2019-11-28 13:00:00,0.964,14.801
2019-11-28 14:00:00,0.954,14.368
2019-11-28 15:00:00,0.944,14.008
2019-11-28 16:00:00,0.935,13.728
2019-11-28 17:00:00,0.929,13.574
2019-11-28 18:00:00,0.925,13.45
2019-11-28 19:00:00,0.916,13.228
2019-11-28 20:00:00,0.903,12.937
2019-11-28 21:00:00,0.89,12.674
2019-11-28 22:00:00,0.881,12.518
2019-11-28 23:00:00,0.873,12.378
2019-11-29 00:00:00,0.862,12.184
2019-11-29 01:00:00,0.848,11.972
2019-11-29 02:00:00,0.834,11.759
2019-11-29 03:00:00,0.819,11.566
2019-11-29 04:00:00,0.806,11.408
2019-11-29 05:00:00,0.791,11.225
2019-11-29 06:00:00,0.771,10.992
2019-11-29 07:00:00,0.742,10.698
2019-11-29 08:00:00,0.706,10.344
2019-11-29 09:00:00,0.66,9.939
2019-11-29 10:00:00,0.608,9.511
2019-11-29 11:00:00,0.556,9.12
2019-11-29 12:00:00,0.515,8.816
2019-11-29 13:00:00,0.491,8.636
2019-11-29 14:00:00,0.477,8.528
2019-11-29 15:00:00,0.471,8.484
2019-11-29 16:00:00,0.455,8.374
2019-11-29 17:00:00,0.422,8.121
2019-11-29 18:00:00,0.367,7.718
2019-11-29 19:00:00,0.303,7.207
2019-11-29 20:00:00,0.242,6.676
2019-11-29 21:00:00,0.19,6.175
2019-11-29 22:00:00,0.145,5.676
2019-11-29 23:00:00,0.107,5.179
2019-11-30 00:00:00,0.078,4.731
2019-11-30 01:00:00,0.065,4.51
2019-11-30 02:00:00,0.065,4.495
2019-11-30 03:00:00,0.063,4.47
2019-11-30 04:00:00,0.057,4.346
2019-11-30 05:00:00,0.048,4.16
2019-11-30 06:00:00,0.038,3.911
2019-11-30 07:00:00,0.025,3.538
2019-11-30 08:00:00,0.015,3.161
2019-11-30 09:00:00,0.01,2.89
2019-11-30 10:00:00,0.007,2.659
2019-11-30 11:00:00,0.004,2.455
2019-11-30 12:00:00,0.005,2.515
2019-11-30 13:00:00,0.008,2.721
2019-11-30 14:00:00,0.011,2.923
2019-11-30 15:00:00,0.014,3.11
2019-11-30 16:00:00,0.019,3.32
2019-11-30 17:00:00,0.027,3.583
2019-11-30 18:00:00,0.031,3.701
2019-11-30 19:00:00,0.022,3.433
2019-11-30 20:00:00,0.015,3.119
2019-11-30 21:00:00,0.018,3.256
2019-11-30 22:00:00,0.032,3.759
2019-11-30 23:00:00,0.069,4.569
2019-12-01 00:00:00,0.118,5.332
2019-12-01 01:00:00,0.156,5.812
2019-12-01 02:00:00,0.229,6.559
2019-12-01 03:00:00,0.291,7.101
2019-12-01 04:00:00,0.327,7.398
2019-12-01 05:00:00,0.357,7.637
2019-12-01 06:00:00,0.379,7.809
2019-12-01 07:00:00,0.408,8.022
2019-12-01 08:00:00,0.427,8.163
2019-12-01 09:00:00,0.369,7.728
2019-12-01 10:00:00,0.343,7.524
2019-12-01 11:00:00,0.397,7.946
2019-12-01 12:00:00,0.486,8.6
2019-12-01 13:00:00,0.573,9.251
2019-12-01 14:00:00,0.633,9.712
2019-12-01 15:00:00,0.691,10.221
2019-12-01 16:00:00,0.738,10.653
2019-12-01 17:00:00,0.779,11.083
2019-12-01 18:00:00,0.792,11.236
2019-12-01 19:00:00,0.801,11.342
2019-12-01 20:00:00,0.797,11.292
2019-12-01 21:00:00,0.79,11.21
2019-12-01 22:00:00,0.787,11.18
2019-12-01 23:00:00,0.776,11.05
2019-12-02 00:00:00,0.747,10.737
2019-12-02 01:00:00,0.746,10.733
2019-12-02 02:00:00,0.743,10.712
2019-12-02 03:00:00,0.743,10.704
2019-12-02 04:00:00,0.75,10.778
2019-12-02 05:00:00,0.755,10.823
2019-12-02 06:00:00,0.742,10.7
2019-12-02 07:00:00,0.708,10.363
2019-12-02 08:00:00,0.667,10.005
2019-12-02 09:00:00,0.647,9.829
2019-12-02 10:00:00,0.631,9.705
2019-12-02 11:00:00,0.637,9.758
2019-12-02 12:00:00,0.663,9.975
2019-12-02 13:00:00,0.696,10.258
2019-12-02 14:00:00,0.739,10.664
2019-12-02 15:00:00,0.769,10.979
2019-12-02 16:00:00,0.802,11.358
2019-12-02 17:00:00,0.819,11.57
2019-12-02 18:00:00,0.816,11.525
2019-12-02 19:00:00,0.826,11.652
2019-12-02 20:00:00,0.845,11.922
2019-12-02 21:00:00,0.858,12.133
2019-12-02 22:00:00,0.862,12.184
2019-12-02 23:00:00,0.864,12.22
2019-12-03 00:00:00,0.869,12.307
2019-12-03 01:00:00,0.861,12.18
2019-12-03 02:00:00,0.85,11.992
2019-12-03 03:00:00,0.848,11.974
2019-12-03 04:00:00,0.836,11.806
2019-12-03 05:00:00,0.836,11.806
2019-12-03 06:00:00,0.827,11.675
2019-12-03 07:00:00,0.811,11.471
2019-12-03 08:00:00,0.797,11.302
2019-12-03 09:00:00,0.786,11.167
2019-12-03 10:00:00,0.804,11.379
2019-12-03 11:00:00,0.823,11.618
2019-12-03 12:00:00,0.818,11.554
2019-12-03 13:00:00,0.793,11.245
2019-12-03 14:00:00,0.755,10.826
2019-12-03 15:00:00,0.717,10.458
2019-12-03 16:00:00,0.692,10.222
2019-12-03 17:00:00,0.679,10.102
2019-12-03 18:00:00,0.677,10.082
2019-12-03 19:00:00,0.689,10.2
2019-12-03 20:00:00,0.716,10.438
2019-12-03 21:00:00,0.746,10.735
2019-12-03 22:00:00,0.763,10.902
2019-12-03 23:00:00,0.735,10.618
2019-12-04 00:00:00,0.696,10.259
2019-12-04 01:00:00,0.677,10.081
2019-12-04 02:00:00,0.699,10.284
2019-12-04 03:00:00,0.743,10.712
2019-12-04 04:00:00,0.808,11.432
2019-12-04 05:00:00,0.824,11.632
2019-12-04 06:00:00,0.857,12.123
2019-12-04 07:00:00,0.886,12.596
2019-12-04 08:00:00,0.914,13.201
2019-12-04 09:00:00,0.933,13.676
2019-12-04 10:00:00,0.946,14.078
2019-12-04 11:00:00,0.96,14.607
2019-12-04 12:00:00,0.968,14.965
2019-12-04 13:00:00,0.97,15.096
2019-12-04 14:00:00,0.959,14.569
2019-12-04 15:00:00,0.93,13.584
2019-12-04 16:00:00,0.899,12.871
2019-12-04 17:00:00,0.896,12.8
2019-12-04 18:00:00,0.905,13.0
2019-12-04 19:00:00,0.919,13.304
2019-12-04 20:00:00,0.927,13.515
2019-12-04 21:00:00,0.945,14.035
2019-12-04 22:00:00,0.949,14.17
2019-12-04 23:00:00,0.958,14.521
2019-12-05 00:00:00,0.969,15.07
2019-12-05 01:00:00,0.973,15.254
2019-12-05 02:00:00,0.974,15.311
2019-12-05 03:00:00,0.976,15.458
2019-12-05 04:00:00,0.975,15.429
2019-12-05 05:00:00,0.975,15.438
2019-12-05 06:00:00,0.976,15.469
2019-12-05 07:00:00,0.981,15.845
2019-12-05 08:00:00,0.982,15.925
2019-12-05 09:00:00,0.978,15.587
2019-12-05 10:00:00,0.982,15.93
2019-12-05 11:00:00,0.988,16.7
2019-12-05 12:00:00,0.989,17.631
2019-12-05 13:00:00,0.983,18.554
2019-12-05 14:00:00,0.973,19.207
2019-12-05 15:00:00,0.971,19.259
2019-12-05 16:00:00,0.972,19.222
2019-12-05 17:00:00,0.965,19.537
2019-12-05 18:00:00,0.958,19.818
2019-12-05 19:00:00,0.936,20.431
2019-12-05 20:00:00,0.951,20.027
2019-12-05 21:00:00,0.985,18.31
2019-12-05 22:00:00,0.984,16.218
2019-12-05 23:00:00,0.961,14.656
2019-12-06 00:00:00,0.948,14.157
2019-12-06 01:00:00,0.941,13.909
2019-12-06 02:00:00,0.934,13.702
2019-12-06 03:00:00,0.932,13.645
2019-12-06 04:00:00,0.932,13.646
2019-12-06 05:00:00,0.928,13.548
2019-12-06 06:00:00,0.914,13.184
2019-12-06 07:00:00,0.901,12.902
2019-12-06 08:00:00,0.926,13.496
2019-12-06 09:00:00,0.927,13.491
2019-12-06 10:00:00,0.902,12.924
2019-12-06 11:00:00,0.875,12.4
2019-12-06 12:00:00,0.85,11.992
2019-12-06 13:00:00,0.836,11.803
2019-12-06 14:00:00,0.826,11.658
2019-12-06 15:00:00,0.824,11.642
2019-12-06 16:00:00,0.829,11.71
2019-12-06 17:00:00,0.864,12.22
2019-12-06 18:00:00,0.863,12.206
2019-12-06 19:00:00,0.842,11.884
2019-12-06 20:00:00,0.847,11.963
2019-12-06 21:00:00,0.825,11.648
2019-12-06 22:00:00,0.751,10.785
2019-12-06 23:00:00,0.685,10.161
2019-12-07 00:00:00,0.681,10.128
2019-12-07 01:00:00,0.733,10.598
2019-12-07 02:00:00,0.76,10.869
2019-12-07 03:00:00,0.747,10.745
2019-12-07 04:00:00,0.71,10.391
2019-12-07 05:00:00,0.693,10.233
2019-12-07 06:00:00,0.613,9.566
2019-12-07 07:00:00,0.588,9.37
2019-12-07 08:00:00,0.524,8.882
2019-12-07 09:00:00,0.398,7.949
2019-12-07 10:00:00,0.379,7.808
2019-12-07 11:00:00,0.546,9.043
2019-12-07 12:00:00,0.702,10.319
2019-12-07 13:00:00,0.749,10.771
2019-12-07 14:00:00,0.853,12.058
2019-12-07 15:00:00,0.915,13.204
2019-12-07 16:00:00,0.95,14.236
2019-12-07 17:00:00,0.967,14.923
2019-12-07 18:00:00,0.973,15.254
2019-12-07 19:00:00,0.982,15.918
2019-12-07 20:00:00,0.987,16.66
2019-12-07 21:00:00,0.989,17.41
2019-12-07 22:00:00,0.982,18.601
2019-12-07 23:00:00,0.96,19.745
2019-12-08 00:00:00,0.928,20.636
2019-12-08 01:00:00,0.928,20.619
2019-12-08 02:00:00,0.834,22.101
2019-12-08 03:00:00,0.781,22.684
2019-12-08 04:00:00,0.939,20.364
2019-12-08 05:00:00,0.966,19.508
2019-12-08 06:00:00,0.978,18.92
2019-12-08 07:00:00,0.982,18.593
2019-12-08 08:00:00,0.978,18.931
2019-12-08 09:00:00,0.971,19.303
2019-12-08 10:00:00,0.963,19.651
2019-12-08 11:00:00,0.955,19.899
2019-12-08 12:00:00,0.946,20.175
2019-12-08 13:00:00,0.943,20.258
2019-12-08 14:00:00,0.949,20.082
2019-12-08 15:00:00,0.951,20.038
2019-12-08 16:00:00,0.956,19.883
2019-12-08 17:00:00,0.967,19.469
2019-12-08 18:00:00,0.98,18.769
2019-12-08 19:00:00,0.988,17.734
2019-12-08 20:00:00,0.984,16.205
2019-12-08 21:00:00,0.964,14.804
2019-12-08 22:00:00,0.93,13.599
2019-12-08 23:00:00,0.905,12.988
2019-12-09 00:00:00,0.909,13.074
2019-12-09 01:00:00,0.958,14.514
2019-12-09 02:00:00,0.989,16.988
2019-12-09 03:00:00,0.985,18.26
2019-12-09 04:00:00,0.983,18.521
2019-12-09 05:00:00,0.982,18.589
2019-12-09 06:00:00,0.983,18.508
2019-12-09 07:00:00,0.986,18.213
2019-12-09 08:00:00,0.989,17.595
2019-12-09 09:00:00,0.989,17.013
2019-12-09 10:00:00,0.985,16.345
2019-12-09 11:00:00,0.976,15.475
2019-12-09 12:00:00,0.962,14.708
2019-12-09 13:00:00,0.94,13.873
2019-12-09 14:00:00,0.89,12.669
2019-12-09 15:00:00,0.808,11.429
2019-12-09 16:00:00,0.737,10.643
2019-12-09 17:00:00,0.615,9.575
2019-12-09 18:00:00,0.387,7.866
2019-12-09 19:00:00,0.246,6.708
2019-12-09 20:00:00,0.261,6.845
2019-12-09 21:00:00,0.359,7.642
2019-12-09 22:00:00,0.519,8.849
2019-12-09 23:00:00,0.687,10.182
2019-12-10 00:00:00,0.807,11.419
2019-12-10 01:00:00,0.88,12.499
2019-12-10 02:00:00,0.939,13.831
2019-12-10 03:00:00,0.973,15.254
2019-12-10 04:00:00,0.988,16.685
2019-12-10 05:00:00,0.988,17.93
2019-12-10 06:00:00,0.974,19.119
2019-12-10 07:00:00,0.955,19.905
2019-12-10 08:00:00,0.935,20.454
2019-12-10 09:00:00,0.89,21.341
2019-12-10 10:00:00,0.834,22.099
2019-12-10 11:00:00,0.794,22.55
2019-12-10 12:00:00,0.734,23.129
2019-12-10 13:00:00,0.681,23.604
2019-12-10 14:00:00,0.702,23.426
2019-12-10 15:00:00,0.874,21.58
2019-12-10 16:00:00,0.983,18.49
2019-12-10 17:00:00,0.989,17.284
2019-12-10 18:00:00,0.977,15.515
2019-12-10 19:00:00,0.984,16.184
2019-12-10 20:00:00,0.989,17.09
2019-12-10 21:00:00,0.988,17.746
2019-12-10 22:00:00,0.984,18.378
2019-12-10 23:00:00,0.983,18.546
2019-12-11 00:00:00,0.986,18.256
2019-12-11 01:00:00,0.989,17.697
2019-12-11 02:00:00,0.989,17.119
2019-12-11 03:00:00,0.987,16.62
2019-12-11 04:00:00,0.985,16.301
2019-12-11 05:00:00,0.987,16.579
2019-12-11 06:00:00,0.989,17.297
2019-12-11 07:00:00,0.988,17.904
2019-12-11 08:00:00,0.988,17.915
2019-12-11 09:00:00,0.989,17.355
2019-12-11 10:00:00,0.988,16.737
2019-12-11 11:00:00,0.986,16.416
2019-12-11 12:00:00,0.983,16.013
2019-12-11 13:00:00,0.974,15.343
2019-12-11 14:00:00,0.962,14.689
2019-12-11 15:00:00,0.953,14.322
2019-12-11 16:00:00,0.954,14.38
2019-12-11 17:00:00,0.958,14.542
2019-12-11 18:00:00,0.962,14.692
2019-12-11 19:00:00,0.964,14.802
2019-12-11 20:00:00,0.965,14.826
2019-12-11 21:00:00,0.965,14.843
2019-12-11 22:00:00,0.965,14.842
2019-12-11 23:00:00,0.961,14.664
2019-12-12 00:00:00,0.955,14.416
2019-12-12 01:00:00,0.944,14.01
2019-12-12 02:00:00,0.924,13.448
2019-12-12 03:00:00,0.903,12.946
2019-12-12 04:00:00,0.883,12.556
2019-12-12 05:00:00,0.86,12.153
2019-12-12 06:00:00,0.827,11.666
2019-12-12 07:00:00,0.785,11.158
2019-12-12 08:00:00,0.747,10.743
2019-12-12 09:00:00,0.724,10.52
2019-12-12 10:00:00,0.721,10.485
2019-12-12 11:00:00,0.722,10.505
2019-12-12 12:00:00,0.73,10.573
2019-12-12 13:00:00,0.754,10.821
2019-12-12 14:00:00,0.787,11.184
2019-12-12 15:00:00,0.804,11.377
2019-12-12 16:00:00,0.829,11.706
2019-12-12 17:00:00,0.862,12.184
2019-12-12 18:00:00,0.875,12.407
2019-12-12 19:00:00,0.863,12.207
2019-12-12 20:00:00,0.809,11.444
2019-12-12 21:00:00,0.705,10.331
2019-12-12 22:00:00,0.51,8.776
2019-12-12 23:00:00,0.295,7.137
2019-12-13 00:00:00,0.199,6.266
2019-12-13 01:00:00,0.17,5.955
2019-12-13 02:00:00,0.139,5.609
2019-12-13 03:00:00,0.126,5.44
2019-12-13 04:00:00,0.128,5.471
2019-12-13 05:00:00,0.143,5.656
2019-12-13 06:00:00,0.154,5.78
2019-12-13 07:00:00,0.157,5.822
2019-12-13 08:00:00,0.165,5.913
2019-12-13 09:00:00,0.171,5.972
2019-12-13 10:00:00,0.162,5.88
2019-12-13 11:00:00,0.175,6.012
2019-12-13 12:00:00,0.264,6.875
2019-12-13 13:00:00,0.398,7.949
2019-12-13 14:00:00,0.542,9.019
2019-12-13 15:00:00,0.64,9.783
2019-12-13 16:00:00,0.682,10.14
2019-12-13 17:00:00,0.719,10.476
2019-12-13 18:00:00,0.75,10.783
2019-12-13 19:00:00,0.767,10.956
2019-12-13 20:00:00,0.767,10.961
2019-12-13 21:00:00,0.752,10.794
2019-12-13 22:00:00,0.701,10.304
2019-12-13 23:00:00,0.646,9.824
2019-12-14 00:00:00,0.616,9.583
2019-12-14 01:00:00,0.611,9.544
2019-12-14 02:00:00,0.656,9.9
2019-12-14 03:00:00,0.694,10.247
2019-12-14 04:00:00,0.721,10.487
2019-12-14 05:00:00,0.765,10.938
2019-12-14 06:00:00,0.816,11.527
2019-12-14 07:00:00,0.862,12.201
2019-12-14 08:00:00,0.899,12.859
2019-12-14 09:00:00,0.919,13.32
2019-12-14 10:00:00,0.934,13.704
2019-12-14 11:00:00,0.946,14.064
2019-12-14 12:00:00,0.957,14.507
2019-12-14 13:00:00,0.97,15.107
2019-12-14 14:00:00,0.978,15.623
2019-12-14 15:00:00,0.982,15.947
2019-12-14 16:00:00,0.98,15.786
2019-12-14 17:00:00,0.979,15.667
2019-12-14 18:00:00,0.982,15.976
2019-12-14 19:00:00,0.984,16.124
2019-12-14 20:00:00,0.984,16.12
2019-12-14 21:00:00,0.983,16.053
2019-12-14 22:00:00,0.975,15.411
2019-12-14 23:00:00,0.949,14.194
2019-12-15 00:00:00,0.907,13.041
2019-12-15 01:00:00,0.859,12.141
2019-12-15 02:00:00,0.815,11.516
2019-12-15 03:00:00,0.83,11.719
2019-12-15 04:00:00,0.855,12.081
2019-12-15 05:00:00,0.869,12.31
2019-12-15 06:00:00,0.884,12.569
2019-12-15 07:00:00,0.874,12.386
2019-12-15 08:00:00,0.844,11.911
2019-12-15 09:00:00,0.848,11.978
2019-12-15 10:00:00,0.873,12.368
2019-12-15 11:00:00,0.888,12.639
2019-12-15 12:00:00,0.896,12.806
2019-12-15 13:00:00,0.908,13.062
2019-12-15 14:00:00,0.916,13.236
2019-12-15 15:00:00,0.913,13.16
2019-12-15 16:00:00,0.892,12.727
2019-12-15 17:00:00,0.838,11.838
2019-12-15 18:00:00,0.76,10.88
2019-12-15 19:00:00,0.687,10.175
2019-12-15 20:00:00,0.645,9.822
2019-12-15 21:00:00,0.631,9.704
2019-12-15 22:00:00,0.651,9.873
2019-12-15 23:00:00,0.693,10.235
2019-12-16 00:00:00,0.735,10.625
2019-12-16 01:00:00,0.773,11.026
2019-12-16 02:00:00,0.815,11.517
2019-12-16 03:00:00,0.822,11.613
2019-12-16 04:00:00,0.786,11.166
2019-12-16 05:00:00,0.758,10.859
2019-12-16 06:00:00,0.739,10.67
2019-12-16 07:00:00,0.737,10.645
2019-12-16 08:00:00,0.74,10.675
2019-12-16 09:00:00,0.756,10.83
2019-12-16 10:00:00,0.807,11.423
2019-12-16 11:00:00,0.852,12.045
2019-12-16 12:00:00,0.875,12.41
2019-12-16 13:00:00,0.911,13.129
2019-12-16 14:00:00,0.95,14.202
2019-12-16 15:00:00,0.964,14.788
2019-12-16 16:00:00,0.966,14.872
2019-12-16 17:00:00,0.959,14.59
2019-12-16 18:00:00,0.947,14.109
2019-12-16 19:00:00,0.932,13.654
2019-12-16 20:00:00,0.911,13.122
2019-12-16 21:00:00,0.882,12.53
2019-12-16 22:00:00,0.853,12.06
2019-12-16 23:00:00,0.824,11.64
2019-12-17 00:00:00,0.795,11.266
2019-12-17 01:00:00,0.773,11.012
2019-12-17 02:00:00,0.75,10.775
2019-12-17 03:00:00,0.736,10.637
2019-12-17 04:00:00,0.722,10.493
2019-12-17 05:00:00,0.728,10.564
2019-12-17 06:00:00,0.747,10.743
2019-12-17 07:00:00,0.752,10.805
2019-12-17 08:00:00,0.762,10.896
2019-12-17 09:00:00,0.767,10.953
2019-12-17 10:00:00,0.777,11.067
2019-12-17 11:00:00,0.8,11.325
2019-12-17 12:00:00,0.782,11.116
2019-12-17 13:00:00,0.743,10.708
2019-12-17 14:00:00,0.717,10.441
2019-12-17 15:00:00,0.684,10.148
2019-12-17 16:00:00,0.655,9.898
2019-12-17 17:00:00,0.63,9.696
2019-12-17 18:00:00,0.62,9.616
2019-12-17 19:00:00,0.616,9.579
2019-12-17 20:00:00,0.621,9.628
2019-12-17 21:00:00,0.633,9.72
2019-12-17 22:00:00,0.628,9.67
2019-12-17 23:00:00,0.588,9.367
2019-12-18 00:00:00,0.533,8.95
2019-12-18 01:00:00,0.499,8.694
2019-12-18 02:00:00,0.468,8.47
2019-12-18 03:00:00,0.413,8.062
2019-12-18 04:00:00,0.304,7.219
2019-12-18 05:00:00,0.219,6.468
2019-12-18 06:00:00,0.211,6.393
2019-12-18 07:00:00,0.232,6.584
2019-12-18 08:00:00,0.26,6.84
2019-12-18 09:00:00,0.319,7.331
2019-12-18 10:00:00,0.386,7.855
2019-12-18 11:00:00,0.463,8.422
2019-12-18 12:00:00,0.57,9.23
2019-12-18 13:00:00,0.693,10.237
2019-12-18 14:00:00,0.788,11.19
2019-12-18 15:00:00,0.866,12.259
2019-12-18 16:00:00,0.91,13.104
2019-12-18 17:00:00,0.949,14.172
2019-12-18 18:00:00,0.975,15.432
2019-12-18 19:00:00,0.987,16.572
2019-12-18 20:00:00,0.989,17.655
2019-12-18 21:00:00,0.978,18.927
2019-12-18 22:00:00,0.965,19.566
2019-12-18 23:00:00,0.965,19.568
2019-12-19 00:00:00,0.98,18.791
2019-12-19 01:00:00,0.989,17.538
2019-12-19 02:00:00,0.985,16.238
2019-12-19 03:00:00,0.978,15.633
2019-12-19 04:00:00,0.966,14.897
2019-12-19 05:00:00,0.951,14.24
2019-12-19 06:00:00,0.904,12.962
2019-12-19 07:00:00,0.827,11.677
2019-12-19 08:00:00,0.763,10.919
2019-12-19 09:00:00,0.712,10.409
2019-12-19 10:00:00,0.689,10.201
2019-12-19 11:00:00,0.651,9.87
2019-12-19 12:00:00,0.613,9.565
2019-12-19 13:00:00,0.625,9.647
2019-12-19 14:00:00,0.648,9.846
2019-12-19 15:00:00,0.687,10.182
2019-12-19 16:00:00,0.685,10.151
2019-12-19 17:00:00,0.733,10.604
2019-12-19 18:00:00,0.795,11.269
2019-12-19 19:00:00,0.862,12.196
2019-12-19 20:00:00,0.888,12.64
2019-12-19 21:00:00,0.944,14.019
2019-12-19 22:00:00,0.968,15.02
2019-12-19 23:00:00,0.972,15.237
2019-12-20 00:00:00,0.974,15.373
2019-12-20 01:00:00,0.966,14.885
2019-12-20 02:00:00,0.957,14.505
2019-12-20 03:00:00,0.963,14.725
2019-12-20 04:00:00,0.968,14.972
2019-12-20 05:00:00,0.955,14.403
2019-12-20 06:00:00,0.913,13.157
2019-12-20 07:00:00,0.793,11.239
2019-12-20 08:00:00,0.609,9.534
2019-12-20 09:00:00,0.515,8.816
2019-12-20 10:00:00,0.374,7.762
2019-12-20 11:00:00,0.148,5.713
2019-12-20 12:00:00,0.044,4.055
2019-12-20 13:00:00,0.009,2.832
2019-12-20 14:00:00,0.023,3.466
2019-12-20 15:00:00,0.079,4.753
2019-12-20 16:00:00,0.183,6.099
2019-12-20 17:00:00,0.324,7.377
2019-12-20 18:00:00,0.487,8.606
2019-12-20 19:00:00,0.651,9.872
2019-12-20 20:00:00,0.77,10.987
2019-12-20 21:00:00,0.86,12.151
2019-12-20 22:00:00,0.923,13.397
2019-12-20 23:00:00,0.945,14.05
2019-12-21 00:00:00,0.951,14.265
2019-12-21 01:00:00,0.946,14.082
2019-12-21 02:00:00,0.933,13.692
2019-12-21 03:00:00,0.902,12.914
2019-12-21 04:00:00,0.85,12.005
2019-12-21 05:00:00,0.789,11.202
2019-12-21 06:00:00,0.722,10.507
2019-12-21 07:00:00,0.643,9.807
2019-12-21 08:00:00,0.548,9.064
2019-12-21 09:00:00,0.472,8.49
2019-12-21 10:00:00,0.449,8.322
2019-12-21 11:00:00,0.45,8.336
2019-12-21 12:00:00,0.431,8.201
2019-12-21 13:00:00,0.389,7.876
2019-12-21 14:00:00,0.331,7.434
2019-12-21 15:00:00,0.275,6.978
2019-12-21 16:00:00,0.238,6.65
2019-12-21 17:00:00,0.222,6.493
2019-12-21 18:00:00,0.215,6.427
2019-12-21 19:00:00,0.211,6.387
2019-12-21 20:00:00,0.189,6.164
2019-12-21 21:00:00,0.143,5.66
2019-12-21 22:00:00,0.105,5.16
2019-12-21 23:00:00,0.089,4.908
2019-12-22 00:00:00,0.087,4.885
2019-12-22 01:00:00,0.099,5.062
2019-12-22 02:00:00,0.113,5.264
2019-12-22 03:00:00,0.107,5.19
2019-12-22 04:00:00,0.088,4.898
2019-12-22 05:00:00,0.069,4.585
2019-12-22 06:00:00,0.061,4.418
2019-12-22 07:00:00,0.056,4.335
2019-12-22 08:00:00,0.054,4.274
2019-12-22 09:00:00,0.06,4.405
2019-12-22 10:00:00,0.076,4.694
2019-12-22 11:00:00,0.084,4.828
2019-12-22 12:00:00,0.085,4.847
2019-12-22 13:00:00,0.09,4.935
2019-12-22 14:00:00,0.102,5.117
2019-12-22 15:00:00,0.119,5.345
2019-12-22 16:00:00,0.144,5.666
2019-12-22 17:00:00,0.175,6.01
2019-12-22 18:00:00,0.201,6.295
2019-12-22 19:00:00,0.236,6.622
2019-12-22 20:00:00,0.284,7.053
2019-12-22 21:00:00,0.333,7.452
2019-12-22 22:00:00,0.363,7.687
2019-12-22 23:00:00,0.377,7.781
2019-12-23 00:00:00,0.362,7.676
2019-12-23 01:00:00,0.324,7.373
2019-12-23 02:00:00,0.278,6.992
2019-12-23 03:00:00,0.239,6.658
2019-12-23 04:00:00,0.234,6.608
2019-12-23 05:00:00,0.297,7.156
2019-12-23 06:00:00,0.43,8.188
2019-12-23 07:00:00,0.586,9.351
2019-12-23 08:00:00,0.682,10.135
2019-12-23 09:00:00,0.735,10.623
2019-12-23 10:00:00,0.781,11.112
2019-12-23 11:00:00,0.817,11.549
2019-12-23 12:00:00,0.851,12.01
2019-12-23 13:00:00,0.881,12.515
2019-12-23 14:00:00,0.894,12.758
2019-12-23 15:00:00,0.918,13.289
2019-12-23 16:00:00,0.916,13.238
2019-12-23 17:00:00,0.901,12.897
2019-12-23 18:00:00,0.872,12.35
2019-12-23 19:00:00,0.846,11.952
2019-12-23 20:00:00,0.82,11.58
2019-12-23 21:00:00,0.793,11.252
2019-12-23 22:00:00,0.749,10.772
2019-12-23 23:00:00,0.691,10.207
2019-12-24 00:00:00,0.67,10.029
2019-12-24 01:00:00,0.625,9.652
2019-12-24 02:00:00,0.522,8.869
2019-12-24 03:00:00,0.396,7.939
2019-12-24 04:00:00,0.299,7.175
2019-12-24 05:00:00,0.24,6.665
2019-12-24 06:00:00,0.2,6.277
2019-12-24 07:00:00,0.168,5.944
2019-12-24 08:00:00,0.146,5.687
2019-12-24 09:00:00,0.128,5.466
2019-12-24 10:00:00,0.117,5.31
2019-12-24 11:00:00,0.122,5.39
2019-12-24 12:00:00,0.144,5.667
2019-12-24 13:00:00,0.168,5.939
2019-12-24 14:00:00,0.184,6.119
2019-12-24 15:00:00,0.199,6.265
2019-12-24 16:00:00,0.227,6.546
2019-12-24 17:00:00,0.276,6.983
2019-12-24 18:00:00,0.334,7.459
2019-12-24 19:00:00,0.39,7.889
2019-12-24 20:00:00,0.434,8.217
2019-12-24 21:00:00,0.455,8.375
2019-12-24 22:00:00,0.443,8.279
2019-12-24 23:00:00,0.425,8.146
2019-12-25 00:00:00,0.422,8.122
2019-12-25 01:00:00,0.415,8.073
2019-12-25 02:00:00,0.394,7.917
2019-12-25 03:00:00,0.357,7.636
2019-12-25 04:00:00,0.315,7.311
2019-12-25 05:00:00,0.274,6.97
2019-12-25 06:00:00,0.236,6.62
2019-12-25 07:00:00,0.203,6.315
2019-12-25 08:00:00,0.175,6.009
2019-12-25 09:00:00,0.163,5.886
2019-12-25 10:00:00,0.155,5.789
2019-12-25 11:00:00,0.154,5.776
2019-12-25 12:00:00,0.15,5.74
2019-12-25 13:00:00,0.141,5.635
2019-12-25 14:00:00,0.131,5.501
2019-12-25 15:00:00,0.1,5.077
2019-12-25 16:00:00,0.067,4.525
2019-12-25 17:00:00,0.038,3.907
2019-12-25 18:00:00,0.014,3.109
2019-12-25 19:00:00,0.004,2.364
2019-12-25 20:00:00,0.002,2.093
2019-12-25 21:00:00,0.006,2.593
2019-12-25 22:00:00,0.022,3.42
2019-12-25 23:00:00,0.051,4.219
2019-12-26 00:00:00,0.109,5.206
2019-12-26 01:00:00,0.197,6.244
2019-12-26 02:00:00,0.304,7.219
2019-12-26 03:00:00,0.426,8.152
2019-12-26 04:00:00,0.542,9.02
2019-12-26 05:00:00,0.644,9.812
2019-12-26 06:00:00,0.726,10.544
2019-12-26 07:00:00,0.786,11.171
2019-12-26 08:00:00,0.818,11.561
2019-12-26 09:00:00,0.823,11.623
2019-12-26 10:00:00,0.823,11.62
2019-12-26 11:00:00,0.835,11.781
2019-12-26 12:00:00,0.842,11.886
2019-12-26 13:00:00,0.836,11.807
2019-12-26 14:00:00,0.817,11.536
2019-12-26 15:00:00,0.78,11.092
2019-12-26 16:00:00,0.733,10.598
2019-12-26 17:00:00,0.708,10.367
2019-12-26 18:00:00,0.716,10.449
2019-12-26 19:00:00,0.722,10.504
2019-12-26 20:00:00,0.714,10.427
2019-12-26 21:00:00,0.717,10.45
2019-12-26 22:00:00,0.727,10.547
2019-12-26 23:00:00,0.712,10.408
2019-12-27 00:00:00,0.69,10.204
2019-12-27 01:00:00,0.685,10.162
2019-12-27 02:00:00,0.701,10.31
2019-12-27 03:00:00,0.749,10.765
2019-12-27 04:00:00,0.798,11.309
2019-12-27 05:00:00,0.83,11.721
2019-12-27 06:00:00,0.861,12.18
2019-12-27 07:00:00,0.89,12.69
2019-12-27 08:00:00,0.913,13.148
2019-12-27 09:00:00,0.933,13.684
2019-12-27 10:00:00,0.946,14.083
2019-12-27 11:00:00,0.962,14.699
2019-12-27 12:00:00,0.967,14.923
2019-12-27 13:00:00,0.967,14.922
2019-12-27 14:00:00,0.966,14.885
2019-12-27 15:00:00,0.962,14.694
2019-12-27 16:00:00,0.946,14.074
2019-12-27 17:00:00,0.938,13.821
2019-12-27 18:00:00,0.916,13.233
2019-12-27 19:00:00,0.88,12.493
2019-12-27 20:00:00,0.843,11.909
2019-12-27 21:00:00,0.811,11.474
2019-12-27 22:00:00,0.811,11.466
2019-12-27 23:00:00,0.82,11.579
2019-12-28 00:00:00,0.846,11.937
2019-12-28 01:00:00,0.852,12.037
2019-12-28 02:00:00,0.851,12.023
2019-12-28 03:00:00,0.839,11.847
2019-12-28 04:00:00,0.86,12.153
2019-12-28 05:00:00,0.879,12.485
2019-12-28 06:00:00,0.878,12.468
2019-12-28 07:00:00,0.869,12.305
2019-12-28 08:00:00,0.861,12.169
2019-12-28 09:00:00,0.85,11.994
2019-12-28 10:00:00,0.828,11.692
2019-12-28 11:00:00,0.8,11.328
2019-12-28 12:00:00,0.777,11.062
2019-12-28 13:00:00,0.791,11.227
2019-12-28 14:00:00,0.827,11.685
2019-12-28 15:00:00,0.837,11.817
2019-12-28 16:00:00,0.846,11.939
2019-12-28 17:00:00,0.854,12.076
2019-12-28 18:00:00,0.84,11.854
2019-12-28 19:00:00,0.85,11.992
2019-12-28 20:00:00,0.842,11.893
2019-12-28 21:00:00,0.826,11.652
2019-12-28 22:00:00,0.795,11.269
2019-12-28 23:00:00,0.808,11.434
2019-12-29 00:00:00,0.851,12.012
2019-12-29 01:00:00,0.865,12.25
2019-12-29 02:00:00,0.923,13.403
2019-12-29 03:00:00,0.949,14.179
2019-12-29 04:00:00,0.956,14.424
2019-12-29 05:00:00,0.949,14.197
2019-12-29 06:00:00,0.946,14.086
2019-12-29 07:00:00,0.946,14.092
2019-12-29 08:00:00,0.958,14.514
2019-12-29 09:00:00,0.957,14.486
2019-12-29 10:00:00,0.952,14.293
2019-12-29 11:00:00,0.945,14.042
2019-12-29 12:00:00,0.927,13.523
2019-12-29 13:00:00,0.911,13.114
2019-12-29 14:00:00,0.911,13.127
2019-12-29 15:00:00,0.922,13.378
2019-12-29 16:00:00,0.93,13.603
2019-12-29 17:00:00,0.936,13.758
2019-12-29 18:00:00,0.942,13.946
2019-12-29 19:00:00,0.946,14.063
2019-12-29 20:00:00,0.946,14.095
2019-12-29 21:00:00,0.937,13.81
2019-12-29 22:00:00,0.93,13.607
2019-12-29 23:00:00,0.924,13.445
2019-12-30 00:00:00,0.917,13.268
2019-12-30 01:00:00,0.913,13.159
2019-12-30 02:00:00,0.91,13.104
2019-12-30 03:00:00,0.91,13.087
2019-12-30 04:00:00,0.908,13.056
2019-12-30 05:00:00,0.907,13.027
2019-12-30 06:00:00,0.914,13.197
2019-12-30 07:00:00,0.896,12.804
2019-12-30 08:00:00,0.876,12.434
2019-12-30 09:00:00,0.866,12.267
2019-12-30 10:00:00,0.838,11.838
2019-12-30 11:00:00,0.833,11.755
2019-12-30 12:00:00,0.813,11.492
2019-12-30 13:00:00,0.811,11.468
2019-12-30 14:00:00,0.762,10.895
2019-12-30 15:00:00,0.743,10.711
2019-12-30 16:00:00,0.742,10.693
2019-12-30 17:00:00,0.733,10.61
2019-12-30 18:00:00,0.731,10.589
2019-12-30 19:00:00,0.728,10.564
2019-12-30 20:00:00,0.724,10.525
2019-12-30 21:00:00,0.721,10.484
2019-12-30 22:00:00,0.688,10.187
2019-12-30 23:00:00,0.64,9.778
2019-12-31 00:00:00,0.595,9.416
2019-12-31 01:00:00,0.496,8.669
2019-12-31 02:00:00,0.34,7.502
2019-12-31 03:00:00,0.29,7.095
2019-12-31 04:00:00,0.222,6.49
2019-12-31 05:00:00,0.109,5.215
2019-12-31 06:00:00,0.053,4.271
2019-12-31 07:00:00,0.023,3.451
2019-12-31 08:00:00,0.027,3.607
2019-12-31 09:00:00,0.044,4.059
2019-12-31 10:00:00,0.064,4.477
2019-12-31 11:00:00,0.092,4.967
2019-12-31 12:00:00,0.15,5.742
2019-12-31 13:00:00,0.226,6.531
2019-12-31 14:00:00,0.299,7.179
2019-12-31 15:00:00,0.376,7.776
2019-12-31 16:00:00,0.469,8.477
2019-12-31 17:00:00,0.584,9.339
2019-12-31 18:00:00,0.674,10.063
2019-12-31 19:00:00,0.722,10.492
2019-12-31 20:00:00,0.743,10.705
2019-12-31 21:00:00,0.746,10.733
2019-12-31 22:00:00,0.735,10.623
2019-12-31 23:00:00,0.717,10.441
