,electricity,wind_speed
2019-01-01 00:00:00,0.951,14.27
2019-01-01 01:00:00,0.973,15.245
2019-01-01 02:00:00,0.977,15.575
2019-01-01 03:00:00,0.974,15.316
2019-01-01 04:00:00,0.964,14.797
2019-01-01 05:00:00,0.947,14.1
2019-01-01 06:00:00,0.915,13.214
2019-01-01 07:00:00,0.883,12.553
2019-01-01 08:00:00,0.852,12.027
2019-01-01 09:00:00,0.87,12.322
2019-01-01 10:00:00,0.907,13.028
2019-01-01 11:00:00,0.944,14.018
2019-01-01 12:00:00,0.97,15.116
2019-01-01 13:00:00,0.984,16.223
2019-01-01 14:00:00,0.989,17.051
2019-01-01 15:00:00,0.989,17.634
2019-01-01 16:00:00,0.988,17.89
2019-01-01 17:00:00,0.988,17.725
2019-01-01 18:00:00,0.989,17.31
2019-01-01 19:00:00,0.988,16.722
2019-01-01 20:00:00,0.984,16.128
2019-01-01 21:00:00,0.978,15.64
2019-01-01 22:00:00,0.974,15.316
2019-01-01 23:00:00,0.972,15.209
2019-01-02 00:00:00,0.969,15.031
2019-01-02 01:00:00,0.962,14.686
2019-01-02 02:00:00,0.953,14.341
2019-01-02 03:00:00,0.944,14.019
2019-01-02 04:00:00,0.937,13.786
2019-01-02 05:00:00,0.931,13.632
2019-01-02 06:00:00,0.925,13.45
2019-01-02 07:00:00,0.91,13.094
2019-01-02 08:00:00,0.888,12.644
2019-01-02 09:00:00,0.858,12.134
2019-01-02 10:00:00,0.822,11.612
2019-01-02 11:00:00,0.782,11.116
2019-01-02 12:00:00,0.747,10.741
2019-01-02 13:00:00,0.717,10.459
2019-01-02 14:00:00,0.687,10.172
2019-01-02 15:00:00,0.644,9.815
2019-01-02 16:00:00,0.596,9.42
2019-01-02 17:00:00,0.548,9.055
2019-01-02 18:00:00,0.502,8.719
2019-01-02 19:00:00,0.477,8.529
2019-01-02 20:00:00,0.48,8.561
2019-01-02 21:00:00,0.509,8.772
2019-01-02 22:00:00,0.533,8.953
2019-01-02 23:00:00,0.536,8.972
2019-01-03 00:00:00,0.523,8.872
2019-01-03 01:00:00,0.506,8.744
2019-01-03 02:00:00,0.486,8.6
2019-01-03 03:00:00,0.471,8.488
2019-01-03 04:00:00,0.453,8.352
2019-01-03 05:00:00,0.429,8.172
2019-01-03 06:00:00,0.407,8.015
2019-01-03 07:00:00,0.388,7.867
2019-01-03 08:00:00,0.357,7.637
2019-01-03 09:00:00,0.33,7.42
2019-01-03 10:00:00,0.316,7.316
2019-01-03 11:00:00,0.327,7.391
2019-01-03 12:00:00,0.355,7.619
2019-01-03 13:00:00,0.383,7.833
2019-01-03 14:00:00,0.387,7.864
2019-01-03 15:00:00,0.359,7.649
2019-01-03 16:00:00,0.307,7.237
2019-01-03 17:00:00,0.259,6.836
2019-01-03 18:00:00,0.23,6.567
2019-01-03 19:00:00,0.223,6.509
2019-01-03 20:00:00,0.238,6.647
2019-01-03 21:00:00,0.308,7.247
2019-01-03 22:00:00,0.31,7.267
2019-01-03 23:00:00,0.269,6.917
2019-01-04 00:00:00,0.246,6.714
2019-01-04 01:00:00,0.291,7.11
2019-01-04 02:00:00,0.374,7.767
2019-01-04 03:00:00,0.488,8.617
2019-01-04 04:00:00,0.584,9.332
2019-01-04 05:00:00,0.622,9.634
2019-01-04 06:00:00,0.649,9.855
2019-01-04 07:00:00,0.668,10.017
2019-01-04 08:00:00,0.679,10.108
2019-01-04 09:00:00,0.708,10.364
2019-01-04 10:00:00,0.756,10.834
2019-01-04 11:00:00,0.796,11.282
2019-01-04 12:00:00,0.822,11.615
2019-01-04 13:00:00,0.833,11.756
2019-01-04 14:00:00,0.829,11.703
2019-01-04 15:00:00,0.824,11.635
2019-01-04 16:00:00,0.82,11.576
2019-01-04 17:00:00,0.817,11.549
2019-01-04 18:00:00,0.805,11.392
2019-01-04 19:00:00,0.783,11.121
2019-01-04 20:00:00,0.775,11.04
2019-01-04 21:00:00,0.798,11.309
2019-01-04 22:00:00,0.828,11.688
2019-01-04 23:00:00,0.859,12.144
2019-01-05 00:00:00,0.885,12.588
2019-01-05 01:00:00,0.896,12.805
2019-01-05 02:00:00,0.898,12.826
2019-01-05 03:00:00,0.887,12.629
2019-01-05 04:00:00,0.868,12.291
2019-01-05 05:00:00,0.839,11.852
2019-01-05 06:00:00,0.805,11.39
2019-01-05 07:00:00,0.784,11.141
2019-01-05 08:00:00,0.768,10.964
2019-01-05 09:00:00,0.765,10.936
2019-01-05 10:00:00,0.763,10.912
2019-01-05 11:00:00,0.749,10.767
2019-01-05 12:00:00,0.735,10.621
2019-01-05 13:00:00,0.727,10.555
2019-01-05 14:00:00,0.717,10.451
2019-01-05 15:00:00,0.701,10.304
2019-01-05 16:00:00,0.682,10.133
2019-01-05 17:00:00,0.66,9.94
2019-01-05 18:00:00,0.65,9.863
2019-01-05 19:00:00,0.658,9.919
2019-01-05 20:00:00,0.653,9.889
2019-01-05 21:00:00,0.623,9.639
2019-01-05 22:00:00,0.568,9.215
2019-01-05 23:00:00,0.514,8.812
2019-01-06 00:00:00,0.465,8.445
2019-01-06 01:00:00,0.403,7.984
2019-01-06 02:00:00,0.341,7.508
2019-01-06 03:00:00,0.289,7.093
2019-01-06 04:00:00,0.264,6.872
2019-01-06 05:00:00,0.26,6.838
2019-01-06 06:00:00,0.266,6.897
2019-01-06 07:00:00,0.255,6.797
2019-01-06 08:00:00,0.232,6.587
2019-01-06 09:00:00,0.215,6.42
2019-01-06 10:00:00,0.196,6.232
2019-01-06 11:00:00,0.192,6.188
2019-01-06 12:00:00,0.205,6.326
2019-01-06 13:00:00,0.197,6.237
2019-01-06 14:00:00,0.167,5.937
2019-01-06 15:00:00,0.163,5.889
2019-01-06 16:00:00,0.174,6.004
2019-01-06 17:00:00,0.183,6.106
2019-01-06 18:00:00,0.186,6.133
2019-01-06 19:00:00,0.196,6.228
2019-01-06 20:00:00,0.206,6.337
2019-01-06 21:00:00,0.219,6.467
2019-01-06 22:00:00,0.262,6.859
2019-01-06 23:00:00,0.31,7.261
2019-01-07 00:00:00,0.319,7.333
2019-01-07 01:00:00,0.31,7.259
2019-01-07 02:00:00,0.312,7.278
2019-01-07 03:00:00,0.374,7.763
2019-01-07 04:00:00,0.499,8.691
2019-01-07 05:00:00,0.651,9.872
2019-01-07 06:00:00,0.763,10.9
2019-01-07 07:00:00,0.834,11.775
2019-01-07 08:00:00,0.841,11.875
2019-01-07 09:00:00,0.86,12.152
2019-01-07 10:00:00,0.907,13.038
2019-01-07 11:00:00,0.933,13.683
2019-01-07 12:00:00,0.949,14.198
2019-01-07 13:00:00,0.961,14.665
2019-01-07 14:00:00,0.971,15.132
2019-01-07 15:00:00,0.983,16.079
2019-01-07 16:00:00,0.989,17.241
2019-01-07 17:00:00,0.986,18.176
2019-01-07 18:00:00,0.975,19.076
2019-01-07 19:00:00,0.966,19.517
2019-01-07 20:00:00,0.958,19.827
2019-01-07 21:00:00,0.937,20.426
2019-01-07 22:00:00,0.924,20.703
2019-01-07 23:00:00,0.911,20.975
2019-01-08 00:00:00,0.896,21.233
2019-01-08 01:00:00,0.881,21.463
2019-01-08 02:00:00,0.86,21.78
2019-01-08 03:00:00,0.831,22.13
2019-01-08 04:00:00,0.821,22.252
2019-01-08 05:00:00,0.813,22.347
2019-01-08 06:00:00,0.828,22.175
2019-01-08 07:00:00,0.858,21.795
2019-01-08 08:00:00,0.89,21.33
2019-01-08 09:00:00,0.904,21.107
2019-01-08 10:00:00,0.906,21.061
2019-01-08 11:00:00,0.896,21.24
2019-01-08 12:00:00,0.898,21.209
2019-01-08 13:00:00,0.911,20.978
2019-01-08 14:00:00,0.926,20.654
2019-01-08 15:00:00,0.944,20.238
2019-01-08 16:00:00,0.962,19.67
2019-01-08 17:00:00,0.977,18.975
2019-01-08 18:00:00,0.983,18.529
2019-01-08 19:00:00,0.985,18.339
2019-01-08 20:00:00,0.982,18.605
2019-01-08 21:00:00,0.98,18.76
2019-01-08 22:00:00,0.98,18.786
2019-01-08 23:00:00,0.98,18.778
2019-01-09 00:00:00,0.983,18.493
2019-01-09 01:00:00,0.987,18.105
2019-01-09 02:00:00,0.989,17.577
2019-01-09 03:00:00,0.989,17.026
2019-01-09 04:00:00,0.987,16.644
2019-01-09 05:00:00,0.985,16.254
2019-01-09 06:00:00,0.982,15.998
2019-01-09 07:00:00,0.979,15.726
2019-01-09 08:00:00,0.978,15.583
2019-01-09 09:00:00,0.971,15.169
2019-01-09 10:00:00,0.963,14.764
2019-01-09 11:00:00,0.954,14.348
2019-01-09 12:00:00,0.937,13.787
2019-01-09 13:00:00,0.928,13.546
2019-01-09 14:00:00,0.91,13.086
2019-01-09 15:00:00,0.868,12.294
2019-01-09 16:00:00,0.846,11.951
2019-01-09 17:00:00,0.836,11.797
2019-01-09 18:00:00,0.809,11.45
2019-01-09 19:00:00,0.763,10.908
2019-01-09 20:00:00,0.709,10.375
2019-01-09 21:00:00,0.659,9.935
2019-01-09 22:00:00,0.567,9.205
2019-01-09 23:00:00,0.446,8.3
2019-01-10 00:00:00,0.39,7.892
2019-01-10 01:00:00,0.33,7.418
2019-01-10 02:00:00,0.304,7.219
2019-01-10 03:00:00,0.289,7.09
2019-01-10 04:00:00,0.27,6.933
2019-01-10 05:00:00,0.244,6.694
2019-01-10 06:00:00,0.232,6.579
2019-01-10 07:00:00,0.246,6.709
2019-01-10 08:00:00,0.242,6.682
2019-01-10 09:00:00,0.236,6.631
2019-01-10 10:00:00,0.249,6.74
2019-01-10 11:00:00,0.274,6.964
2019-01-10 12:00:00,0.302,7.205
2019-01-10 13:00:00,0.347,7.56
2019-01-10 14:00:00,0.417,8.092
2019-01-10 15:00:00,0.497,8.681
2019-01-10 16:00:00,0.57,9.227
2019-01-10 17:00:00,0.639,9.772
2019-01-10 18:00:00,0.702,10.319
2019-01-10 19:00:00,0.727,10.553
2019-01-10 20:00:00,0.731,10.588
2019-01-10 21:00:00,0.722,10.498
2019-01-10 22:00:00,0.69,10.203
2019-01-10 23:00:00,0.67,10.031
2019-01-11 00:00:00,0.691,10.218
2019-01-11 01:00:00,0.698,10.275
2019-01-11 02:00:00,0.673,10.057
2019-01-11 03:00:00,0.678,10.097
2019-01-11 04:00:00,0.724,10.523
2019-01-11 05:00:00,0.793,11.247
2019-01-11 06:00:00,0.834,11.775
2019-01-11 07:00:00,0.867,12.281
2019-01-11 08:00:00,0.88,12.491
2019-01-11 09:00:00,0.878,12.465
2019-01-11 10:00:00,0.881,12.52
2019-01-11 11:00:00,0.886,12.609
2019-01-11 12:00:00,0.896,12.794
2019-01-11 13:00:00,0.893,12.749
2019-01-11 14:00:00,0.88,12.502
2019-01-11 15:00:00,0.852,12.031
2019-01-11 16:00:00,0.818,11.557
2019-01-11 17:00:00,0.79,11.217
2019-01-11 18:00:00,0.784,11.141
2019-01-11 19:00:00,0.785,11.155
2019-01-11 20:00:00,0.76,10.873
2019-01-11 21:00:00,0.698,10.284
2019-01-11 22:00:00,0.654,9.893
2019-01-11 23:00:00,0.649,9.855
2019-01-12 00:00:00,0.709,10.37
2019-01-12 01:00:00,0.776,11.061
2019-01-12 02:00:00,0.827,11.668
2019-01-12 03:00:00,0.917,13.259
2019-01-12 04:00:00,0.939,13.855
2019-01-12 05:00:00,0.952,14.303
2019-01-12 06:00:00,0.958,14.52
2019-01-12 07:00:00,0.955,14.389
2019-01-12 08:00:00,0.961,14.653
2019-01-12 09:00:00,0.971,15.16
2019-01-12 10:00:00,0.969,15.049
2019-01-12 11:00:00,0.967,14.958
2019-01-12 12:00:00,0.968,14.963
2019-01-12 13:00:00,0.972,15.221
2019-01-12 14:00:00,0.98,15.769
2019-01-12 15:00:00,0.983,16.067
2019-01-12 16:00:00,0.981,15.872
2019-01-12 17:00:00,0.973,15.256
2019-01-12 18:00:00,0.95,14.233
2019-01-12 19:00:00,0.918,13.278
2019-01-12 20:00:00,0.876,12.424
2019-01-12 21:00:00,0.872,12.356
2019-01-12 22:00:00,0.856,12.098
2019-01-12 23:00:00,0.865,12.242
2019-01-13 00:00:00,0.917,13.258
2019-01-13 01:00:00,0.959,14.565
2019-01-13 02:00:00,0.958,14.544
2019-01-13 03:00:00,0.974,15.312
2019-01-13 04:00:00,0.987,16.642
2019-01-13 05:00:00,0.989,16.921
2019-01-13 06:00:00,0.989,17.02
2019-01-13 07:00:00,0.989,17.177
2019-01-13 08:00:00,0.988,17.811
2019-01-13 09:00:00,0.989,17.304
2019-01-13 10:00:00,0.988,17.943
2019-01-13 11:00:00,0.983,18.484
2019-01-13 12:00:00,0.976,19.035
2019-01-13 13:00:00,0.967,19.468
2019-01-13 14:00:00,0.975,19.109
2019-01-13 15:00:00,0.98,18.797
2019-01-13 16:00:00,0.982,18.583
2019-01-13 17:00:00,0.984,18.468
2019-01-13 18:00:00,0.983,18.495
2019-01-13 19:00:00,0.984,18.394
2019-01-13 20:00:00,0.987,18.074
2019-01-13 21:00:00,0.989,17.551
2019-01-13 22:00:00,0.988,16.685
2019-01-13 23:00:00,0.971,15.138
2019-01-14 00:00:00,0.921,13.352
2019-01-14 01:00:00,0.851,12.019
2019-01-14 02:00:00,0.786,11.171
2019-01-14 03:00:00,0.784,11.142
2019-01-14 04:00:00,0.822,11.601
2019-01-14 05:00:00,0.861,12.171
2019-01-14 06:00:00,0.88,12.501
2019-01-14 07:00:00,0.888,12.642
2019-01-14 08:00:00,0.894,12.771
2019-01-14 09:00:00,0.899,12.871
2019-01-14 10:00:00,0.902,12.924
2019-01-14 11:00:00,0.904,12.96
2019-01-14 12:00:00,0.902,12.924
2019-01-14 13:00:00,0.883,12.555
2019-01-14 14:00:00,0.822,11.618
2019-01-14 15:00:00,0.754,10.817
2019-01-14 16:00:00,0.636,9.745
2019-01-14 17:00:00,0.514,8.802
2019-01-14 18:00:00,0.485,8.598
2019-01-14 19:00:00,0.557,9.13
2019-01-14 20:00:00,0.691,10.219
2019-01-14 21:00:00,0.802,11.352
2019-01-14 22:00:00,0.855,12.077
2019-01-14 23:00:00,0.874,12.394
2019-01-15 00:00:00,0.886,12.612
2019-01-15 01:00:00,0.893,12.744
2019-01-15 02:00:00,0.898,12.846
2019-01-15 03:00:00,0.909,13.069
2019-01-15 04:00:00,0.918,13.293
2019-01-15 05:00:00,0.936,13.741
2019-01-15 06:00:00,0.945,14.047
2019-01-15 07:00:00,0.951,14.248
2019-01-15 08:00:00,0.954,14.375
2019-01-15 09:00:00,0.962,14.723
2019-01-15 10:00:00,0.952,14.302
2019-01-15 11:00:00,0.936,13.769
2019-01-15 12:00:00,0.93,13.602
2019-01-15 13:00:00,0.935,13.738
2019-01-15 14:00:00,0.928,13.531
2019-01-15 15:00:00,0.92,13.336
2019-01-15 16:00:00,0.913,13.161
2019-01-15 17:00:00,0.91,13.101
2019-01-15 18:00:00,0.911,13.133
2019-01-15 19:00:00,0.91,13.097
2019-01-15 20:00:00,0.911,13.115
2019-01-15 21:00:00,0.913,13.159
2019-01-15 22:00:00,0.917,13.268
2019-01-15 23:00:00,0.924,13.441
2019-01-16 00:00:00,0.928,13.536
2019-01-16 01:00:00,0.927,13.505
2019-01-16 02:00:00,0.931,13.618
2019-01-16 03:00:00,0.936,13.769
2019-01-16 04:00:00,0.944,13.993
2019-01-16 05:00:00,0.954,14.367
2019-01-16 06:00:00,0.967,14.927
2019-01-16 07:00:00,0.971,15.172
2019-01-16 08:00:00,0.967,14.928
2019-01-16 09:00:00,0.968,14.963
2019-01-16 10:00:00,0.973,15.243
2019-01-16 11:00:00,0.977,15.521
2019-01-16 12:00:00,0.978,15.592
2019-01-16 13:00:00,0.973,15.264
2019-01-16 14:00:00,0.962,14.706
2019-01-16 15:00:00,0.939,13.842
2019-01-16 16:00:00,0.879,12.484
2019-01-16 17:00:00,0.835,11.787
2019-01-16 18:00:00,0.877,12.448
2019-01-16 19:00:00,0.921,13.362
2019-01-16 20:00:00,0.932,13.659
2019-01-16 21:00:00,0.934,13.721
2019-01-16 22:00:00,0.944,14.022
2019-01-16 23:00:00,0.955,14.413
2019-01-17 00:00:00,0.96,14.616
2019-01-17 01:00:00,0.958,14.518
2019-01-17 02:00:00,0.952,14.289
2019-01-17 03:00:00,0.948,14.162
2019-01-17 04:00:00,0.962,14.717
2019-01-17 05:00:00,0.971,15.165
2019-01-17 06:00:00,0.966,14.905
2019-01-17 07:00:00,0.976,15.454
2019-01-17 08:00:00,0.984,16.2
2019-01-17 09:00:00,0.985,16.289
2019-01-17 10:00:00,0.986,16.389
2019-01-17 11:00:00,0.987,16.644
2019-01-17 12:00:00,0.988,16.824
2019-01-17 13:00:00,0.989,17.007
2019-01-17 14:00:00,0.989,17.275
2019-01-17 15:00:00,0.989,17.265
2019-01-17 16:00:00,0.988,16.76
2019-01-17 17:00:00,0.983,16.088
2019-01-17 18:00:00,0.97,15.116
2019-01-17 19:00:00,0.933,13.685
2019-01-17 20:00:00,0.857,12.12
2019-01-17 21:00:00,0.741,10.687
2019-01-17 22:00:00,0.584,9.338
2019-01-17 23:00:00,0.411,8.044
2019-01-18 00:00:00,0.277,6.988
2019-01-18 01:00:00,0.192,6.19
2019-01-18 02:00:00,0.135,5.55
2019-01-18 03:00:00,0.1,5.078
2019-01-18 04:00:00,0.08,4.772
2019-01-18 05:00:00,0.055,4.304
2019-01-18 06:00:00,0.032,3.739
2019-01-18 07:00:00,0.021,3.37
2019-01-18 08:00:00,0.026,3.569
2019-01-18 09:00:00,0.06,4.397
2019-01-18 10:00:00,0.105,5.148
2019-01-18 11:00:00,0.156,5.806
2019-01-18 12:00:00,0.193,6.207
2019-01-18 13:00:00,0.211,6.391
2019-01-18 14:00:00,0.225,6.522
2019-01-18 15:00:00,0.259,6.829
2019-01-18 16:00:00,0.334,7.458
2019-01-18 17:00:00,0.451,8.341
2019-01-18 18:00:00,0.581,9.312
2019-01-18 19:00:00,0.694,10.245
2019-01-18 20:00:00,0.777,11.065
2019-01-18 21:00:00,0.826,11.649
2019-01-18 22:00:00,0.847,11.962
2019-01-18 23:00:00,0.853,12.06
2019-01-19 00:00:00,0.85,11.993
2019-01-19 01:00:00,0.839,11.845
2019-01-19 02:00:00,0.832,11.74
2019-01-19 03:00:00,0.823,11.629
2019-01-19 04:00:00,0.819,11.567
2019-01-19 05:00:00,0.817,11.549
2019-01-19 06:00:00,0.817,11.552
2019-01-19 07:00:00,0.82,11.58
2019-01-19 08:00:00,0.825,11.645
2019-01-19 09:00:00,0.831,11.727
2019-01-19 10:00:00,0.837,11.813
2019-01-19 11:00:00,0.835,11.777
2019-01-19 12:00:00,0.82,11.59
2019-01-19 13:00:00,0.796,11.28
2019-01-19 14:00:00,0.764,10.922
2019-01-19 15:00:00,0.727,10.551
2019-01-19 16:00:00,0.69,10.204
2019-01-19 17:00:00,0.66,9.943
2019-01-19 18:00:00,0.632,9.707
2019-01-19 19:00:00,0.599,9.452
2019-01-19 20:00:00,0.561,9.152
2019-01-19 21:00:00,0.517,8.824
2019-01-19 22:00:00,0.462,8.418
2019-01-19 23:00:00,0.397,7.94
2019-01-20 00:00:00,0.334,7.457
2019-01-20 01:00:00,0.285,7.057
2019-01-20 02:00:00,0.248,6.727
2019-01-20 03:00:00,0.21,6.379
2019-01-20 04:00:00,0.175,6.019
2019-01-20 05:00:00,0.145,5.683
2019-01-20 06:00:00,0.123,5.399
2019-01-20 07:00:00,0.108,5.195
2019-01-20 08:00:00,0.1,5.086
2019-01-20 09:00:00,0.105,5.149
2019-01-20 10:00:00,0.107,5.187
2019-01-20 11:00:00,0.103,5.119
2019-01-20 12:00:00,0.087,4.885
2019-01-20 13:00:00,0.066,4.516
2019-01-20 14:00:00,0.046,4.11
2019-01-20 15:00:00,0.034,3.808
2019-01-20 16:00:00,0.03,3.685
2019-01-20 17:00:00,0.032,3.744
2019-01-20 18:00:00,0.038,3.911
2019-01-20 19:00:00,0.044,4.059
2019-01-20 20:00:00,0.055,4.303
2019-01-20 21:00:00,0.075,4.676
2019-01-20 22:00:00,0.104,5.141
2019-01-20 23:00:00,0.15,5.735
2019-01-21 00:00:00,0.189,6.167
2019-01-21 01:00:00,0.202,6.301
2019-01-21 02:00:00,0.213,6.405
2019-01-21 03:00:00,0.23,6.572
2019-01-21 04:00:00,0.236,6.625
2019-01-21 05:00:00,0.206,6.331
2019-01-21 06:00:00,0.151,5.749
2019-01-21 07:00:00,0.087,4.884
2019-01-21 08:00:00,0.044,4.071
2019-01-21 09:00:00,0.02,3.343
2019-01-21 10:00:00,0.018,3.281
2019-01-21 11:00:00,0.047,4.124
2019-01-21 12:00:00,0.1,5.089
2019-01-21 13:00:00,0.159,5.84
2019-01-21 14:00:00,0.215,6.423
2019-01-21 15:00:00,0.283,7.041
2019-01-21 16:00:00,0.374,7.77
2019-01-21 17:00:00,0.467,8.46
2019-01-21 18:00:00,0.569,9.22
2019-01-21 19:00:00,0.676,10.076
2019-01-21 20:00:00,0.764,10.926
2019-01-21 21:00:00,0.835,11.783
2019-01-21 22:00:00,0.89,12.686
2019-01-21 23:00:00,0.926,13.476
2019-01-22 00:00:00,0.944,14.015
2019-01-22 01:00:00,0.96,14.624
2019-01-22 02:00:00,0.974,15.369
2019-01-22 03:00:00,0.984,16.205
2019-01-22 04:00:00,0.988,16.708
2019-01-22 05:00:00,0.982,15.997
2019-01-22 06:00:00,0.936,13.743
2019-01-22 07:00:00,0.8,11.326
2019-01-22 08:00:00,0.637,9.754
2019-01-22 09:00:00,0.55,9.079
2019-01-22 10:00:00,0.538,8.985
2019-01-22 11:00:00,0.555,9.119
2019-01-22 12:00:00,0.54,9.002
2019-01-22 13:00:00,0.506,8.743
2019-01-22 14:00:00,0.472,8.49
2019-01-22 15:00:00,0.432,8.206
2019-01-22 16:00:00,0.383,7.828
2019-01-22 17:00:00,0.322,7.36
2019-01-22 18:00:00,0.26,6.843
2019-01-22 19:00:00,0.201,6.295
2019-01-22 20:00:00,0.143,5.656
2019-01-22 21:00:00,0.09,4.924
2019-01-22 22:00:00,0.051,4.221
2019-01-22 23:00:00,0.022,3.434
2019-01-23 00:00:00,0.011,2.937
2019-01-23 01:00:00,0.006,2.631
2019-01-23 02:00:00,0.005,2.49
2019-01-23 03:00:00,0.004,2.431
2019-01-23 04:00:00,0.003,2.313
2019-01-23 05:00:00,0.003,2.322
2019-01-23 06:00:00,0.005,2.512
2019-01-23 07:00:00,0.007,2.671
2019-01-23 08:00:00,0.009,2.797
2019-01-23 09:00:00,0.01,2.861
2019-01-23 10:00:00,0.008,2.731
2019-01-23 11:00:00,0.005,2.479
2019-01-23 12:00:00,0.003,2.264
2019-01-23 13:00:00,0.003,2.226
2019-01-23 14:00:00,0.006,2.562
2019-01-23 15:00:00,0.011,2.918
2019-01-23 16:00:00,0.01,2.915
2019-01-23 17:00:00,0.005,2.497
2019-01-23 18:00:00,0.002,2.062
2019-01-23 19:00:00,0.001,1.909
2019-01-23 20:00:00,0.004,2.398
2019-01-23 21:00:00,0.011,2.948
2019-01-23 22:00:00,0.023,3.462
2019-01-23 23:00:00,0.035,3.837
2019-01-24 00:00:00,0.048,4.158
2019-01-24 01:00:00,0.051,4.228
2019-01-24 02:00:00,0.061,4.419
2019-01-24 03:00:00,0.078,4.733
2019-01-24 04:00:00,0.077,4.725
2019-01-24 05:00:00,0.068,4.54
2019-01-24 06:00:00,0.063,4.459
2019-01-24 07:00:00,0.058,4.358
2019-01-24 08:00:00,0.057,4.342
2019-01-24 09:00:00,0.049,4.182
2019-01-24 10:00:00,0.03,3.688
2019-01-24 11:00:00,0.02,3.358
2019-01-24 12:00:00,0.012,3.01
2019-01-24 13:00:00,0.006,2.626
2019-01-24 14:00:00,0.004,2.389
2019-01-24 15:00:00,0.003,2.3
2019-01-24 16:00:00,0.002,2.059
2019-01-24 17:00:00,0.001,1.87
2019-01-24 18:00:00,0.001,1.917
2019-01-24 19:00:00,0.002,2.119
2019-01-24 20:00:00,0.006,2.559
2019-01-24 21:00:00,0.015,3.158
2019-01-24 22:00:00,0.035,3.846
2019-01-24 23:00:00,0.074,4.673
2019-01-25 00:00:00,0.137,5.573
2019-01-25 01:00:00,0.187,6.145
2019-01-25 02:00:00,0.238,6.646
2019-01-25 03:00:00,0.325,7.382
2019-01-25 04:00:00,0.469,8.478
2019-01-25 05:00:00,0.617,9.593
2019-01-25 06:00:00,0.74,10.676
2019-01-25 07:00:00,0.831,11.735
2019-01-25 08:00:00,0.881,12.51
2019-01-25 09:00:00,0.904,12.971
2019-01-25 10:00:00,0.875,12.408
2019-01-25 11:00:00,0.783,11.138
2019-01-25 12:00:00,0.792,11.234
2019-01-25 13:00:00,0.873,12.368
2019-01-25 14:00:00,0.891,12.709
2019-01-25 15:00:00,0.908,13.047
2019-01-25 16:00:00,0.905,12.989
2019-01-25 17:00:00,0.919,13.31
2019-01-25 18:00:00,0.92,13.327
2019-01-25 19:00:00,0.916,13.239
2019-01-25 20:00:00,0.921,13.347
2019-01-25 21:00:00,0.919,13.299
2019-01-25 22:00:00,0.921,13.347
2019-01-25 23:00:00,0.936,13.753
2019-01-26 00:00:00,0.959,14.561
2019-01-26 01:00:00,0.979,15.658
2019-01-26 02:00:00,0.98,15.737
2019-01-26 03:00:00,0.973,15.295
2019-01-26 04:00:00,0.975,15.373
2019-01-26 05:00:00,0.962,14.723
2019-01-26 06:00:00,0.948,14.143
2019-01-26 07:00:00,0.936,13.776
2019-01-26 08:00:00,0.907,13.034
2019-01-26 09:00:00,0.89,12.669
2019-01-26 10:00:00,0.868,12.298
2019-01-26 11:00:00,0.854,12.075
2019-01-26 12:00:00,0.857,12.114
2019-01-26 13:00:00,0.881,12.518
2019-01-26 14:00:00,0.9,12.881
2019-01-26 15:00:00,0.905,12.985
2019-01-26 16:00:00,0.918,13.298
2019-01-26 17:00:00,0.929,13.56
2019-01-26 18:00:00,0.948,14.145
2019-01-26 19:00:00,0.962,14.677
2019-01-26 20:00:00,0.972,15.223
2019-01-26 21:00:00,0.967,14.944
2019-01-26 22:00:00,0.961,14.648
2019-01-26 23:00:00,0.943,13.986
2019-01-27 00:00:00,0.914,13.195
2019-01-27 01:00:00,0.87,12.32
2019-01-27 02:00:00,0.802,11.359
2019-01-27 03:00:00,0.714,10.418
2019-01-27 04:00:00,0.676,10.078
2019-01-27 05:00:00,0.806,11.396
2019-01-27 06:00:00,0.94,13.893
2019-01-27 07:00:00,0.977,15.523
2019-01-27 08:00:00,0.975,15.432
2019-01-27 09:00:00,0.963,14.736
2019-01-27 10:00:00,0.96,14.606
2019-01-27 11:00:00,0.969,15.024
2019-01-27 12:00:00,0.978,15.592
2019-01-27 13:00:00,0.983,16.056
2019-01-27 14:00:00,0.987,16.504
2019-01-27 15:00:00,0.987,16.629
2019-01-27 16:00:00,0.985,16.287
2019-01-27 17:00:00,0.982,15.951
2019-01-27 18:00:00,0.985,16.31
2019-01-27 19:00:00,0.989,17.147
2019-01-27 20:00:00,0.986,18.118
2019-01-27 21:00:00,0.978,18.918
2019-01-27 22:00:00,0.955,19.903
2019-01-27 23:00:00,0.936,20.446
2019-01-28 00:00:00,0.925,20.701
2019-01-28 01:00:00,0.92,20.79
2019-01-28 02:00:00,0.95,20.073
2019-01-28 03:00:00,0.978,18.932
2019-01-28 04:00:00,0.988,17.77
2019-01-28 05:00:00,0.988,16.893
2019-01-28 06:00:00,0.983,16.098
2019-01-28 07:00:00,0.978,15.578
2019-01-28 08:00:00,0.971,15.18
2019-01-28 09:00:00,0.968,14.964
2019-01-28 10:00:00,0.966,14.87
2019-01-28 11:00:00,0.965,14.827
2019-01-28 12:00:00,0.965,14.824
2019-01-28 13:00:00,0.961,14.646
2019-01-28 14:00:00,0.949,14.2
2019-01-28 15:00:00,0.934,13.72
2019-01-28 16:00:00,0.913,13.148
2019-01-28 17:00:00,0.877,12.448
2019-01-28 18:00:00,0.84,11.853
2019-01-28 19:00:00,0.802,11.363
2019-01-28 20:00:00,0.746,10.734
2019-01-28 21:00:00,0.72,10.479
2019-01-28 22:00:00,0.674,10.064
2019-01-28 23:00:00,0.625,9.649
2019-01-29 00:00:00,0.601,9.464
2019-01-29 01:00:00,0.609,9.528
2019-01-29 02:00:00,0.662,9.956
2019-01-29 03:00:00,0.729,10.567
2019-01-29 04:00:00,0.76,10.883
2019-01-29 05:00:00,0.753,10.805
2019-01-29 06:00:00,0.715,10.435
2019-01-29 07:00:00,0.671,10.043
2019-01-29 08:00:00,0.667,10.011
2019-01-29 09:00:00,0.709,10.383
2019-01-29 10:00:00,0.744,10.714
2019-01-29 11:00:00,0.768,10.968
2019-01-29 12:00:00,0.782,11.118
2019-01-29 13:00:00,0.796,11.289
2019-01-29 14:00:00,0.822,11.615
2019-01-29 15:00:00,0.844,11.913
2019-01-29 16:00:00,0.856,12.093
2019-01-29 17:00:00,0.855,12.086
2019-01-29 18:00:00,0.851,12.021
2019-01-29 19:00:00,0.847,11.96
2019-01-29 20:00:00,0.841,11.877
2019-01-29 21:00:00,0.832,11.749
2019-01-29 22:00:00,0.818,11.564
2019-01-29 23:00:00,0.799,11.319
2019-01-30 00:00:00,0.76,10.876
2019-01-30 01:00:00,0.679,10.108
2019-01-30 02:00:00,0.542,9.011
2019-01-30 03:00:00,0.36,7.651
2019-01-30 04:00:00,0.2,6.28
2019-01-30 05:00:00,0.107,5.183
2019-01-30 06:00:00,0.091,4.947
2019-01-30 07:00:00,0.112,5.259
2019-01-30 08:00:00,0.138,5.587
2019-01-30 09:00:00,0.152,5.76
2019-01-30 10:00:00,0.152,5.757
2019-01-30 11:00:00,0.152,5.759
2019-01-30 12:00:00,0.157,5.821
2019-01-30 13:00:00,0.162,5.882
2019-01-30 14:00:00,0.166,5.919
2019-01-30 15:00:00,0.181,6.085
2019-01-30 16:00:00,0.208,6.354
2019-01-30 17:00:00,0.234,6.6
2019-01-30 18:00:00,0.254,6.792
2019-01-30 19:00:00,0.278,6.992
2019-01-30 20:00:00,0.305,7.224
2019-01-30 21:00:00,0.328,7.406
2019-01-30 22:00:00,0.326,7.387
2019-01-30 23:00:00,0.299,7.176
2019-01-31 00:00:00,0.265,6.883
2019-01-31 01:00:00,0.232,6.581
2019-01-31 02:00:00,0.211,6.395
2019-01-31 03:00:00,0.197,6.242
2019-01-31 04:00:00,0.185,6.124
2019-01-31 05:00:00,0.176,6.026
2019-01-31 06:00:00,0.159,5.842
2019-01-31 07:00:00,0.118,5.327
2019-01-31 08:00:00,0.065,4.511
2019-01-31 09:00:00,0.036,3.863
2019-01-31 10:00:00,0.028,3.635
2019-01-31 11:00:00,0.029,3.638
2019-01-31 12:00:00,0.025,3.532
2019-01-31 13:00:00,0.019,3.311
2019-01-31 14:00:00,0.019,3.324
2019-01-31 15:00:00,0.037,3.888
2019-01-31 16:00:00,0.076,4.697
2019-01-31 17:00:00,0.152,5.758
2019-01-31 18:00:00,0.249,6.737
2019-01-31 19:00:00,0.381,7.822
2019-01-31 20:00:00,0.517,8.824
2019-01-31 21:00:00,0.606,9.502
2019-01-31 22:00:00,0.664,9.981
2019-01-31 23:00:00,0.731,10.578
2019-02-01 00:00:00,0.804,11.382
2019-02-01 01:00:00,0.861,12.181
2019-02-01 02:00:00,0.89,12.692
2019-02-01 03:00:00,0.905,12.985
2019-02-01 04:00:00,0.907,13.027
2019-02-01 05:00:00,0.903,12.936
2019-02-01 06:00:00,0.895,12.786
2019-02-01 07:00:00,0.889,12.658
2019-02-01 08:00:00,0.874,12.394
2019-02-01 09:00:00,0.845,11.927
2019-02-01 10:00:00,0.808,11.436
2019-02-01 11:00:00,0.773,11.015
2019-02-01 12:00:00,0.738,10.654
2019-02-01 13:00:00,0.723,10.514
2019-02-01 14:00:00,0.723,10.513
2019-02-01 15:00:00,0.722,10.505
2019-02-01 16:00:00,0.717,10.44
2019-02-01 17:00:00,0.698,10.281
2019-02-01 18:00:00,0.677,10.09
2019-02-01 19:00:00,0.678,10.097
2019-02-01 20:00:00,0.707,10.35
2019-02-01 21:00:00,0.728,10.56
2019-02-01 22:00:00,0.731,10.588
2019-02-01 23:00:00,0.734,10.616
2019-02-02 00:00:00,0.741,10.688
2019-02-02 01:00:00,0.758,10.859
2019-02-02 02:00:00,0.781,11.107
2019-02-02 03:00:00,0.807,11.416
2019-02-02 04:00:00,0.822,11.609
2019-02-02 05:00:00,0.819,11.57
2019-02-02 06:00:00,0.81,11.454
2019-02-02 07:00:00,0.804,11.386
2019-02-02 08:00:00,0.801,11.334
2019-02-02 09:00:00,0.8,11.329
2019-02-02 10:00:00,0.795,11.271
2019-02-02 11:00:00,0.783,11.125
2019-02-02 12:00:00,0.763,10.902
2019-02-02 13:00:00,0.735,10.626
2019-02-02 14:00:00,0.709,10.369
2019-02-02 15:00:00,0.669,10.024
2019-02-02 16:00:00,0.63,9.698
2019-02-02 17:00:00,0.594,9.404
2019-02-02 18:00:00,0.559,9.143
2019-02-02 19:00:00,0.534,8.959
2019-02-02 20:00:00,0.509,8.765
2019-02-02 21:00:00,0.486,8.6
2019-02-02 22:00:00,0.476,8.525
2019-02-02 23:00:00,0.466,8.455
2019-02-03 00:00:00,0.45,8.334
2019-02-03 01:00:00,0.427,8.163
2019-02-03 02:00:00,0.415,8.074
2019-02-03 03:00:00,0.431,8.193
2019-02-03 04:00:00,0.463,8.424
2019-02-03 05:00:00,0.494,8.655
2019-02-03 06:00:00,0.484,8.586
2019-02-03 07:00:00,0.429,8.185
2019-02-03 08:00:00,0.364,7.691
2019-02-03 09:00:00,0.308,7.243
2019-02-03 10:00:00,0.299,7.167
2019-02-03 11:00:00,0.314,7.302
2019-02-03 12:00:00,0.333,7.445
2019-02-03 13:00:00,0.377,7.788
2019-02-03 14:00:00,0.466,8.456
2019-02-03 15:00:00,0.581,9.312
2019-02-03 16:00:00,0.725,10.534
2019-02-03 17:00:00,0.84,11.857
2019-02-03 18:00:00,0.899,12.872
2019-02-03 19:00:00,0.922,13.382
2019-02-03 20:00:00,0.932,13.648
2019-02-03 21:00:00,0.939,13.838
2019-02-03 22:00:00,0.939,13.862
2019-02-03 23:00:00,0.944,14.021
2019-02-04 00:00:00,0.944,14.027
2019-02-04 01:00:00,0.945,14.044
2019-02-04 02:00:00,0.946,14.077
2019-02-04 03:00:00,0.956,14.433
2019-02-04 04:00:00,0.968,14.994
2019-02-04 05:00:00,0.98,15.792
2019-02-04 06:00:00,0.989,16.99
2019-02-04 07:00:00,0.984,18.389
2019-02-04 08:00:00,0.97,19.362
2019-02-04 09:00:00,0.958,19.817
2019-02-04 10:00:00,0.957,19.847
2019-02-04 11:00:00,0.976,19.033
2019-02-04 12:00:00,0.989,17.51
2019-02-04 13:00:00,0.981,15.882
2019-02-04 14:00:00,0.952,14.283
2019-02-04 15:00:00,0.91,13.083
2019-02-04 16:00:00,0.862,12.193
2019-02-04 17:00:00,0.806,11.401
2019-02-04 18:00:00,0.728,10.557
2019-02-04 19:00:00,0.642,9.794
2019-02-04 20:00:00,0.619,9.614
2019-02-04 21:00:00,0.641,9.787
2019-02-04 22:00:00,0.619,9.609
2019-02-04 23:00:00,0.583,9.33
2019-02-05 00:00:00,0.529,8.917
2019-02-05 01:00:00,0.455,8.371
2019-02-05 02:00:00,0.383,7.832
2019-02-05 03:00:00,0.324,7.375
2019-02-05 04:00:00,0.306,7.23
2019-02-05 05:00:00,0.291,7.112
2019-02-05 06:00:00,0.267,6.906
2019-02-05 07:00:00,0.235,6.615
2019-02-05 08:00:00,0.197,6.245
2019-02-05 09:00:00,0.17,5.954
2019-02-05 10:00:00,0.164,5.904
2019-02-05 11:00:00,0.178,6.048
2019-02-05 12:00:00,0.211,6.392
2019-02-05 13:00:00,0.29,7.096
2019-02-05 14:00:00,0.422,8.132
2019-02-05 15:00:00,0.567,9.204
2019-02-05 16:00:00,0.687,10.17
2019-02-05 17:00:00,0.78,11.093
2019-02-05 18:00:00,0.895,12.778
2019-02-05 19:00:00,0.951,14.27
2019-02-05 20:00:00,0.973,15.246
2019-02-05 21:00:00,0.981,15.885
2019-02-05 22:00:00,0.983,16.072
2019-02-05 23:00:00,0.982,15.987
2019-02-06 00:00:00,0.979,15.657
2019-02-06 01:00:00,0.976,15.5
2019-02-06 02:00:00,0.969,15.04
2019-02-06 03:00:00,0.951,14.248
2019-02-06 04:00:00,0.922,13.37
2019-02-06 05:00:00,0.832,11.74
2019-02-06 06:00:00,0.749,10.758
2019-02-06 07:00:00,0.681,10.131
2019-02-06 08:00:00,0.599,9.453
2019-02-06 09:00:00,0.523,8.878
2019-02-06 10:00:00,0.445,8.294
2019-02-06 11:00:00,0.382,7.827
2019-02-06 12:00:00,0.33,7.424
2019-02-06 13:00:00,0.289,7.084
2019-02-06 14:00:00,0.27,6.931
2019-02-06 15:00:00,0.272,6.947
2019-02-06 16:00:00,0.284,7.051
2019-02-06 17:00:00,0.296,7.143
2019-02-06 18:00:00,0.32,7.345
2019-02-06 19:00:00,0.376,7.779
2019-02-06 20:00:00,0.409,8.029
2019-02-06 21:00:00,0.423,8.14
2019-02-06 22:00:00,0.523,8.877
2019-02-06 23:00:00,0.62,9.621
2019-02-07 00:00:00,0.749,10.76
2019-02-07 01:00:00,0.888,12.644
2019-02-07 02:00:00,0.944,14.002
2019-02-07 03:00:00,0.96,14.621
2019-02-07 04:00:00,0.98,15.755
2019-02-07 05:00:00,0.986,16.423
2019-02-07 06:00:00,0.988,16.763
2019-02-07 07:00:00,0.984,18.39
2019-02-07 08:00:00,0.947,20.162
2019-02-07 09:00:00,0.904,21.099
2019-02-07 10:00:00,0.903,21.116
2019-02-07 11:00:00,0.935,20.475
2019-02-07 12:00:00,0.977,18.992
2019-02-07 13:00:00,0.989,17.705
2019-02-07 14:00:00,0.989,17.246
2019-02-07 15:00:00,0.989,17.344
2019-02-07 16:00:00,0.989,17.438
2019-02-07 17:00:00,0.989,16.987
2019-02-07 18:00:00,0.986,16.413
2019-02-07 19:00:00,0.978,15.592
2019-02-07 20:00:00,0.96,14.61
2019-02-07 21:00:00,0.939,13.86
2019-02-07 22:00:00,0.913,13.154
2019-02-07 23:00:00,0.878,12.467
2019-02-08 00:00:00,0.856,12.101
2019-02-08 01:00:00,0.84,11.861
2019-02-08 02:00:00,0.849,11.984
2019-02-08 03:00:00,0.872,12.356
2019-02-08 04:00:00,0.909,13.074
2019-02-08 05:00:00,0.948,14.147
2019-02-08 06:00:00,0.973,15.276
2019-02-08 07:00:00,0.987,16.537
2019-02-08 08:00:00,0.989,17.629
2019-02-08 09:00:00,0.978,18.893
2019-02-08 10:00:00,0.947,20.155
2019-02-08 11:00:00,0.915,20.892
2019-02-08 12:00:00,0.898,21.21
2019-02-08 13:00:00,0.857,21.82
2019-02-08 14:00:00,0.813,22.342
2019-02-08 15:00:00,0.787,22.624
2019-02-08 16:00:00,0.819,22.27
2019-02-08 17:00:00,0.899,21.186
2019-02-08 18:00:00,0.959,19.775
2019-02-08 19:00:00,0.984,18.426
2019-02-08 20:00:00,0.988,16.836
2019-02-08 21:00:00,0.983,16.09
2019-02-08 22:00:00,0.983,16.021
2019-02-08 23:00:00,0.984,16.167
2019-02-09 00:00:00,0.987,16.554
2019-02-09 01:00:00,0.987,16.57
2019-02-09 02:00:00,0.988,16.857
2019-02-09 03:00:00,0.989,17.586
2019-02-09 04:00:00,0.982,18.586
2019-02-09 05:00:00,0.893,21.287
2019-02-09 06:00:00,0.772,22.77
2019-02-09 07:00:00,0.628,24.036
2019-02-09 08:00:00,0.559,24.558
2019-02-09 09:00:00,0.605,24.212
2019-02-09 10:00:00,0.702,23.422
2019-02-09 11:00:00,0.786,22.642
2019-02-09 12:00:00,0.853,21.872
2019-02-09 13:00:00,0.91,20.993
2019-02-09 14:00:00,0.946,20.188
2019-02-09 15:00:00,0.976,19.031
2019-02-09 16:00:00,0.988,17.853
2019-02-09 17:00:00,0.989,16.994
2019-02-09 18:00:00,0.981,15.889
2019-02-09 19:00:00,0.974,15.308
2019-02-09 20:00:00,0.966,14.875
2019-02-09 21:00:00,0.955,14.388
2019-02-09 22:00:00,0.941,13.922
2019-02-09 23:00:00,0.912,13.141
2019-02-10 00:00:00,0.86,12.147
2019-02-10 01:00:00,0.785,11.158
2019-02-10 02:00:00,0.687,10.183
2019-02-10 03:00:00,0.564,9.181
2019-02-10 04:00:00,0.396,7.938
2019-02-10 05:00:00,0.224,6.519
2019-02-10 06:00:00,0.126,5.438
2019-02-10 07:00:00,0.057,4.355
2019-02-10 08:00:00,0.029,3.671
2019-02-10 09:00:00,0.088,4.898
2019-02-10 10:00:00,0.233,6.594
2019-02-10 11:00:00,0.438,8.239
2019-02-10 12:00:00,0.614,9.567
2019-02-10 13:00:00,0.695,10.255
2019-02-10 14:00:00,0.722,10.49
2019-02-10 15:00:00,0.763,10.899
2019-02-10 16:00:00,0.82,11.58
2019-02-10 17:00:00,0.854,12.075
2019-02-10 18:00:00,0.88,12.493
2019-02-10 19:00:00,0.908,13.061
2019-02-10 20:00:00,0.924,13.429
2019-02-10 21:00:00,0.926,13.496
2019-02-10 22:00:00,0.93,13.602
2019-02-10 23:00:00,0.929,13.566
2019-02-11 00:00:00,0.925,13.468
2019-02-11 01:00:00,0.919,13.312
2019-02-11 02:00:00,0.911,13.117
2019-02-11 03:00:00,0.877,12.45
2019-02-11 04:00:00,0.807,11.416
2019-02-11 05:00:00,0.751,10.792
2019-02-11 06:00:00,0.728,10.56
2019-02-11 07:00:00,0.683,10.144
2019-02-11 08:00:00,0.617,9.595
2019-02-11 09:00:00,0.617,9.595
2019-02-11 10:00:00,0.683,10.142
2019-02-11 11:00:00,0.671,10.043
2019-02-11 12:00:00,0.611,9.547
2019-02-11 13:00:00,0.567,9.204
2019-02-11 14:00:00,0.596,9.422
2019-02-11 15:00:00,0.601,9.466
2019-02-11 16:00:00,0.508,8.759
2019-02-11 17:00:00,0.449,8.32
2019-02-11 18:00:00,0.438,8.241
2019-02-11 19:00:00,0.429,8.174
2019-02-11 20:00:00,0.407,8.021
2019-02-11 21:00:00,0.369,7.731
2019-02-11 22:00:00,0.361,7.662
2019-02-11 23:00:00,0.383,7.838
2019-02-12 00:00:00,0.421,8.115
2019-02-12 01:00:00,0.417,8.084
2019-02-12 02:00:00,0.417,8.086
2019-02-12 03:00:00,0.419,8.11
2019-02-12 04:00:00,0.454,8.369
2019-02-12 05:00:00,0.48,8.55
2019-02-12 06:00:00,0.468,8.473
2019-02-12 07:00:00,0.47,8.481
2019-02-12 08:00:00,0.522,8.871
2019-02-12 09:00:00,0.583,9.328
2019-02-12 10:00:00,0.639,9.774
2019-02-12 11:00:00,0.682,10.134
2019-02-12 12:00:00,0.706,10.346
2019-02-12 13:00:00,0.733,10.602
2019-02-12 14:00:00,0.762,10.897
2019-02-12 15:00:00,0.787,11.175
2019-02-12 16:00:00,0.803,11.374
2019-02-12 17:00:00,0.83,11.715
2019-02-12 18:00:00,0.864,12.218
2019-02-12 19:00:00,0.886,12.596
2019-02-12 20:00:00,0.89,12.682
2019-02-12 21:00:00,0.86,12.158
2019-02-12 22:00:00,0.823,11.628
2019-02-12 23:00:00,0.796,11.286
2019-02-13 00:00:00,0.789,11.2
2019-02-13 01:00:00,0.771,10.999
2019-02-13 02:00:00,0.742,10.698
2019-02-13 03:00:00,0.718,10.469
2019-02-13 04:00:00,0.702,10.312
2019-02-13 05:00:00,0.713,10.412
2019-02-13 06:00:00,0.756,10.829
2019-02-13 07:00:00,0.756,10.832
2019-02-13 08:00:00,0.765,10.941
2019-02-13 09:00:00,0.772,11.008
2019-02-13 10:00:00,0.79,11.219
2019-02-13 11:00:00,0.796,11.279
2019-02-13 12:00:00,0.801,11.343
2019-02-13 13:00:00,0.802,11.363
2019-02-13 14:00:00,0.775,11.047
2019-02-13 15:00:00,0.773,11.015
2019-02-13 16:00:00,0.774,11.036
2019-02-13 17:00:00,0.784,11.144
2019-02-13 18:00:00,0.79,11.213
2019-02-13 19:00:00,0.787,11.186
2019-02-13 20:00:00,0.783,11.121
2019-02-13 21:00:00,0.785,11.146
2019-02-13 22:00:00,0.793,11.238
2019-02-13 23:00:00,0.79,11.216
2019-02-14 00:00:00,0.774,11.03
2019-02-14 01:00:00,0.754,10.815
2019-02-14 02:00:00,0.738,10.658
2019-02-14 03:00:00,0.717,10.458
2019-02-14 04:00:00,0.668,10.018
2019-02-14 05:00:00,0.605,9.5
2019-02-14 06:00:00,0.564,9.18
2019-02-14 07:00:00,0.525,8.89
2019-02-14 08:00:00,0.484,8.583
2019-02-14 09:00:00,0.442,8.275
2019-02-14 10:00:00,0.415,8.075
2019-02-14 11:00:00,0.417,8.087
2019-02-14 12:00:00,0.416,8.077
2019-02-14 13:00:00,0.399,7.956
2019-02-14 14:00:00,0.404,7.991
2019-02-14 15:00:00,0.438,8.24
2019-02-14 16:00:00,0.488,8.62
2019-02-14 17:00:00,0.54,9.0
2019-02-14 18:00:00,0.576,9.273
2019-02-14 19:00:00,0.596,9.427
2019-02-14 20:00:00,0.608,9.52
2019-02-14 21:00:00,0.618,9.6
2019-02-14 22:00:00,0.629,9.685
2019-02-14 23:00:00,0.636,9.744
2019-02-15 00:00:00,0.636,9.748
2019-02-15 01:00:00,0.628,9.678
2019-02-15 02:00:00,0.608,9.511
2019-02-15 03:00:00,0.582,9.319
2019-02-15 04:00:00,0.562,9.164
2019-02-15 05:00:00,0.548,9.064
2019-02-15 06:00:00,0.545,9.041
2019-02-15 07:00:00,0.554,9.105
2019-02-15 08:00:00,0.569,9.221
2019-02-15 09:00:00,0.585,9.347
2019-02-15 10:00:00,0.599,9.451
2019-02-15 11:00:00,0.608,9.514
2019-02-15 12:00:00,0.612,9.557
2019-02-15 13:00:00,0.637,9.754
2019-02-15 14:00:00,0.681,10.131
2019-02-15 15:00:00,0.729,10.57
2019-02-15 16:00:00,0.766,10.943
2019-02-15 17:00:00,0.786,11.167
2019-02-15 18:00:00,0.792,11.232
2019-02-15 19:00:00,0.791,11.227
2019-02-15 20:00:00,0.789,11.209
2019-02-15 21:00:00,0.799,11.323
2019-02-15 22:00:00,0.816,11.529
2019-02-15 23:00:00,0.828,11.69
2019-02-16 00:00:00,0.834,11.773
2019-02-16 01:00:00,0.84,11.854
2019-02-16 02:00:00,0.85,11.991
2019-02-16 03:00:00,0.844,11.912
2019-02-16 04:00:00,0.818,11.561
2019-02-16 05:00:00,0.788,11.187
2019-02-16 06:00:00,0.76,10.87
2019-02-16 07:00:00,0.738,10.656
2019-02-16 08:00:00,0.737,10.642
2019-02-16 09:00:00,0.748,10.754
2019-02-16 10:00:00,0.762,10.891
2019-02-16 11:00:00,0.76,10.871
2019-02-16 12:00:00,0.745,10.728
2019-02-16 13:00:00,0.742,10.696
2019-02-16 14:00:00,0.734,10.614
2019-02-16 15:00:00,0.718,10.468
2019-02-16 16:00:00,0.727,10.551
2019-02-16 17:00:00,0.783,11.137
2019-02-16 18:00:00,0.835,11.788
2019-02-16 19:00:00,0.866,12.26
2019-02-16 20:00:00,0.867,12.283
2019-02-16 21:00:00,0.869,12.314
2019-02-16 22:00:00,0.851,12.014
2019-02-16 23:00:00,0.826,11.661
2019-02-17 00:00:00,0.8,11.328
2019-02-17 01:00:00,0.779,11.09
2019-02-17 02:00:00,0.765,10.94
2019-02-17 03:00:00,0.748,10.756
2019-02-17 04:00:00,0.728,10.561
2019-02-17 05:00:00,0.735,10.617
2019-02-17 06:00:00,0.763,10.917
2019-02-17 07:00:00,0.797,11.295
2019-02-17 08:00:00,0.813,11.496
2019-02-17 09:00:00,0.83,11.715
2019-02-17 10:00:00,0.846,11.954
2019-02-17 11:00:00,0.846,11.942
2019-02-17 12:00:00,0.852,12.041
2019-02-17 13:00:00,0.87,12.323
2019-02-17 14:00:00,0.885,12.588
2019-02-17 15:00:00,0.894,12.762
2019-02-17 16:00:00,0.895,12.783
2019-02-17 17:00:00,0.891,12.703
2019-02-17 18:00:00,0.887,12.625
2019-02-17 19:00:00,0.886,12.619
2019-02-17 20:00:00,0.887,12.624
2019-02-17 21:00:00,0.887,12.625
2019-02-17 22:00:00,0.885,12.578
2019-02-17 23:00:00,0.875,12.397
2019-02-18 00:00:00,0.854,12.068
2019-02-18 01:00:00,0.829,11.704
2019-02-18 02:00:00,0.81,11.455
2019-02-18 03:00:00,0.8,11.328
2019-02-18 04:00:00,0.787,11.18
2019-02-18 05:00:00,0.781,11.113
2019-02-18 06:00:00,0.783,11.136
2019-02-18 07:00:00,0.79,11.209
2019-02-18 08:00:00,0.799,11.318
2019-02-18 09:00:00,0.806,11.404
2019-02-18 10:00:00,0.812,11.481
2019-02-18 11:00:00,0.827,11.684
2019-02-18 12:00:00,0.836,11.807
2019-02-18 13:00:00,0.848,11.972
2019-02-18 14:00:00,0.867,12.268
2019-02-18 15:00:00,0.883,12.559
2019-02-18 16:00:00,0.891,12.703
2019-02-18 17:00:00,0.893,12.75
2019-02-18 18:00:00,0.894,12.762
2019-02-18 19:00:00,0.891,12.696
2019-02-18 20:00:00,0.882,12.544
2019-02-18 21:00:00,0.874,12.395
2019-02-18 22:00:00,0.867,12.283
2019-02-18 23:00:00,0.87,12.324
2019-02-19 00:00:00,0.883,12.556
2019-02-19 01:00:00,0.898,12.83
2019-02-19 02:00:00,0.901,12.903
2019-02-19 03:00:00,0.899,12.853
2019-02-19 04:00:00,0.893,12.733
2019-02-19 05:00:00,0.92,13.327
2019-02-19 06:00:00,0.934,13.721
2019-02-19 07:00:00,0.922,13.384
2019-02-19 08:00:00,0.896,12.809
2019-02-19 09:00:00,0.874,12.389
2019-02-19 10:00:00,0.865,12.236
2019-02-19 11:00:00,0.854,12.073
2019-02-19 12:00:00,0.847,11.962
2019-02-19 13:00:00,0.824,11.634
2019-02-19 14:00:00,0.764,10.926
2019-02-19 15:00:00,0.712,10.405
2019-02-19 16:00:00,0.671,10.044
2019-02-19 17:00:00,0.663,9.972
2019-02-19 18:00:00,0.658,9.921
2019-02-19 19:00:00,0.658,9.925
2019-02-19 20:00:00,0.671,10.038
2019-02-19 21:00:00,0.677,10.082
2019-02-19 22:00:00,0.705,10.332
2019-02-19 23:00:00,0.738,10.656
2019-02-20 00:00:00,0.747,10.739
2019-02-20 01:00:00,0.74,10.676
2019-02-20 02:00:00,0.722,10.49
2019-02-20 03:00:00,0.731,10.586
2019-02-20 04:00:00,0.782,11.117
2019-02-20 05:00:00,0.83,11.716
2019-02-20 06:00:00,0.865,12.237
2019-02-20 07:00:00,0.886,12.614
2019-02-20 08:00:00,0.892,12.716
2019-02-20 09:00:00,0.876,12.43
2019-02-20 10:00:00,0.877,12.447
2019-02-20 11:00:00,0.878,12.467
2019-02-20 12:00:00,0.863,12.208
2019-02-20 13:00:00,0.845,11.918
2019-02-20 14:00:00,0.836,11.808
2019-02-20 15:00:00,0.845,11.92
2019-02-20 16:00:00,0.852,12.035
2019-02-20 17:00:00,0.865,12.246
2019-02-20 18:00:00,0.878,12.466
2019-02-20 19:00:00,0.881,12.511
2019-02-20 20:00:00,0.876,12.434
2019-02-20 21:00:00,0.875,12.402
2019-02-20 22:00:00,0.873,12.37
2019-02-20 23:00:00,0.876,12.434
2019-02-21 00:00:00,0.886,12.602
2019-02-21 01:00:00,0.887,12.628
2019-02-21 02:00:00,0.885,12.592
2019-02-21 03:00:00,0.883,12.553
2019-02-21 04:00:00,0.871,12.33
2019-02-21 05:00:00,0.808,11.431
2019-02-21 06:00:00,0.706,10.344
2019-02-21 07:00:00,0.709,10.379
2019-02-21 08:00:00,0.775,11.042
2019-02-21 09:00:00,0.766,10.95
2019-02-21 10:00:00,0.725,10.528
2019-02-21 11:00:00,0.676,10.078
2019-02-21 12:00:00,0.662,9.958
2019-02-21 13:00:00,0.673,10.061
2019-02-21 14:00:00,0.685,10.152
2019-02-21 15:00:00,0.685,10.151
2019-02-21 16:00:00,0.667,10.003
2019-02-21 17:00:00,0.606,9.502
2019-02-21 18:00:00,0.514,8.807
2019-02-21 19:00:00,0.432,8.206
2019-02-21 20:00:00,0.392,7.906
2019-02-21 21:00:00,0.392,7.898
2019-02-21 22:00:00,0.389,7.882
2019-02-21 23:00:00,0.379,7.812
2019-02-22 00:00:00,0.353,7.6
2019-02-22 01:00:00,0.313,7.292
2019-02-22 02:00:00,0.25,6.747
2019-02-22 03:00:00,0.165,5.915
2019-02-22 04:00:00,0.083,4.82
2019-02-22 05:00:00,0.025,3.525
2019-02-22 06:00:00,0.005,2.533
2019-02-22 07:00:00,0.029,3.673
2019-02-22 08:00:00,0.128,5.46
2019-02-22 09:00:00,0.225,6.527
2019-02-22 10:00:00,0.266,6.889
2019-02-22 11:00:00,0.276,6.983
2019-02-22 12:00:00,0.275,6.973
2019-02-22 13:00:00,0.293,7.127
2019-02-22 14:00:00,0.33,7.425
2019-02-22 15:00:00,0.324,7.37
2019-02-22 16:00:00,0.343,7.524
2019-02-22 17:00:00,0.429,8.17
2019-02-22 18:00:00,0.51,8.775
2019-02-22 19:00:00,0.536,8.974
2019-02-22 20:00:00,0.543,9.021
2019-02-22 21:00:00,0.601,9.46
2019-02-22 22:00:00,0.644,9.816
2019-02-22 23:00:00,0.692,10.227
2019-02-23 00:00:00,0.731,10.583
2019-02-23 01:00:00,0.741,10.685
2019-02-23 02:00:00,0.745,10.73
2019-02-23 03:00:00,0.738,10.648
2019-02-23 04:00:00,0.712,10.41
2019-02-23 05:00:00,0.716,10.436
2019-02-23 06:00:00,0.736,10.641
2019-02-23 07:00:00,0.762,10.892
2019-02-23 08:00:00,0.776,11.057
2019-02-23 09:00:00,0.771,10.988
2019-02-23 10:00:00,0.745,10.723
2019-02-23 11:00:00,0.714,10.417
2019-02-23 12:00:00,0.687,10.177
2019-02-23 13:00:00,0.687,10.171
2019-02-23 14:00:00,0.707,10.359
2019-02-23 15:00:00,0.735,10.625
2019-02-23 16:00:00,0.731,10.59
2019-02-23 17:00:00,0.697,10.274
2019-02-23 18:00:00,0.663,9.969
2019-02-23 19:00:00,0.635,9.734
2019-02-23 20:00:00,0.608,9.516
2019-02-23 21:00:00,0.582,9.321
2019-02-23 22:00:00,0.564,9.18
2019-02-23 23:00:00,0.54,8.993
2019-02-24 00:00:00,0.498,8.687
2019-02-24 01:00:00,0.422,8.131
2019-02-24 02:00:00,0.316,7.319
2019-02-24 03:00:00,0.213,6.405
2019-02-24 04:00:00,0.14,5.616
2019-02-24 05:00:00,0.108,5.196
2019-02-24 06:00:00,0.095,5.005
2019-02-24 07:00:00,0.083,4.81
2019-02-24 08:00:00,0.086,4.865
2019-02-24 09:00:00,0.11,5.22
2019-02-24 10:00:00,0.144,5.669
2019-02-24 11:00:00,0.171,5.971
2019-02-24 12:00:00,0.177,6.029
2019-02-24 13:00:00,0.156,5.804
2019-02-24 14:00:00,0.11,5.221
2019-02-24 15:00:00,0.069,4.57
2019-02-24 16:00:00,0.067,4.535
2019-02-24 17:00:00,0.119,5.351
2019-02-24 18:00:00,0.203,6.314
2019-02-24 19:00:00,0.281,7.023
2019-02-24 20:00:00,0.313,7.29
2019-02-24 21:00:00,0.313,7.282
2019-02-24 22:00:00,0.313,7.288
2019-02-24 23:00:00,0.328,7.413
2019-02-25 00:00:00,0.342,7.513
2019-02-25 01:00:00,0.326,7.386
2019-02-25 02:00:00,0.277,6.988
2019-02-25 03:00:00,0.222,6.487
2019-02-25 04:00:00,0.172,5.988
2019-02-25 05:00:00,0.134,5.534
2019-02-25 06:00:00,0.11,5.22
2019-02-25 07:00:00,0.109,5.2
2019-02-25 08:00:00,0.128,5.459
2019-02-25 09:00:00,0.163,5.883
2019-02-25 10:00:00,0.202,6.297
2019-02-25 11:00:00,0.23,6.568
2019-02-25 12:00:00,0.245,6.703
2019-02-25 13:00:00,0.254,6.789
2019-02-25 14:00:00,0.265,6.885
2019-02-25 15:00:00,0.282,7.037
2019-02-25 16:00:00,0.294,7.131
2019-02-25 17:00:00,0.291,7.11
2019-02-25 18:00:00,0.291,7.11
2019-02-25 19:00:00,0.305,7.228
2019-02-25 20:00:00,0.338,7.484
2019-02-25 21:00:00,0.368,7.727
2019-02-25 22:00:00,0.384,7.844
2019-02-25 23:00:00,0.392,7.906
2019-02-26 00:00:00,0.398,7.954
2019-02-26 01:00:00,0.397,7.942
2019-02-26 02:00:00,0.377,7.791
2019-02-26 03:00:00,0.334,7.463
2019-02-26 04:00:00,0.28,7.021
2019-02-26 05:00:00,0.233,6.596
2019-02-26 06:00:00,0.201,6.294
2019-02-26 07:00:00,0.206,6.343
2019-02-26 08:00:00,0.26,6.84
2019-02-26 09:00:00,0.339,7.495
2019-02-26 10:00:00,0.389,7.88
2019-02-26 11:00:00,0.38,7.818
2019-02-26 12:00:00,0.32,7.346
2019-02-26 13:00:00,0.232,6.588
2019-02-26 14:00:00,0.148,5.717
2019-02-26 15:00:00,0.087,4.871
2019-02-26 16:00:00,0.077,4.713
2019-02-26 17:00:00,0.131,5.502
2019-02-26 18:00:00,0.24,6.663
2019-02-26 19:00:00,0.368,7.726
2019-02-26 20:00:00,0.475,8.52
2019-02-26 21:00:00,0.546,9.044
2019-02-26 22:00:00,0.583,9.33
2019-02-26 23:00:00,0.597,9.433
2019-02-27 00:00:00,0.599,9.444
2019-02-27 01:00:00,0.587,9.361
2019-02-27 02:00:00,0.564,9.171
2019-02-27 03:00:00,0.528,8.901
2019-02-27 04:00:00,0.484,8.58
2019-02-27 05:00:00,0.436,8.232
2019-02-27 06:00:00,0.395,7.93
2019-02-27 07:00:00,0.356,7.623
2019-02-27 08:00:00,0.319,7.329
2019-02-27 09:00:00,0.289,7.09
2019-02-27 10:00:00,0.275,6.976
2019-02-27 11:00:00,0.289,7.086
2019-02-27 12:00:00,0.324,7.377
2019-02-27 13:00:00,0.364,7.693
2019-02-27 14:00:00,0.397,7.943
2019-02-27 15:00:00,0.415,8.075
2019-02-27 16:00:00,0.408,8.023
2019-02-27 17:00:00,0.399,7.957
2019-02-27 18:00:00,0.408,8.022
2019-02-27 19:00:00,0.427,8.162
2019-02-27 20:00:00,0.452,8.345
2019-02-27 21:00:00,0.494,8.66
2019-02-27 22:00:00,0.542,9.009
2019-02-27 23:00:00,0.557,9.132
2019-02-28 00:00:00,0.527,8.897
2019-02-28 01:00:00,0.45,8.34
2019-02-28 02:00:00,0.344,7.531
2019-02-28 03:00:00,0.212,6.4
2019-02-28 04:00:00,0.1,5.09
2019-02-28 05:00:00,0.033,3.766
2019-02-28 06:00:00,0.012,3.007
2019-02-28 07:00:00,0.024,3.498
2019-02-28 08:00:00,0.042,4.019
2019-02-28 09:00:00,0.068,4.552
2019-02-28 10:00:00,0.102,5.106
2019-02-28 11:00:00,0.132,5.515
2019-02-28 12:00:00,0.134,5.529
2019-02-28 13:00:00,0.11,5.225
2019-02-28 14:00:00,0.088,4.899
2019-02-28 15:00:00,0.076,4.702
2019-02-28 16:00:00,0.071,4.61
2019-02-28 17:00:00,0.078,4.741
2019-02-28 18:00:00,0.107,5.186
2019-02-28 19:00:00,0.171,5.969
2019-02-28 20:00:00,0.265,6.884
2019-02-28 21:00:00,0.366,7.711
2019-02-28 22:00:00,0.464,8.434
2019-02-28 23:00:00,0.525,8.888
2019-03-01 00:00:00,0.53,8.92
2019-03-01 01:00:00,0.494,8.662
2019-03-01 02:00:00,0.463,8.431
2019-03-01 03:00:00,0.454,8.365
2019-03-01 04:00:00,0.432,8.207
2019-03-01 05:00:00,0.384,7.845
2019-03-01 06:00:00,0.317,7.321
2019-03-01 07:00:00,0.257,6.818
2019-03-01 08:00:00,0.201,6.29
2019-03-01 09:00:00,0.155,5.788
2019-03-01 10:00:00,0.117,5.317
2019-03-01 11:00:00,0.089,4.916
2019-03-01 12:00:00,0.087,4.886
2019-03-01 13:00:00,0.101,5.099
2019-03-01 14:00:00,0.085,4.843
2019-03-01 15:00:00,0.046,4.111
2019-03-01 16:00:00,0.029,3.65
2019-03-01 17:00:00,0.032,3.736
2019-03-01 18:00:00,0.042,4.02
2019-03-01 19:00:00,0.07,4.586
2019-03-01 20:00:00,0.115,5.282
2019-03-01 21:00:00,0.17,5.958
2019-03-01 22:00:00,0.259,6.828
2019-03-01 23:00:00,0.376,7.777
2019-03-02 00:00:00,0.486,8.603
2019-03-02 01:00:00,0.555,9.116
2019-03-02 02:00:00,0.605,9.5
2019-03-02 03:00:00,0.665,9.987
2019-03-02 04:00:00,0.722,10.49
2019-03-02 05:00:00,0.738,10.65
2019-03-02 06:00:00,0.723,10.511
2019-03-02 07:00:00,0.7,10.294
2019-03-02 08:00:00,0.694,10.241
2019-03-02 09:00:00,0.718,10.463
2019-03-02 10:00:00,0.772,11.006
2019-03-02 11:00:00,0.811,11.468
2019-03-02 12:00:00,0.827,11.668
2019-03-02 13:00:00,0.853,12.047
2019-03-02 14:00:00,0.869,12.31
2019-03-02 15:00:00,0.877,12.446
2019-03-02 16:00:00,0.866,12.26
2019-03-02 17:00:00,0.911,13.127
2019-03-02 18:00:00,0.943,13.973
2019-03-02 19:00:00,0.959,14.559
2019-03-02 20:00:00,0.972,15.232
2019-03-02 21:00:00,0.985,16.321
2019-03-02 22:00:00,0.988,17.728
2019-03-02 23:00:00,0.989,17.194
2019-03-03 00:00:00,0.989,17.017
2019-03-03 01:00:00,0.981,15.828
2019-03-03 02:00:00,0.953,14.327
2019-03-03 03:00:00,0.935,13.722
2019-03-03 04:00:00,0.914,13.19
2019-03-03 05:00:00,0.903,12.936
2019-03-03 06:00:00,0.904,12.972
2019-03-03 07:00:00,0.905,12.987
2019-03-03 08:00:00,0.906,12.992
2019-03-03 09:00:00,0.89,12.68
2019-03-03 10:00:00,0.858,12.135
2019-03-03 11:00:00,0.82,11.587
2019-03-03 12:00:00,0.773,11.009
2019-03-03 13:00:00,0.68,10.117
2019-03-03 14:00:00,0.636,9.741
2019-03-03 15:00:00,0.764,10.921
2019-03-03 16:00:00,0.893,12.74
2019-03-03 17:00:00,0.959,14.559
2019-03-03 18:00:00,0.989,17.115
2019-03-03 19:00:00,0.976,19.018
2019-03-03 20:00:00,0.956,19.884
2019-03-03 21:00:00,0.916,20.881
2019-03-03 22:00:00,0.932,20.54
2019-03-03 23:00:00,0.949,20.09
2019-03-04 00:00:00,0.929,20.604
2019-03-04 01:00:00,0.891,21.321
2019-03-04 02:00:00,0.864,21.713
2019-03-04 03:00:00,0.899,21.177
2019-03-04 04:00:00,0.952,20.005
2019-03-04 05:00:00,0.972,19.228
2019-03-04 06:00:00,0.975,19.059
2019-03-04 07:00:00,0.971,19.295
2019-03-04 08:00:00,0.961,19.706
2019-03-04 09:00:00,0.955,19.907
2019-03-04 10:00:00,0.959,19.764
2019-03-04 11:00:00,0.961,19.717
2019-03-04 12:00:00,0.973,19.215
2019-03-04 13:00:00,0.986,18.231
2019-03-04 14:00:00,0.989,16.994
2019-03-04 15:00:00,0.98,15.769
2019-03-04 16:00:00,0.96,14.625
2019-03-04 17:00:00,0.927,13.513
2019-03-04 18:00:00,0.919,13.317
2019-03-04 19:00:00,0.93,13.593
2019-03-04 20:00:00,0.951,14.264
2019-03-04 21:00:00,0.971,15.174
2019-03-04 22:00:00,0.974,15.33
2019-03-04 23:00:00,0.972,15.198
2019-03-05 00:00:00,0.968,14.959
2019-03-05 01:00:00,0.959,14.569
2019-03-05 02:00:00,0.948,14.157
2019-03-05 03:00:00,0.928,13.545
2019-03-05 04:00:00,0.889,12.65
2019-03-05 05:00:00,0.836,11.809
2019-03-05 06:00:00,0.802,11.353
2019-03-05 07:00:00,0.776,11.059
2019-03-05 08:00:00,0.767,10.962
2019-03-05 09:00:00,0.773,11.023
2019-03-05 10:00:00,0.77,10.983
2019-03-05 11:00:00,0.767,10.953
2019-03-05 12:00:00,0.74,10.678
2019-03-05 13:00:00,0.717,10.459
2019-03-05 14:00:00,0.712,10.407
2019-03-05 15:00:00,0.758,10.863
2019-03-05 16:00:00,0.806,11.397
2019-03-05 17:00:00,0.823,11.625
2019-03-05 18:00:00,0.834,11.759
2019-03-05 19:00:00,0.822,11.606
2019-03-05 20:00:00,0.786,11.173
2019-03-05 21:00:00,0.776,11.051
2019-03-05 22:00:00,0.788,11.192
2019-03-05 23:00:00,0.767,10.957
2019-03-06 00:00:00,0.775,11.05
2019-03-06 01:00:00,0.815,11.513
2019-03-06 02:00:00,0.872,12.347
2019-03-06 03:00:00,0.908,13.059
2019-03-06 04:00:00,0.91,13.111
2019-03-06 05:00:00,0.945,14.046
2019-03-06 06:00:00,0.979,15.651
2019-03-06 07:00:00,0.985,16.33
2019-03-06 08:00:00,0.988,16.699
2019-03-06 09:00:00,0.987,16.511
2019-03-06 10:00:00,0.985,16.274
2019-03-06 11:00:00,0.977,15.555
2019-03-06 12:00:00,0.97,15.097
2019-03-06 13:00:00,0.968,14.968
2019-03-06 14:00:00,0.966,14.875
2019-03-06 15:00:00,0.977,15.565
2019-03-06 16:00:00,0.982,15.908
2019-03-06 17:00:00,0.982,15.944
2019-03-06 18:00:00,0.982,15.95
2019-03-06 19:00:00,0.981,15.827
2019-03-06 20:00:00,0.979,15.672
2019-03-06 21:00:00,0.982,15.933
2019-03-06 22:00:00,0.986,16.437
2019-03-06 23:00:00,0.98,15.786
2019-03-07 00:00:00,0.97,15.095
2019-03-07 01:00:00,0.957,14.495
2019-03-07 02:00:00,0.942,13.936
2019-03-07 03:00:00,0.901,12.896
2019-03-07 04:00:00,0.869,12.318
2019-03-07 05:00:00,0.886,12.603
2019-03-07 06:00:00,0.913,13.152
2019-03-07 07:00:00,0.934,13.704
2019-03-07 08:00:00,0.954,14.367
2019-03-07 09:00:00,0.967,14.917
2019-03-07 10:00:00,0.976,15.484
2019-03-07 11:00:00,0.984,16.162
2019-03-07 12:00:00,0.988,16.902
2019-03-07 13:00:00,0.989,17.12
2019-03-07 14:00:00,0.986,16.363
2019-03-07 15:00:00,0.981,15.827
2019-03-07 16:00:00,0.973,15.241
2019-03-07 17:00:00,0.958,14.548
2019-03-07 18:00:00,0.945,14.037
2019-03-07 19:00:00,0.953,14.308
2019-03-07 20:00:00,0.97,15.092
2019-03-07 21:00:00,0.982,15.921
2019-03-07 22:00:00,0.988,17.906
2019-03-07 23:00:00,0.965,19.555
2019-03-08 00:00:00,0.975,19.077
2019-03-08 01:00:00,0.988,17.887
2019-03-08 02:00:00,0.989,17.207
2019-03-08 03:00:00,0.986,16.436
2019-03-08 04:00:00,0.969,15.024
2019-03-08 05:00:00,0.917,13.263
2019-03-08 06:00:00,0.84,11.862
2019-03-08 07:00:00,0.771,11.0
2019-03-08 08:00:00,0.633,9.726
2019-03-08 09:00:00,0.478,8.538
2019-03-08 10:00:00,0.361,7.661
2019-03-08 11:00:00,0.412,8.051
2019-03-08 12:00:00,0.561,9.161
2019-03-08 13:00:00,0.636,9.748
2019-03-08 14:00:00,0.71,10.392
2019-03-08 15:00:00,0.781,11.109
2019-03-08 16:00:00,0.828,11.699
2019-03-08 17:00:00,0.865,12.248
2019-03-08 18:00:00,0.901,12.905
2019-03-08 19:00:00,0.955,14.41
2019-03-08 20:00:00,0.983,16.028
2019-03-08 21:00:00,0.989,17.336
2019-03-08 22:00:00,0.989,17.395
2019-03-08 23:00:00,0.989,17.208
2019-03-09 00:00:00,0.989,17.319
2019-03-09 01:00:00,0.986,18.15
2019-03-09 02:00:00,0.986,18.166
2019-03-09 03:00:00,0.986,18.251
2019-03-09 04:00:00,0.987,18.014
2019-03-09 05:00:00,0.989,17.541
2019-03-09 06:00:00,0.989,16.996
2019-03-09 07:00:00,0.987,16.659
2019-03-09 08:00:00,0.98,15.772
2019-03-09 09:00:00,0.965,14.836
2019-03-09 10:00:00,0.943,13.969
2019-03-09 11:00:00,0.921,13.351
2019-03-09 12:00:00,0.887,12.628
2019-03-09 13:00:00,0.895,12.79
2019-03-09 14:00:00,0.907,13.027
2019-03-09 15:00:00,0.922,13.381
2019-03-09 16:00:00,0.959,14.556
2019-03-09 17:00:00,0.985,16.316
2019-03-09 18:00:00,0.989,16.926
2019-03-09 19:00:00,0.989,17.153
2019-03-09 20:00:00,0.988,16.79
2019-03-09 21:00:00,0.968,14.976
2019-03-09 22:00:00,0.917,13.268
2019-03-09 23:00:00,0.866,12.263
2019-03-10 00:00:00,0.812,11.477
2019-03-10 01:00:00,0.679,10.102
2019-03-10 02:00:00,0.365,7.701
2019-03-10 03:00:00,0.164,5.896
2019-03-10 04:00:00,0.082,4.785
2019-03-10 05:00:00,0.04,3.963
2019-03-10 06:00:00,0.014,3.088
2019-03-10 07:00:00,0.005,2.518
2019-03-10 08:00:00,0.005,2.518
2019-03-10 09:00:00,0.009,2.853
2019-03-10 10:00:00,0.03,3.693
2019-03-10 11:00:00,0.179,6.054
2019-03-10 12:00:00,0.407,8.015
2019-03-10 13:00:00,0.581,9.311
2019-03-10 14:00:00,0.778,11.073
2019-03-10 15:00:00,0.933,13.672
2019-03-10 16:00:00,0.984,16.118
2019-03-10 17:00:00,0.989,17.625
2019-03-10 18:00:00,0.984,18.451
2019-03-10 19:00:00,0.982,18.624
2019-03-10 20:00:00,0.986,18.16
2019-03-10 21:00:00,0.988,17.763
2019-03-10 22:00:00,0.988,17.767
2019-03-10 23:00:00,0.988,17.818
2019-03-11 00:00:00,0.989,17.63
2019-03-11 01:00:00,0.989,17.461
2019-03-11 02:00:00,0.989,17.54
2019-03-11 03:00:00,0.986,18.184
2019-03-11 04:00:00,0.978,18.879
2019-03-11 05:00:00,0.967,19.473
2019-03-11 06:00:00,0.941,20.325
2019-03-11 07:00:00,0.896,21.235
2019-03-11 08:00:00,0.862,21.743
2019-03-11 09:00:00,0.891,21.325
2019-03-11 10:00:00,0.926,20.668
2019-03-11 11:00:00,0.959,19.764
2019-03-11 12:00:00,0.986,18.243
2019-03-11 13:00:00,0.987,16.627
2019-03-11 14:00:00,0.966,14.884
2019-03-11 15:00:00,0.905,12.989
2019-03-11 16:00:00,0.801,11.33
2019-03-11 17:00:00,0.647,9.83
2019-03-11 18:00:00,0.46,8.404
2019-03-11 19:00:00,0.344,7.536
2019-03-11 20:00:00,0.433,8.211
2019-03-11 21:00:00,0.548,9.055
2019-03-11 22:00:00,0.639,9.773
2019-03-11 23:00:00,0.779,11.083
2019-03-12 00:00:00,0.872,12.361
2019-03-12 01:00:00,0.918,13.296
2019-03-12 02:00:00,0.972,15.205
2019-03-12 03:00:00,0.989,17.719
2019-03-12 04:00:00,0.965,19.573
2019-03-12 05:00:00,0.9,21.167
2019-03-12 06:00:00,0.861,21.76
2019-03-12 07:00:00,0.865,21.711
2019-03-12 08:00:00,0.871,21.627
2019-03-12 09:00:00,0.896,21.236
2019-03-12 10:00:00,0.924,20.712
2019-03-12 11:00:00,0.962,19.687
2019-03-12 12:00:00,0.986,18.118
2019-03-12 13:00:00,0.977,15.545
2019-03-12 14:00:00,0.899,12.853
2019-03-12 15:00:00,0.77,10.987
2019-03-12 16:00:00,0.802,11.361
2019-03-12 17:00:00,0.835,11.789
2019-03-12 18:00:00,0.935,13.747
2019-03-12 19:00:00,0.979,15.698
2019-03-12 20:00:00,0.989,17.028
2019-03-12 21:00:00,0.978,18.91
2019-03-12 22:00:00,0.93,20.574
2019-03-12 23:00:00,0.873,21.587
2019-03-13 00:00:00,0.806,22.419
2019-03-13 01:00:00,0.746,23.028
2019-03-13 02:00:00,0.673,23.664
2019-03-13 03:00:00,0.634,23.986
2019-03-13 04:00:00,0.631,24.008
2019-03-13 05:00:00,0.6,24.251
2019-03-13 06:00:00,0.657,23.799
2019-03-13 07:00:00,0.775,22.745
2019-03-13 08:00:00,0.824,22.218
2019-03-13 09:00:00,0.823,22.229
2019-03-13 10:00:00,0.838,22.05
2019-03-13 11:00:00,0.866,21.687
2019-03-13 12:00:00,0.885,21.414
2019-03-13 13:00:00,0.91,20.997
2019-03-13 14:00:00,0.949,20.106
2019-03-13 15:00:00,0.976,19.029
2019-03-13 16:00:00,0.988,17.777
2019-03-13 17:00:00,0.982,15.961
2019-03-13 18:00:00,0.953,14.341
2019-03-13 19:00:00,0.945,14.053
2019-03-13 20:00:00,0.96,14.622
2019-03-13 21:00:00,0.969,15.044
2019-03-13 22:00:00,0.966,14.867
2019-03-13 23:00:00,0.954,14.352
2019-03-14 00:00:00,0.951,14.25
2019-03-14 01:00:00,0.958,14.538
2019-03-14 02:00:00,0.974,15.306
2019-03-14 03:00:00,0.987,16.545
2019-03-14 04:00:00,0.989,17.719
2019-03-14 05:00:00,0.986,18.178
2019-03-14 06:00:00,0.985,18.346
2019-03-14 07:00:00,0.982,18.637
2019-03-14 08:00:00,0.963,19.622
2019-03-14 09:00:00,0.945,20.224
2019-03-14 10:00:00,0.957,19.858
2019-03-14 11:00:00,0.963,19.648
2019-03-14 12:00:00,0.969,19.372
2019-03-14 13:00:00,0.984,18.45
2019-03-14 14:00:00,0.989,17.674
2019-03-14 15:00:00,0.989,17.059
2019-03-14 16:00:00,0.98,15.748
2019-03-14 17:00:00,0.958,14.527
2019-03-14 18:00:00,0.935,13.727
2019-03-14 19:00:00,0.957,14.467
2019-03-14 20:00:00,0.928,13.544
2019-03-14 21:00:00,0.907,13.044
2019-03-14 22:00:00,0.886,12.617
2019-03-14 23:00:00,0.876,12.431
2019-03-15 00:00:00,0.89,12.69
2019-03-15 01:00:00,0.899,12.867
2019-03-15 02:00:00,0.883,12.554
2019-03-15 03:00:00,0.822,11.612
2019-03-15 04:00:00,0.809,11.449
2019-03-15 05:00:00,0.884,12.573
2019-03-15 06:00:00,0.967,14.917
2019-03-15 07:00:00,0.989,17.674
2019-03-15 08:00:00,0.969,19.384
2019-03-15 09:00:00,0.975,19.08
2019-03-15 10:00:00,0.98,18.74
2019-03-15 11:00:00,0.984,18.388
2019-03-15 12:00:00,0.987,17.964
2019-03-15 13:00:00,0.989,17.693
2019-03-15 14:00:00,0.989,17.37
2019-03-15 15:00:00,0.989,17.214
2019-03-15 16:00:00,0.989,17.144
2019-03-15 17:00:00,0.988,16.918
2019-03-15 18:00:00,0.986,16.454
2019-03-15 19:00:00,0.985,16.233
2019-03-15 20:00:00,0.976,15.461
2019-03-15 21:00:00,0.966,14.867
2019-03-15 22:00:00,0.942,13.955
2019-03-15 23:00:00,0.908,13.057
2019-03-16 00:00:00,0.884,12.569
2019-03-16 01:00:00,0.869,12.309
2019-03-16 02:00:00,0.792,11.236
2019-03-16 03:00:00,0.596,9.428
2019-03-16 04:00:00,0.338,7.486
2019-03-16 05:00:00,0.267,6.906
2019-03-16 06:00:00,0.404,7.992
2019-03-16 07:00:00,0.69,10.202
2019-03-16 08:00:00,0.89,12.683
2019-03-16 09:00:00,0.965,14.841
2019-03-16 10:00:00,0.984,16.197
2019-03-16 11:00:00,0.989,17.125
2019-03-16 12:00:00,0.988,17.951
2019-03-16 13:00:00,0.986,18.134
2019-03-16 14:00:00,0.986,18.131
2019-03-16 15:00:00,0.986,18.206
2019-03-16 16:00:00,0.967,19.482
2019-03-16 17:00:00,0.902,21.13
2019-03-16 18:00:00,0.865,21.7
2019-03-16 19:00:00,0.878,21.514
2019-03-16 20:00:00,0.899,21.178
2019-03-16 21:00:00,0.947,20.148
2019-03-16 22:00:00,0.986,18.148
2019-03-16 23:00:00,0.981,15.884
2019-03-17 00:00:00,0.972,15.217
2019-03-17 01:00:00,0.96,14.634
2019-03-17 02:00:00,0.965,14.822
2019-03-17 03:00:00,0.966,14.903
2019-03-17 04:00:00,0.964,14.791
2019-03-17 05:00:00,0.968,15.011
2019-03-17 06:00:00,0.972,15.222
2019-03-17 07:00:00,0.973,15.259
2019-03-17 08:00:00,0.972,15.202
2019-03-17 09:00:00,0.972,15.219
2019-03-17 10:00:00,0.976,15.451
2019-03-17 11:00:00,0.978,15.636
2019-03-17 12:00:00,0.98,15.75
2019-03-17 13:00:00,0.982,15.955
2019-03-17 14:00:00,0.984,16.116
2019-03-17 15:00:00,0.98,15.779
2019-03-17 16:00:00,0.972,15.217
2019-03-17 17:00:00,0.965,14.843
2019-03-17 18:00:00,0.959,14.585
2019-03-17 19:00:00,0.949,14.174
2019-03-17 20:00:00,0.946,14.069
2019-03-17 21:00:00,0.955,14.404
2019-03-17 22:00:00,0.961,14.656
2019-03-17 23:00:00,0.968,14.977
2019-03-18 00:00:00,0.971,15.134
2019-03-18 01:00:00,0.974,15.315
2019-03-18 02:00:00,0.974,15.37
2019-03-18 03:00:00,0.97,15.094
2019-03-18 04:00:00,0.959,14.578
2019-03-18 05:00:00,0.941,13.904
2019-03-18 06:00:00,0.916,13.231
2019-03-18 07:00:00,0.882,12.527
2019-03-18 08:00:00,0.836,11.799
2019-03-18 09:00:00,0.788,11.188
2019-03-18 10:00:00,0.748,10.755
2019-03-18 11:00:00,0.71,10.387
2019-03-18 12:00:00,0.656,9.9
2019-03-18 13:00:00,0.566,9.198
2019-03-18 14:00:00,0.449,8.322
2019-03-18 15:00:00,0.33,7.431
2019-03-18 16:00:00,0.221,6.478
2019-03-18 17:00:00,0.126,5.439
2019-03-18 18:00:00,0.068,4.563
2019-03-18 19:00:00,0.04,3.964
2019-03-18 20:00:00,0.031,3.701
2019-03-18 21:00:00,0.033,3.769
2019-03-18 22:00:00,0.049,4.165
2019-03-18 23:00:00,0.082,4.786
2019-03-19 00:00:00,0.113,5.265
2019-03-19 01:00:00,0.123,5.4
2019-03-19 02:00:00,0.121,5.382
2019-03-19 03:00:00,0.122,5.389
2019-03-19 04:00:00,0.131,5.508
2019-03-19 05:00:00,0.15,5.735
2019-03-19 06:00:00,0.177,6.042
2019-03-19 07:00:00,0.218,6.455
2019-03-19 08:00:00,0.26,6.844
2019-03-19 09:00:00,0.274,6.969
2019-03-19 10:00:00,0.27,6.921
2019-03-19 11:00:00,0.274,6.967
2019-03-19 12:00:00,0.308,7.246
2019-03-19 13:00:00,0.342,7.521
2019-03-19 14:00:00,0.342,7.523
2019-03-19 15:00:00,0.343,7.524
2019-03-19 16:00:00,0.377,7.785
2019-03-19 17:00:00,0.475,8.52
2019-03-19 18:00:00,0.594,9.409
2019-03-19 19:00:00,0.699,10.287
2019-03-19 20:00:00,0.749,10.758
2019-03-19 21:00:00,0.758,10.862
2019-03-19 22:00:00,0.775,11.043
2019-03-19 23:00:00,0.773,11.026
2019-03-20 00:00:00,0.762,10.892
2019-03-20 01:00:00,0.763,10.913
2019-03-20 02:00:00,0.749,10.765
2019-03-20 03:00:00,0.697,10.272
2019-03-20 04:00:00,0.659,9.936
2019-03-20 05:00:00,0.625,9.649
2019-03-20 06:00:00,0.584,9.334
2019-03-20 07:00:00,0.566,9.2
2019-03-20 08:00:00,0.531,8.938
2019-03-20 09:00:00,0.484,8.576
2019-03-20 10:00:00,0.429,8.178
2019-03-20 11:00:00,0.398,7.953
2019-03-20 12:00:00,0.381,7.821
2019-03-20 13:00:00,0.371,7.74
2019-03-20 14:00:00,0.364,7.696
2019-03-20 15:00:00,0.372,7.75
2019-03-20 16:00:00,0.422,8.119
2019-03-20 17:00:00,0.521,8.858
2019-03-20 18:00:00,0.648,9.85
2019-03-20 19:00:00,0.74,10.675
2019-03-20 20:00:00,0.79,11.212
2019-03-20 21:00:00,0.815,11.509
2019-03-20 22:00:00,0.815,11.515
2019-03-20 23:00:00,0.803,11.368
2019-03-21 00:00:00,0.785,11.159
2019-03-21 01:00:00,0.783,11.12
2019-03-21 02:00:00,0.749,10.772
2019-03-21 03:00:00,0.719,10.474
2019-03-21 04:00:00,0.68,10.116
2019-03-21 05:00:00,0.64,9.777
2019-03-21 06:00:00,0.592,9.392
2019-03-21 07:00:00,0.537,8.98
2019-03-21 08:00:00,0.478,8.532
2019-03-21 09:00:00,0.423,8.139
2019-03-21 10:00:00,0.377,7.792
2019-03-21 11:00:00,0.345,7.544
2019-03-21 12:00:00,0.313,7.283
2019-03-21 13:00:00,0.266,6.901
2019-03-21 14:00:00,0.208,6.349
2019-03-21 15:00:00,0.145,5.675
2019-03-21 16:00:00,0.091,4.95
2019-03-21 17:00:00,0.055,4.289
2019-03-21 18:00:00,0.046,4.097
2019-03-21 19:00:00,0.082,4.791
2019-03-21 20:00:00,0.17,5.959
2019-03-21 21:00:00,0.27,6.927
2019-03-21 22:00:00,0.342,7.51
2019-03-21 23:00:00,0.386,7.85
2019-03-22 00:00:00,0.415,8.073
2019-03-22 01:00:00,0.467,8.462
2019-03-22 02:00:00,0.526,8.894
2019-03-22 03:00:00,0.575,9.267
2019-03-22 04:00:00,0.619,9.614
2019-03-22 05:00:00,0.652,9.884
2019-03-22 06:00:00,0.701,10.303
2019-03-22 07:00:00,0.753,10.808
2019-03-22 08:00:00,0.796,11.281
2019-03-22 09:00:00,0.831,11.727
2019-03-22 10:00:00,0.847,11.961
2019-03-22 11:00:00,0.851,12.009
2019-03-22 12:00:00,0.855,12.077
2019-03-22 13:00:00,0.818,11.56
2019-03-22 14:00:00,0.783,11.135
2019-03-22 15:00:00,0.77,10.987
2019-03-22 16:00:00,0.763,10.904
2019-03-22 17:00:00,0.768,10.965
2019-03-22 18:00:00,0.766,10.952
2019-03-22 19:00:00,0.783,11.137
2019-03-22 20:00:00,0.777,11.065
2019-03-22 21:00:00,0.767,10.962
2019-03-22 22:00:00,0.766,10.944
2019-03-22 23:00:00,0.75,10.776
2019-03-23 00:00:00,0.708,10.367
2019-03-23 01:00:00,0.714,10.418
2019-03-23 02:00:00,0.648,9.849
2019-03-23 03:00:00,0.645,9.82
2019-03-23 04:00:00,0.612,9.552
2019-03-23 05:00:00,0.507,8.754
2019-03-23 06:00:00,0.499,8.698
2019-03-23 07:00:00,0.497,8.68
2019-03-23 08:00:00,0.487,8.607
2019-03-23 09:00:00,0.485,8.598
2019-03-23 10:00:00,0.498,8.684
2019-03-23 11:00:00,0.5,8.705
2019-03-23 12:00:00,0.487,8.612
2019-03-23 13:00:00,0.45,8.328
2019-03-23 14:00:00,0.384,7.842
2019-03-23 15:00:00,0.319,7.336
2019-03-23 16:00:00,0.254,6.793
2019-03-23 17:00:00,0.178,6.044
2019-03-23 18:00:00,0.11,5.231
2019-03-23 19:00:00,0.065,4.499
2019-03-23 20:00:00,0.031,3.73
2019-03-23 21:00:00,0.014,3.076
2019-03-23 22:00:00,0.008,2.762
2019-03-23 23:00:00,0.011,2.953
2019-03-24 00:00:00,0.021,3.391
2019-03-24 01:00:00,0.044,4.061
2019-03-24 02:00:00,0.078,4.736
2019-03-24 03:00:00,0.106,5.174
2019-03-24 04:00:00,0.137,5.576
2019-03-24 05:00:00,0.172,5.992
2019-03-24 06:00:00,0.212,6.397
2019-03-24 07:00:00,0.278,7.0
2019-03-24 08:00:00,0.353,7.61
2019-03-24 09:00:00,0.443,8.278
2019-03-24 10:00:00,0.511,8.787
2019-03-24 11:00:00,0.56,9.146
2019-03-24 12:00:00,0.601,9.46
2019-03-24 13:00:00,0.638,9.764
2019-03-24 14:00:00,0.689,10.201
2019-03-24 15:00:00,0.715,10.435
2019-03-24 16:00:00,0.792,11.236
2019-03-24 17:00:00,0.893,12.744
2019-03-24 18:00:00,0.958,14.518
2019-03-24 19:00:00,0.981,15.89
2019-03-24 20:00:00,0.984,16.172
2019-03-24 21:00:00,0.982,15.95
2019-03-24 22:00:00,0.984,16.184
2019-03-24 23:00:00,0.987,16.52
2019-03-25 00:00:00,0.988,16.676
2019-03-25 01:00:00,0.989,17.176
2019-03-25 02:00:00,0.989,17.531
2019-03-25 03:00:00,0.987,17.976
2019-03-25 04:00:00,0.983,18.532
2019-03-25 05:00:00,0.981,18.713
2019-03-25 06:00:00,0.984,18.388
2019-03-25 07:00:00,0.989,17.639
2019-03-25 08:00:00,0.989,17.087
2019-03-25 09:00:00,0.988,16.814
2019-03-25 10:00:00,0.986,16.468
2019-03-25 11:00:00,0.984,16.132
2019-03-25 12:00:00,0.982,15.931
2019-03-25 13:00:00,0.973,15.28
2019-03-25 14:00:00,0.946,14.081
2019-03-25 15:00:00,0.927,13.519
2019-03-25 16:00:00,0.917,13.241
2019-03-25 17:00:00,0.902,12.928
2019-03-25 18:00:00,0.875,12.403
2019-03-25 19:00:00,0.828,11.687
2019-03-25 20:00:00,0.73,10.572
2019-03-25 21:00:00,0.594,9.402
2019-03-25 22:00:00,0.472,8.493
2019-03-25 23:00:00,0.41,8.04
2019-03-26 00:00:00,0.367,7.714
2019-03-26 01:00:00,0.365,7.701
2019-03-26 02:00:00,0.449,8.318
2019-03-26 03:00:00,0.555,9.116
2019-03-26 04:00:00,0.605,9.5
2019-03-26 05:00:00,0.585,9.348
2019-03-26 06:00:00,0.53,8.928
2019-03-26 07:00:00,0.468,8.467
2019-03-26 08:00:00,0.432,8.203
2019-03-26 09:00:00,0.438,8.247
2019-03-26 10:00:00,0.472,8.498
2019-03-26 11:00:00,0.523,8.876
2019-03-26 12:00:00,0.576,9.273
2019-03-26 13:00:00,0.595,9.414
2019-03-26 14:00:00,0.551,9.083
2019-03-26 15:00:00,0.454,8.364
2019-03-26 16:00:00,0.332,7.436
2019-03-26 17:00:00,0.252,6.762
2019-03-26 18:00:00,0.228,6.551
2019-03-26 19:00:00,0.233,6.596
2019-03-26 20:00:00,0.253,6.786
2019-03-26 21:00:00,0.295,7.138
2019-03-26 22:00:00,0.335,7.465
2019-03-26 23:00:00,0.364,7.697
2019-03-27 00:00:00,0.387,7.864
2019-03-27 01:00:00,0.399,7.96
2019-03-27 02:00:00,0.398,7.954
2019-03-27 03:00:00,0.388,7.868
2019-03-27 04:00:00,0.363,7.685
2019-03-27 05:00:00,0.342,7.518
2019-03-27 06:00:00,0.337,7.481
2019-03-27 07:00:00,0.347,7.561
2019-03-27 08:00:00,0.366,7.706
2019-03-27 09:00:00,0.395,7.925
2019-03-27 10:00:00,0.416,8.08
2019-03-27 11:00:00,0.433,8.211
2019-03-27 12:00:00,0.453,8.354
2019-03-27 13:00:00,0.472,8.499
2019-03-27 14:00:00,0.494,8.653
2019-03-27 15:00:00,0.494,8.656
2019-03-27 16:00:00,0.465,8.44
2019-03-27 17:00:00,0.417,8.087
2019-03-27 18:00:00,0.37,7.735
2019-03-27 19:00:00,0.353,7.598
2019-03-27 20:00:00,0.362,7.67
2019-03-27 21:00:00,0.388,7.87
2019-03-27 22:00:00,0.413,8.057
2019-03-27 23:00:00,0.429,8.182
2019-03-28 00:00:00,0.433,8.21
2019-03-28 01:00:00,0.427,8.164
2019-03-28 02:00:00,0.413,8.056
2019-03-28 03:00:00,0.37,7.736
2019-03-28 04:00:00,0.289,7.082
2019-03-28 05:00:00,0.192,6.188
2019-03-28 06:00:00,0.121,5.381
2019-03-28 07:00:00,0.103,5.122
2019-03-28 08:00:00,0.112,5.252
2019-03-28 09:00:00,0.115,5.29
2019-03-28 10:00:00,0.091,4.947
2019-03-28 11:00:00,0.052,4.243
2019-03-28 12:00:00,0.024,3.478
2019-03-28 13:00:00,0.023,3.46
2019-03-28 14:00:00,0.055,4.311
2019-03-28 15:00:00,0.112,5.256
2019-03-28 16:00:00,0.183,6.103
2019-03-28 17:00:00,0.265,6.882
2019-03-28 18:00:00,0.365,7.697
2019-03-28 19:00:00,0.471,8.485
2019-03-28 20:00:00,0.547,9.046
2019-03-28 21:00:00,0.587,9.362
2019-03-28 22:00:00,0.602,9.48
2019-03-28 23:00:00,0.614,9.57
2019-03-29 00:00:00,0.624,9.644
2019-03-29 01:00:00,0.628,9.671
2019-03-29 02:00:00,0.625,9.652
2019-03-29 03:00:00,0.617,9.596
2019-03-29 04:00:00,0.601,9.468
2019-03-29 05:00:00,0.572,9.237
2019-03-29 06:00:00,0.533,8.95
2019-03-29 07:00:00,0.497,8.673
2019-03-29 08:00:00,0.477,8.529
2019-03-29 09:00:00,0.485,8.593
2019-03-29 10:00:00,0.511,8.784
2019-03-29 11:00:00,0.536,8.97
2019-03-29 12:00:00,0.556,9.123
2019-03-29 13:00:00,0.58,9.309
2019-03-29 14:00:00,0.612,9.555
2019-03-29 15:00:00,0.654,9.895
2019-03-29 16:00:00,0.703,10.323
2019-03-29 17:00:00,0.741,10.683
2019-03-29 18:00:00,0.752,10.796
2019-03-29 19:00:00,0.738,10.654
2019-03-29 20:00:00,0.704,10.326
2019-03-29 21:00:00,0.663,9.964
2019-03-29 22:00:00,0.628,9.68
2019-03-29 23:00:00,0.594,9.404
2019-03-30 00:00:00,0.557,9.127
2019-03-30 01:00:00,0.52,8.852
2019-03-30 02:00:00,0.476,8.524
2019-03-30 03:00:00,0.404,7.992
2019-03-30 04:00:00,0.321,7.35
2019-03-30 05:00:00,0.246,6.72
2019-03-30 06:00:00,0.19,6.171
2019-03-30 07:00:00,0.155,5.791
2019-03-30 08:00:00,0.138,5.587
2019-03-30 09:00:00,0.132,5.513
2019-03-30 10:00:00,0.131,5.505
2019-03-30 11:00:00,0.134,5.533
2019-03-30 12:00:00,0.134,5.532
2019-03-30 13:00:00,0.128,5.473
2019-03-30 14:00:00,0.124,5.411
2019-03-30 15:00:00,0.128,5.473
2019-03-30 16:00:00,0.146,5.693
2019-03-30 17:00:00,0.173,5.999
2019-03-30 18:00:00,0.215,6.432
2019-03-30 19:00:00,0.282,7.034
2019-03-30 20:00:00,0.366,7.711
2019-03-30 21:00:00,0.444,8.281
2019-03-30 22:00:00,0.499,8.69
2019-03-30 23:00:00,0.52,8.85
2019-03-31 00:00:00,0.521,8.862
2019-03-31 01:00:00,0.529,8.916
2019-03-31 02:00:00,0.51,8.774
2019-03-31 03:00:00,0.503,8.726
2019-03-31 04:00:00,0.514,8.802
2019-03-31 05:00:00,0.528,8.904
2019-03-31 06:00:00,0.526,8.896
2019-03-31 07:00:00,0.511,8.785
2019-03-31 08:00:00,0.506,8.74
2019-03-31 09:00:00,0.497,8.682
2019-03-31 10:00:00,0.493,8.645
2019-03-31 11:00:00,0.485,8.596
2019-03-31 12:00:00,0.479,8.547
2019-03-31 13:00:00,0.477,8.527
2019-03-31 14:00:00,0.477,8.527
2019-03-31 15:00:00,0.485,8.597
2019-03-31 16:00:00,0.499,8.691
2019-03-31 17:00:00,0.511,8.783
2019-03-31 18:00:00,0.522,8.868
2019-03-31 19:00:00,0.528,8.901
2019-03-31 20:00:00,0.519,8.849
2019-03-31 21:00:00,0.505,8.736
2019-03-31 22:00:00,0.487,8.611
2019-03-31 23:00:00,0.47,8.481
2019-04-01 00:00:00,0.452,8.346
2019-04-01 01:00:00,0.431,8.2
2019-04-01 02:00:00,0.418,8.094
2019-04-01 03:00:00,0.414,8.07
2019-04-01 04:00:00,0.413,8.057
2019-04-01 05:00:00,0.41,8.032
2019-04-01 06:00:00,0.417,8.081
2019-04-01 07:00:00,0.434,8.22
2019-04-01 08:00:00,0.461,8.414
2019-04-01 09:00:00,0.482,8.565
2019-04-01 10:00:00,0.477,8.527
2019-04-01 11:00:00,0.441,8.271
2019-04-01 12:00:00,0.382,7.826
2019-04-01 13:00:00,0.33,7.419
2019-04-01 14:00:00,0.294,7.131
2019-04-01 15:00:00,0.27,6.922
2019-04-01 16:00:00,0.244,6.699
2019-04-01 17:00:00,0.218,6.454
2019-04-01 18:00:00,0.203,6.313
2019-04-01 19:00:00,0.206,6.341
2019-04-01 20:00:00,0.224,6.512
2019-04-01 21:00:00,0.274,6.958
2019-04-01 22:00:00,0.363,7.682
2019-04-01 23:00:00,0.463,8.421
2019-04-02 00:00:00,0.548,9.055
2019-04-02 01:00:00,0.612,9.553
2019-04-02 02:00:00,0.66,9.943
2019-04-02 03:00:00,0.693,10.233
2019-04-02 04:00:00,0.651,9.87
2019-04-02 05:00:00,0.636,9.748
2019-04-02 06:00:00,0.613,9.564
2019-04-02 07:00:00,0.587,9.361
2019-04-02 08:00:00,0.511,8.785
2019-04-02 09:00:00,0.472,8.501
2019-04-02 10:00:00,0.458,8.393
2019-04-02 11:00:00,0.429,8.185
2019-04-02 12:00:00,0.345,7.549
2019-04-02 13:00:00,0.263,6.865
2019-04-02 14:00:00,0.219,6.46
2019-04-02 15:00:00,0.2,6.279
2019-04-02 16:00:00,0.192,6.192
2019-04-02 17:00:00,0.215,6.431
2019-04-02 18:00:00,0.253,6.781
2019-04-02 19:00:00,0.284,7.055
2019-04-02 20:00:00,0.303,7.213
2019-04-02 21:00:00,0.313,7.286
2019-04-02 22:00:00,0.314,7.3
2019-04-02 23:00:00,0.305,7.225
2019-04-03 00:00:00,0.28,7.019
2019-04-03 01:00:00,0.225,6.523
2019-04-03 02:00:00,0.156,5.8
2019-04-03 03:00:00,0.1,5.083
2019-04-03 04:00:00,0.063,4.466
2019-04-03 05:00:00,0.056,4.326
2019-04-03 06:00:00,0.082,4.787
2019-04-03 07:00:00,0.112,5.251
2019-04-03 08:00:00,0.145,5.679
2019-04-03 09:00:00,0.184,6.12
2019-04-03 10:00:00,0.272,6.94
2019-04-03 11:00:00,0.407,8.013
2019-04-03 12:00:00,0.511,8.786
2019-04-03 13:00:00,0.569,9.219
2019-04-03 14:00:00,0.61,9.538
2019-04-03 15:00:00,0.628,9.678
2019-04-03 16:00:00,0.61,9.536
2019-04-03 17:00:00,0.594,9.405
2019-04-03 18:00:00,0.596,9.429
2019-04-03 19:00:00,0.586,9.349
2019-04-03 20:00:00,0.55,9.075
2019-04-03 21:00:00,0.561,9.156
2019-04-03 22:00:00,0.573,9.251
2019-04-03 23:00:00,0.513,8.796
2019-04-04 00:00:00,0.44,8.258
2019-04-04 01:00:00,0.404,8.0
2019-04-04 02:00:00,0.367,7.72
2019-04-04 03:00:00,0.371,7.75
2019-04-04 04:00:00,0.388,7.867
2019-04-04 05:00:00,0.438,8.244
2019-04-04 06:00:00,0.467,8.466
2019-04-04 07:00:00,0.487,8.608
2019-04-04 08:00:00,0.507,8.752
2019-04-04 09:00:00,0.511,8.786
2019-04-04 10:00:00,0.499,8.691
2019-04-04 11:00:00,0.478,8.539
2019-04-04 12:00:00,0.479,8.545
2019-04-04 13:00:00,0.554,9.104
2019-04-04 14:00:00,0.602,9.475
2019-04-04 15:00:00,0.633,9.72
2019-04-04 16:00:00,0.65,9.863
2019-04-04 17:00:00,0.626,9.662
2019-04-04 18:00:00,0.608,9.521
2019-04-04 19:00:00,0.604,9.485
2019-04-04 20:00:00,0.616,9.577
2019-04-04 21:00:00,0.635,9.734
2019-04-04 22:00:00,0.636,9.741
2019-04-04 23:00:00,0.627,9.666
2019-04-05 00:00:00,0.649,9.856
2019-04-05 01:00:00,0.665,9.986
2019-04-05 02:00:00,0.692,10.226
2019-04-05 03:00:00,0.665,9.986
2019-04-05 04:00:00,0.621,9.626
2019-04-05 05:00:00,0.589,9.372
2019-04-05 06:00:00,0.566,9.201
2019-04-05 07:00:00,0.564,9.173
2019-04-05 08:00:00,0.565,9.184
2019-04-05 09:00:00,0.535,8.967
2019-04-05 10:00:00,0.472,8.494
2019-04-05 11:00:00,0.392,7.908
2019-04-05 12:00:00,0.319,7.339
2019-04-05 13:00:00,0.255,6.796
2019-04-05 14:00:00,0.206,6.343
2019-04-05 15:00:00,0.172,5.986
2019-04-05 16:00:00,0.143,5.65
2019-04-05 17:00:00,0.132,5.515
2019-04-05 18:00:00,0.144,5.673
2019-04-05 19:00:00,0.172,5.973
2019-04-05 20:00:00,0.202,6.296
2019-04-05 21:00:00,0.21,6.369
2019-04-05 22:00:00,0.19,6.167
2019-04-05 23:00:00,0.154,5.775
2019-04-06 00:00:00,0.12,5.366
2019-04-06 01:00:00,0.099,5.054
2019-04-06 02:00:00,0.079,4.757
2019-04-06 03:00:00,0.062,4.445
2019-04-06 04:00:00,0.045,4.081
2019-04-06 05:00:00,0.033,3.766
2019-04-06 06:00:00,0.028,3.628
2019-04-06 07:00:00,0.034,3.792
2019-04-06 08:00:00,0.048,4.158
2019-04-06 09:00:00,0.068,4.567
2019-04-06 10:00:00,0.091,4.951
2019-04-06 11:00:00,0.121,5.37
2019-04-06 12:00:00,0.172,5.984
2019-04-06 13:00:00,0.238,6.648
2019-04-06 14:00:00,0.308,7.243
2019-04-06 15:00:00,0.367,7.716
2019-04-06 16:00:00,0.429,8.171
2019-04-06 17:00:00,0.478,8.532
2019-04-06 18:00:00,0.508,8.758
2019-04-06 19:00:00,0.518,8.829
2019-04-06 20:00:00,0.494,8.659
2019-04-06 21:00:00,0.444,8.282
2019-04-06 22:00:00,0.399,7.961
2019-04-06 23:00:00,0.352,7.594
2019-04-07 00:00:00,0.314,7.301
2019-04-07 01:00:00,0.308,7.244
2019-04-07 02:00:00,0.319,7.335
2019-04-07 03:00:00,0.339,7.489
2019-04-07 04:00:00,0.369,7.731
2019-04-07 05:00:00,0.407,8.019
2019-04-07 06:00:00,0.441,8.261
2019-04-07 07:00:00,0.461,8.416
2019-04-07 08:00:00,0.46,8.403
2019-04-07 09:00:00,0.465,8.441
2019-04-07 10:00:00,0.476,8.524
2019-04-07 11:00:00,0.467,8.46
2019-04-07 12:00:00,0.464,8.434
2019-04-07 13:00:00,0.46,8.4
2019-04-07 14:00:00,0.448,8.317
2019-04-07 15:00:00,0.446,8.302
2019-04-07 16:00:00,0.456,8.385
2019-04-07 17:00:00,0.475,8.513
2019-04-07 18:00:00,0.502,8.711
2019-04-07 19:00:00,0.521,8.858
2019-04-07 20:00:00,0.529,8.913
2019-04-07 21:00:00,0.543,9.021
2019-04-07 22:00:00,0.566,9.191
2019-04-07 23:00:00,0.578,9.292
2019-04-08 00:00:00,0.579,9.301
2019-04-08 01:00:00,0.579,9.3
2019-04-08 02:00:00,0.581,9.31
2019-04-08 03:00:00,0.575,9.27
2019-04-08 04:00:00,0.564,9.171
2019-04-08 05:00:00,0.556,9.124
2019-04-08 06:00:00,0.555,9.113
2019-04-08 07:00:00,0.566,9.19
2019-04-08 08:00:00,0.602,9.48
2019-04-08 09:00:00,0.638,9.768
2019-04-08 10:00:00,0.691,10.208
2019-04-08 11:00:00,0.758,10.86
2019-04-08 12:00:00,0.809,11.443
2019-04-08 13:00:00,0.836,11.807
2019-04-08 14:00:00,0.852,12.043
2019-04-08 15:00:00,0.864,12.235
2019-04-08 16:00:00,0.867,12.27
2019-04-08 17:00:00,0.86,12.156
2019-04-08 18:00:00,0.85,11.997
2019-04-08 19:00:00,0.842,11.882
2019-04-08 20:00:00,0.839,11.845
2019-04-08 21:00:00,0.84,11.861
2019-04-08 22:00:00,0.843,11.894
2019-04-08 23:00:00,0.85,12.006
2019-04-09 00:00:00,0.858,12.128
2019-04-09 01:00:00,0.864,12.21
2019-04-09 02:00:00,0.871,12.336
2019-04-09 03:00:00,0.892,12.719
2019-04-09 04:00:00,0.885,12.58
2019-04-09 05:00:00,0.881,12.527
2019-04-09 06:00:00,0.882,12.531
2019-04-09 07:00:00,0.876,12.43
2019-04-09 08:00:00,0.856,12.102
2019-04-09 09:00:00,0.841,11.873
2019-04-09 10:00:00,0.834,11.775
2019-04-09 11:00:00,0.828,11.698
2019-04-09 12:00:00,0.834,11.769
2019-04-09 13:00:00,0.85,12.007
2019-04-09 14:00:00,0.872,12.357
2019-04-09 15:00:00,0.892,12.73
2019-04-09 16:00:00,0.903,12.934
2019-04-09 17:00:00,0.9,12.885
2019-04-09 18:00:00,0.89,12.683
2019-04-09 19:00:00,0.872,12.353
2019-04-09 20:00:00,0.848,11.974
2019-04-09 21:00:00,0.823,11.619
2019-04-09 22:00:00,0.799,11.317
2019-04-09 23:00:00,0.771,11.002
2019-04-10 00:00:00,0.74,10.674
2019-04-10 01:00:00,0.717,10.456
2019-04-10 02:00:00,0.712,10.409
2019-04-10 03:00:00,0.717,10.443
2019-04-10 04:00:00,0.718,10.462
2019-04-10 05:00:00,0.722,10.503
2019-04-10 06:00:00,0.726,10.54
2019-04-10 07:00:00,0.726,10.543
2019-04-10 08:00:00,0.718,10.46
2019-04-10 09:00:00,0.699,10.286
2019-04-10 10:00:00,0.667,10.006
2019-04-10 11:00:00,0.633,9.726
2019-04-10 12:00:00,0.609,9.535
2019-04-10 13:00:00,0.604,9.487
2019-04-10 14:00:00,0.613,9.562
2019-04-10 15:00:00,0.628,9.679
2019-04-10 16:00:00,0.639,9.77
2019-04-10 17:00:00,0.64,9.784
2019-04-10 18:00:00,0.636,9.74
2019-04-10 19:00:00,0.621,9.625
2019-04-10 20:00:00,0.594,9.409
2019-04-10 21:00:00,0.558,9.134
2019-04-10 22:00:00,0.519,8.848
2019-04-10 23:00:00,0.476,8.523
2019-04-11 00:00:00,0.43,8.188
2019-04-11 01:00:00,0.386,7.85
2019-04-11 02:00:00,0.347,7.561
2019-04-11 03:00:00,0.32,7.343
2019-04-11 04:00:00,0.301,7.188
2019-04-11 05:00:00,0.286,7.071
2019-04-11 06:00:00,0.275,6.975
2019-04-11 07:00:00,0.265,6.883
2019-04-11 08:00:00,0.249,6.74
2019-04-11 09:00:00,0.217,6.446
2019-04-11 10:00:00,0.184,6.117
2019-04-11 11:00:00,0.16,5.855
2019-04-11 12:00:00,0.146,5.685
2019-04-11 13:00:00,0.14,5.618
2019-04-11 14:00:00,0.149,5.725
2019-04-11 15:00:00,0.171,5.963
2019-04-11 16:00:00,0.203,6.311
2019-04-11 17:00:00,0.244,6.689
2019-04-11 18:00:00,0.287,7.072
2019-04-11 19:00:00,0.333,7.445
2019-04-11 20:00:00,0.364,7.691
2019-04-11 21:00:00,0.383,7.831
2019-04-11 22:00:00,0.383,7.83
2019-04-11 23:00:00,0.37,7.735
2019-04-12 00:00:00,0.352,7.594
2019-04-12 01:00:00,0.337,7.482
2019-04-12 02:00:00,0.33,7.428
2019-04-12 03:00:00,0.328,7.412
2019-04-12 04:00:00,0.347,7.562
2019-04-12 05:00:00,0.392,7.905
2019-04-12 06:00:00,0.452,8.345
2019-04-12 07:00:00,0.489,8.627
2019-04-12 08:00:00,0.497,8.678
2019-04-12 09:00:00,0.48,8.557
2019-04-12 10:00:00,0.454,8.367
2019-04-12 11:00:00,0.423,8.138
2019-04-12 12:00:00,0.393,7.911
2019-04-12 13:00:00,0.365,7.702
2019-04-12 14:00:00,0.351,7.589
2019-04-12 15:00:00,0.362,7.677
2019-04-12 16:00:00,0.388,7.869
2019-04-12 17:00:00,0.419,8.106
2019-04-12 18:00:00,0.466,8.454
2019-04-12 19:00:00,0.524,8.882
2019-04-12 20:00:00,0.565,9.187
2019-04-12 21:00:00,0.558,9.138
2019-04-12 22:00:00,0.524,8.884
2019-04-12 23:00:00,0.475,8.522
2019-04-13 00:00:00,0.426,8.159
2019-04-13 01:00:00,0.379,7.809
2019-04-13 02:00:00,0.342,7.518
2019-04-13 03:00:00,0.342,7.512
2019-04-13 04:00:00,0.39,7.888
2019-04-13 05:00:00,0.475,8.52
2019-04-13 06:00:00,0.571,9.234
2019-04-13 07:00:00,0.65,9.864
2019-04-13 08:00:00,0.7,10.3
2019-04-13 09:00:00,0.728,10.557
2019-04-13 10:00:00,0.738,10.653
2019-04-13 11:00:00,0.726,10.541
2019-04-13 12:00:00,0.691,10.213
2019-04-13 13:00:00,0.647,9.84
2019-04-13 14:00:00,0.634,9.731
2019-04-13 15:00:00,0.67,10.03
2019-04-13 16:00:00,0.726,10.538
2019-04-13 17:00:00,0.768,10.969
2019-04-13 18:00:00,0.785,11.159
2019-04-13 19:00:00,0.771,10.995
2019-04-13 20:00:00,0.717,10.454
2019-04-13 21:00:00,0.644,9.813
2019-04-13 22:00:00,0.584,9.336
2019-04-13 23:00:00,0.554,9.106
2019-04-14 00:00:00,0.561,9.15
2019-04-14 01:00:00,0.608,9.522
2019-04-14 02:00:00,0.669,10.028
2019-04-14 03:00:00,0.733,10.599
2019-04-14 04:00:00,0.775,11.047
2019-04-14 05:00:00,0.803,11.366
2019-04-14 06:00:00,0.831,11.733
2019-04-14 07:00:00,0.839,11.847
2019-04-14 08:00:00,0.814,11.504
2019-04-14 09:00:00,0.763,10.911
2019-04-14 10:00:00,0.7,10.301
2019-04-14 11:00:00,0.651,9.868
2019-04-14 12:00:00,0.625,9.651
2019-04-14 13:00:00,0.599,9.45
2019-04-14 14:00:00,0.54,8.995
2019-04-14 15:00:00,0.513,8.794
2019-04-14 16:00:00,0.542,9.01
2019-04-14 17:00:00,0.567,9.203
2019-04-14 18:00:00,0.608,9.519
2019-04-14 19:00:00,0.628,9.683
2019-04-14 20:00:00,0.611,9.55
2019-04-14 21:00:00,0.619,9.609
2019-04-14 22:00:00,0.616,9.577
2019-04-14 23:00:00,0.56,9.146
2019-04-15 00:00:00,0.502,8.717
2019-04-15 01:00:00,0.475,8.513
2019-04-15 02:00:00,0.467,8.459
2019-04-15 03:00:00,0.483,8.572
2019-04-15 04:00:00,0.515,8.816
2019-04-15 05:00:00,0.569,9.224
2019-04-15 06:00:00,0.628,9.675
2019-04-15 07:00:00,0.673,10.062
2019-04-15 08:00:00,0.708,10.366
2019-04-15 09:00:00,0.738,10.648
2019-04-15 10:00:00,0.769,10.98
2019-04-15 11:00:00,0.802,11.36
2019-04-15 12:00:00,0.836,11.798
2019-04-15 13:00:00,0.843,11.899
2019-04-15 14:00:00,0.813,11.493
2019-04-15 15:00:00,0.832,11.75
2019-04-15 16:00:00,0.892,12.721
2019-04-15 17:00:00,0.927,13.492
2019-04-15 18:00:00,0.944,14.002
2019-04-15 19:00:00,0.95,14.205
2019-04-15 20:00:00,0.951,14.257
2019-04-15 21:00:00,0.949,14.18
2019-04-15 22:00:00,0.944,14.023
2019-04-15 23:00:00,0.938,13.819
2019-04-16 00:00:00,0.926,13.483
2019-04-16 01:00:00,0.912,13.143
2019-04-16 02:00:00,0.895,12.789
2019-04-16 03:00:00,0.87,12.327
2019-04-16 04:00:00,0.863,12.201
2019-04-16 05:00:00,0.868,12.286
2019-04-16 06:00:00,0.882,12.531
2019-04-16 07:00:00,0.894,12.756
2019-04-16 08:00:00,0.9,12.875
2019-04-16 09:00:00,0.896,12.793
2019-04-16 10:00:00,0.899,12.86
2019-04-16 11:00:00,0.903,12.957
2019-04-16 12:00:00,0.906,12.992
2019-04-16 13:00:00,0.906,13.014
2019-04-16 14:00:00,0.896,12.797
2019-04-16 15:00:00,0.893,12.733
2019-04-16 16:00:00,0.893,12.735
2019-04-16 17:00:00,0.881,12.527
2019-04-16 18:00:00,0.882,12.541
2019-04-16 19:00:00,0.88,12.497
2019-04-16 20:00:00,0.88,12.496
2019-04-16 21:00:00,0.869,12.315
2019-04-16 22:00:00,0.839,11.845
2019-04-16 23:00:00,0.804,11.376
2019-04-17 00:00:00,0.768,10.968
2019-04-17 01:00:00,0.734,10.616
2019-04-17 02:00:00,0.702,10.313
2019-04-17 03:00:00,0.663,9.972
2019-04-17 04:00:00,0.608,9.515
2019-04-17 05:00:00,0.573,9.241
2019-04-17 06:00:00,0.543,9.021
2019-04-17 07:00:00,0.535,8.967
2019-04-17 08:00:00,0.53,8.931
2019-04-17 09:00:00,0.522,8.866
2019-04-17 10:00:00,0.518,8.834
2019-04-17 11:00:00,0.535,8.966
2019-04-17 12:00:00,0.568,9.214
2019-04-17 13:00:00,0.595,9.414
2019-04-17 14:00:00,0.605,9.488
2019-04-17 15:00:00,0.618,9.606
2019-04-17 16:00:00,0.66,9.95
2019-04-17 17:00:00,0.719,10.472
2019-04-17 18:00:00,0.769,10.981
2019-04-17 19:00:00,0.784,11.143
2019-04-17 20:00:00,0.783,11.136
2019-04-17 21:00:00,0.773,11.021
2019-04-17 22:00:00,0.765,10.931
2019-04-17 23:00:00,0.745,10.728
2019-04-18 00:00:00,0.709,10.383
2019-04-18 01:00:00,0.692,10.223
2019-04-18 02:00:00,0.679,10.104
2019-04-18 03:00:00,0.665,9.992
2019-04-18 04:00:00,0.673,10.059
2019-04-18 05:00:00,0.699,10.287
2019-04-18 06:00:00,0.746,10.735
2019-04-18 07:00:00,0.787,11.178
2019-04-18 08:00:00,0.819,11.569
2019-04-18 09:00:00,0.837,11.819
2019-04-18 10:00:00,0.844,11.913
2019-04-18 11:00:00,0.846,11.944
2019-04-18 12:00:00,0.847,11.96
2019-04-18 13:00:00,0.849,11.988
2019-04-18 14:00:00,0.852,12.039
2019-04-18 15:00:00,0.858,12.126
2019-04-18 16:00:00,0.858,12.134
2019-04-18 17:00:00,0.853,12.046
2019-04-18 18:00:00,0.85,11.995
2019-04-18 19:00:00,0.852,12.045
2019-04-18 20:00:00,0.88,12.504
2019-04-18 21:00:00,0.883,12.549
2019-04-18 22:00:00,0.873,12.374
2019-04-18 23:00:00,0.851,12.013
2019-04-19 00:00:00,0.824,11.64
2019-04-19 01:00:00,0.802,11.356
2019-04-19 02:00:00,0.773,11.025
2019-04-19 03:00:00,0.74,10.68
2019-04-19 04:00:00,0.723,10.51
2019-04-19 05:00:00,0.712,10.402
2019-04-19 06:00:00,0.709,10.384
2019-04-19 07:00:00,0.717,10.442
2019-04-19 08:00:00,0.717,10.444
2019-04-19 09:00:00,0.715,10.432
2019-04-19 10:00:00,0.705,10.343
2019-04-19 11:00:00,0.687,10.169
2019-04-19 12:00:00,0.656,9.913
2019-04-19 13:00:00,0.633,9.723
2019-04-19 14:00:00,0.608,9.52
2019-04-19 15:00:00,0.577,9.286
2019-04-19 16:00:00,0.538,8.982
2019-04-19 17:00:00,0.504,8.733
2019-04-19 18:00:00,0.495,8.664
2019-04-19 19:00:00,0.506,8.742
2019-04-19 20:00:00,0.519,8.847
2019-04-19 21:00:00,0.544,9.025
2019-04-19 22:00:00,0.569,9.219
2019-04-19 23:00:00,0.584,9.332
2019-04-20 00:00:00,0.57,9.231
2019-04-20 01:00:00,0.519,8.849
2019-04-20 02:00:00,0.444,8.286
2019-04-20 03:00:00,0.387,7.866
2019-04-20 04:00:00,0.363,7.683
2019-04-20 05:00:00,0.368,7.723
2019-04-20 06:00:00,0.38,7.817
2019-04-20 07:00:00,0.388,7.872
2019-04-20 08:00:00,0.386,7.851
2019-04-20 09:00:00,0.372,7.753
2019-04-20 10:00:00,0.362,7.665
2019-04-20 11:00:00,0.364,7.69
2019-04-20 12:00:00,0.383,7.829
2019-04-20 13:00:00,0.405,8.003
2019-04-20 14:00:00,0.429,8.171
2019-04-20 15:00:00,0.449,8.32
2019-04-20 16:00:00,0.472,8.5
2019-04-20 17:00:00,0.507,8.753
2019-04-20 18:00:00,0.543,9.021
2019-04-20 19:00:00,0.569,9.225
2019-04-20 20:00:00,0.594,9.405
2019-04-20 21:00:00,0.602,9.473
2019-04-20 22:00:00,0.608,9.517
2019-04-20 23:00:00,0.596,9.423
2019-04-21 00:00:00,0.568,9.213
2019-04-21 01:00:00,0.54,9.002
2019-04-21 02:00:00,0.506,8.743
2019-04-21 03:00:00,0.469,8.477
2019-04-21 04:00:00,0.436,8.233
2019-04-21 05:00:00,0.411,8.045
2019-04-21 06:00:00,0.401,7.975
2019-04-21 07:00:00,0.404,7.997
2019-04-21 08:00:00,0.413,8.058
2019-04-21 09:00:00,0.428,8.167
2019-04-21 10:00:00,0.426,8.149
2019-04-21 11:00:00,0.4,7.964
2019-04-21 12:00:00,0.373,7.757
2019-04-21 13:00:00,0.362,7.666
2019-04-21 14:00:00,0.369,7.729
2019-04-21 15:00:00,0.387,7.864
2019-04-21 16:00:00,0.407,8.02
2019-04-21 17:00:00,0.424,8.143
2019-04-21 18:00:00,0.433,8.213
2019-04-21 19:00:00,0.444,8.287
2019-04-21 20:00:00,0.444,8.28
2019-04-21 21:00:00,0.421,8.118
2019-04-21 22:00:00,0.399,7.956
2019-04-21 23:00:00,0.397,7.945
2019-04-22 00:00:00,0.413,8.061
2019-04-22 01:00:00,0.439,8.253
2019-04-22 02:00:00,0.471,8.486
2019-04-22 03:00:00,0.497,8.68
2019-04-22 04:00:00,0.524,8.886
2019-04-22 05:00:00,0.561,9.152
2019-04-22 06:00:00,0.602,9.476
2019-04-22 07:00:00,0.646,9.824
2019-04-22 08:00:00,0.676,10.076
2019-04-22 09:00:00,0.703,10.322
2019-04-22 10:00:00,0.734,10.616
2019-04-22 11:00:00,0.764,10.925
2019-04-22 12:00:00,0.796,11.286
2019-04-22 13:00:00,0.838,11.832
2019-04-22 14:00:00,0.872,12.362
2019-04-22 15:00:00,0.9,12.881
2019-04-22 16:00:00,0.924,13.424
2019-04-22 17:00:00,0.939,13.833
2019-04-22 18:00:00,0.948,14.16
2019-04-22 19:00:00,0.961,14.651
2019-04-22 20:00:00,0.963,14.748
2019-04-22 21:00:00,0.957,14.501
2019-04-22 22:00:00,0.955,14.391
2019-04-22 23:00:00,0.959,14.562
2019-04-23 00:00:00,0.962,14.689
2019-04-23 01:00:00,0.957,14.475
2019-04-23 02:00:00,0.944,13.994
2019-04-23 03:00:00,0.93,13.608
2019-04-23 04:00:00,0.926,13.487
2019-04-23 05:00:00,0.927,13.504
2019-04-23 06:00:00,0.923,13.422
2019-04-23 07:00:00,0.917,13.256
2019-04-23 08:00:00,0.911,13.117
2019-04-23 09:00:00,0.903,12.951
2019-04-23 10:00:00,0.895,12.785
2019-04-23 11:00:00,0.893,12.732
2019-04-23 12:00:00,0.896,12.805
2019-04-23 13:00:00,0.902,12.925
2019-04-23 14:00:00,0.907,13.038
2019-04-23 15:00:00,0.915,13.219
2019-04-23 16:00:00,0.926,13.494
2019-04-23 17:00:00,0.937,13.799
2019-04-23 18:00:00,0.948,14.155
2019-04-23 19:00:00,0.943,13.958
2019-04-23 20:00:00,0.926,13.495
2019-04-23 21:00:00,0.937,13.797
2019-04-23 22:00:00,0.927,13.517
2019-04-23 23:00:00,0.932,13.654
2019-04-24 00:00:00,0.923,13.408
2019-04-24 01:00:00,0.902,12.921
2019-04-24 02:00:00,0.879,12.485
2019-04-24 03:00:00,0.873,12.383
2019-04-24 04:00:00,0.864,12.209
2019-04-24 05:00:00,0.839,11.85
2019-04-24 06:00:00,0.797,11.295
2019-04-24 07:00:00,0.752,10.797
2019-04-24 08:00:00,0.723,10.514
2019-04-24 09:00:00,0.7,10.299
2019-04-24 10:00:00,0.705,10.338
2019-04-24 11:00:00,0.733,10.608
2019-04-24 12:00:00,0.782,11.117
2019-04-24 13:00:00,0.849,11.987
2019-04-24 14:00:00,0.908,13.054
2019-04-24 15:00:00,0.942,13.942
2019-04-24 16:00:00,0.943,13.964
2019-04-24 17:00:00,0.908,13.049
2019-04-24 18:00:00,0.876,12.419
2019-04-24 19:00:00,0.84,11.857
2019-04-24 20:00:00,0.787,11.178
2019-04-24 21:00:00,0.807,11.423
2019-04-24 22:00:00,0.793,11.247
2019-04-24 23:00:00,0.709,10.383
2019-04-25 00:00:00,0.671,10.038
2019-04-25 01:00:00,0.633,9.718
2019-04-25 02:00:00,0.643,9.802
2019-04-25 03:00:00,0.696,10.262
2019-04-25 04:00:00,0.704,10.326
2019-04-25 05:00:00,0.722,10.49
2019-04-25 06:00:00,0.783,11.14
2019-04-25 07:00:00,0.865,12.237
2019-04-25 08:00:00,0.917,13.266
2019-04-25 09:00:00,0.915,13.225
2019-04-25 10:00:00,0.875,12.397
2019-04-25 11:00:00,0.825,11.646
2019-04-25 12:00:00,0.817,11.544
2019-04-25 13:00:00,0.816,11.529
2019-04-25 14:00:00,0.774,11.032
2019-04-25 15:00:00,0.706,10.348
2019-04-25 16:00:00,0.686,10.166
2019-04-25 17:00:00,0.68,10.124
2019-04-25 18:00:00,0.629,9.686
2019-04-25 19:00:00,0.581,9.31
2019-04-25 20:00:00,0.484,8.591
2019-04-25 21:00:00,0.478,8.539
2019-04-25 22:00:00,0.544,9.026
2019-04-25 23:00:00,0.595,9.415
2019-04-26 00:00:00,0.545,9.041
2019-04-26 01:00:00,0.514,8.805
2019-04-26 02:00:00,0.508,8.756
2019-04-26 03:00:00,0.483,8.572
2019-04-26 04:00:00,0.45,8.326
2019-04-26 05:00:00,0.396,7.934
2019-04-26 06:00:00,0.376,7.777
2019-04-26 07:00:00,0.392,7.9
2019-04-26 08:00:00,0.392,7.902
2019-04-26 09:00:00,0.405,8.003
2019-04-26 10:00:00,0.402,7.982
2019-04-26 11:00:00,0.399,7.961
2019-04-26 12:00:00,0.432,8.205
2019-04-26 13:00:00,0.544,9.026
2019-04-26 14:00:00,0.673,10.059
2019-04-26 15:00:00,0.777,11.068
2019-04-26 16:00:00,0.835,11.781
2019-04-26 17:00:00,0.861,12.169
2019-04-26 18:00:00,0.873,12.376
2019-04-26 19:00:00,0.885,12.584
2019-04-26 20:00:00,0.889,12.653
2019-04-26 21:00:00,0.891,12.702
2019-04-26 22:00:00,0.891,12.696
2019-04-26 23:00:00,0.894,12.754
2019-04-27 00:00:00,0.896,12.796
2019-04-27 01:00:00,0.907,13.04
2019-04-27 02:00:00,0.934,13.718
2019-04-27 03:00:00,0.937,13.783
2019-04-27 04:00:00,0.919,13.303
2019-04-27 05:00:00,0.923,13.42
2019-04-27 06:00:00,0.944,14.027
2019-04-27 07:00:00,0.954,14.348
2019-04-27 08:00:00,0.948,14.138
2019-04-27 09:00:00,0.937,13.785
2019-04-27 10:00:00,0.931,13.615
2019-04-27 11:00:00,0.924,13.423
2019-04-27 12:00:00,0.921,13.348
2019-04-27 13:00:00,0.924,13.427
2019-04-27 14:00:00,0.927,13.506
2019-04-27 15:00:00,0.923,13.414
2019-04-27 16:00:00,0.921,13.352
2019-04-27 17:00:00,0.918,13.295
2019-04-27 18:00:00,0.892,12.731
2019-04-27 19:00:00,0.828,11.698
2019-04-27 20:00:00,0.714,10.423
2019-04-27 21:00:00,0.59,9.382
2019-04-27 22:00:00,0.466,8.455
2019-04-27 23:00:00,0.335,7.468
2019-04-28 00:00:00,0.215,6.424
2019-04-28 01:00:00,0.114,5.275
2019-04-28 02:00:00,0.048,4.153
2019-04-28 03:00:00,0.024,3.478
2019-04-28 04:00:00,0.022,3.441
2019-04-28 05:00:00,0.034,3.797
2019-04-28 06:00:00,0.064,4.49
2019-04-28 07:00:00,0.12,5.368
2019-04-28 08:00:00,0.152,5.76
2019-04-28 09:00:00,0.157,5.815
2019-04-28 10:00:00,0.156,5.81
2019-04-28 11:00:00,0.163,5.886
2019-04-28 12:00:00,0.186,6.132
2019-04-28 13:00:00,0.217,6.44
2019-04-28 14:00:00,0.236,6.619
2019-04-28 15:00:00,0.239,6.66
2019-04-28 16:00:00,0.236,6.628
2019-04-28 17:00:00,0.239,6.651
2019-04-28 18:00:00,0.25,6.749
2019-04-28 19:00:00,0.265,6.884
2019-04-28 20:00:00,0.258,6.822
2019-04-28 21:00:00,0.228,6.555
2019-04-28 22:00:00,0.199,6.272
2019-04-28 23:00:00,0.172,5.976
2019-04-29 00:00:00,0.142,5.645
2019-04-29 01:00:00,0.118,5.329
2019-04-29 02:00:00,0.098,5.05
2019-04-29 03:00:00,0.083,4.824
2019-04-29 04:00:00,0.069,4.577
2019-04-29 05:00:00,0.062,4.435
2019-04-29 06:00:00,0.067,4.532
2019-04-29 07:00:00,0.087,4.88
2019-04-29 08:00:00,0.099,5.065
2019-04-29 09:00:00,0.101,5.091
2019-04-29 10:00:00,0.098,5.036
2019-04-29 11:00:00,0.089,4.907
2019-04-29 12:00:00,0.083,4.824
2019-04-29 13:00:00,0.086,4.867
2019-04-29 14:00:00,0.096,5.02
2019-04-29 15:00:00,0.112,5.253
2019-04-29 16:00:00,0.125,5.431
2019-04-29 17:00:00,0.132,5.513
2019-04-29 18:00:00,0.137,5.577
2019-04-29 19:00:00,0.147,5.696
2019-04-29 20:00:00,0.158,5.832
2019-04-29 21:00:00,0.161,5.866
2019-04-29 22:00:00,0.151,5.751
2019-04-29 23:00:00,0.131,5.505
2019-04-30 00:00:00,0.102,5.112
2019-04-30 01:00:00,0.076,4.698
2019-04-30 02:00:00,0.056,4.331
2019-04-30 03:00:00,0.045,4.091
2019-04-30 04:00:00,0.044,4.068
2019-04-30 05:00:00,0.053,4.267
2019-04-30 06:00:00,0.069,4.571
2019-04-30 07:00:00,0.079,4.747
2019-04-30 08:00:00,0.08,4.767
2019-04-30 09:00:00,0.073,4.642
2019-04-30 10:00:00,0.061,4.428
2019-04-30 11:00:00,0.054,4.278
2019-04-30 12:00:00,0.052,4.246
2019-04-30 13:00:00,0.051,4.224
2019-04-30 14:00:00,0.047,4.119
2019-04-30 15:00:00,0.038,3.907
2019-04-30 16:00:00,0.027,3.601
2019-04-30 17:00:00,0.017,3.216
2019-04-30 18:00:00,0.009,2.813
2019-04-30 19:00:00,0.004,2.417
2019-04-30 20:00:00,0.002,2.162
2019-04-30 21:00:00,0.003,2.267
2019-04-30 22:00:00,0.006,2.644
2019-04-30 23:00:00,0.015,3.149
2019-05-01 00:00:00,0.031,3.7
2019-05-01 01:00:00,0.05,4.188
2019-05-01 02:00:00,0.07,4.589
2019-05-01 03:00:00,0.08,4.761
2019-05-01 04:00:00,0.078,4.736
2019-05-01 05:00:00,0.073,4.637
2019-05-01 06:00:00,0.066,4.513
2019-05-01 07:00:00,0.064,4.484
2019-05-01 08:00:00,0.072,4.618
2019-05-01 09:00:00,0.091,4.943
2019-05-01 10:00:00,0.12,5.368
2019-05-01 11:00:00,0.16,5.853
2019-05-01 12:00:00,0.21,6.371
2019-05-01 13:00:00,0.246,6.709
2019-05-01 14:00:00,0.25,6.748
2019-05-01 15:00:00,0.238,6.649
2019-05-01 16:00:00,0.232,6.592
2019-05-01 17:00:00,0.245,6.703
2019-05-01 18:00:00,0.271,6.934
2019-05-01 19:00:00,0.297,7.159
2019-05-01 20:00:00,0.327,7.396
2019-05-01 21:00:00,0.351,7.584
2019-05-01 22:00:00,0.36,7.654
2019-05-01 23:00:00,0.353,7.609
2019-05-02 00:00:00,0.348,7.567
2019-05-02 01:00:00,0.34,7.502
2019-05-02 02:00:00,0.344,7.532
2019-05-02 03:00:00,0.367,7.717
2019-05-02 04:00:00,0.423,8.134
2019-05-02 05:00:00,0.486,8.604
2019-05-02 06:00:00,0.542,9.007
2019-05-02 07:00:00,0.599,9.45
2019-05-02 08:00:00,0.663,9.96
2019-05-02 09:00:00,0.676,10.077
2019-05-02 10:00:00,0.674,10.065
2019-05-02 11:00:00,0.673,10.056
2019-05-02 12:00:00,0.67,10.031
2019-05-02 13:00:00,0.67,10.034
2019-05-02 14:00:00,0.68,10.118
2019-05-02 15:00:00,0.676,10.079
2019-05-02 16:00:00,0.651,9.869
2019-05-02 17:00:00,0.62,9.616
2019-05-02 18:00:00,0.588,9.366
2019-05-02 19:00:00,0.548,9.06
2019-05-02 20:00:00,0.498,8.685
2019-05-02 21:00:00,0.462,8.418
2019-05-02 22:00:00,0.436,8.233
2019-05-02 23:00:00,0.419,8.11
2019-05-03 00:00:00,0.427,8.163
2019-05-03 01:00:00,0.454,8.367
2019-05-03 02:00:00,0.477,8.529
2019-05-03 03:00:00,0.446,8.305
2019-05-03 04:00:00,0.383,7.829
2019-05-03 05:00:00,0.322,7.363
2019-05-03 06:00:00,0.301,7.185
2019-05-03 07:00:00,0.313,7.284
2019-05-03 08:00:00,0.334,7.46
2019-05-03 09:00:00,0.369,7.73
2019-05-03 10:00:00,0.413,8.058
2019-05-03 11:00:00,0.45,8.334
2019-05-03 12:00:00,0.476,8.525
2019-05-03 13:00:00,0.512,8.791
2019-05-03 14:00:00,0.556,9.124
2019-05-03 15:00:00,0.607,9.507
2019-05-03 16:00:00,0.674,10.07
2019-05-03 17:00:00,0.735,10.621
2019-05-03 18:00:00,0.788,11.187
2019-05-03 19:00:00,0.827,11.678
2019-05-03 20:00:00,0.845,11.927
2019-05-03 21:00:00,0.847,11.964
2019-05-03 22:00:00,0.842,11.885
2019-05-03 23:00:00,0.841,11.875
2019-05-04 00:00:00,0.846,11.942
2019-05-04 01:00:00,0.864,12.225
2019-05-04 02:00:00,0.899,12.859
2019-05-04 03:00:00,0.937,13.805
2019-05-04 04:00:00,0.963,14.748
2019-05-04 05:00:00,0.973,15.25
2019-05-04 06:00:00,0.975,15.382
2019-05-04 07:00:00,0.974,15.361
2019-05-04 08:00:00,0.974,15.319
2019-05-04 09:00:00,0.972,15.226
2019-05-04 10:00:00,0.971,15.174
2019-05-04 11:00:00,0.969,15.026
2019-05-04 12:00:00,0.962,14.721
2019-05-04 13:00:00,0.956,14.445
2019-05-04 14:00:00,0.95,14.233
2019-05-04 15:00:00,0.946,14.065
2019-05-04 16:00:00,0.942,13.933
2019-05-04 17:00:00,0.941,13.915
2019-05-04 18:00:00,0.944,14.013
2019-05-04 19:00:00,0.944,14.028
2019-05-04 20:00:00,0.944,13.999
2019-05-04 21:00:00,0.94,13.884
2019-05-04 22:00:00,0.929,13.577
2019-05-04 23:00:00,0.92,13.335
2019-05-05 00:00:00,0.913,13.165
2019-05-05 01:00:00,0.904,12.974
2019-05-05 02:00:00,0.891,12.697
2019-05-05 03:00:00,0.871,12.341
2019-05-05 04:00:00,0.852,12.027
2019-05-05 05:00:00,0.836,11.803
2019-05-05 06:00:00,0.813,11.488
2019-05-05 07:00:00,0.771,11.003
2019-05-05 08:00:00,0.717,10.459
2019-05-05 09:00:00,0.678,10.096
2019-05-05 10:00:00,0.666,10.001
2019-05-05 11:00:00,0.676,10.078
2019-05-05 12:00:00,0.692,10.225
2019-05-05 13:00:00,0.705,10.34
2019-05-05 14:00:00,0.699,10.29
2019-05-05 15:00:00,0.674,10.065
2019-05-05 16:00:00,0.636,9.742
2019-05-05 17:00:00,0.604,9.485
2019-05-05 18:00:00,0.587,9.362
2019-05-05 19:00:00,0.579,9.295
2019-05-05 20:00:00,0.58,9.303
2019-05-05 21:00:00,0.577,9.281
2019-05-05 22:00:00,0.575,9.259
2019-05-05 23:00:00,0.591,9.387
2019-05-06 00:00:00,0.62,9.616
2019-05-06 01:00:00,0.639,9.773
2019-05-06 02:00:00,0.625,9.655
2019-05-06 03:00:00,0.574,9.256
2019-05-06 04:00:00,0.511,8.784
2019-05-06 05:00:00,0.453,8.361
2019-05-06 06:00:00,0.396,7.939
2019-05-06 07:00:00,0.33,7.428
2019-05-06 08:00:00,0.27,6.933
2019-05-06 09:00:00,0.232,6.588
2019-05-06 10:00:00,0.209,6.364
2019-05-06 11:00:00,0.197,6.245
2019-05-06 12:00:00,0.197,6.24
2019-05-06 13:00:00,0.206,6.333
2019-05-06 14:00:00,0.21,6.38
2019-05-06 15:00:00,0.218,6.453
2019-05-06 16:00:00,0.225,6.524
2019-05-06 17:00:00,0.211,6.391
2019-05-06 18:00:00,0.186,6.135
2019-05-06 19:00:00,0.153,5.774
2019-05-06 20:00:00,0.118,5.339
2019-05-06 21:00:00,0.086,4.861
2019-05-06 22:00:00,0.053,4.253
2019-05-06 23:00:00,0.032,3.74
2019-05-07 00:00:00,0.021,3.393
2019-05-07 01:00:00,0.017,3.217
2019-05-07 02:00:00,0.012,2.998
2019-05-07 03:00:00,0.007,2.707
2019-05-07 04:00:00,0.005,2.546
2019-05-07 05:00:00,0.005,2.498
2019-05-07 06:00:00,0.007,2.655
2019-05-07 07:00:00,0.012,3.002
2019-05-07 08:00:00,0.021,3.371
2019-05-07 09:00:00,0.033,3.777
2019-05-07 10:00:00,0.048,4.163
2019-05-07 11:00:00,0.063,4.467
2019-05-07 12:00:00,0.076,4.701
2019-05-07 13:00:00,0.088,4.897
2019-05-07 14:00:00,0.084,4.842
2019-05-07 15:00:00,0.07,4.588
2019-05-07 16:00:00,0.052,4.242
2019-05-07 17:00:00,0.049,4.174
2019-05-07 18:00:00,0.065,4.498
2019-05-07 19:00:00,0.09,4.929
2019-05-07 20:00:00,0.118,5.339
2019-05-07 21:00:00,0.155,5.786
2019-05-07 22:00:00,0.213,6.407
2019-05-07 23:00:00,0.291,7.101
2019-05-08 00:00:00,0.362,7.681
2019-05-08 01:00:00,0.437,8.234
2019-05-08 02:00:00,0.548,9.058
2019-05-08 03:00:00,0.644,9.813
2019-05-08 04:00:00,0.705,10.343
2019-05-08 05:00:00,0.763,10.904
2019-05-08 06:00:00,0.802,11.353
2019-05-08 07:00:00,0.826,11.658
2019-05-08 08:00:00,0.85,11.99
2019-05-08 09:00:00,0.883,12.552
2019-05-08 10:00:00,0.935,13.725
2019-05-08 11:00:00,0.97,15.106
2019-05-08 12:00:00,0.984,16.177
2019-05-08 13:00:00,0.983,16.053
2019-05-08 14:00:00,0.97,15.077
2019-05-08 15:00:00,0.937,13.794
2019-05-08 16:00:00,0.867,12.278
2019-05-08 17:00:00,0.756,10.835
2019-05-08 18:00:00,0.633,9.712
2019-05-08 19:00:00,0.576,9.274
2019-05-08 20:00:00,0.608,9.522
2019-05-08 21:00:00,0.68,10.117
2019-05-08 22:00:00,0.731,10.588
2019-05-08 23:00:00,0.717,10.445
2019-05-09 00:00:00,0.687,10.176
2019-05-09 01:00:00,0.608,9.521
2019-05-09 02:00:00,0.567,9.205
2019-05-09 03:00:00,0.522,8.869
2019-05-09 04:00:00,0.47,8.484
2019-05-09 05:00:00,0.429,8.176
2019-05-09 06:00:00,0.395,7.932
2019-05-09 07:00:00,0.372,7.753
2019-05-09 08:00:00,0.353,7.609
2019-05-09 09:00:00,0.324,7.37
2019-05-09 10:00:00,0.307,7.236
2019-05-09 11:00:00,0.322,7.361
2019-05-09 12:00:00,0.344,7.535
2019-05-09 13:00:00,0.363,7.689
2019-05-09 14:00:00,0.414,8.07
2019-05-09 15:00:00,0.51,8.774
2019-05-09 16:00:00,0.609,9.533
2019-05-09 17:00:00,0.691,10.218
2019-05-09 18:00:00,0.74,10.675
2019-05-09 19:00:00,0.753,10.807
2019-05-09 20:00:00,0.722,10.489
2019-05-09 21:00:00,0.656,9.906
2019-05-09 22:00:00,0.567,9.203
2019-05-09 23:00:00,0.484,8.587
2019-05-10 00:00:00,0.422,8.132
2019-05-10 01:00:00,0.383,7.828
2019-05-10 02:00:00,0.356,7.625
2019-05-10 03:00:00,0.324,7.373
2019-05-10 04:00:00,0.278,6.989
2019-05-10 05:00:00,0.219,6.468
2019-05-10 06:00:00,0.161,5.862
2019-05-10 07:00:00,0.111,5.245
2019-05-10 08:00:00,0.068,4.554
2019-05-10 09:00:00,0.037,3.868
2019-05-10 10:00:00,0.022,3.434
2019-05-10 11:00:00,0.016,3.199
2019-05-10 12:00:00,0.01,2.91
2019-05-10 13:00:00,0.005,2.515
2019-05-10 14:00:00,0.002,2.071
2019-05-10 15:00:00,0.001,1.799
2019-05-10 16:00:00,0.001,1.763
2019-05-10 17:00:00,0.001,1.941
2019-05-10 18:00:00,0.003,2.295
2019-05-10 19:00:00,0.009,2.815
2019-05-10 20:00:00,0.023,3.472
2019-05-10 21:00:00,0.045,4.076
2019-05-10 22:00:00,0.064,4.474
2019-05-10 23:00:00,0.076,4.695
2019-05-11 00:00:00,0.08,4.769
2019-05-11 01:00:00,0.08,4.773
2019-05-11 02:00:00,0.084,4.828
2019-05-11 03:00:00,0.104,5.145
2019-05-11 04:00:00,0.137,5.57
2019-05-11 05:00:00,0.167,5.931
2019-05-11 06:00:00,0.187,6.148
2019-05-11 07:00:00,0.19,6.173
2019-05-11 08:00:00,0.182,6.093
2019-05-11 09:00:00,0.166,5.921
2019-05-11 10:00:00,0.147,5.694
2019-05-11 11:00:00,0.132,5.514
2019-05-11 12:00:00,0.129,5.485
2019-05-11 13:00:00,0.14,5.616
2019-05-11 14:00:00,0.158,5.832
2019-05-11 15:00:00,0.18,6.073
2019-05-11 16:00:00,0.193,6.206
2019-05-11 17:00:00,0.2,6.281
2019-05-11 18:00:00,0.217,6.451
2019-05-11 19:00:00,0.225,6.528
2019-05-11 20:00:00,0.23,6.569
2019-05-11 21:00:00,0.246,6.72
2019-05-11 22:00:00,0.261,6.845
2019-05-11 23:00:00,0.267,6.91
2019-05-12 00:00:00,0.281,7.03
2019-05-12 01:00:00,0.315,7.309
2019-05-12 02:00:00,0.377,7.793
2019-05-12 03:00:00,0.438,8.245
2019-05-12 04:00:00,0.473,8.504
2019-05-12 05:00:00,0.475,8.514
2019-05-12 06:00:00,0.463,8.431
2019-05-12 07:00:00,0.413,8.055
2019-05-12 08:00:00,0.352,7.596
2019-05-12 09:00:00,0.278,6.999
2019-05-12 10:00:00,0.228,6.551
2019-05-12 11:00:00,0.197,6.242
2019-05-12 12:00:00,0.191,6.184
2019-05-12 13:00:00,0.183,6.102
2019-05-12 14:00:00,0.148,5.719
2019-05-12 15:00:00,0.139,5.602
2019-05-12 16:00:00,0.132,5.515
2019-05-12 17:00:00,0.083,4.817
2019-05-12 18:00:00,0.058,4.365
2019-05-12 19:00:00,0.045,4.078
2019-05-12 20:00:00,0.033,3.775
2019-05-12 21:00:00,0.023,3.461
2019-05-12 22:00:00,0.013,3.06
2019-05-12 23:00:00,0.009,2.825
2019-05-13 00:00:00,0.007,2.646
2019-05-13 01:00:00,0.005,2.523
2019-05-13 02:00:00,0.004,2.395
2019-05-13 03:00:00,0.003,2.312
2019-05-13 04:00:00,0.003,2.286
2019-05-13 05:00:00,0.003,2.292
2019-05-13 06:00:00,0.004,2.352
2019-05-13 07:00:00,0.005,2.499
2019-05-13 08:00:00,0.007,2.695
2019-05-13 09:00:00,0.011,2.934
2019-05-13 10:00:00,0.017,3.21
2019-05-13 11:00:00,0.025,3.531
2019-05-13 12:00:00,0.037,3.875
2019-05-13 13:00:00,0.048,4.161
2019-05-13 14:00:00,0.056,4.333
2019-05-13 15:00:00,0.059,4.38
2019-05-13 16:00:00,0.06,4.404
2019-05-13 17:00:00,0.059,4.386
2019-05-13 18:00:00,0.06,4.406
2019-05-13 19:00:00,0.065,4.495
2019-05-13 20:00:00,0.067,4.53
2019-05-13 21:00:00,0.063,4.456
2019-05-13 22:00:00,0.064,4.487
2019-05-13 23:00:00,0.078,4.741
2019-05-14 00:00:00,0.1,5.082
2019-05-14 01:00:00,0.118,5.34
2019-05-14 02:00:00,0.128,5.461
2019-05-14 03:00:00,0.122,5.387
2019-05-14 04:00:00,0.098,5.037
2019-05-14 05:00:00,0.076,4.701
2019-05-14 06:00:00,0.073,4.634
2019-05-14 07:00:00,0.083,4.818
2019-05-14 08:00:00,0.103,5.133
2019-05-14 09:00:00,0.074,4.659
2019-05-14 10:00:00,0.071,4.608
2019-05-14 11:00:00,0.075,4.686
2019-05-14 12:00:00,0.073,4.635
2019-05-14 13:00:00,0.068,4.559
2019-05-14 14:00:00,0.061,4.428
2019-05-14 15:00:00,0.06,4.406
2019-05-14 16:00:00,0.067,4.528
2019-05-14 17:00:00,0.078,4.733
2019-05-14 18:00:00,0.1,5.072
2019-05-14 19:00:00,0.128,5.455
2019-05-14 20:00:00,0.164,5.896
2019-05-14 21:00:00,0.201,6.293
2019-05-14 22:00:00,0.208,6.351
2019-05-14 23:00:00,0.192,6.188
2019-05-15 00:00:00,0.166,5.925
2019-05-15 01:00:00,0.15,5.739
2019-05-15 02:00:00,0.138,5.58
2019-05-15 03:00:00,0.121,5.374
2019-05-15 04:00:00,0.105,5.148
2019-05-15 05:00:00,0.092,4.954
2019-05-15 06:00:00,0.087,4.891
2019-05-15 07:00:00,0.091,4.939
2019-05-15 08:00:00,0.095,5.013
2019-05-15 09:00:00,0.089,4.916
2019-05-15 10:00:00,0.073,4.631
2019-05-15 11:00:00,0.055,4.306
2019-05-15 12:00:00,0.048,4.143
2019-05-15 13:00:00,0.057,4.351
2019-05-15 14:00:00,0.084,4.83
2019-05-15 15:00:00,0.129,5.479
2019-05-15 16:00:00,0.187,6.149
2019-05-15 17:00:00,0.242,6.672
2019-05-15 18:00:00,0.286,7.066
2019-05-15 19:00:00,0.319,7.34
2019-05-15 20:00:00,0.33,7.431
2019-05-15 21:00:00,0.327,7.398
2019-05-15 22:00:00,0.333,7.452
2019-05-15 23:00:00,0.346,7.557
2019-05-16 00:00:00,0.351,7.583
2019-05-16 01:00:00,0.339,7.497
2019-05-16 02:00:00,0.333,7.44
2019-05-16 03:00:00,0.346,7.554
2019-05-16 04:00:00,0.377,7.78
2019-05-16 05:00:00,0.419,8.101
2019-05-16 06:00:00,0.467,8.461
2019-05-16 07:00:00,0.496,8.668
2019-05-16 08:00:00,0.49,8.631
2019-05-16 09:00:00,0.465,8.45
2019-05-16 10:00:00,0.472,8.491
2019-05-16 11:00:00,0.537,8.979
2019-05-16 12:00:00,0.617,9.596
2019-05-16 13:00:00,0.704,10.327
2019-05-16 14:00:00,0.788,11.193
2019-05-16 15:00:00,0.773,11.01
2019-05-16 16:00:00,0.762,10.892
2019-05-16 17:00:00,0.763,10.919
2019-05-16 18:00:00,0.763,10.909
2019-05-16 19:00:00,0.766,10.945
2019-05-16 20:00:00,0.764,10.927
2019-05-16 21:00:00,0.782,11.117
2019-05-16 22:00:00,0.833,11.757
2019-05-16 23:00:00,0.832,11.738
2019-05-17 00:00:00,0.833,11.753
2019-05-17 01:00:00,0.83,11.722
2019-05-17 02:00:00,0.821,11.592
2019-05-17 03:00:00,0.818,11.559
2019-05-17 04:00:00,0.829,11.711
2019-05-17 05:00:00,0.817,11.544
2019-05-17 06:00:00,0.801,11.343
2019-05-17 07:00:00,0.78,11.095
2019-05-17 08:00:00,0.777,11.071
2019-05-17 09:00:00,0.732,10.592
2019-05-17 10:00:00,0.694,10.243
2019-05-17 11:00:00,0.671,10.04
2019-05-17 12:00:00,0.628,9.672
2019-05-17 13:00:00,0.588,9.365
2019-05-17 14:00:00,0.559,9.142
2019-05-17 15:00:00,0.54,8.995
2019-05-17 16:00:00,0.534,8.954
2019-05-17 17:00:00,0.53,8.926
2019-05-17 18:00:00,0.531,8.936
2019-05-17 19:00:00,0.515,8.818
2019-05-17 20:00:00,0.499,8.698
2019-05-17 21:00:00,0.48,8.557
2019-05-17 22:00:00,0.45,8.332
2019-05-17 23:00:00,0.4,7.964
2019-05-18 00:00:00,0.374,7.763
2019-05-18 01:00:00,0.344,7.534
2019-05-18 02:00:00,0.319,7.328
2019-05-18 03:00:00,0.271,6.936
2019-05-18 04:00:00,0.215,6.423
2019-05-18 05:00:00,0.175,6.009
2019-05-18 06:00:00,0.148,5.713
2019-05-18 07:00:00,0.133,5.525
2019-05-18 08:00:00,0.122,5.39
2019-05-18 09:00:00,0.11,5.228
2019-05-18 10:00:00,0.093,4.98
2019-05-18 11:00:00,0.076,4.703
2019-05-18 12:00:00,0.062,4.453
2019-05-18 13:00:00,0.055,4.286
2019-05-18 14:00:00,0.047,4.13
2019-05-18 15:00:00,0.031,3.709
2019-05-18 16:00:00,0.016,3.185
2019-05-18 17:00:00,0.009,2.817
2019-05-18 18:00:00,0.006,2.582
2019-05-18 19:00:00,0.004,2.411
2019-05-18 20:00:00,0.004,2.44
2019-05-18 21:00:00,0.006,2.567
2019-05-18 22:00:00,0.007,2.678
2019-05-18 23:00:00,0.01,2.899
2019-05-19 00:00:00,0.016,3.182
2019-05-19 01:00:00,0.028,3.615
2019-05-19 02:00:00,0.044,4.061
2019-05-19 03:00:00,0.061,4.417
2019-05-19 04:00:00,0.077,4.714
2019-05-19 05:00:00,0.099,5.052
2019-05-19 06:00:00,0.123,5.404
2019-05-19 07:00:00,0.15,5.739
2019-05-19 08:00:00,0.177,6.042
2019-05-19 09:00:00,0.187,6.151
2019-05-19 10:00:00,0.19,6.179
2019-05-19 11:00:00,0.208,6.359
2019-05-19 12:00:00,0.253,6.783
2019-05-19 13:00:00,0.316,7.318
2019-05-19 14:00:00,0.369,7.729
2019-05-19 15:00:00,0.426,8.155
2019-05-19 16:00:00,0.475,8.519
2019-05-19 17:00:00,0.524,8.883
2019-05-19 18:00:00,0.568,9.213
2019-05-19 19:00:00,0.576,9.275
2019-05-19 20:00:00,0.582,9.323
2019-05-19 21:00:00,0.588,9.365
2019-05-19 22:00:00,0.6,9.454
2019-05-19 23:00:00,0.605,9.499
2019-05-20 00:00:00,0.622,9.635
2019-05-20 01:00:00,0.612,9.557
2019-05-20 02:00:00,0.604,9.486
2019-05-20 03:00:00,0.62,9.618
2019-05-20 04:00:00,0.622,9.635
2019-05-20 05:00:00,0.617,9.592
2019-05-20 06:00:00,0.641,9.791
2019-05-20 07:00:00,0.673,10.056
2019-05-20 08:00:00,0.672,10.049
2019-05-20 09:00:00,0.672,10.047
2019-05-20 10:00:00,0.694,10.24
2019-05-20 11:00:00,0.704,10.325
2019-05-20 12:00:00,0.724,10.52
2019-05-20 13:00:00,0.723,10.51
2019-05-20 14:00:00,0.709,10.375
2019-05-20 15:00:00,0.661,9.953
2019-05-20 16:00:00,0.599,9.441
2019-05-20 17:00:00,0.565,9.184
2019-05-20 18:00:00,0.553,9.102
2019-05-20 19:00:00,0.559,9.142
2019-05-20 20:00:00,0.561,9.149
2019-05-20 21:00:00,0.557,9.13
2019-05-20 22:00:00,0.542,9.016
2019-05-20 23:00:00,0.554,9.109
2019-05-21 00:00:00,0.59,9.385
2019-05-21 01:00:00,0.628,9.683
2019-05-21 02:00:00,0.645,9.822
2019-05-21 03:00:00,0.643,9.805
2019-05-21 04:00:00,0.64,9.784
2019-05-21 05:00:00,0.628,9.676
2019-05-21 06:00:00,0.608,9.511
2019-05-21 07:00:00,0.585,9.345
2019-05-21 08:00:00,0.58,9.308
2019-05-21 09:00:00,0.596,9.43
2019-05-21 10:00:00,0.619,9.612
2019-05-21 11:00:00,0.64,9.785
2019-05-21 12:00:00,0.632,9.708
2019-05-21 13:00:00,0.602,9.476
2019-05-21 14:00:00,0.578,9.291
2019-05-21 15:00:00,0.537,8.98
2019-05-21 16:00:00,0.484,8.58
2019-05-21 17:00:00,0.43,8.188
2019-05-21 18:00:00,0.379,7.808
2019-05-21 19:00:00,0.317,7.324
2019-05-21 20:00:00,0.248,6.731
2019-05-21 21:00:00,0.193,6.206
2019-05-21 22:00:00,0.154,5.777
2019-05-21 23:00:00,0.136,5.563
2019-05-22 00:00:00,0.132,5.517
2019-05-22 01:00:00,0.143,5.652
2019-05-22 02:00:00,0.153,5.772
2019-05-22 03:00:00,0.148,5.7
2019-05-22 04:00:00,0.147,5.694
2019-05-22 05:00:00,0.157,5.819
2019-05-22 06:00:00,0.179,6.065
2019-05-22 07:00:00,0.214,6.415
2019-05-22 08:00:00,0.252,6.765
2019-05-22 09:00:00,0.287,7.075
2019-05-22 10:00:00,0.308,7.242
2019-05-22 11:00:00,0.299,7.175
2019-05-22 12:00:00,0.266,6.9
2019-05-22 13:00:00,0.217,6.447
2019-05-22 14:00:00,0.187,6.152
2019-05-22 15:00:00,0.229,6.558
2019-05-22 16:00:00,0.351,7.585
2019-05-22 17:00:00,0.513,8.797
2019-05-22 18:00:00,0.647,9.83
2019-05-22 19:00:00,0.73,10.577
2019-05-22 20:00:00,0.776,11.052
2019-05-22 21:00:00,0.775,11.049
2019-05-22 22:00:00,0.723,10.51
2019-05-22 23:00:00,0.62,9.62
2019-05-23 00:00:00,0.512,8.791
2019-05-23 01:00:00,0.4,7.965
2019-05-23 02:00:00,0.308,7.247
2019-05-23 03:00:00,0.246,6.715
2019-05-23 04:00:00,0.211,6.392
2019-05-23 05:00:00,0.201,6.288
2019-05-23 06:00:00,0.208,6.35
2019-05-23 07:00:00,0.224,6.511
2019-05-23 08:00:00,0.239,6.654
2019-05-23 09:00:00,0.237,6.636
2019-05-23 10:00:00,0.229,6.566
2019-05-23 11:00:00,0.218,6.453
2019-05-23 12:00:00,0.195,6.225
2019-05-23 13:00:00,0.171,5.965
2019-05-23 14:00:00,0.161,5.86
2019-05-23 15:00:00,0.197,6.244
2019-05-23 16:00:00,0.299,7.172
2019-05-23 17:00:00,0.435,8.227
2019-05-23 18:00:00,0.538,8.983
2019-05-23 19:00:00,0.578,9.293
2019-05-23 20:00:00,0.561,9.152
2019-05-23 21:00:00,0.519,8.843
2019-05-23 22:00:00,0.453,8.354
2019-05-23 23:00:00,0.393,7.91
2019-05-24 00:00:00,0.401,7.976
2019-05-24 01:00:00,0.456,8.382
2019-05-24 02:00:00,0.512,8.791
2019-05-24 03:00:00,0.542,9.007
2019-05-24 04:00:00,0.523,8.877
2019-05-24 05:00:00,0.487,8.61
2019-05-24 06:00:00,0.468,8.471
2019-05-24 07:00:00,0.458,8.391
2019-05-24 08:00:00,0.438,8.242
2019-05-24 09:00:00,0.423,8.138
2019-05-24 10:00:00,0.421,8.117
2019-05-24 11:00:00,0.41,8.041
2019-05-24 12:00:00,0.363,7.682
2019-05-24 13:00:00,0.293,7.125
2019-05-24 14:00:00,0.235,6.613
2019-05-24 15:00:00,0.182,6.089
2019-05-24 16:00:00,0.13,5.493
2019-05-24 17:00:00,0.087,4.877
2019-05-24 18:00:00,0.06,4.389
2019-05-24 19:00:00,0.048,4.148
2019-05-24 20:00:00,0.044,4.065
2019-05-24 21:00:00,0.045,4.091
2019-05-24 22:00:00,0.045,4.094
2019-05-24 23:00:00,0.041,3.975
2019-05-25 00:00:00,0.036,3.848
2019-05-25 01:00:00,0.027,3.586
2019-05-25 02:00:00,0.02,3.367
2019-05-25 03:00:00,0.015,3.132
2019-05-25 04:00:00,0.011,2.935
2019-05-25 05:00:00,0.009,2.847
2019-05-25 06:00:00,0.01,2.861
2019-05-25 07:00:00,0.015,3.138
2019-05-25 08:00:00,0.027,3.595
2019-05-25 09:00:00,0.051,4.222
2019-05-25 10:00:00,0.085,4.85
2019-05-25 11:00:00,0.111,5.238
2019-05-25 12:00:00,0.129,5.486
2019-05-25 13:00:00,0.156,5.797
2019-05-25 14:00:00,0.201,6.293
2019-05-25 15:00:00,0.263,6.866
2019-05-25 16:00:00,0.328,7.411
2019-05-25 17:00:00,0.394,7.917
2019-05-25 18:00:00,0.463,8.423
2019-05-25 19:00:00,0.54,9.003
2019-05-25 20:00:00,0.631,9.705
2019-05-25 21:00:00,0.711,10.392
2019-05-25 22:00:00,0.773,11.014
2019-05-25 23:00:00,0.817,11.53
2019-05-26 00:00:00,0.846,11.936
2019-05-26 01:00:00,0.868,12.288
2019-05-26 02:00:00,0.886,12.597
2019-05-26 03:00:00,0.897,12.823
2019-05-26 04:00:00,0.912,13.145
2019-05-26 05:00:00,0.91,13.095
2019-05-26 06:00:00,0.903,12.949
2019-05-26 07:00:00,0.9,12.885
2019-05-26 08:00:00,0.893,12.752
2019-05-26 09:00:00,0.922,13.376
2019-05-26 10:00:00,0.936,13.758
2019-05-26 11:00:00,0.95,14.208
2019-05-26 12:00:00,0.952,14.294
2019-05-26 13:00:00,0.949,14.165
2019-05-26 14:00:00,0.936,13.776
2019-05-26 15:00:00,0.923,13.423
2019-05-26 16:00:00,0.916,13.228
2019-05-26 17:00:00,0.904,12.963
2019-05-26 18:00:00,0.886,12.602
2019-05-26 19:00:00,0.878,12.467
2019-05-26 20:00:00,0.89,12.686
2019-05-26 21:00:00,0.887,12.63
2019-05-26 22:00:00,0.868,12.299
2019-05-26 23:00:00,0.842,11.884
2019-05-27 00:00:00,0.838,11.828
2019-05-27 01:00:00,0.822,11.609
2019-05-27 02:00:00,0.805,11.388
2019-05-27 03:00:00,0.832,11.751
2019-05-27 04:00:00,0.863,12.207
2019-05-27 05:00:00,0.876,12.425
2019-05-27 06:00:00,0.879,12.482
2019-05-27 07:00:00,0.88,12.499
2019-05-27 08:00:00,0.861,12.177
2019-05-27 09:00:00,0.841,11.87
2019-05-27 10:00:00,0.791,11.225
2019-05-27 11:00:00,0.71,10.391
2019-05-27 12:00:00,0.592,9.393
2019-05-27 13:00:00,0.478,8.53
2019-05-27 14:00:00,0.368,7.723
2019-05-27 15:00:00,0.285,7.058
2019-05-27 16:00:00,0.192,6.188
2019-05-27 17:00:00,0.113,5.271
2019-05-27 18:00:00,0.065,4.508
2019-05-27 19:00:00,0.037,3.889
2019-05-27 20:00:00,0.02,3.361
2019-05-27 21:00:00,0.011,2.947
2019-05-27 22:00:00,0.011,2.954
2019-05-27 23:00:00,0.016,3.178
2019-05-28 00:00:00,0.023,3.451
2019-05-28 01:00:00,0.041,3.977
2019-05-28 02:00:00,0.074,4.658
2019-05-28 03:00:00,0.11,5.227
2019-05-28 04:00:00,0.137,5.566
2019-05-28 05:00:00,0.152,5.765
2019-05-28 06:00:00,0.161,5.867
2019-05-28 07:00:00,0.161,5.862
2019-05-28 08:00:00,0.148,5.707
2019-05-28 09:00:00,0.126,5.441
2019-05-28 10:00:00,0.109,5.201
2019-05-28 11:00:00,0.098,5.04
2019-05-28 12:00:00,0.097,5.033
2019-05-28 13:00:00,0.113,5.262
2019-05-28 14:00:00,0.147,5.696
2019-05-28 15:00:00,0.172,5.981
2019-05-28 16:00:00,0.165,5.912
2019-05-28 17:00:00,0.144,5.67
2019-05-28 18:00:00,0.116,5.305
2019-05-28 19:00:00,0.077,4.713
2019-05-28 20:00:00,0.026,3.559
2019-05-28 21:00:00,0.006,2.594
2019-05-28 22:00:00,0.002,2.073
2019-05-28 23:00:00,0.001,1.941
2019-05-29 00:00:00,0.003,2.337
2019-05-29 01:00:00,0.008,2.758
2019-05-29 02:00:00,0.018,3.258
2019-05-29 03:00:00,0.041,3.968
2019-05-29 04:00:00,0.085,4.853
2019-05-29 05:00:00,0.157,5.82
2019-05-29 06:00:00,0.253,6.785
2019-05-29 07:00:00,0.371,7.745
2019-05-29 08:00:00,0.492,8.642
2019-05-29 09:00:00,0.595,9.417
2019-05-29 10:00:00,0.687,10.173
2019-05-29 11:00:00,0.763,10.915
2019-05-29 12:00:00,0.826,11.652
2019-05-29 13:00:00,0.846,11.949
2019-05-29 14:00:00,0.835,11.776
2019-05-29 15:00:00,0.827,11.677
2019-05-29 16:00:00,0.845,11.922
2019-05-29 17:00:00,0.856,12.106
2019-05-29 18:00:00,0.854,12.069
2019-05-29 19:00:00,0.841,11.873
2019-05-29 20:00:00,0.813,11.492
2019-05-29 21:00:00,0.836,11.807
2019-05-29 22:00:00,0.856,12.092
2019-05-29 23:00:00,0.875,12.398
2019-05-30 00:00:00,0.9,12.875
2019-05-30 01:00:00,0.94,13.888
2019-05-30 02:00:00,0.945,14.054
2019-05-30 03:00:00,0.923,13.406
2019-05-30 04:00:00,0.928,13.539
2019-05-30 05:00:00,0.932,13.639
2019-05-30 06:00:00,0.929,13.573
2019-05-30 07:00:00,0.927,13.511
2019-05-30 08:00:00,0.927,13.513
2019-05-30 09:00:00,0.916,13.229
2019-05-30 10:00:00,0.904,12.962
2019-05-30 11:00:00,0.868,12.292
2019-05-30 12:00:00,0.857,12.112
2019-05-30 13:00:00,0.84,11.864
2019-05-30 14:00:00,0.803,11.369
2019-05-30 15:00:00,0.76,10.871
2019-05-30 16:00:00,0.763,10.907
2019-05-30 17:00:00,0.802,11.346
2019-05-30 18:00:00,0.816,11.527
2019-05-30 19:00:00,0.813,11.491
2019-05-30 20:00:00,0.826,11.652
2019-05-30 21:00:00,0.86,12.153
2019-05-30 22:00:00,0.882,12.536
2019-05-30 23:00:00,0.892,12.715
2019-05-31 00:00:00,0.879,12.479
2019-05-31 01:00:00,0.852,12.044
2019-05-31 02:00:00,0.822,11.599
2019-05-31 03:00:00,0.766,10.947
2019-05-31 04:00:00,0.68,10.119
2019-05-31 05:00:00,0.626,9.665
2019-05-31 06:00:00,0.623,9.64
2019-05-31 07:00:00,0.631,9.705
2019-05-31 08:00:00,0.634,9.733
2019-05-31 09:00:00,0.63,9.699
2019-05-31 10:00:00,0.623,9.639
2019-05-31 11:00:00,0.628,9.67
2019-05-31 12:00:00,0.632,9.706
2019-05-31 13:00:00,0.608,9.518
2019-05-31 14:00:00,0.596,9.431
2019-05-31 15:00:00,0.636,9.745
2019-05-31 16:00:00,0.702,10.314
2019-05-31 17:00:00,0.755,10.824
2019-05-31 18:00:00,0.795,11.262
2019-05-31 19:00:00,0.837,11.822
2019-05-31 20:00:00,0.875,12.4
2019-05-31 21:00:00,0.893,12.74
2019-05-31 22:00:00,0.898,12.838
2019-05-31 23:00:00,0.905,12.984
2019-06-01 00:00:00,0.893,12.751
2019-06-01 01:00:00,0.887,12.626
2019-06-01 02:00:00,0.873,12.378
2019-06-01 03:00:00,0.839,11.842
2019-06-01 04:00:00,0.79,11.211
2019-06-01 05:00:00,0.728,10.557
2019-06-01 06:00:00,0.64,9.784
2019-06-01 07:00:00,0.532,8.942
2019-06-01 08:00:00,0.411,8.044
2019-06-01 09:00:00,0.275,6.976
2019-06-01 10:00:00,0.165,5.909
2019-06-01 11:00:00,0.101,5.095
2019-06-01 12:00:00,0.052,4.24
2019-06-01 13:00:00,0.037,3.874
2019-06-01 14:00:00,0.092,4.964
2019-06-01 15:00:00,0.236,6.623
2019-06-01 16:00:00,0.422,8.131
2019-06-01 17:00:00,0.584,9.337
2019-06-01 18:00:00,0.66,9.95
2019-06-01 19:00:00,0.699,10.291
2019-06-01 20:00:00,0.698,10.279
2019-06-01 21:00:00,0.685,10.16
2019-06-01 22:00:00,0.714,10.43
2019-06-01 23:00:00,0.755,10.825
2019-06-02 00:00:00,0.782,11.114
2019-06-02 01:00:00,0.795,11.261
2019-06-02 02:00:00,0.795,11.27
2019-06-02 03:00:00,0.802,11.352
2019-06-02 04:00:00,0.818,11.56
2019-06-02 05:00:00,0.841,11.87
2019-06-02 06:00:00,0.866,12.263
2019-06-02 07:00:00,0.895,12.786
2019-06-02 08:00:00,0.917,13.259
2019-06-02 09:00:00,0.925,13.455
2019-06-02 10:00:00,0.922,13.387
2019-06-02 11:00:00,0.926,13.498
2019-06-02 12:00:00,0.906,13.007
2019-06-02 13:00:00,0.887,12.637
2019-06-02 14:00:00,0.89,12.691
2019-06-02 15:00:00,0.903,12.957
2019-06-02 16:00:00,0.912,13.147
2019-06-02 17:00:00,0.925,13.458
2019-06-02 18:00:00,0.943,13.984
2019-06-02 19:00:00,0.942,13.952
2019-06-02 20:00:00,0.935,13.722
2019-06-02 21:00:00,0.95,14.215
2019-06-02 22:00:00,0.941,13.91
2019-06-02 23:00:00,0.902,12.913
2019-06-03 00:00:00,0.839,11.839
2019-06-03 01:00:00,0.781,11.101
2019-06-03 02:00:00,0.763,10.905
2019-06-03 03:00:00,0.732,10.594
2019-06-03 04:00:00,0.711,10.395
2019-06-03 05:00:00,0.704,10.327
2019-06-03 06:00:00,0.709,10.381
2019-06-03 07:00:00,0.705,10.337
2019-06-03 08:00:00,0.653,9.891
2019-06-03 09:00:00,0.599,9.447
2019-06-03 10:00:00,0.558,9.135
2019-06-03 11:00:00,0.528,8.911
2019-06-03 12:00:00,0.528,8.908
2019-06-03 13:00:00,0.552,9.094
2019-06-03 14:00:00,0.584,9.338
2019-06-03 15:00:00,0.603,9.482
2019-06-03 16:00:00,0.594,9.409
2019-06-03 17:00:00,0.579,9.296
2019-06-03 18:00:00,0.58,9.306
2019-06-03 19:00:00,0.575,9.266
2019-06-03 20:00:00,0.565,9.184
2019-06-03 21:00:00,0.573,9.25
2019-06-03 22:00:00,0.577,9.282
2019-06-03 23:00:00,0.569,9.222
2019-06-04 00:00:00,0.552,9.096
2019-06-04 01:00:00,0.499,8.701
2019-06-04 02:00:00,0.422,8.121
2019-06-04 03:00:00,0.334,7.459
2019-06-04 04:00:00,0.274,6.959
2019-06-04 05:00:00,0.242,6.679
2019-06-04 06:00:00,0.235,6.615
2019-06-04 07:00:00,0.248,6.731
2019-06-04 08:00:00,0.27,6.929
2019-06-04 09:00:00,0.274,6.957
2019-06-04 10:00:00,0.272,6.949
2019-06-04 11:00:00,0.282,7.035
2019-06-04 12:00:00,0.324,7.377
2019-06-04 13:00:00,0.392,7.899
2019-06-04 14:00:00,0.4,7.965
2019-06-04 15:00:00,0.44,8.258
2019-06-04 16:00:00,0.528,8.904
2019-06-04 17:00:00,0.687,10.173
2019-06-04 18:00:00,0.848,11.977
2019-06-04 19:00:00,0.878,12.459
2019-06-04 20:00:00,0.809,11.45
2019-06-04 21:00:00,0.557,9.133
2019-06-04 22:00:00,0.188,6.159
2019-06-04 23:00:00,0.357,7.635
2019-06-05 00:00:00,0.699,10.29
2019-06-05 01:00:00,0.704,10.329
2019-06-05 02:00:00,0.654,9.894
2019-06-05 03:00:00,0.681,10.13
2019-06-05 04:00:00,0.754,10.819
2019-06-05 05:00:00,0.741,10.686
2019-06-05 06:00:00,0.689,10.192
2019-06-05 07:00:00,0.666,10.0
2019-06-05 08:00:00,0.609,9.531
2019-06-05 09:00:00,0.573,9.242
2019-06-05 10:00:00,0.53,8.924
2019-06-05 11:00:00,0.45,8.326
2019-06-05 12:00:00,0.396,7.939
2019-06-05 13:00:00,0.453,8.363
2019-06-05 14:00:00,0.422,8.12
2019-06-05 15:00:00,0.369,7.732
2019-06-05 16:00:00,0.41,8.041
2019-06-05 17:00:00,0.321,7.352
2019-06-05 18:00:00,0.208,6.362
2019-06-05 19:00:00,0.103,5.126
2019-06-05 20:00:00,0.03,3.691
2019-06-05 21:00:00,0.011,2.916
2019-06-05 22:00:00,0.021,3.388
2019-06-05 23:00:00,0.042,4.013
2019-06-06 00:00:00,0.094,4.99
2019-06-06 01:00:00,0.385,7.848
2019-06-06 02:00:00,0.557,9.128
2019-06-06 03:00:00,0.502,8.711
2019-06-06 04:00:00,0.419,8.11
2019-06-06 05:00:00,0.377,7.793
2019-06-06 06:00:00,0.415,8.074
2019-06-06 07:00:00,0.33,7.422
2019-06-06 08:00:00,0.25,6.747
2019-06-06 09:00:00,0.246,6.721
2019-06-06 10:00:00,0.298,7.162
2019-06-06 11:00:00,0.339,7.501
2019-06-06 12:00:00,0.346,7.551
2019-06-06 13:00:00,0.342,7.52
2019-06-06 14:00:00,0.344,7.528
2019-06-06 15:00:00,0.395,7.924
2019-06-06 16:00:00,0.504,8.733
2019-06-06 17:00:00,0.611,9.55
2019-06-06 18:00:00,0.672,10.047
2019-06-06 19:00:00,0.693,10.234
2019-06-06 20:00:00,0.695,10.253
2019-06-06 21:00:00,0.673,10.057
2019-06-06 22:00:00,0.612,9.556
2019-06-06 23:00:00,0.535,8.964
2019-06-07 00:00:00,0.441,8.262
2019-06-07 01:00:00,0.339,7.5
2019-06-07 02:00:00,0.304,7.217
2019-06-07 03:00:00,0.356,7.62
2019-06-07 04:00:00,0.455,8.371
2019-06-07 05:00:00,0.563,9.169
2019-06-07 06:00:00,0.659,9.935
2019-06-07 07:00:00,0.726,10.54
2019-06-07 08:00:00,0.793,11.25
2019-06-07 09:00:00,0.851,12.024
2019-06-07 10:00:00,0.888,12.64
2019-06-07 11:00:00,0.917,13.274
2019-06-07 12:00:00,0.933,13.686
2019-06-07 13:00:00,0.941,13.908
2019-06-07 14:00:00,0.948,14.135
2019-06-07 15:00:00,0.956,14.436
2019-06-07 16:00:00,0.968,14.97
2019-06-07 17:00:00,0.96,14.612
2019-06-07 18:00:00,0.914,13.175
2019-06-07 19:00:00,0.832,11.744
2019-06-07 20:00:00,0.763,10.915
2019-06-07 21:00:00,0.726,10.542
2019-06-07 22:00:00,0.763,10.917
2019-06-07 23:00:00,0.771,11.001
2019-06-08 00:00:00,0.733,10.61
2019-06-08 01:00:00,0.619,9.607
2019-06-08 02:00:00,0.466,8.458
2019-06-08 03:00:00,0.35,7.578
2019-06-08 04:00:00,0.302,7.204
2019-06-08 05:00:00,0.339,7.501
2019-06-08 06:00:00,0.48,8.559
2019-06-08 07:00:00,0.647,9.837
2019-06-08 08:00:00,0.722,10.494
2019-06-08 09:00:00,0.748,10.752
2019-06-08 10:00:00,0.764,10.927
2019-06-08 11:00:00,0.793,11.241
2019-06-08 12:00:00,0.881,12.522
2019-06-08 13:00:00,0.96,14.608
2019-06-08 14:00:00,0.985,16.315
2019-06-08 15:00:00,0.989,17.142
2019-06-08 16:00:00,0.989,17.579
2019-06-08 17:00:00,0.988,17.735
2019-06-08 18:00:00,0.989,17.038
2019-06-08 19:00:00,0.976,15.492
2019-06-08 20:00:00,0.939,13.87
2019-06-08 21:00:00,0.914,13.189
2019-06-08 22:00:00,0.901,12.905
2019-06-08 23:00:00,0.869,12.303
2019-06-09 00:00:00,0.817,11.536
2019-06-09 01:00:00,0.767,10.958
2019-06-09 02:00:00,0.726,10.539
2019-06-09 03:00:00,0.658,9.923
2019-06-09 04:00:00,0.626,9.662
2019-06-09 05:00:00,0.596,9.429
2019-06-09 06:00:00,0.562,9.165
2019-06-09 07:00:00,0.531,8.938
2019-06-09 08:00:00,0.52,8.856
2019-06-09 09:00:00,0.506,8.74
2019-06-09 10:00:00,0.433,8.211
2019-06-09 11:00:00,0.348,7.572
2019-06-09 12:00:00,0.262,6.858
2019-06-09 13:00:00,0.219,6.458
2019-06-09 14:00:00,0.212,6.404
2019-06-09 15:00:00,0.264,6.881
2019-06-09 16:00:00,0.345,7.546
2019-06-09 17:00:00,0.347,7.565
2019-06-09 18:00:00,0.284,7.052
2019-06-09 19:00:00,0.256,6.811
2019-06-09 20:00:00,0.26,6.839
2019-06-09 21:00:00,0.231,6.578
2019-06-09 22:00:00,0.186,6.138
2019-06-09 23:00:00,0.16,5.857
2019-06-10 00:00:00,0.156,5.795
2019-06-10 01:00:00,0.156,5.808
2019-06-10 02:00:00,0.154,5.781
2019-06-10 03:00:00,0.152,5.76
2019-06-10 04:00:00,0.175,6.008
2019-06-10 05:00:00,0.231,6.574
2019-06-10 06:00:00,0.307,7.235
2019-06-10 07:00:00,0.395,7.919
2019-06-10 08:00:00,0.46,8.412
2019-06-10 09:00:00,0.528,8.903
2019-06-10 10:00:00,0.618,9.606
2019-06-10 11:00:00,0.728,10.557
2019-06-10 12:00:00,0.805,11.394
2019-06-10 13:00:00,0.841,11.879
2019-06-10 14:00:00,0.877,12.443
2019-06-10 15:00:00,0.898,12.844
2019-06-10 16:00:00,0.923,13.421
2019-06-10 17:00:00,0.949,14.196
2019-06-10 18:00:00,0.965,14.827
2019-06-10 19:00:00,0.976,15.448
2019-06-10 20:00:00,0.982,15.918
2019-06-10 21:00:00,0.98,15.786
2019-06-10 22:00:00,0.981,15.888
2019-06-10 23:00:00,0.98,15.745
2019-06-11 00:00:00,0.977,15.523
2019-06-11 01:00:00,0.973,15.265
2019-06-11 02:00:00,0.974,15.329
2019-06-11 03:00:00,0.978,15.579
2019-06-11 04:00:00,0.982,15.971
2019-06-11 05:00:00,0.984,16.12
2019-06-11 06:00:00,0.983,16.019
2019-06-11 07:00:00,0.976,15.472
2019-06-11 08:00:00,0.962,14.701
2019-06-11 09:00:00,0.946,14.089
2019-06-11 10:00:00,0.93,13.596
2019-06-11 11:00:00,0.908,13.064
2019-06-11 12:00:00,0.885,12.576
2019-06-11 13:00:00,0.855,12.077
2019-06-11 14:00:00,0.821,11.596
2019-06-11 15:00:00,0.768,10.971
2019-06-11 16:00:00,0.694,10.241
2019-06-11 17:00:00,0.614,9.568
2019-06-11 18:00:00,0.566,9.196
2019-06-11 19:00:00,0.484,8.587
2019-06-11 20:00:00,0.336,7.472
2019-06-11 21:00:00,0.205,6.325
2019-06-11 22:00:00,0.096,5.016
2019-06-11 23:00:00,0.032,3.749
2019-06-12 00:00:00,0.019,3.32
2019-06-12 01:00:00,0.009,2.823
2019-06-12 02:00:00,0.027,3.602
2019-06-12 03:00:00,0.067,4.538
2019-06-12 04:00:00,0.107,5.185
2019-06-12 05:00:00,0.131,5.505
2019-06-12 06:00:00,0.115,5.284
2019-06-12 07:00:00,0.074,4.648
2019-06-12 08:00:00,0.039,3.944
2019-06-12 09:00:00,0.014,3.088
2019-06-12 10:00:00,0.018,3.281
2019-06-12 11:00:00,0.05,4.206
2019-06-12 12:00:00,0.064,4.483
2019-06-12 13:00:00,0.092,4.967
2019-06-12 14:00:00,0.112,5.256
2019-06-12 15:00:00,0.078,4.741
2019-06-12 16:00:00,0.02,3.357
2019-06-12 17:00:00,0.005,2.507
2019-06-12 18:00:00,0.016,3.195
2019-06-12 19:00:00,0.042,4.019
2019-06-12 20:00:00,0.089,4.912
2019-06-12 21:00:00,0.156,5.801
2019-06-12 22:00:00,0.253,6.786
2019-06-12 23:00:00,0.356,7.632
2019-06-13 00:00:00,0.442,8.273
2019-06-13 01:00:00,0.511,8.778
2019-06-13 02:00:00,0.556,9.123
2019-06-13 03:00:00,0.576,9.277
2019-06-13 04:00:00,0.552,9.094
2019-06-13 05:00:00,0.512,8.79
2019-06-13 06:00:00,0.532,8.94
2019-06-13 07:00:00,0.597,9.432
2019-06-13 08:00:00,0.682,10.134
2019-06-13 09:00:00,0.776,11.056
2019-06-13 10:00:00,0.851,12.019
2019-06-13 11:00:00,0.896,12.802
2019-06-13 12:00:00,0.926,13.48
2019-06-13 13:00:00,0.944,14.017
2019-06-13 14:00:00,0.956,14.434
2019-06-13 15:00:00,0.962,14.714
2019-06-13 16:00:00,0.966,14.881
2019-06-13 17:00:00,0.965,14.809
2019-06-13 18:00:00,0.96,14.631
2019-06-13 19:00:00,0.962,14.682
2019-06-13 20:00:00,0.958,14.547
2019-06-13 21:00:00,0.954,14.35
2019-06-13 22:00:00,0.927,13.522
2019-06-13 23:00:00,0.886,12.613
2019-06-14 00:00:00,0.81,11.454
2019-06-14 01:00:00,0.717,10.44
2019-06-14 02:00:00,0.628,9.673
2019-06-14 03:00:00,0.55,9.078
2019-06-14 04:00:00,0.537,8.979
2019-06-14 05:00:00,0.663,9.977
2019-06-14 06:00:00,0.772,11.008
2019-06-14 07:00:00,0.776,11.059
2019-06-14 08:00:00,0.775,11.042
2019-06-14 09:00:00,0.806,11.402
2019-06-14 10:00:00,0.827,11.679
2019-06-14 11:00:00,0.845,11.929
2019-06-14 12:00:00,0.858,12.13
2019-06-14 13:00:00,0.873,12.367
2019-06-14 14:00:00,0.878,12.46
2019-06-14 15:00:00,0.856,12.097
2019-06-14 16:00:00,0.813,11.488
2019-06-14 17:00:00,0.774,11.028
2019-06-14 18:00:00,0.749,10.767
2019-06-14 19:00:00,0.735,10.626
2019-06-14 20:00:00,0.715,10.434
2019-06-14 21:00:00,0.677,10.082
2019-06-14 22:00:00,0.628,9.682
2019-06-14 23:00:00,0.559,9.141
2019-06-15 00:00:00,0.456,8.382
2019-06-15 01:00:00,0.379,7.805
2019-06-15 02:00:00,0.319,7.329
2019-06-15 03:00:00,0.25,6.745
2019-06-15 04:00:00,0.196,6.235
2019-06-15 05:00:00,0.138,5.596
2019-06-15 06:00:00,0.1,5.075
2019-06-15 07:00:00,0.083,4.814
2019-06-15 08:00:00,0.074,4.668
2019-06-15 09:00:00,0.073,4.643
2019-06-15 10:00:00,0.087,4.87
2019-06-15 11:00:00,0.13,5.492
2019-06-15 12:00:00,0.212,6.397
2019-06-15 13:00:00,0.33,7.426
2019-06-15 14:00:00,0.468,8.473
2019-06-15 15:00:00,0.584,9.34
2019-06-15 16:00:00,0.661,9.951
2019-06-15 17:00:00,0.722,10.496
2019-06-15 18:00:00,0.762,10.893
2019-06-15 19:00:00,0.779,11.083
2019-06-15 20:00:00,0.779,11.079
2019-06-15 21:00:00,0.772,11.007
2019-06-15 22:00:00,0.771,10.995
2019-06-15 23:00:00,0.785,11.161
2019-06-16 00:00:00,0.807,11.414
2019-06-16 01:00:00,0.795,11.263
2019-06-16 02:00:00,0.73,10.577
2019-06-16 03:00:00,0.631,9.705
2019-06-16 04:00:00,0.542,9.018
2019-06-16 05:00:00,0.49,8.634
2019-06-16 06:00:00,0.455,8.372
2019-06-16 07:00:00,0.422,8.13
2019-06-16 08:00:00,0.395,7.923
2019-06-16 09:00:00,0.371,7.748
2019-06-16 10:00:00,0.384,7.843
2019-06-16 11:00:00,0.475,8.509
2019-06-16 12:00:00,0.616,9.586
2019-06-16 13:00:00,0.735,10.618
2019-06-16 14:00:00,0.806,11.413
2019-06-16 15:00:00,0.838,11.838
2019-06-16 16:00:00,0.847,11.963
2019-06-16 17:00:00,0.851,12.023
2019-06-16 18:00:00,0.856,12.098
2019-06-16 19:00:00,0.86,12.164
2019-06-16 20:00:00,0.867,12.28
2019-06-16 21:00:00,0.88,12.487
2019-06-16 22:00:00,0.888,12.644
2019-06-16 23:00:00,0.884,12.566
2019-06-17 00:00:00,0.873,12.37
2019-06-17 01:00:00,0.865,12.251
2019-06-17 02:00:00,0.858,12.137
2019-06-17 03:00:00,0.855,12.089
2019-06-17 04:00:00,0.86,12.153
2019-06-17 05:00:00,0.861,12.177
2019-06-17 06:00:00,0.857,12.12
2019-06-17 07:00:00,0.848,11.975
2019-06-17 08:00:00,0.832,11.747
2019-06-17 09:00:00,0.804,11.386
2019-06-17 10:00:00,0.763,10.916
2019-06-17 11:00:00,0.718,10.468
2019-06-17 12:00:00,0.691,10.21
2019-06-17 13:00:00,0.692,10.228
2019-06-17 14:00:00,0.709,10.368
2019-06-17 15:00:00,0.731,10.577
2019-06-17 16:00:00,0.751,10.791
2019-06-17 17:00:00,0.764,10.927
2019-06-17 18:00:00,0.766,10.949
2019-06-17 19:00:00,0.763,10.9
2019-06-17 20:00:00,0.744,10.72
2019-06-17 21:00:00,0.717,10.455
2019-06-17 22:00:00,0.681,10.128
2019-06-17 23:00:00,0.623,9.642
2019-06-18 00:00:00,0.542,9.012
2019-06-18 01:00:00,0.448,8.317
2019-06-18 02:00:00,0.352,7.596
2019-06-18 03:00:00,0.283,7.039
2019-06-18 04:00:00,0.231,6.575
2019-06-18 05:00:00,0.184,6.119
2019-06-18 06:00:00,0.17,5.955
2019-06-18 07:00:00,0.146,5.688
2019-06-18 08:00:00,0.122,5.394
2019-06-18 09:00:00,0.117,5.312
2019-06-18 10:00:00,0.112,5.257
2019-06-18 11:00:00,0.105,5.156
2019-06-18 12:00:00,0.083,4.817
2019-06-18 13:00:00,0.049,4.184
2019-06-18 14:00:00,0.017,3.208
2019-06-18 15:00:00,0.008,2.74
2019-06-18 16:00:00,0.02,3.339
2019-06-18 17:00:00,0.059,4.373
2019-06-18 18:00:00,0.095,5.004
2019-06-18 19:00:00,0.107,5.182
2019-06-18 20:00:00,0.112,5.259
2019-06-18 21:00:00,0.139,5.608
2019-06-18 22:00:00,0.206,6.336
2019-06-18 23:00:00,0.285,7.057
2019-06-19 00:00:00,0.31,7.261
2019-06-19 01:00:00,0.268,6.913
2019-06-19 02:00:00,0.222,6.499
2019-06-19 03:00:00,0.224,6.513
2019-06-19 04:00:00,0.293,7.118
2019-06-19 05:00:00,0.36,7.655
2019-06-19 06:00:00,0.374,7.762
2019-06-19 07:00:00,0.351,7.589
2019-06-19 08:00:00,0.333,7.444
2019-06-19 09:00:00,0.297,7.159
2019-06-19 10:00:00,0.219,6.47
2019-06-19 11:00:00,0.107,5.179
2019-06-19 12:00:00,0.018,3.276
2019-06-19 13:00:00,0.029,3.672
2019-06-19 14:00:00,0.136,5.56
2019-06-19 15:00:00,0.21,6.373
2019-06-19 16:00:00,0.196,6.231
2019-06-19 17:00:00,0.151,5.755
2019-06-19 18:00:00,0.12,5.361
2019-06-19 19:00:00,0.109,5.218
2019-06-19 20:00:00,0.113,5.269
2019-06-19 21:00:00,0.131,5.508
2019-06-19 22:00:00,0.159,5.844
2019-06-19 23:00:00,0.194,6.222
2019-06-20 00:00:00,0.222,6.492
2019-06-20 01:00:00,0.22,6.472
2019-06-20 02:00:00,0.195,6.223
2019-06-20 03:00:00,0.162,5.877
2019-06-20 04:00:00,0.138,5.585
2019-06-20 05:00:00,0.121,5.38
2019-06-20 06:00:00,0.106,5.172
2019-06-20 07:00:00,0.099,5.051
2019-06-20 08:00:00,0.1,5.068
2019-06-20 09:00:00,0.115,5.285
2019-06-20 10:00:00,0.156,5.81
2019-06-20 11:00:00,0.199,6.261
2019-06-20 12:00:00,0.211,6.389
2019-06-20 13:00:00,0.199,6.265
2019-06-20 14:00:00,0.177,6.029
2019-06-20 15:00:00,0.161,5.868
2019-06-20 16:00:00,0.162,5.873
2019-06-20 17:00:00,0.171,5.972
2019-06-20 18:00:00,0.183,6.109
2019-06-20 19:00:00,0.192,6.189
2019-06-20 20:00:00,0.186,6.139
2019-06-20 21:00:00,0.2,6.282
2019-06-20 22:00:00,0.229,6.565
2019-06-20 23:00:00,0.257,6.82
2019-06-21 00:00:00,0.266,6.892
2019-06-21 01:00:00,0.259,6.83
2019-06-21 02:00:00,0.239,6.655
2019-06-21 03:00:00,0.194,6.213
2019-06-21 04:00:00,0.153,5.774
2019-06-21 05:00:00,0.129,5.479
2019-06-21 06:00:00,0.123,5.408
2019-06-21 07:00:00,0.142,5.646
2019-06-21 08:00:00,0.175,6.022
2019-06-21 09:00:00,0.229,6.56
2019-06-21 10:00:00,0.293,7.126
2019-06-21 11:00:00,0.315,7.311
2019-06-21 12:00:00,0.283,7.046
2019-06-21 13:00:00,0.208,6.353
2019-06-21 14:00:00,0.128,5.456
2019-06-21 15:00:00,0.065,4.507
2019-06-21 16:00:00,0.03,3.686
2019-06-21 17:00:00,0.014,3.11
2019-06-21 18:00:00,0.01,2.909
2019-06-21 19:00:00,0.013,3.072
2019-06-21 20:00:00,0.025,3.529
2019-06-21 21:00:00,0.042,4.005
2019-06-21 22:00:00,0.06,4.397
2019-06-21 23:00:00,0.074,4.655
2019-06-22 00:00:00,0.087,4.874
2019-06-22 01:00:00,0.101,5.094
2019-06-22 02:00:00,0.102,5.105
2019-06-22 03:00:00,0.093,4.971
2019-06-22 04:00:00,0.087,4.878
2019-06-22 05:00:00,0.086,4.863
2019-06-22 06:00:00,0.103,5.127
2019-06-22 07:00:00,0.153,5.77
2019-06-22 08:00:00,0.232,6.585
2019-06-22 09:00:00,0.297,7.155
2019-06-22 10:00:00,0.299,7.177
2019-06-22 11:00:00,0.267,6.903
2019-06-22 12:00:00,0.236,6.63
2019-06-22 13:00:00,0.224,6.52
2019-06-22 14:00:00,0.24,6.664
2019-06-22 15:00:00,0.27,6.92
2019-06-22 16:00:00,0.305,7.228
2019-06-22 17:00:00,0.344,7.538
2019-06-22 18:00:00,0.382,7.827
2019-06-22 19:00:00,0.404,7.999
2019-06-22 20:00:00,0.416,8.076
2019-06-22 21:00:00,0.399,7.956
2019-06-22 22:00:00,0.392,7.902
2019-06-22 23:00:00,0.383,7.835
2019-06-23 00:00:00,0.352,7.596
2019-06-23 01:00:00,0.346,7.556
2019-06-23 02:00:00,0.38,7.814
2019-06-23 03:00:00,0.407,8.01
2019-06-23 04:00:00,0.417,8.089
2019-06-23 05:00:00,0.454,8.37
2019-06-23 06:00:00,0.523,8.877
2019-06-23 07:00:00,0.608,9.511
2019-06-23 08:00:00,0.664,9.98
2019-06-23 09:00:00,0.682,10.14
2019-06-23 10:00:00,0.695,10.251
2019-06-23 11:00:00,0.71,10.388
2019-06-23 12:00:00,0.722,10.492
2019-06-23 13:00:00,0.73,10.573
2019-06-23 14:00:00,0.746,10.735
2019-06-23 15:00:00,0.769,10.977
2019-06-23 16:00:00,0.779,11.087
2019-06-23 17:00:00,0.793,11.248
2019-06-23 18:00:00,0.813,11.494
2019-06-23 19:00:00,0.825,11.648
2019-06-23 20:00:00,0.836,11.799
2019-06-23 21:00:00,0.855,12.091
2019-06-23 22:00:00,0.886,12.606
2019-06-23 23:00:00,0.904,12.964
2019-06-24 00:00:00,0.922,13.382
2019-06-24 01:00:00,0.939,13.854
2019-06-24 02:00:00,0.937,13.793
2019-06-24 03:00:00,0.91,13.094
2019-06-24 04:00:00,0.852,12.03
2019-06-24 05:00:00,0.815,11.507
2019-06-24 06:00:00,0.783,11.132
2019-06-24 07:00:00,0.778,11.072
2019-06-24 08:00:00,0.784,11.141
2019-06-24 09:00:00,0.78,11.095
2019-06-24 10:00:00,0.763,10.909
2019-06-24 11:00:00,0.75,10.778
2019-06-24 12:00:00,0.731,10.585
2019-06-24 13:00:00,0.677,10.083
2019-06-24 14:00:00,0.63,9.699
2019-06-24 15:00:00,0.594,9.407
2019-06-24 16:00:00,0.518,8.828
2019-06-24 17:00:00,0.389,7.885
2019-06-24 18:00:00,0.284,7.052
2019-06-24 19:00:00,0.313,7.288
2019-06-24 20:00:00,0.364,7.69
2019-06-24 21:00:00,0.264,6.881
2019-06-24 22:00:00,0.121,5.383
2019-06-24 23:00:00,0.059,4.379
2019-06-25 00:00:00,0.043,4.044
2019-06-25 01:00:00,0.048,4.154
2019-06-25 02:00:00,0.131,5.509
2019-06-25 03:00:00,0.303,7.211
2019-06-25 04:00:00,0.413,8.055
2019-06-25 05:00:00,0.421,8.115
2019-06-25 06:00:00,0.478,8.54
2019-06-25 07:00:00,0.651,9.868
2019-06-25 08:00:00,0.739,10.668
2019-06-25 09:00:00,0.712,10.405
2019-06-25 10:00:00,0.665,9.992
2019-06-25 11:00:00,0.66,9.943
2019-06-25 12:00:00,0.695,10.253
2019-06-25 13:00:00,0.733,10.611
2019-06-25 14:00:00,0.764,10.925
2019-06-25 15:00:00,0.779,11.08
2019-06-25 16:00:00,0.785,11.154
2019-06-25 17:00:00,0.779,11.084
2019-06-25 18:00:00,0.751,10.789
2019-06-25 19:00:00,0.718,10.46
2019-06-25 20:00:00,0.697,10.273
2019-06-25 21:00:00,0.696,10.259
2019-06-25 22:00:00,0.701,10.308
2019-06-25 23:00:00,0.712,10.399
2019-06-26 00:00:00,0.737,10.644
2019-06-26 01:00:00,0.76,10.871
2019-06-26 02:00:00,0.751,10.791
2019-06-26 03:00:00,0.723,10.512
2019-06-26 04:00:00,0.712,10.406
2019-06-26 05:00:00,0.694,10.247
2019-06-26 06:00:00,0.66,9.945
2019-06-26 07:00:00,0.63,9.693
2019-06-26 08:00:00,0.596,9.429
2019-06-26 09:00:00,0.577,9.284
2019-06-26 10:00:00,0.586,9.352
2019-06-26 11:00:00,0.59,9.384
2019-06-26 12:00:00,0.596,9.427
2019-06-26 13:00:00,0.61,9.538
2019-06-26 14:00:00,0.625,9.657
2019-06-26 15:00:00,0.625,9.659
2019-06-26 16:00:00,0.605,9.498
2019-06-26 17:00:00,0.582,9.319
2019-06-26 18:00:00,0.554,9.109
2019-06-26 19:00:00,0.527,8.898
2019-06-26 20:00:00,0.503,8.728
2019-06-26 21:00:00,0.498,8.684
2019-06-26 22:00:00,0.506,8.751
2019-06-26 23:00:00,0.519,8.849
2019-06-27 00:00:00,0.527,8.899
2019-06-27 01:00:00,0.53,8.919
2019-06-27 02:00:00,0.534,8.959
2019-06-27 03:00:00,0.528,8.905
2019-06-27 04:00:00,0.51,8.776
2019-06-27 05:00:00,0.492,8.643
2019-06-27 06:00:00,0.463,8.424
2019-06-27 07:00:00,0.395,7.927
2019-06-27 08:00:00,0.313,7.294
2019-06-27 09:00:00,0.272,6.94
2019-06-27 10:00:00,0.272,6.95
2019-06-27 11:00:00,0.293,7.123
2019-06-27 12:00:00,0.311,7.271
2019-06-27 13:00:00,0.317,7.322
2019-06-27 14:00:00,0.321,7.352
2019-06-27 15:00:00,0.321,7.357
2019-06-27 16:00:00,0.314,7.3
2019-06-27 17:00:00,0.301,7.185
2019-06-27 18:00:00,0.281,7.027
2019-06-27 19:00:00,0.262,6.857
2019-06-27 20:00:00,0.243,6.688
2019-06-27 21:00:00,0.236,6.622
2019-06-27 22:00:00,0.232,6.589
2019-06-27 23:00:00,0.222,6.493
2019-06-28 00:00:00,0.212,6.397
2019-06-28 01:00:00,0.211,6.394
2019-06-28 02:00:00,0.218,6.454
2019-06-28 03:00:00,0.211,6.395
2019-06-28 04:00:00,0.192,6.199
2019-06-28 05:00:00,0.171,5.966
2019-06-28 06:00:00,0.148,5.704
2019-06-28 07:00:00,0.124,5.412
2019-06-28 08:00:00,0.105,5.158
2019-06-28 09:00:00,0.099,5.064
2019-06-28 10:00:00,0.101,5.102
2019-06-28 11:00:00,0.107,5.18
2019-06-28 12:00:00,0.117,5.314
2019-06-28 13:00:00,0.137,5.57
2019-06-28 14:00:00,0.167,5.934
2019-06-28 15:00:00,0.207,6.346
2019-06-28 16:00:00,0.245,6.704
2019-06-28 17:00:00,0.269,6.916
2019-06-28 18:00:00,0.274,6.969
2019-06-28 19:00:00,0.274,6.967
2019-06-28 20:00:00,0.288,7.078
2019-06-28 21:00:00,0.321,7.347
2019-06-28 22:00:00,0.378,7.797
2019-06-28 23:00:00,0.433,8.214
2019-06-29 00:00:00,0.469,8.479
2019-06-29 01:00:00,0.485,8.596
2019-06-29 02:00:00,0.475,8.522
2019-06-29 03:00:00,0.462,8.417
2019-06-29 04:00:00,0.453,8.358
2019-06-29 05:00:00,0.453,8.353
2019-06-29 06:00:00,0.462,8.416
2019-06-29 07:00:00,0.478,8.533
2019-06-29 08:00:00,0.497,8.681
2019-06-29 09:00:00,0.522,8.865
2019-06-29 10:00:00,0.557,9.127
2019-06-29 11:00:00,0.597,9.433
2019-06-29 12:00:00,0.625,9.651
2019-06-29 13:00:00,0.649,9.853
2019-06-29 14:00:00,0.687,10.177
2019-06-29 15:00:00,0.738,10.655
2019-06-29 16:00:00,0.793,11.245
2019-06-29 17:00:00,0.836,11.81
2019-06-29 18:00:00,0.872,12.355
2019-06-29 19:00:00,0.898,12.832
2019-06-29 20:00:00,0.917,13.272
2019-06-29 21:00:00,0.936,13.744
2019-06-29 22:00:00,0.948,14.142
2019-06-29 23:00:00,0.951,14.264
2019-06-30 00:00:00,0.944,14.018
2019-06-30 01:00:00,0.913,13.162
2019-06-30 02:00:00,0.86,12.156
2019-06-30 03:00:00,0.896,12.794
2019-06-30 04:00:00,0.916,13.237
2019-06-30 05:00:00,0.878,12.465
2019-06-30 06:00:00,0.817,11.534
2019-06-30 07:00:00,0.752,10.797
2019-06-30 08:00:00,0.71,10.388
2019-06-30 09:00:00,0.685,10.153
2019-06-30 10:00:00,0.666,10.002
2019-06-30 11:00:00,0.656,9.912
2019-06-30 12:00:00,0.656,9.909
2019-06-30 13:00:00,0.647,9.838
2019-06-30 14:00:00,0.649,9.859
2019-06-30 15:00:00,0.666,9.997
2019-06-30 16:00:00,0.674,10.065
2019-06-30 17:00:00,0.706,10.344
2019-06-30 18:00:00,0.711,10.395
2019-06-30 19:00:00,0.709,10.368
2019-06-30 20:00:00,0.719,10.477
2019-06-30 21:00:00,0.758,10.862
2019-06-30 22:00:00,0.811,11.475
2019-06-30 23:00:00,0.86,12.156
2019-07-01 00:00:00,0.877,12.439
2019-07-01 01:00:00,0.842,11.887
2019-07-01 02:00:00,0.848,11.978
2019-07-01 03:00:00,0.865,12.251
2019-07-01 04:00:00,0.839,11.839
2019-07-01 05:00:00,0.826,11.657
2019-07-01 06:00:00,0.87,12.323
2019-07-01 07:00:00,0.906,12.992
2019-07-01 08:00:00,0.899,12.864
2019-07-01 09:00:00,0.888,12.648
2019-07-01 10:00:00,0.872,12.353
2019-07-01 11:00:00,0.832,11.736
2019-07-01 12:00:00,0.796,11.287
2019-07-01 13:00:00,0.796,11.291
2019-07-01 14:00:00,0.777,11.064
2019-07-01 15:00:00,0.767,10.963
2019-07-01 16:00:00,0.771,10.994
2019-07-01 17:00:00,0.727,10.554
2019-07-01 18:00:00,0.653,9.891
2019-07-01 19:00:00,0.55,9.079
2019-07-01 20:00:00,0.418,8.095
2019-07-01 21:00:00,0.303,7.213
2019-07-01 22:00:00,0.209,6.368
2019-07-01 23:00:00,0.142,5.639
2019-07-02 00:00:00,0.099,5.058
2019-07-02 01:00:00,0.079,4.758
2019-07-02 02:00:00,0.081,4.78
2019-07-02 03:00:00,0.095,5.004
2019-07-02 04:00:00,0.12,5.368
2019-07-02 05:00:00,0.156,5.805
2019-07-02 06:00:00,0.193,6.207
2019-07-02 07:00:00,0.23,6.571
2019-07-02 08:00:00,0.267,6.903
2019-07-02 09:00:00,0.293,7.127
2019-07-02 10:00:00,0.318,7.325
2019-07-02 11:00:00,0.351,7.584
2019-07-02 12:00:00,0.374,7.768
2019-07-02 13:00:00,0.377,7.795
2019-07-02 14:00:00,0.356,7.625
2019-07-02 15:00:00,0.327,7.392
2019-07-02 16:00:00,0.299,7.178
2019-07-02 17:00:00,0.259,6.827
2019-07-02 18:00:00,0.224,6.514
2019-07-02 19:00:00,0.211,6.388
2019-07-02 20:00:00,0.205,6.323
2019-07-02 21:00:00,0.208,6.361
2019-07-02 22:00:00,0.213,6.408
2019-07-02 23:00:00,0.216,6.435
2019-07-03 00:00:00,0.222,6.499
2019-07-03 01:00:00,0.232,6.589
2019-07-03 02:00:00,0.239,6.656
2019-07-03 03:00:00,0.236,6.631
2019-07-03 04:00:00,0.226,6.53
2019-07-03 05:00:00,0.217,6.437
2019-07-03 06:00:00,0.211,6.392
2019-07-03 07:00:00,0.21,6.382
2019-07-03 08:00:00,0.209,6.363
2019-07-03 09:00:00,0.203,6.315
2019-07-03 10:00:00,0.199,6.263
2019-07-03 11:00:00,0.194,6.219
2019-07-03 12:00:00,0.215,6.418
2019-07-03 13:00:00,0.246,6.718
2019-07-03 14:00:00,0.266,6.888
2019-07-03 15:00:00,0.27,6.92
2019-07-03 16:00:00,0.259,6.832
2019-07-03 17:00:00,0.242,6.676
2019-07-03 18:00:00,0.211,6.39
2019-07-03 19:00:00,0.153,5.772
2019-07-03 20:00:00,0.096,5.021
2019-07-03 21:00:00,0.061,4.413
2019-07-03 22:00:00,0.046,4.103
2019-07-03 23:00:00,0.056,4.327
2019-07-04 00:00:00,0.1,5.069
2019-07-04 01:00:00,0.179,6.054
2019-07-04 02:00:00,0.264,6.874
2019-07-04 03:00:00,0.351,7.585
2019-07-04 04:00:00,0.436,8.231
2019-07-04 05:00:00,0.517,8.826
2019-07-04 06:00:00,0.57,9.228
2019-07-04 07:00:00,0.612,9.552
2019-07-04 08:00:00,0.652,9.879
2019-07-04 09:00:00,0.691,10.212
2019-07-04 10:00:00,0.692,10.228
2019-07-04 11:00:00,0.666,10.002
2019-07-04 12:00:00,0.62,9.619
2019-07-04 13:00:00,0.543,9.022
2019-07-04 14:00:00,0.465,8.439
2019-07-04 15:00:00,0.397,7.945
2019-07-04 16:00:00,0.321,7.349
2019-07-04 17:00:00,0.272,6.941
2019-07-04 18:00:00,0.253,6.778
2019-07-04 19:00:00,0.313,7.295
2019-07-04 20:00:00,0.374,7.761
2019-07-04 21:00:00,0.414,8.068
2019-07-04 22:00:00,0.419,8.108
2019-07-04 23:00:00,0.425,8.148
2019-07-05 00:00:00,0.438,8.239
2019-07-05 01:00:00,0.453,8.359
2019-07-05 02:00:00,0.463,8.425
2019-07-05 03:00:00,0.457,8.387
2019-07-05 04:00:00,0.426,8.15
2019-07-05 05:00:00,0.389,7.884
2019-07-05 06:00:00,0.368,7.721
2019-07-05 07:00:00,0.344,7.528
2019-07-05 08:00:00,0.318,7.328
2019-07-05 09:00:00,0.313,7.288
2019-07-05 10:00:00,0.328,7.411
2019-07-05 11:00:00,0.333,7.451
2019-07-05 12:00:00,0.303,7.206
2019-07-05 13:00:00,0.242,6.681
2019-07-05 14:00:00,0.164,5.902
2019-07-05 15:00:00,0.101,5.101
2019-07-05 16:00:00,0.084,4.831
2019-07-05 17:00:00,0.124,5.417
2019-07-05 18:00:00,0.225,6.522
2019-07-05 19:00:00,0.36,7.655
2019-07-05 20:00:00,0.499,8.689
2019-07-05 21:00:00,0.594,9.4
2019-07-05 22:00:00,0.633,9.715
2019-07-05 23:00:00,0.642,9.794
2019-07-06 00:00:00,0.601,9.47
2019-07-06 01:00:00,0.664,9.984
2019-07-06 02:00:00,0.702,10.314
2019-07-06 03:00:00,0.728,10.556
2019-07-06 04:00:00,0.733,10.607
2019-07-06 05:00:00,0.721,10.488
2019-07-06 06:00:00,0.691,10.214
2019-07-06 07:00:00,0.628,9.683
2019-07-06 08:00:00,0.557,9.131
2019-07-06 09:00:00,0.56,9.148
2019-07-06 10:00:00,0.566,9.195
2019-07-06 11:00:00,0.568,9.213
2019-07-06 12:00:00,0.568,9.215
2019-07-06 13:00:00,0.575,9.262
2019-07-06 14:00:00,0.571,9.234
2019-07-06 15:00:00,0.564,9.181
2019-07-06 16:00:00,0.566,9.195
2019-07-06 17:00:00,0.566,9.202
2019-07-06 18:00:00,0.563,9.167
2019-07-06 19:00:00,0.54,8.999
2019-07-06 20:00:00,0.489,8.624
2019-07-06 21:00:00,0.444,8.283
2019-07-06 22:00:00,0.417,8.09
2019-07-06 23:00:00,0.411,8.044
2019-07-07 00:00:00,0.422,8.132
2019-07-07 01:00:00,0.438,8.25
2019-07-07 02:00:00,0.449,8.32
2019-07-07 03:00:00,0.441,8.264
2019-07-07 04:00:00,0.414,8.069
2019-07-07 05:00:00,0.384,7.844
2019-07-07 06:00:00,0.356,7.628
2019-07-07 07:00:00,0.33,7.429
2019-07-07 08:00:00,0.321,7.346
2019-07-07 09:00:00,0.33,7.424
2019-07-07 10:00:00,0.36,7.654
2019-07-07 11:00:00,0.406,8.005
2019-07-07 12:00:00,0.456,8.378
2019-07-07 13:00:00,0.484,8.582
2019-07-07 14:00:00,0.474,8.507
2019-07-07 15:00:00,0.453,8.355
2019-07-07 16:00:00,0.434,8.221
2019-07-07 17:00:00,0.439,8.252
2019-07-07 18:00:00,0.46,8.407
2019-07-07 19:00:00,0.489,8.621
2019-07-07 20:00:00,0.51,8.774
2019-07-07 21:00:00,0.559,9.144
2019-07-07 22:00:00,0.609,9.532
2019-07-07 23:00:00,0.646,9.826
2019-07-08 00:00:00,0.685,10.153
2019-07-08 01:00:00,0.704,10.327
2019-07-08 02:00:00,0.709,10.374
2019-07-08 03:00:00,0.689,10.198
2019-07-08 04:00:00,0.659,9.934
2019-07-08 05:00:00,0.637,9.756
2019-07-08 06:00:00,0.625,9.653
2019-07-08 07:00:00,0.608,9.519
2019-07-08 08:00:00,0.581,9.313
2019-07-08 09:00:00,0.522,8.871
2019-07-08 10:00:00,0.471,8.486
2019-07-08 11:00:00,0.467,8.46
2019-07-08 12:00:00,0.475,8.522
2019-07-08 13:00:00,0.469,8.478
2019-07-08 14:00:00,0.45,8.334
2019-07-08 15:00:00,0.419,8.101
2019-07-08 16:00:00,0.384,7.844
2019-07-08 17:00:00,0.347,7.56
2019-07-08 18:00:00,0.28,7.011
2019-07-08 19:00:00,0.212,6.4
2019-07-08 20:00:00,0.156,5.809
2019-07-08 21:00:00,0.105,5.16
2019-07-08 22:00:00,0.07,4.593
2019-07-08 23:00:00,0.043,4.028
2019-07-09 00:00:00,0.03,3.684
2019-07-09 01:00:00,0.031,3.707
2019-07-09 02:00:00,0.042,4.003
2019-07-09 03:00:00,0.055,4.294
2019-07-09 04:00:00,0.054,4.279
2019-07-09 05:00:00,0.044,4.071
2019-07-09 06:00:00,0.033,3.779
2019-07-09 07:00:00,0.018,3.26
2019-07-09 08:00:00,0.013,3.029
2019-07-09 09:00:00,0.012,2.969
2019-07-09 10:00:00,0.015,3.152
2019-07-09 11:00:00,0.023,3.464
2019-07-09 12:00:00,0.03,3.678
2019-07-09 13:00:00,0.032,3.752
2019-07-09 14:00:00,0.04,3.954
2019-07-09 15:00:00,0.065,4.504
2019-07-09 16:00:00,0.105,5.153
2019-07-09 17:00:00,0.14,5.623
2019-07-09 18:00:00,0.171,5.965
2019-07-09 19:00:00,0.208,6.363
2019-07-09 20:00:00,0.264,6.873
2019-07-09 21:00:00,0.334,7.459
2019-07-09 22:00:00,0.422,8.13
2019-07-09 23:00:00,0.502,8.718
2019-07-10 00:00:00,0.574,9.254
2019-07-10 01:00:00,0.611,9.55
2019-07-10 02:00:00,0.616,9.587
2019-07-10 03:00:00,0.608,9.511
2019-07-10 04:00:00,0.578,9.289
2019-07-10 05:00:00,0.538,8.983
2019-07-10 06:00:00,0.522,8.867
2019-07-10 07:00:00,0.478,8.542
2019-07-10 08:00:00,0.417,8.09
2019-07-10 09:00:00,0.371,7.743
2019-07-10 10:00:00,0.344,7.535
2019-07-10 11:00:00,0.339,7.498
2019-07-10 12:00:00,0.348,7.572
2019-07-10 13:00:00,0.344,7.538
2019-07-10 14:00:00,0.305,7.226
2019-07-10 15:00:00,0.278,7.001
2019-07-10 16:00:00,0.262,6.852
2019-07-10 17:00:00,0.267,6.908
2019-07-10 18:00:00,0.308,7.246
2019-07-10 19:00:00,0.398,7.952
2019-07-10 20:00:00,0.486,8.6
2019-07-10 21:00:00,0.503,8.725
2019-07-10 22:00:00,0.444,8.28
2019-07-10 23:00:00,0.334,7.459
2019-07-11 00:00:00,0.23,6.572
2019-07-11 01:00:00,0.166,5.92
2019-07-11 02:00:00,0.14,5.619
2019-07-11 03:00:00,0.128,5.455
2019-07-11 04:00:00,0.138,5.599
2019-07-11 05:00:00,0.172,5.992
2019-07-11 06:00:00,0.205,6.328
2019-07-11 07:00:00,0.222,6.483
2019-07-11 08:00:00,0.219,6.458
2019-07-11 09:00:00,0.191,6.186
2019-07-11 10:00:00,0.17,5.951
2019-07-11 11:00:00,0.165,5.908
2019-07-11 12:00:00,0.163,5.889
2019-07-11 13:00:00,0.151,5.744
2019-07-11 14:00:00,0.128,5.468
2019-07-11 15:00:00,0.09,4.923
2019-07-11 16:00:00,0.094,4.987
2019-07-11 17:00:00,0.152,5.758
2019-07-11 18:00:00,0.241,6.667
2019-07-11 19:00:00,0.333,7.448
2019-07-11 20:00:00,0.392,7.905
2019-07-11 21:00:00,0.413,8.062
2019-07-11 22:00:00,0.419,8.103
2019-07-11 23:00:00,0.426,8.157
2019-07-12 00:00:00,0.452,8.346
2019-07-12 01:00:00,0.478,8.541
2019-07-12 02:00:00,0.491,8.639
2019-07-12 03:00:00,0.461,8.413
2019-07-12 04:00:00,0.404,7.996
2019-07-12 05:00:00,0.371,7.746
2019-07-12 06:00:00,0.378,7.799
2019-07-12 07:00:00,0.398,7.954
2019-07-12 08:00:00,0.416,8.078
2019-07-12 09:00:00,0.441,8.27
2019-07-12 10:00:00,0.466,8.458
2019-07-12 11:00:00,0.483,8.573
2019-07-12 12:00:00,0.48,8.555
2019-07-12 13:00:00,0.463,8.432
2019-07-12 14:00:00,0.433,8.215
2019-07-12 15:00:00,0.434,8.222
2019-07-12 16:00:00,0.456,8.378
2019-07-12 17:00:00,0.47,8.481
2019-07-12 18:00:00,0.483,8.571
2019-07-12 19:00:00,0.502,8.72
2019-07-12 20:00:00,0.51,8.775
2019-07-12 21:00:00,0.491,8.641
2019-07-12 22:00:00,0.444,8.288
2019-07-12 23:00:00,0.41,8.031
2019-07-13 00:00:00,0.419,8.098
2019-07-13 01:00:00,0.43,8.193
2019-07-13 02:00:00,0.488,8.62
2019-07-13 03:00:00,0.542,9.016
2019-07-13 04:00:00,0.536,8.971
2019-07-13 05:00:00,0.524,8.885
2019-07-13 06:00:00,0.509,8.771
2019-07-13 07:00:00,0.464,8.436
2019-07-13 08:00:00,0.432,8.208
2019-07-13 09:00:00,0.424,8.143
2019-07-13 10:00:00,0.427,8.162
2019-07-13 11:00:00,0.454,8.367
2019-07-13 12:00:00,0.518,8.833
2019-07-13 13:00:00,0.585,9.344
2019-07-13 14:00:00,0.626,9.664
2019-07-13 15:00:00,0.647,9.835
2019-07-13 16:00:00,0.668,10.016
2019-07-13 17:00:00,0.67,10.033
2019-07-13 18:00:00,0.648,9.847
2019-07-13 19:00:00,0.617,9.599
2019-07-13 20:00:00,0.585,9.341
2019-07-13 21:00:00,0.56,9.146
2019-07-13 22:00:00,0.551,9.082
2019-07-13 23:00:00,0.55,9.076
2019-07-14 00:00:00,0.56,9.147
2019-07-14 01:00:00,0.581,9.313
2019-07-14 02:00:00,0.603,9.481
2019-07-14 03:00:00,0.621,9.623
2019-07-14 04:00:00,0.638,9.762
2019-07-14 05:00:00,0.673,10.062
2019-07-14 06:00:00,0.68,10.123
2019-07-14 07:00:00,0.658,9.927
2019-07-14 08:00:00,0.633,9.714
2019-07-14 09:00:00,0.61,9.543
2019-07-14 10:00:00,0.601,9.469
2019-07-14 11:00:00,0.591,9.389
2019-07-14 12:00:00,0.589,9.376
2019-07-14 13:00:00,0.601,9.465
2019-07-14 14:00:00,0.608,9.52
2019-07-14 15:00:00,0.612,9.553
2019-07-14 16:00:00,0.629,9.684
2019-07-14 17:00:00,0.628,9.679
2019-07-14 18:00:00,0.602,9.478
2019-07-14 19:00:00,0.566,9.188
2019-07-14 20:00:00,0.515,8.814
2019-07-14 21:00:00,0.469,8.478
2019-07-14 22:00:00,0.43,8.191
2019-07-14 23:00:00,0.39,7.888
2019-07-15 00:00:00,0.346,7.555
2019-07-15 01:00:00,0.324,7.372
2019-07-15 02:00:00,0.342,7.522
2019-07-15 03:00:00,0.387,7.862
2019-07-15 04:00:00,0.422,8.128
2019-07-15 05:00:00,0.429,8.181
2019-07-15 06:00:00,0.416,8.076
2019-07-15 07:00:00,0.388,7.872
2019-07-15 08:00:00,0.357,7.635
2019-07-15 09:00:00,0.327,7.395
2019-07-15 10:00:00,0.305,7.225
2019-07-15 11:00:00,0.303,7.213
2019-07-15 12:00:00,0.318,7.324
2019-07-15 13:00:00,0.333,7.447
2019-07-15 14:00:00,0.34,7.502
2019-07-15 15:00:00,0.328,7.404
2019-07-15 16:00:00,0.295,7.138
2019-07-15 17:00:00,0.253,6.785
2019-07-15 18:00:00,0.201,6.289
2019-07-15 19:00:00,0.139,5.61
2019-07-15 20:00:00,0.08,4.765
2019-07-15 21:00:00,0.043,4.043
2019-07-15 22:00:00,0.032,3.762
2019-07-15 23:00:00,0.042,4.014
2019-07-16 00:00:00,0.062,4.451
2019-07-16 01:00:00,0.082,4.799
2019-07-16 02:00:00,0.087,4.887
2019-07-16 03:00:00,0.081,4.782
2019-07-16 04:00:00,0.068,4.561
2019-07-16 05:00:00,0.052,4.235
2019-07-16 06:00:00,0.039,3.945
2019-07-16 07:00:00,0.035,3.839
2019-07-16 08:00:00,0.036,3.855
2019-07-16 09:00:00,0.035,3.829
2019-07-16 10:00:00,0.033,3.774
2019-07-16 11:00:00,0.031,3.702
2019-07-16 12:00:00,0.029,3.65
2019-07-16 13:00:00,0.033,3.766
2019-07-16 14:00:00,0.042,4.019
2019-07-16 15:00:00,0.061,4.435
2019-07-16 16:00:00,0.092,4.956
2019-07-16 17:00:00,0.128,5.454
2019-07-16 18:00:00,0.165,5.906
2019-07-16 19:00:00,0.199,6.275
2019-07-16 20:00:00,0.217,6.437
2019-07-16 21:00:00,0.219,6.462
2019-07-16 22:00:00,0.222,6.494
2019-07-16 23:00:00,0.234,6.6
2019-07-17 00:00:00,0.252,6.77
2019-07-17 01:00:00,0.268,6.914
2019-07-17 02:00:00,0.273,6.955
2019-07-17 03:00:00,0.25,6.748
2019-07-17 04:00:00,0.211,6.394
2019-07-17 05:00:00,0.188,6.159
2019-07-17 06:00:00,0.196,6.23
2019-07-17 07:00:00,0.229,6.558
2019-07-17 08:00:00,0.282,7.031
2019-07-17 09:00:00,0.353,7.599
2019-07-17 10:00:00,0.422,8.132
2019-07-17 11:00:00,0.475,8.517
2019-07-17 12:00:00,0.514,8.806
2019-07-17 13:00:00,0.54,9.003
2019-07-17 14:00:00,0.568,9.214
2019-07-17 15:00:00,0.65,9.866
2019-07-17 16:00:00,0.74,10.677
2019-07-17 17:00:00,0.788,11.188
2019-07-17 18:00:00,0.806,11.404
2019-07-17 19:00:00,0.789,11.206
2019-07-17 20:00:00,0.724,10.525
2019-07-17 21:00:00,0.6,9.454
2019-07-17 22:00:00,0.468,8.47
2019-07-17 23:00:00,0.371,7.737
2019-07-18 00:00:00,0.347,7.565
2019-07-18 01:00:00,0.379,7.808
2019-07-18 02:00:00,0.463,8.431
2019-07-18 03:00:00,0.511,8.778
2019-07-18 04:00:00,0.505,8.736
2019-07-18 05:00:00,0.478,8.54
2019-07-18 06:00:00,0.472,8.493
2019-07-18 07:00:00,0.468,8.471
2019-07-18 08:00:00,0.474,8.508
2019-07-18 09:00:00,0.484,8.574
2019-07-18 10:00:00,0.465,8.449
2019-07-18 11:00:00,0.412,8.048
2019-07-18 12:00:00,0.342,7.512
2019-07-18 13:00:00,0.262,6.851
2019-07-18 14:00:00,0.192,6.202
2019-07-18 15:00:00,0.132,5.514
2019-07-18 16:00:00,0.1,5.073
2019-07-18 17:00:00,0.087,4.868
2019-07-18 18:00:00,0.087,4.878
2019-07-18 19:00:00,0.105,5.154
2019-07-18 20:00:00,0.143,5.66
2019-07-18 21:00:00,0.204,6.318
2019-07-18 22:00:00,0.272,6.948
2019-07-18 23:00:00,0.315,7.305
2019-07-19 00:00:00,0.327,7.391
2019-07-19 01:00:00,0.308,7.24
2019-07-19 02:00:00,0.266,6.893
2019-07-19 03:00:00,0.199,6.266
2019-07-19 04:00:00,0.134,5.532
2019-07-19 05:00:00,0.1,5.086
2019-07-19 06:00:00,0.101,5.096
2019-07-19 07:00:00,0.141,5.624
2019-07-19 08:00:00,0.206,6.332
2019-07-19 09:00:00,0.27,6.921
2019-07-19 10:00:00,0.322,7.362
2019-07-19 11:00:00,0.344,7.535
2019-07-19 12:00:00,0.344,7.534
2019-07-19 13:00:00,0.372,7.753
2019-07-19 14:00:00,0.488,8.619
2019-07-19 15:00:00,0.646,9.824
2019-07-19 16:00:00,0.773,11.026
2019-07-19 17:00:00,0.848,11.982
2019-07-19 18:00:00,0.889,12.65
2019-07-19 19:00:00,0.899,12.86
2019-07-19 20:00:00,0.901,12.9
2019-07-19 21:00:00,0.907,13.024
2019-07-19 22:00:00,0.91,13.107
2019-07-19 23:00:00,0.885,12.591
2019-07-20 00:00:00,0.875,12.405
2019-07-20 01:00:00,0.845,11.929
2019-07-20 02:00:00,0.802,11.351
2019-07-20 03:00:00,0.752,10.802
2019-07-20 04:00:00,0.705,10.341
2019-07-20 05:00:00,0.658,9.926
2019-07-20 06:00:00,0.642,9.799
2019-07-20 07:00:00,0.647,9.829
2019-07-20 08:00:00,0.691,10.216
2019-07-20 09:00:00,0.715,10.433
2019-07-20 10:00:00,0.736,10.64
2019-07-20 11:00:00,0.79,11.215
2019-07-20 12:00:00,0.812,11.483
2019-07-20 13:00:00,0.812,11.481
2019-07-20 14:00:00,0.783,11.137
2019-07-20 15:00:00,0.782,11.114
2019-07-20 16:00:00,0.797,11.3
2019-07-20 17:00:00,0.808,11.428
2019-07-20 18:00:00,0.846,11.953
2019-07-20 19:00:00,0.864,12.225
2019-07-20 20:00:00,0.902,12.917
2019-07-20 21:00:00,0.935,13.723
2019-07-20 22:00:00,0.926,13.486
2019-07-20 23:00:00,0.898,12.834
2019-07-21 00:00:00,0.859,12.143
2019-07-21 01:00:00,0.828,11.693
2019-07-21 02:00:00,0.804,11.379
2019-07-21 03:00:00,0.771,10.996
2019-07-21 04:00:00,0.707,10.352
2019-07-21 05:00:00,0.589,9.373
2019-07-21 06:00:00,0.463,8.42
2019-07-21 07:00:00,0.361,7.66
2019-07-21 08:00:00,0.303,7.211
2019-07-21 09:00:00,0.293,7.119
2019-07-21 10:00:00,0.333,7.454
2019-07-21 11:00:00,0.369,7.731
2019-07-21 12:00:00,0.392,7.909
2019-07-21 13:00:00,0.412,8.052
2019-07-21 14:00:00,0.426,8.149
2019-07-21 15:00:00,0.426,8.156
2019-07-21 16:00:00,0.447,8.314
2019-07-21 17:00:00,0.57,9.225
2019-07-21 18:00:00,0.647,9.838
2019-07-21 19:00:00,0.753,10.809
2019-07-21 20:00:00,0.774,11.034
2019-07-21 21:00:00,0.795,11.265
2019-07-21 22:00:00,0.824,11.632
2019-07-21 23:00:00,0.834,11.771
2019-07-22 00:00:00,0.845,11.931
2019-07-22 01:00:00,0.885,12.591
2019-07-22 02:00:00,0.907,13.028
2019-07-22 03:00:00,0.911,13.123
2019-07-22 04:00:00,0.914,13.177
2019-07-22 05:00:00,0.917,13.262
2019-07-22 06:00:00,0.916,13.235
2019-07-22 07:00:00,0.91,13.081
2019-07-22 08:00:00,0.901,12.909
2019-07-22 09:00:00,0.893,12.746
2019-07-22 10:00:00,0.889,12.651
2019-07-22 11:00:00,0.878,12.465
2019-07-22 12:00:00,0.855,12.08
2019-07-22 13:00:00,0.83,11.722
2019-07-22 14:00:00,0.793,11.247
2019-07-22 15:00:00,0.745,10.723
2019-07-22 16:00:00,0.7,10.302
2019-07-22 17:00:00,0.652,9.877
2019-07-22 18:00:00,0.613,9.564
2019-07-22 19:00:00,0.589,9.377
2019-07-22 20:00:00,0.564,9.175
2019-07-22 21:00:00,0.525,8.89
2019-07-22 22:00:00,0.463,8.423
2019-07-22 23:00:00,0.382,7.824
2019-07-23 00:00:00,0.297,7.16
2019-07-23 01:00:00,0.219,6.461
2019-07-23 02:00:00,0.151,5.75
2019-07-23 03:00:00,0.088,4.901
2019-07-23 04:00:00,0.041,3.971
2019-07-23 05:00:00,0.015,3.167
2019-07-23 06:00:00,0.01,2.872
2019-07-23 07:00:00,0.021,3.377
2019-07-23 08:00:00,0.043,4.023
2019-07-23 09:00:00,0.082,4.787
2019-07-23 10:00:00,0.146,5.685
2019-07-23 11:00:00,0.224,6.514
2019-07-23 12:00:00,0.291,7.099
2019-07-23 13:00:00,0.332,7.439
2019-07-23 14:00:00,0.357,7.633
2019-07-23 15:00:00,0.377,7.79
2019-07-23 16:00:00,0.397,7.947
2019-07-23 17:00:00,0.429,8.178
2019-07-23 18:00:00,0.493,8.646
2019-07-23 19:00:00,0.592,9.392
2019-07-23 20:00:00,0.705,10.337
2019-07-23 21:00:00,0.791,11.224
2019-07-23 22:00:00,0.843,11.899
2019-07-23 23:00:00,0.868,12.298
2019-07-24 00:00:00,0.879,12.478
2019-07-24 01:00:00,0.89,12.671
2019-07-24 02:00:00,0.9,12.889
2019-07-24 03:00:00,0.904,12.974
2019-07-24 04:00:00,0.894,12.765
2019-07-24 05:00:00,0.849,11.989
2019-07-24 06:00:00,0.81,11.463
2019-07-24 07:00:00,0.84,11.864
2019-07-24 08:00:00,0.87,12.326
2019-07-24 09:00:00,0.876,12.428
2019-07-24 10:00:00,0.868,12.3
2019-07-24 11:00:00,0.831,11.732
2019-07-24 12:00:00,0.771,10.998
2019-07-24 13:00:00,0.679,10.111
2019-07-24 14:00:00,0.576,9.274
2019-07-24 15:00:00,0.472,8.49
2019-07-24 16:00:00,0.372,7.751
2019-07-24 17:00:00,0.27,6.931
2019-07-24 18:00:00,0.163,5.888
2019-07-24 19:00:00,0.074,4.67
2019-07-24 20:00:00,0.025,3.517
2019-07-24 21:00:00,0.015,3.149
2019-07-24 22:00:00,0.039,3.929
2019-07-24 23:00:00,0.112,5.26
2019-07-25 00:00:00,0.225,6.525
2019-07-25 01:00:00,0.36,7.655
2019-07-25 02:00:00,0.492,8.644
2019-07-25 03:00:00,0.599,9.45
2019-07-25 04:00:00,0.666,9.994
2019-07-25 05:00:00,0.697,10.273
2019-07-25 06:00:00,0.709,10.382
2019-07-25 07:00:00,0.712,10.4
2019-07-25 08:00:00,0.714,10.422
2019-07-25 09:00:00,0.723,10.51
2019-07-25 10:00:00,0.757,10.847
2019-07-25 11:00:00,0.799,11.324
2019-07-25 12:00:00,0.834,11.772
2019-07-25 13:00:00,0.86,12.15
2019-07-25 14:00:00,0.879,12.479
2019-07-25 15:00:00,0.894,12.755
2019-07-25 16:00:00,0.902,12.915
2019-07-25 17:00:00,0.903,12.942
2019-07-25 18:00:00,0.902,12.919
2019-07-25 19:00:00,0.899,12.869
2019-07-25 20:00:00,0.89,12.693
2019-07-25 21:00:00,0.878,12.464
2019-07-25 22:00:00,0.873,12.383
2019-07-25 23:00:00,0.885,12.587
2019-07-26 00:00:00,0.896,12.795
2019-07-26 01:00:00,0.889,12.653
2019-07-26 02:00:00,0.862,12.185
2019-07-26 03:00:00,0.804,11.385
2019-07-26 04:00:00,0.731,10.58
2019-07-26 05:00:00,0.663,9.964
2019-07-26 06:00:00,0.663,9.975
2019-07-26 07:00:00,0.672,10.048
2019-07-26 08:00:00,0.601,9.458
2019-07-26 09:00:00,0.499,8.694
2019-07-26 10:00:00,0.428,8.169
2019-07-26 11:00:00,0.383,7.836
2019-07-26 12:00:00,0.325,7.386
2019-07-26 13:00:00,0.236,6.625
2019-07-26 14:00:00,0.159,5.838
2019-07-26 15:00:00,0.089,4.91
2019-07-26 16:00:00,0.057,4.35
2019-07-26 17:00:00,0.045,4.075
2019-07-26 18:00:00,0.108,5.195
2019-07-26 19:00:00,0.196,6.233
2019-07-26 20:00:00,0.246,6.708
2019-07-26 21:00:00,0.28,7.01
2019-07-26 22:00:00,0.339,7.491
2019-07-26 23:00:00,0.43,8.193
2019-07-27 00:00:00,0.545,9.039
2019-07-27 01:00:00,0.628,9.674
2019-07-27 02:00:00,0.669,10.028
2019-07-27 03:00:00,0.688,10.186
2019-07-27 04:00:00,0.666,10.0
2019-07-27 05:00:00,0.655,9.897
2019-07-27 06:00:00,0.709,10.383
2019-07-27 07:00:00,0.74,10.68
2019-07-27 08:00:00,0.717,10.455
2019-07-27 09:00:00,0.698,10.275
2019-07-27 10:00:00,0.699,10.29
2019-07-27 11:00:00,0.709,10.372
2019-07-27 12:00:00,0.701,10.309
2019-07-27 13:00:00,0.689,10.199
2019-07-27 14:00:00,0.738,10.657
2019-07-27 15:00:00,0.725,10.531
2019-07-27 16:00:00,0.703,10.322
2019-07-27 17:00:00,0.7,10.295
2019-07-27 18:00:00,0.773,11.022
2019-07-27 19:00:00,0.827,11.675
2019-07-27 20:00:00,0.854,12.063
2019-07-27 21:00:00,0.868,12.289
2019-07-27 22:00:00,0.873,12.367
2019-07-27 23:00:00,0.856,12.096
2019-07-28 00:00:00,0.843,11.895
2019-07-28 01:00:00,0.832,11.74
2019-07-28 02:00:00,0.817,11.539
2019-07-28 03:00:00,0.793,11.241
2019-07-28 04:00:00,0.758,10.852
2019-07-28 05:00:00,0.719,10.47
2019-07-28 06:00:00,0.691,10.214
2019-07-28 07:00:00,0.673,10.061
2019-07-28 08:00:00,0.653,9.891
2019-07-28 09:00:00,0.616,9.591
2019-07-28 10:00:00,0.565,9.186
2019-07-28 11:00:00,0.517,8.825
2019-07-28 12:00:00,0.475,8.518
2019-07-28 13:00:00,0.436,8.232
2019-07-28 14:00:00,0.399,7.958
2019-07-28 15:00:00,0.358,7.639
2019-07-28 16:00:00,0.323,7.367
2019-07-28 17:00:00,0.297,7.148
2019-07-28 18:00:00,0.265,6.885
2019-07-28 19:00:00,0.244,6.698
2019-07-28 20:00:00,0.239,6.659
2019-07-28 21:00:00,0.266,6.896
2019-07-28 22:00:00,0.319,7.33
2019-07-28 23:00:00,0.386,7.857
2019-07-29 00:00:00,0.45,8.331
2019-07-29 01:00:00,0.496,8.67
2019-07-29 02:00:00,0.536,8.973
2019-07-29 03:00:00,0.596,9.429
2019-07-29 04:00:00,0.651,9.869
2019-07-29 05:00:00,0.687,10.181
2019-07-29 06:00:00,0.716,10.437
2019-07-29 07:00:00,0.729,10.566
2019-07-29 08:00:00,0.737,10.645
2019-07-29 09:00:00,0.726,10.538
2019-07-29 10:00:00,0.685,10.15
2019-07-29 11:00:00,0.608,9.516
2019-07-29 12:00:00,0.505,8.735
2019-07-29 13:00:00,0.419,8.111
2019-07-29 14:00:00,0.38,7.813
2019-07-29 15:00:00,0.41,8.04
2019-07-29 16:00:00,0.496,8.666
2019-07-29 17:00:00,0.577,9.279
2019-07-29 18:00:00,0.622,9.637
2019-07-29 19:00:00,0.628,9.678
2019-07-29 20:00:00,0.606,9.503
2019-07-29 21:00:00,0.557,9.132
2019-07-29 22:00:00,0.502,8.719
2019-07-29 23:00:00,0.456,8.381
2019-07-30 00:00:00,0.441,8.27
2019-07-30 01:00:00,0.443,8.277
2019-07-30 02:00:00,0.463,8.43
2019-07-30 03:00:00,0.503,8.727
2019-07-30 04:00:00,0.569,9.22
2019-07-30 05:00:00,0.631,9.703
2019-07-30 06:00:00,0.691,10.212
2019-07-30 07:00:00,0.722,10.502
2019-07-30 08:00:00,0.728,10.559
2019-07-30 09:00:00,0.717,10.458
2019-07-30 10:00:00,0.705,10.335
2019-07-30 11:00:00,0.695,10.256
2019-07-30 12:00:00,0.68,10.123
2019-07-30 13:00:00,0.648,9.845
2019-07-30 14:00:00,0.609,9.531
2019-07-30 15:00:00,0.596,9.426
2019-07-30 16:00:00,0.623,9.641
2019-07-30 17:00:00,0.687,10.173
2019-07-30 18:00:00,0.747,10.74
2019-07-30 19:00:00,0.834,11.775
2019-07-30 20:00:00,0.908,13.053
2019-07-30 21:00:00,0.929,13.574
2019-07-30 22:00:00,0.946,14.089
2019-07-30 23:00:00,0.949,14.192
2019-07-31 00:00:00,0.946,14.059
2019-07-31 01:00:00,0.942,13.933
2019-07-31 02:00:00,0.93,13.602
2019-07-31 03:00:00,0.914,13.193
2019-07-31 04:00:00,0.898,12.831
2019-07-31 05:00:00,0.882,12.539
2019-07-31 06:00:00,0.862,12.194
2019-07-31 07:00:00,0.833,11.756
2019-07-31 08:00:00,0.803,11.37
2019-07-31 09:00:00,0.775,11.041
2019-07-31 10:00:00,0.763,10.907
2019-07-31 11:00:00,0.752,10.797
2019-07-31 12:00:00,0.738,10.661
2019-07-31 13:00:00,0.764,10.92
2019-07-31 14:00:00,0.815,11.515
2019-07-31 15:00:00,0.832,11.741
2019-07-31 16:00:00,0.833,11.756
2019-07-31 17:00:00,0.822,11.613
2019-07-31 18:00:00,0.796,11.282
2019-07-31 19:00:00,0.773,11.01
2019-07-31 20:00:00,0.775,11.045
2019-07-31 21:00:00,0.699,10.285
2019-07-31 22:00:00,0.581,9.314
2019-07-31 23:00:00,0.475,8.516
2019-08-01 00:00:00,0.422,8.132
2019-08-01 01:00:00,0.407,8.018
2019-08-01 02:00:00,0.41,8.037
2019-08-01 03:00:00,0.389,7.878
2019-08-01 04:00:00,0.36,7.654
2019-08-01 05:00:00,0.347,7.565
2019-08-01 06:00:00,0.357,7.634
2019-08-01 07:00:00,0.386,7.859
2019-08-01 08:00:00,0.433,8.214
2019-08-01 09:00:00,0.478,8.537
2019-08-01 10:00:00,0.509,8.761
2019-08-01 11:00:00,0.545,9.03
2019-08-01 12:00:00,0.575,9.262
2019-08-01 13:00:00,0.578,9.293
2019-08-01 14:00:00,0.548,9.051
2019-08-01 15:00:00,0.513,8.797
2019-08-01 16:00:00,0.499,8.696
2019-08-01 17:00:00,0.503,8.725
2019-08-01 18:00:00,0.514,8.8
2019-08-01 19:00:00,0.53,8.924
2019-08-01 20:00:00,0.537,8.982
2019-08-01 21:00:00,0.545,9.037
2019-08-01 22:00:00,0.559,9.144
2019-08-01 23:00:00,0.584,9.336
2019-08-02 00:00:00,0.616,9.577
2019-08-02 01:00:00,0.643,9.807
2019-08-02 02:00:00,0.673,10.055
2019-08-02 03:00:00,0.707,10.351
2019-08-02 04:00:00,0.735,10.62
2019-08-02 05:00:00,0.751,10.785
2019-08-02 06:00:00,0.752,10.802
2019-08-02 07:00:00,0.744,10.72
2019-08-02 08:00:00,0.736,10.639
2019-08-02 09:00:00,0.718,10.461
2019-08-02 10:00:00,0.692,10.221
2019-08-02 11:00:00,0.674,10.07
2019-08-02 12:00:00,0.664,9.979
2019-08-02 13:00:00,0.655,9.896
2019-08-02 14:00:00,0.639,9.776
2019-08-02 15:00:00,0.622,9.632
2019-08-02 16:00:00,0.592,9.394
2019-08-02 17:00:00,0.548,9.055
2019-08-02 18:00:00,0.506,8.741
2019-08-02 19:00:00,0.457,8.39
2019-08-02 20:00:00,0.398,7.954
2019-08-02 21:00:00,0.343,7.524
2019-08-02 22:00:00,0.299,7.17
2019-08-02 23:00:00,0.28,7.009
2019-08-03 00:00:00,0.272,6.944
2019-08-03 01:00:00,0.266,6.899
2019-08-03 02:00:00,0.262,6.858
2019-08-03 03:00:00,0.257,6.819
2019-08-03 04:00:00,0.254,6.789
2019-08-03 05:00:00,0.236,6.62
2019-08-03 06:00:00,0.203,6.315
2019-08-03 07:00:00,0.166,5.92
2019-08-03 08:00:00,0.143,5.655
2019-08-03 09:00:00,0.137,5.571
2019-08-03 10:00:00,0.134,5.533
2019-08-03 11:00:00,0.128,5.472
2019-08-03 12:00:00,0.123,5.398
2019-08-03 13:00:00,0.11,5.221
2019-08-03 14:00:00,0.09,4.925
2019-08-03 15:00:00,0.069,4.584
2019-08-03 16:00:00,0.055,4.285
2019-08-03 17:00:00,0.041,3.982
2019-08-03 18:00:00,0.034,3.798
2019-08-03 19:00:00,0.034,3.814
2019-08-03 20:00:00,0.045,4.086
2019-08-03 21:00:00,0.061,4.43
2019-08-03 22:00:00,0.082,4.786
2019-08-03 23:00:00,0.108,5.193
2019-08-04 00:00:00,0.128,5.457
2019-08-04 01:00:00,0.138,5.583
2019-08-04 02:00:00,0.15,5.732
2019-08-04 03:00:00,0.164,5.898
2019-08-04 04:00:00,0.18,6.068
2019-08-04 05:00:00,0.201,6.286
2019-08-04 06:00:00,0.228,6.555
2019-08-04 07:00:00,0.254,6.788
2019-08-04 08:00:00,0.278,6.99
2019-08-04 09:00:00,0.289,7.089
2019-08-04 10:00:00,0.31,7.262
2019-08-04 11:00:00,0.33,7.424
2019-08-04 12:00:00,0.335,7.467
2019-08-04 13:00:00,0.344,7.53
2019-08-04 14:00:00,0.366,7.707
2019-08-04 15:00:00,0.41,8.039
2019-08-04 16:00:00,0.453,8.36
2019-08-04 17:00:00,0.489,8.626
2019-08-04 18:00:00,0.532,8.945
2019-08-04 19:00:00,0.577,9.279
2019-08-04 20:00:00,0.604,9.487
2019-08-04 21:00:00,0.611,9.55
2019-08-04 22:00:00,0.567,9.203
2019-08-04 23:00:00,0.518,8.838
2019-08-05 00:00:00,0.511,8.779
2019-08-05 01:00:00,0.55,9.08
2019-08-05 02:00:00,0.585,9.342
2019-08-05 03:00:00,0.562,9.162
2019-08-05 04:00:00,0.494,8.651
2019-08-05 05:00:00,0.407,8.011
2019-08-05 06:00:00,0.362,7.675
2019-08-05 07:00:00,0.366,7.707
2019-08-05 08:00:00,0.406,8.006
2019-08-05 09:00:00,0.444,8.287
2019-08-05 10:00:00,0.44,8.258
2019-08-05 11:00:00,0.454,8.37
2019-08-05 12:00:00,0.499,8.695
2019-08-05 13:00:00,0.546,9.045
2019-08-05 14:00:00,0.571,9.234
2019-08-05 15:00:00,0.545,9.034
2019-08-05 16:00:00,0.491,8.641
2019-08-05 17:00:00,0.443,8.28
2019-08-05 18:00:00,0.376,7.779
2019-08-05 19:00:00,0.318,7.325
2019-08-05 20:00:00,0.306,7.232
2019-08-05 21:00:00,0.327,7.391
2019-08-05 22:00:00,0.357,7.636
2019-08-05 23:00:00,0.412,8.052
2019-08-06 00:00:00,0.457,8.387
2019-08-06 01:00:00,0.488,8.615
2019-08-06 02:00:00,0.484,8.582
2019-08-06 03:00:00,0.472,8.497
2019-08-06 04:00:00,0.455,8.377
2019-08-06 05:00:00,0.456,8.382
2019-08-06 06:00:00,0.491,8.636
2019-08-06 07:00:00,0.544,9.026
2019-08-06 08:00:00,0.597,9.433
2019-08-06 09:00:00,0.647,9.838
2019-08-06 10:00:00,0.667,10.004
2019-08-06 11:00:00,0.651,9.873
2019-08-06 12:00:00,0.642,9.797
2019-08-06 13:00:00,0.672,10.054
2019-08-06 14:00:00,0.731,10.59
2019-08-06 15:00:00,0.789,11.205
2019-08-06 16:00:00,0.824,11.632
2019-08-06 17:00:00,0.839,11.849
2019-08-06 18:00:00,0.851,12.011
2019-08-06 19:00:00,0.864,12.218
2019-08-06 20:00:00,0.862,12.201
2019-08-06 21:00:00,0.84,11.859
2019-08-06 22:00:00,0.798,11.311
2019-08-06 23:00:00,0.763,10.904
2019-08-07 00:00:00,0.732,10.595
2019-08-07 01:00:00,0.705,10.335
2019-08-07 02:00:00,0.691,10.215
2019-08-07 03:00:00,0.762,10.898
2019-08-07 04:00:00,0.772,11.006
2019-08-07 05:00:00,0.779,11.08
2019-08-07 06:00:00,0.773,11.018
2019-08-07 07:00:00,0.756,10.837
2019-08-07 08:00:00,0.743,10.708
2019-08-07 09:00:00,0.73,10.576
2019-08-07 10:00:00,0.721,10.488
2019-08-07 11:00:00,0.699,10.288
2019-08-07 12:00:00,0.666,9.998
2019-08-07 13:00:00,0.622,9.634
2019-08-07 14:00:00,0.591,9.39
2019-08-07 15:00:00,0.564,9.174
2019-08-07 16:00:00,0.534,8.96
2019-08-07 17:00:00,0.509,8.76
2019-08-07 18:00:00,0.504,8.731
2019-08-07 19:00:00,0.534,8.959
2019-08-07 20:00:00,0.558,9.137
2019-08-07 21:00:00,0.585,9.342
2019-08-07 22:00:00,0.609,9.528
2019-08-07 23:00:00,0.636,9.741
2019-08-08 00:00:00,0.679,10.106
2019-08-08 01:00:00,0.746,10.735
2019-08-08 02:00:00,0.761,10.886
2019-08-08 03:00:00,0.745,10.73
2019-08-08 04:00:00,0.705,10.335
2019-08-08 05:00:00,0.666,10.0
2019-08-08 06:00:00,0.648,9.846
2019-08-08 07:00:00,0.635,9.735
2019-08-08 08:00:00,0.61,9.542
2019-08-08 09:00:00,0.581,9.314
2019-08-08 10:00:00,0.54,9.0
2019-08-08 11:00:00,0.481,8.564
2019-08-08 12:00:00,0.407,8.021
2019-08-08 13:00:00,0.291,7.108
2019-08-08 14:00:00,0.167,5.93
2019-08-08 15:00:00,0.087,4.878
2019-08-08 16:00:00,0.036,3.848
2019-08-08 17:00:00,0.021,3.391
2019-08-08 18:00:00,0.019,3.31
2019-08-08 19:00:00,0.019,3.323
2019-08-08 20:00:00,0.033,3.775
2019-08-08 21:00:00,0.051,4.212
2019-08-08 22:00:00,0.087,4.877
2019-08-08 23:00:00,0.133,5.524
2019-08-09 00:00:00,0.224,6.52
2019-08-09 01:00:00,0.37,7.736
2019-08-09 02:00:00,0.504,8.732
2019-08-09 03:00:00,0.61,9.539
2019-08-09 04:00:00,0.749,10.772
2019-08-09 05:00:00,0.863,12.208
2019-08-09 06:00:00,0.93,13.601
2019-08-09 07:00:00,0.967,14.944
2019-08-09 08:00:00,0.968,15.009
2019-08-09 09:00:00,0.953,14.324
2019-08-09 10:00:00,0.93,13.607
2019-08-09 11:00:00,0.903,12.934
2019-08-09 12:00:00,0.902,12.922
2019-08-09 13:00:00,0.899,12.849
2019-08-09 14:00:00,0.914,13.203
2019-08-09 15:00:00,0.939,13.855
2019-08-09 16:00:00,0.95,14.228
2019-08-09 17:00:00,0.954,14.349
2019-08-09 18:00:00,0.955,14.399
2019-08-09 19:00:00,0.954,14.355
2019-08-09 20:00:00,0.957,14.489
2019-08-09 21:00:00,0.955,14.413
2019-08-09 22:00:00,0.955,14.411
2019-08-09 23:00:00,0.958,14.548
2019-08-10 00:00:00,0.965,14.857
2019-08-10 01:00:00,0.973,15.293
2019-08-10 02:00:00,0.981,15.832
2019-08-10 03:00:00,0.986,16.485
2019-08-10 04:00:00,0.989,17.703
2019-08-10 05:00:00,0.987,17.988
2019-08-10 06:00:00,0.986,18.143
2019-08-10 07:00:00,0.986,18.24
2019-08-10 08:00:00,0.985,18.305
2019-08-10 09:00:00,0.985,18.347
2019-08-10 10:00:00,0.984,18.402
2019-08-10 11:00:00,0.982,18.577
2019-08-10 12:00:00,0.982,18.631
2019-08-10 13:00:00,0.981,18.687
2019-08-10 14:00:00,0.977,18.951
2019-08-10 15:00:00,0.974,19.119
2019-08-10 16:00:00,0.977,18.972
2019-08-10 17:00:00,0.978,18.902
2019-08-10 18:00:00,0.975,19.081
2019-08-10 19:00:00,0.971,19.295
2019-08-10 20:00:00,0.964,19.577
2019-08-10 21:00:00,0.964,19.591
2019-08-10 22:00:00,0.968,19.402
2019-08-10 23:00:00,0.973,19.19
2019-08-11 00:00:00,0.981,18.687
2019-08-11 01:00:00,0.987,17.999
2019-08-11 02:00:00,0.989,17.26
2019-08-11 03:00:00,0.987,16.662
2019-08-11 04:00:00,0.985,16.307
2019-08-11 05:00:00,0.984,16.187
2019-08-11 06:00:00,0.983,16.061
2019-08-11 07:00:00,0.982,15.987
2019-08-11 08:00:00,0.979,15.652
2019-08-11 09:00:00,0.971,15.137
2019-08-11 10:00:00,0.956,14.463
2019-08-11 11:00:00,0.929,13.567
2019-08-11 12:00:00,0.899,12.874
2019-08-11 13:00:00,0.877,12.453
2019-08-11 14:00:00,0.864,12.211
2019-08-11 15:00:00,0.836,11.799
2019-08-11 16:00:00,0.795,11.26
2019-08-11 17:00:00,0.743,10.707
2019-08-11 18:00:00,0.678,10.096
2019-08-11 19:00:00,0.626,9.664
2019-08-11 20:00:00,0.62,9.621
2019-08-11 21:00:00,0.647,9.84
2019-08-11 22:00:00,0.795,11.274
2019-08-11 23:00:00,0.835,11.79
2019-08-12 00:00:00,0.828,11.694
2019-08-12 01:00:00,0.818,11.561
2019-08-12 02:00:00,0.815,11.518
2019-08-12 03:00:00,0.82,11.59
2019-08-12 04:00:00,0.834,11.77
2019-08-12 05:00:00,0.845,11.928
2019-08-12 06:00:00,0.843,11.91
2019-08-12 07:00:00,0.823,11.629
2019-08-12 08:00:00,0.78,11.093
2019-08-12 09:00:00,0.717,10.451
2019-08-12 10:00:00,0.639,9.777
2019-08-12 11:00:00,0.566,9.19
2019-08-12 12:00:00,0.505,8.736
2019-08-12 13:00:00,0.453,8.349
2019-08-12 14:00:00,0.396,7.937
2019-08-12 15:00:00,0.333,7.455
2019-08-12 16:00:00,0.282,7.035
2019-08-12 17:00:00,0.255,6.801
2019-08-12 18:00:00,0.242,6.674
2019-08-12 19:00:00,0.225,6.529
2019-08-12 20:00:00,0.206,6.337
2019-08-12 21:00:00,0.185,6.127
2019-08-12 22:00:00,0.172,5.974
2019-08-12 23:00:00,0.169,5.948
2019-08-13 00:00:00,0.182,6.09
2019-08-13 01:00:00,0.214,6.414
2019-08-13 02:00:00,0.26,6.839
2019-08-13 03:00:00,0.304,7.219
2019-08-13 04:00:00,0.324,7.381
2019-08-13 05:00:00,0.317,7.323
2019-08-13 06:00:00,0.297,7.159
2019-08-13 07:00:00,0.292,7.115
2019-08-13 08:00:00,0.298,7.164
2019-08-13 09:00:00,0.321,7.354
2019-08-13 10:00:00,0.353,7.602
2019-08-13 11:00:00,0.368,7.723
2019-08-13 12:00:00,0.358,7.637
2019-08-13 13:00:00,0.319,7.329
2019-08-13 14:00:00,0.292,7.113
2019-08-13 15:00:00,0.297,7.15
2019-08-13 16:00:00,0.301,7.185
2019-08-13 17:00:00,0.272,6.938
2019-08-13 18:00:00,0.235,6.615
2019-08-13 19:00:00,0.217,6.441
2019-08-13 20:00:00,0.241,6.667
2019-08-13 21:00:00,0.302,7.193
2019-08-13 22:00:00,0.378,7.803
2019-08-13 23:00:00,0.426,8.153
2019-08-14 00:00:00,0.426,8.155
2019-08-14 01:00:00,0.38,7.817
2019-08-14 02:00:00,0.288,7.078
2019-08-14 03:00:00,0.184,6.118
2019-08-14 04:00:00,0.109,5.209
2019-08-14 05:00:00,0.078,4.742
2019-08-14 06:00:00,0.078,4.735
2019-08-14 07:00:00,0.101,5.095
2019-08-14 08:00:00,0.134,5.538
2019-08-14 09:00:00,0.184,6.112
2019-08-14 10:00:00,0.264,6.877
2019-08-14 11:00:00,0.367,7.716
2019-08-14 12:00:00,0.478,8.542
2019-08-14 13:00:00,0.558,9.137
2019-08-14 14:00:00,0.647,9.833
2019-08-14 15:00:00,0.734,10.613
2019-08-14 16:00:00,0.807,11.423
2019-08-14 17:00:00,0.855,12.088
2019-08-14 18:00:00,0.882,12.545
2019-08-14 19:00:00,0.901,12.896
2019-08-14 20:00:00,0.919,13.305
2019-08-14 21:00:00,0.929,13.561
2019-08-14 22:00:00,0.914,13.202
2019-08-14 23:00:00,0.895,12.779
2019-08-15 00:00:00,0.866,12.264
2019-08-15 01:00:00,0.81,11.456
2019-08-15 02:00:00,0.756,10.839
2019-08-15 03:00:00,0.749,10.771
2019-08-15 04:00:00,0.772,11.005
2019-08-15 05:00:00,0.833,11.757
2019-08-15 06:00:00,0.864,12.22
2019-08-15 07:00:00,0.873,12.379
2019-08-15 08:00:00,0.878,12.473
2019-08-15 09:00:00,0.873,12.365
2019-08-15 10:00:00,0.852,12.041
2019-08-15 11:00:00,0.83,11.722
2019-08-15 12:00:00,0.801,11.338
2019-08-15 13:00:00,0.771,10.989
2019-08-15 14:00:00,0.76,10.869
2019-08-15 15:00:00,0.76,10.87
2019-08-15 16:00:00,0.786,11.165
2019-08-15 17:00:00,0.798,11.306
2019-08-15 18:00:00,0.806,11.408
2019-08-15 19:00:00,0.74,10.678
2019-08-15 20:00:00,0.608,9.516
2019-08-15 21:00:00,0.416,8.079
2019-08-15 22:00:00,0.245,6.703
2019-08-15 23:00:00,0.163,5.888
2019-08-16 00:00:00,0.162,5.871
2019-08-16 01:00:00,0.213,6.41
2019-08-16 02:00:00,0.266,6.891
2019-08-16 03:00:00,0.305,7.224
2019-08-16 04:00:00,0.324,7.379
2019-08-16 05:00:00,0.324,7.371
2019-08-16 06:00:00,0.385,7.848
2019-08-16 07:00:00,0.515,8.819
2019-08-16 08:00:00,0.654,9.892
2019-08-16 09:00:00,0.722,10.492
2019-08-16 10:00:00,0.789,11.204
2019-08-16 11:00:00,0.823,11.631
2019-08-16 12:00:00,0.839,11.846
2019-08-16 13:00:00,0.876,12.437
2019-08-16 14:00:00,0.914,13.182
2019-08-16 15:00:00,0.943,13.958
2019-08-16 16:00:00,0.961,14.66
2019-08-16 17:00:00,0.973,15.286
2019-08-16 18:00:00,0.981,15.87
2019-08-16 19:00:00,0.984,16.222
2019-08-16 20:00:00,0.987,16.524
2019-08-16 21:00:00,0.988,16.818
2019-08-16 22:00:00,0.988,16.895
2019-08-16 23:00:00,0.987,16.539
2019-08-17 00:00:00,0.977,15.518
2019-08-17 01:00:00,0.971,15.15
2019-08-17 02:00:00,0.951,14.239
2019-08-17 03:00:00,0.937,13.793
2019-08-17 04:00:00,0.928,13.529
2019-08-17 05:00:00,0.913,13.151
2019-08-17 06:00:00,0.885,12.588
2019-08-17 07:00:00,0.874,12.393
2019-08-17 08:00:00,0.878,12.457
2019-08-17 09:00:00,0.861,12.174
2019-08-17 10:00:00,0.823,11.63
2019-08-17 11:00:00,0.771,10.999
2019-08-17 12:00:00,0.736,10.638
2019-08-17 13:00:00,0.668,10.018
2019-08-17 14:00:00,0.599,9.453
2019-08-17 15:00:00,0.536,8.974
2019-08-17 16:00:00,0.478,8.543
2019-08-17 17:00:00,0.431,8.194
2019-08-17 18:00:00,0.426,8.154
2019-08-17 19:00:00,0.407,8.011
2019-08-17 20:00:00,0.396,7.939
2019-08-17 21:00:00,0.449,8.322
2019-08-17 22:00:00,0.492,8.642
2019-08-17 23:00:00,0.451,8.341
2019-08-18 00:00:00,0.389,7.883
2019-08-18 01:00:00,0.402,7.98
2019-08-18 02:00:00,0.45,8.33
2019-08-18 03:00:00,0.483,8.57
2019-08-18 04:00:00,0.472,8.489
2019-08-18 05:00:00,0.472,8.498
2019-08-18 06:00:00,0.478,8.533
2019-08-18 07:00:00,0.487,8.607
2019-08-18 08:00:00,0.52,8.85
2019-08-18 09:00:00,0.531,8.937
2019-08-18 10:00:00,0.548,9.065
2019-08-18 11:00:00,0.606,9.503
2019-08-18 12:00:00,0.683,10.141
2019-08-18 13:00:00,0.714,10.418
2019-08-18 14:00:00,0.74,10.674
2019-08-18 15:00:00,0.744,10.722
2019-08-18 16:00:00,0.717,10.456
2019-08-18 17:00:00,0.73,10.573
2019-08-18 18:00:00,0.758,10.859
2019-08-18 19:00:00,0.783,11.135
2019-08-18 20:00:00,0.808,11.438
2019-08-18 21:00:00,0.844,11.902
2019-08-18 22:00:00,0.865,12.25
2019-08-18 23:00:00,0.904,12.965
2019-08-19 00:00:00,0.912,13.137
2019-08-19 01:00:00,0.909,13.07
2019-08-19 02:00:00,0.9,12.885
2019-08-19 03:00:00,0.877,12.439
2019-08-19 04:00:00,0.852,12.036
2019-08-19 05:00:00,0.833,11.755
2019-08-19 06:00:00,0.822,11.604
2019-08-19 07:00:00,0.809,11.441
2019-08-19 08:00:00,0.801,11.333
2019-08-19 09:00:00,0.773,11.027
2019-08-19 10:00:00,0.73,10.573
2019-08-19 11:00:00,0.675,10.075
2019-08-19 12:00:00,0.593,9.396
2019-08-19 13:00:00,0.494,8.659
2019-08-19 14:00:00,0.412,8.05
2019-08-19 15:00:00,0.362,7.677
2019-08-19 16:00:00,0.347,7.561
2019-08-19 17:00:00,0.365,7.704
2019-08-19 18:00:00,0.404,7.991
2019-08-19 19:00:00,0.458,8.394
2019-08-19 20:00:00,0.518,8.836
2019-08-19 21:00:00,0.529,8.914
2019-08-19 22:00:00,0.513,8.794
2019-08-19 23:00:00,0.484,8.58
2019-08-20 00:00:00,0.484,8.58
2019-08-20 01:00:00,0.502,8.711
2019-08-20 02:00:00,0.518,8.837
2019-08-20 03:00:00,0.552,9.09
2019-08-20 04:00:00,0.564,9.171
2019-08-20 05:00:00,0.557,9.128
2019-08-20 06:00:00,0.548,9.055
2019-08-20 07:00:00,0.532,8.944
2019-08-20 08:00:00,0.523,8.878
2019-08-20 09:00:00,0.53,8.927
2019-08-20 10:00:00,0.551,9.082
2019-08-20 11:00:00,0.583,9.329
2019-08-20 12:00:00,0.605,9.495
2019-08-20 13:00:00,0.61,9.542
2019-08-20 14:00:00,0.603,9.482
2019-08-20 15:00:00,0.574,9.255
2019-08-20 16:00:00,0.515,8.819
2019-08-20 17:00:00,0.453,8.358
2019-08-20 18:00:00,0.383,7.829
2019-08-20 19:00:00,0.313,7.293
2019-08-20 20:00:00,0.27,6.931
2019-08-20 21:00:00,0.25,6.748
2019-08-20 22:00:00,0.244,6.699
2019-08-20 23:00:00,0.233,6.594
2019-08-21 00:00:00,0.211,6.389
2019-08-21 01:00:00,0.196,6.228
2019-08-21 02:00:00,0.182,6.088
2019-08-21 03:00:00,0.172,5.986
2019-08-21 04:00:00,0.183,6.109
2019-08-21 05:00:00,0.212,6.398
2019-08-21 06:00:00,0.25,6.741
2019-08-21 07:00:00,0.297,7.152
2019-08-21 08:00:00,0.356,7.627
2019-08-21 09:00:00,0.414,8.068
2019-08-21 10:00:00,0.48,8.551
2019-08-21 11:00:00,0.509,8.768
2019-08-21 12:00:00,0.488,8.615
2019-08-21 13:00:00,0.453,8.359
2019-08-21 14:00:00,0.423,8.135
2019-08-21 15:00:00,0.422,8.133
2019-08-21 16:00:00,0.484,8.58
2019-08-21 17:00:00,0.591,9.392
2019-08-21 18:00:00,0.709,10.379
2019-08-21 19:00:00,0.798,11.306
2019-08-21 20:00:00,0.839,11.843
2019-08-21 21:00:00,0.851,12.014
2019-08-21 22:00:00,0.85,12.0
2019-08-21 23:00:00,0.85,12.003
2019-08-22 00:00:00,0.84,11.855
2019-08-22 01:00:00,0.815,11.513
2019-08-22 02:00:00,0.786,11.169
2019-08-22 03:00:00,0.756,10.828
2019-08-22 04:00:00,0.735,10.622
2019-08-22 05:00:00,0.729,10.569
2019-08-22 06:00:00,0.74,10.675
2019-08-22 07:00:00,0.763,10.917
2019-08-22 08:00:00,0.795,11.261
2019-08-22 09:00:00,0.804,11.382
2019-08-22 10:00:00,0.806,11.399
2019-08-22 11:00:00,0.783,11.13
2019-08-22 12:00:00,0.761,10.889
2019-08-22 13:00:00,0.76,10.873
2019-08-22 14:00:00,0.788,11.189
2019-08-22 15:00:00,0.831,11.732
2019-08-22 16:00:00,0.861,12.179
2019-08-22 17:00:00,0.875,12.402
2019-08-22 18:00:00,0.879,12.474
2019-08-22 19:00:00,0.873,12.378
2019-08-22 20:00:00,0.859,12.141
2019-08-22 21:00:00,0.837,11.815
2019-08-22 22:00:00,0.809,11.439
2019-08-22 23:00:00,0.783,11.133
2019-08-23 00:00:00,0.754,10.819
2019-08-23 01:00:00,0.713,10.412
2019-08-23 02:00:00,0.647,9.839
2019-08-23 03:00:00,0.566,9.189
2019-08-23 04:00:00,0.471,8.485
2019-08-23 05:00:00,0.379,7.811
2019-08-23 06:00:00,0.308,7.244
2019-08-23 07:00:00,0.257,6.819
2019-08-23 08:00:00,0.23,6.573
2019-08-23 09:00:00,0.224,6.516
2019-08-23 10:00:00,0.238,6.647
2019-08-23 11:00:00,0.264,6.87
2019-08-23 12:00:00,0.293,7.122
2019-08-23 13:00:00,0.328,7.401
2019-08-23 14:00:00,0.358,7.638
2019-08-23 15:00:00,0.378,7.8
2019-08-23 16:00:00,0.386,7.862
2019-08-23 17:00:00,0.381,7.823
2019-08-23 18:00:00,0.37,7.734
2019-08-23 19:00:00,0.374,7.765
2019-08-23 20:00:00,0.411,8.043
2019-08-23 21:00:00,0.463,8.423
2019-08-23 22:00:00,0.514,8.81
2019-08-23 23:00:00,0.554,9.104
2019-08-24 00:00:00,0.57,9.227
2019-08-24 01:00:00,0.566,9.196
2019-08-24 02:00:00,0.546,9.042
2019-08-24 03:00:00,0.518,8.83
2019-08-24 04:00:00,0.472,8.492
2019-08-24 05:00:00,0.413,8.057
2019-08-24 06:00:00,0.357,7.635
2019-08-24 07:00:00,0.32,7.344
2019-08-24 08:00:00,0.313,7.286
2019-08-24 09:00:00,0.341,7.506
2019-08-24 10:00:00,0.386,7.852
2019-08-24 11:00:00,0.427,8.165
2019-08-24 12:00:00,0.46,8.407
2019-08-24 13:00:00,0.478,8.542
2019-08-24 14:00:00,0.475,8.521
2019-08-24 15:00:00,0.456,8.38
2019-08-24 16:00:00,0.441,8.26
2019-08-24 17:00:00,0.429,8.178
2019-08-24 18:00:00,0.422,8.132
2019-08-24 19:00:00,0.437,8.235
2019-08-24 20:00:00,0.472,8.496
2019-08-24 21:00:00,0.511,8.782
2019-08-24 22:00:00,0.54,8.991
2019-08-24 23:00:00,0.548,9.05
2019-08-25 00:00:00,0.518,8.834
2019-08-25 01:00:00,0.45,8.332
2019-08-25 02:00:00,0.356,7.629
2019-08-25 03:00:00,0.274,6.966
2019-08-25 04:00:00,0.218,6.456
2019-08-25 05:00:00,0.185,6.128
2019-08-25 06:00:00,0.179,6.067
2019-08-25 07:00:00,0.199,6.271
2019-08-25 08:00:00,0.227,6.547
2019-08-25 09:00:00,0.249,6.737
2019-08-25 10:00:00,0.262,6.855
2019-08-25 11:00:00,0.267,6.903
2019-08-25 12:00:00,0.259,6.835
2019-08-25 13:00:00,0.242,6.671
2019-08-25 14:00:00,0.223,6.507
2019-08-25 15:00:00,0.222,6.483
2019-08-25 16:00:00,0.255,6.804
2019-08-25 17:00:00,0.33,7.427
2019-08-25 18:00:00,0.422,8.126
2019-08-25 19:00:00,0.504,8.731
2019-08-25 20:00:00,0.555,9.118
2019-08-25 21:00:00,0.579,9.297
2019-08-25 22:00:00,0.581,9.314
2019-08-25 23:00:00,0.565,9.185
2019-08-26 00:00:00,0.524,8.884
2019-08-26 01:00:00,0.468,8.471
2019-08-26 02:00:00,0.416,8.08
2019-08-26 03:00:00,0.379,7.808
2019-08-26 04:00:00,0.36,7.656
2019-08-26 05:00:00,0.353,7.609
2019-08-26 06:00:00,0.355,7.617
2019-08-26 07:00:00,0.36,7.655
2019-08-26 08:00:00,0.371,7.745
2019-08-26 09:00:00,0.39,7.887
2019-08-26 10:00:00,0.416,8.079
2019-08-26 11:00:00,0.439,8.255
2019-08-26 12:00:00,0.453,8.354
2019-08-26 13:00:00,0.46,8.403
2019-08-26 14:00:00,0.468,8.471
2019-08-26 15:00:00,0.497,8.679
2019-08-26 16:00:00,0.543,9.024
2019-08-26 17:00:00,0.596,9.427
2019-08-26 18:00:00,0.646,9.825
2019-08-26 19:00:00,0.68,10.119
2019-08-26 20:00:00,0.689,10.2
2019-08-26 21:00:00,0.674,10.065
2019-08-26 22:00:00,0.645,9.818
2019-08-26 23:00:00,0.613,9.56
2019-08-27 00:00:00,0.575,9.271
2019-08-27 01:00:00,0.533,8.946
2019-08-27 02:00:00,0.485,8.592
2019-08-27 03:00:00,0.435,8.225
2019-08-27 04:00:00,0.389,7.884
2019-08-27 05:00:00,0.345,7.547
2019-08-27 06:00:00,0.296,7.143
2019-08-27 07:00:00,0.244,6.691
2019-08-27 08:00:00,0.199,6.272
2019-08-27 09:00:00,0.177,6.039
2019-08-27 10:00:00,0.178,6.049
2019-08-27 11:00:00,0.191,6.183
2019-08-27 12:00:00,0.208,6.354
2019-08-27 13:00:00,0.215,6.423
2019-08-27 14:00:00,0.204,6.318
2019-08-27 15:00:00,0.197,6.243
2019-08-27 16:00:00,0.204,6.319
2019-08-27 17:00:00,0.228,6.55
2019-08-27 18:00:00,0.27,6.933
2019-08-27 19:00:00,0.322,7.36
2019-08-27 20:00:00,0.364,7.693
2019-08-27 21:00:00,0.383,7.841
2019-08-27 22:00:00,0.4,7.966
2019-08-27 23:00:00,0.413,8.06
2019-08-28 00:00:00,0.41,8.031
2019-08-28 01:00:00,0.405,8.003
2019-08-28 02:00:00,0.399,7.956
2019-08-28 03:00:00,0.362,7.673
2019-08-28 04:00:00,0.302,7.204
2019-08-28 05:00:00,0.27,6.928
2019-08-28 06:00:00,0.295,7.138
2019-08-28 07:00:00,0.354,7.612
2019-08-28 08:00:00,0.354,7.615
2019-08-28 09:00:00,0.236,6.618
2019-08-28 10:00:00,0.121,5.374
2019-08-28 11:00:00,0.115,5.285
2019-08-28 12:00:00,0.194,6.214
2019-08-28 13:00:00,0.282,7.034
2019-08-28 14:00:00,0.296,7.142
2019-08-28 15:00:00,0.272,6.941
2019-08-28 16:00:00,0.282,7.036
2019-08-28 17:00:00,0.342,7.521
2019-08-28 18:00:00,0.386,7.858
2019-08-28 19:00:00,0.342,7.516
2019-08-28 20:00:00,0.219,6.466
2019-08-28 21:00:00,0.172,5.992
2019-08-28 22:00:00,0.246,6.72
2019-08-28 23:00:00,0.345,7.544
2019-08-29 00:00:00,0.39,7.89
2019-08-29 01:00:00,0.405,8.001
2019-08-29 02:00:00,0.356,7.622
2019-08-29 03:00:00,0.272,6.946
2019-08-29 04:00:00,0.227,6.544
2019-08-29 05:00:00,0.222,6.499
2019-08-29 06:00:00,0.22,6.472
2019-08-29 07:00:00,0.198,6.256
2019-08-29 08:00:00,0.201,6.295
2019-08-29 09:00:00,0.22,6.472
2019-08-29 10:00:00,0.255,6.798
2019-08-29 11:00:00,0.274,6.967
2019-08-29 12:00:00,0.313,7.282
2019-08-29 13:00:00,0.362,7.679
2019-08-29 14:00:00,0.385,7.846
2019-08-29 15:00:00,0.383,7.832
2019-08-29 16:00:00,0.396,7.933
2019-08-29 17:00:00,0.448,8.318
2019-08-29 18:00:00,0.553,9.098
2019-08-29 19:00:00,0.636,9.746
2019-08-29 20:00:00,0.683,10.141
2019-08-29 21:00:00,0.686,10.166
2019-08-29 22:00:00,0.697,10.27
2019-08-29 23:00:00,0.717,10.44
2019-08-30 00:00:00,0.729,10.569
2019-08-30 01:00:00,0.736,10.638
2019-08-30 02:00:00,0.767,10.956
2019-08-30 03:00:00,0.76,10.873
2019-08-30 04:00:00,0.756,10.831
2019-08-30 05:00:00,0.768,10.965
2019-08-30 06:00:00,0.781,11.106
2019-08-30 07:00:00,0.796,11.283
2019-08-30 08:00:00,0.822,11.605
2019-08-30 09:00:00,0.835,11.779
2019-08-30 10:00:00,0.85,11.998
2019-08-30 11:00:00,0.846,11.95
2019-08-30 12:00:00,0.821,11.596
2019-08-30 13:00:00,0.796,11.281
2019-08-30 14:00:00,0.797,11.297
2019-08-30 15:00:00,0.817,11.54
2019-08-30 16:00:00,0.817,11.54
2019-08-30 17:00:00,0.821,11.595
2019-08-30 18:00:00,0.839,11.847
2019-08-30 19:00:00,0.851,12.014
2019-08-30 20:00:00,0.854,12.068
2019-08-30 21:00:00,0.847,11.962
2019-08-30 22:00:00,0.839,11.852
2019-08-30 23:00:00,0.829,11.702
2019-08-31 00:00:00,0.816,11.524
2019-08-31 01:00:00,0.807,11.415
2019-08-31 02:00:00,0.801,11.333
2019-08-31 03:00:00,0.783,11.128
2019-08-31 04:00:00,0.771,10.996
2019-08-31 05:00:00,0.778,11.076
2019-08-31 06:00:00,0.785,11.146
2019-08-31 07:00:00,0.795,11.265
2019-08-31 08:00:00,0.781,11.113
2019-08-31 09:00:00,0.753,10.808
2019-08-31 10:00:00,0.729,10.572
2019-08-31 11:00:00,0.745,10.723
2019-08-31 12:00:00,0.738,10.649
2019-08-31 13:00:00,0.728,10.563
2019-08-31 14:00:00,0.722,10.494
2019-08-31 15:00:00,0.66,9.943
2019-08-31 16:00:00,0.542,9.015
2019-08-31 17:00:00,0.601,9.471
2019-08-31 18:00:00,0.709,10.371
2019-08-31 19:00:00,0.74,10.679
2019-08-31 20:00:00,0.759,10.867
2019-08-31 21:00:00,0.777,11.066
2019-08-31 22:00:00,0.77,10.985
2019-08-31 23:00:00,0.735,10.633
2019-09-01 00:00:00,0.702,10.319
2019-09-01 01:00:00,0.694,10.242
2019-09-01 02:00:00,0.695,10.254
2019-09-01 03:00:00,0.697,10.274
2019-09-01 04:00:00,0.68,10.118
2019-09-01 05:00:00,0.649,9.852
2019-09-01 06:00:00,0.615,9.573
2019-09-01 07:00:00,0.599,9.448
2019-09-01 08:00:00,0.612,9.555
2019-09-01 09:00:00,0.637,9.76
2019-09-01 10:00:00,0.658,9.921
2019-09-01 11:00:00,0.678,10.095
2019-09-01 12:00:00,0.686,10.164
2019-09-01 13:00:00,0.679,10.111
2019-09-01 14:00:00,0.665,9.987
2019-09-01 15:00:00,0.636,9.745
2019-09-01 16:00:00,0.621,9.628
2019-09-01 17:00:00,0.622,9.632
2019-09-01 18:00:00,0.62,9.615
2019-09-01 19:00:00,0.625,9.651
2019-09-01 20:00:00,0.633,9.726
2019-09-01 21:00:00,0.653,9.888
2019-09-01 22:00:00,0.667,10.01
2019-09-01 23:00:00,0.681,10.126
2019-09-02 00:00:00,0.672,10.049
2019-09-02 01:00:00,0.65,9.866
2019-09-02 02:00:00,0.589,9.377
2019-09-02 03:00:00,0.554,9.104
2019-09-02 04:00:00,0.509,8.77
2019-09-02 05:00:00,0.422,8.126
2019-09-02 06:00:00,0.389,7.876
2019-09-02 07:00:00,0.379,7.806
2019-09-02 08:00:00,0.393,7.912
2019-09-02 09:00:00,0.464,8.436
2019-09-02 10:00:00,0.555,9.116
2019-09-02 11:00:00,0.64,9.78
2019-09-02 12:00:00,0.689,10.196
2019-09-02 13:00:00,0.687,10.172
2019-09-02 14:00:00,0.679,10.114
2019-09-02 15:00:00,0.647,9.837
2019-09-02 16:00:00,0.608,9.52
2019-09-02 17:00:00,0.623,9.64
2019-09-02 18:00:00,0.702,10.318
2019-09-02 19:00:00,0.796,11.275
2019-09-02 20:00:00,0.86,12.151
2019-09-02 21:00:00,0.914,13.195
2019-09-02 22:00:00,0.912,13.136
2019-09-02 23:00:00,0.924,13.443
2019-09-03 00:00:00,0.942,13.945
2019-09-03 01:00:00,0.941,13.922
2019-09-03 02:00:00,0.93,13.604
2019-09-03 03:00:00,0.914,13.186
2019-09-03 04:00:00,0.888,12.641
2019-09-03 05:00:00,0.848,11.974
2019-09-03 06:00:00,0.806,11.396
2019-09-03 07:00:00,0.764,10.922
2019-09-03 08:00:00,0.717,10.458
2019-09-03 09:00:00,0.667,10.005
2019-09-03 10:00:00,0.63,9.701
2019-09-03 11:00:00,0.593,9.397
2019-09-03 12:00:00,0.532,8.94
2019-09-03 13:00:00,0.45,8.326
2019-09-03 14:00:00,0.368,7.726
2019-09-03 15:00:00,0.369,7.729
2019-09-03 16:00:00,0.453,8.352
2019-09-03 17:00:00,0.548,9.056
2019-09-03 18:00:00,0.642,9.797
2019-09-03 19:00:00,0.724,10.517
2019-09-03 20:00:00,0.789,11.199
2019-09-03 21:00:00,0.827,11.676
2019-09-03 22:00:00,0.845,11.933
2019-09-03 23:00:00,0.836,11.808
2019-09-04 00:00:00,0.783,11.138
2019-09-04 01:00:00,0.789,11.206
2019-09-04 02:00:00,0.871,12.34
2019-09-04 03:00:00,0.879,12.481
2019-09-04 04:00:00,0.903,12.951
2019-09-04 05:00:00,0.941,13.912
2019-09-04 06:00:00,0.954,14.351
2019-09-04 07:00:00,0.933,13.673
2019-09-04 08:00:00,0.894,12.756
2019-09-04 09:00:00,0.883,12.552
2019-09-04 10:00:00,0.843,11.907
2019-09-04 11:00:00,0.763,10.919
2019-09-04 12:00:00,0.74,10.68
2019-09-04 13:00:00,0.735,10.625
2019-09-04 14:00:00,0.709,10.379
2019-09-04 15:00:00,0.735,10.624
2019-09-04 16:00:00,0.84,11.865
2019-09-04 17:00:00,0.933,13.672
2019-09-04 18:00:00,0.968,14.994
2019-09-04 19:00:00,0.982,15.912
2019-09-04 20:00:00,0.982,15.901
2019-09-04 21:00:00,0.969,15.053
2019-09-04 22:00:00,0.973,15.251
2019-09-04 23:00:00,0.989,17.117
2019-09-05 00:00:00,0.987,17.991
2019-09-05 01:00:00,0.989,17.494
2019-09-05 02:00:00,0.989,17.267
2019-09-05 03:00:00,0.989,17.133
2019-09-05 04:00:00,0.988,16.839
2019-09-05 05:00:00,0.986,16.487
2019-09-05 06:00:00,0.983,16.082
2019-09-05 07:00:00,0.979,15.66
2019-09-05 08:00:00,0.971,15.179
2019-09-05 09:00:00,0.96,14.62
2019-09-05 10:00:00,0.943,13.98
2019-09-05 11:00:00,0.919,13.313
2019-09-05 12:00:00,0.89,12.683
2019-09-05 13:00:00,0.847,11.967
2019-09-05 14:00:00,0.792,11.233
2019-09-05 15:00:00,0.72,10.48
2019-09-05 16:00:00,0.658,9.919
2019-09-05 17:00:00,0.633,9.725
2019-09-05 18:00:00,0.655,9.899
2019-09-05 19:00:00,0.696,10.259
2019-09-05 20:00:00,0.751,10.791
2019-09-05 21:00:00,0.829,11.705
2019-09-05 22:00:00,0.87,12.324
2019-09-05 23:00:00,0.852,12.043
2019-09-06 00:00:00,0.827,11.682
2019-09-06 01:00:00,0.838,11.831
2019-09-06 02:00:00,0.86,12.149
2019-09-06 03:00:00,0.89,12.683
2019-09-06 04:00:00,0.918,13.287
2019-09-06 05:00:00,0.921,13.355
2019-09-06 06:00:00,0.929,13.559
2019-09-06 07:00:00,0.937,13.785
2019-09-06 08:00:00,0.939,13.866
2019-09-06 09:00:00,0.964,14.793
2019-09-06 10:00:00,0.979,15.721
2019-09-06 11:00:00,0.982,15.99
2019-09-06 12:00:00,0.978,15.597
2019-09-06 13:00:00,0.957,14.478
2019-09-06 14:00:00,0.915,13.212
2019-09-06 15:00:00,0.843,11.895
2019-09-06 16:00:00,0.763,10.913
2019-09-06 17:00:00,0.687,10.173
2019-09-06 18:00:00,0.599,9.447
2019-09-06 19:00:00,0.533,8.948
2019-09-06 20:00:00,0.551,9.086
2019-09-06 21:00:00,0.631,9.703
2019-09-06 22:00:00,0.689,10.188
2019-09-06 23:00:00,0.709,10.384
2019-09-07 00:00:00,0.697,10.272
2019-09-07 01:00:00,0.65,9.867
2019-09-07 02:00:00,0.599,9.442
2019-09-07 03:00:00,0.601,9.471
2019-09-07 04:00:00,0.672,10.05
2019-09-07 05:00:00,0.754,10.822
2019-09-07 06:00:00,0.812,11.482
2019-09-07 07:00:00,0.851,12.011
2019-09-07 08:00:00,0.885,12.585
2019-09-07 09:00:00,0.902,12.916
2019-09-07 10:00:00,0.894,12.763
2019-09-07 11:00:00,0.88,12.502
2019-09-07 12:00:00,0.873,12.38
2019-09-07 13:00:00,0.874,12.395
2019-09-07 14:00:00,0.875,12.398
2019-09-07 15:00:00,0.877,12.439
2019-09-07 16:00:00,0.875,12.402
2019-09-07 17:00:00,0.871,12.343
2019-09-07 18:00:00,0.865,12.249
2019-09-07 19:00:00,0.855,12.089
2019-09-07 20:00:00,0.839,11.851
2019-09-07 21:00:00,0.817,11.536
2019-09-07 22:00:00,0.784,11.145
2019-09-07 23:00:00,0.754,10.817
2019-09-08 00:00:00,0.726,10.545
2019-09-08 01:00:00,0.709,10.371
2019-09-08 02:00:00,0.696,10.265
2019-09-08 03:00:00,0.704,10.327
2019-09-08 04:00:00,0.691,10.213
2019-09-08 05:00:00,0.679,10.114
2019-09-08 06:00:00,0.663,9.965
2019-09-08 07:00:00,0.62,9.616
2019-09-08 08:00:00,0.575,9.266
2019-09-08 09:00:00,0.511,8.783
2019-09-08 10:00:00,0.451,8.342
2019-09-08 11:00:00,0.408,8.025
2019-09-08 12:00:00,0.368,7.727
2019-09-08 13:00:00,0.344,7.528
2019-09-08 14:00:00,0.328,7.407
2019-09-08 15:00:00,0.31,7.265
2019-09-08 16:00:00,0.299,7.173
2019-09-08 17:00:00,0.28,7.018
2019-09-08 18:00:00,0.237,6.642
2019-09-08 19:00:00,0.181,6.083
2019-09-08 20:00:00,0.117,5.311
2019-09-08 21:00:00,0.058,4.361
2019-09-08 22:00:00,0.025,3.521
2019-09-08 23:00:00,0.016,3.201
2019-09-09 00:00:00,0.031,3.708
2019-09-09 01:00:00,0.07,4.6
2019-09-09 02:00:00,0.115,5.29
2019-09-09 03:00:00,0.122,5.388
2019-09-09 04:00:00,0.102,5.11
2019-09-09 05:00:00,0.078,4.729
2019-09-09 06:00:00,0.063,4.462
2019-09-09 07:00:00,0.059,4.376
2019-09-09 08:00:00,0.071,4.605
2019-09-09 09:00:00,0.106,5.169
2019-09-09 10:00:00,0.157,5.825
2019-09-09 11:00:00,0.215,6.422
2019-09-09 12:00:00,0.268,6.91
2019-09-09 13:00:00,0.297,7.147
2019-09-09 14:00:00,0.281,7.03
2019-09-09 15:00:00,0.219,6.461
2019-09-09 16:00:00,0.149,5.721
2019-09-09 17:00:00,0.107,5.187
2019-09-09 18:00:00,0.087,4.889
2019-09-09 19:00:00,0.077,4.724
2019-09-09 20:00:00,0.065,4.511
2019-09-09 21:00:00,0.052,4.246
2019-09-09 22:00:00,0.042,4.008
2019-09-09 23:00:00,0.037,3.871
2019-09-10 00:00:00,0.035,3.828
2019-09-10 01:00:00,0.029,3.654
2019-09-10 02:00:00,0.02,3.357
2019-09-10 03:00:00,0.019,3.324
2019-09-10 04:00:00,0.022,3.417
2019-09-10 05:00:00,0.024,3.504
2019-09-10 06:00:00,0.024,3.49
2019-09-10 07:00:00,0.017,3.205
2019-09-10 08:00:00,0.01,2.857
2019-09-10 09:00:00,0.008,2.72
2019-09-10 10:00:00,0.01,2.892
2019-09-10 11:00:00,0.017,3.219
2019-09-10 12:00:00,0.023,3.446
2019-09-10 13:00:00,0.016,3.175
2019-09-10 14:00:00,0.012,3.022
2019-09-10 15:00:00,0.038,3.91
2019-09-10 16:00:00,0.085,4.846
2019-09-10 17:00:00,0.101,5.099
2019-09-10 18:00:00,0.085,4.843
2019-09-10 19:00:00,0.11,5.224
2019-09-10 20:00:00,0.202,6.3
2019-09-10 21:00:00,0.377,7.786
2019-09-10 22:00:00,0.578,9.287
2019-09-10 23:00:00,0.698,10.283
2019-09-11 00:00:00,0.753,10.812
2019-09-11 01:00:00,0.789,11.202
2019-09-11 02:00:00,0.852,12.041
2019-09-11 03:00:00,0.922,13.393
2019-09-11 04:00:00,0.95,14.219
2019-09-11 05:00:00,0.965,14.82
2019-09-11 06:00:00,0.973,15.254
2019-09-11 07:00:00,0.972,15.192
2019-09-11 08:00:00,0.965,14.828
2019-09-11 09:00:00,0.957,14.483
2019-09-11 10:00:00,0.944,13.997
2019-09-11 11:00:00,0.914,13.197
2019-09-11 12:00:00,0.861,12.18
2019-09-11 13:00:00,0.835,11.786
2019-09-11 14:00:00,0.779,11.08
2019-09-11 15:00:00,0.701,10.302
2019-09-11 16:00:00,0.6,9.454
2019-09-11 17:00:00,0.52,8.856
2019-09-11 18:00:00,0.494,8.657
2019-09-11 19:00:00,0.518,8.83
2019-09-11 20:00:00,0.589,9.374
2019-09-11 21:00:00,0.615,9.573
2019-09-11 22:00:00,0.503,8.728
2019-09-11 23:00:00,0.504,8.734
2019-09-12 00:00:00,0.535,8.962
2019-09-12 01:00:00,0.556,9.121
2019-09-12 02:00:00,0.551,9.085
2019-09-12 03:00:00,0.556,9.125
2019-09-12 04:00:00,0.574,9.253
2019-09-12 05:00:00,0.583,9.325
2019-09-12 06:00:00,0.608,9.514
2019-09-12 07:00:00,0.616,9.58
2019-09-12 08:00:00,0.608,9.521
2019-09-12 09:00:00,0.601,9.463
2019-09-12 10:00:00,0.609,9.528
2019-09-12 11:00:00,0.622,9.638
2019-09-12 12:00:00,0.63,9.689
2019-09-12 13:00:00,0.644,9.814
2019-09-12 14:00:00,0.682,10.138
2019-09-12 15:00:00,0.76,10.877
2019-09-12 16:00:00,0.837,11.82
2019-09-12 17:00:00,0.88,12.495
2019-09-12 18:00:00,0.914,13.198
2019-09-12 19:00:00,0.954,14.386
2019-09-12 20:00:00,0.966,14.901
2019-09-12 21:00:00,0.946,14.077
2019-09-12 22:00:00,0.906,12.992
2019-09-12 23:00:00,0.841,11.876
2019-09-13 00:00:00,0.782,11.118
2019-09-13 01:00:00,0.741,10.684
2019-09-13 02:00:00,0.642,9.797
2019-09-13 03:00:00,0.533,8.949
2019-09-13 04:00:00,0.432,8.204
2019-09-13 05:00:00,0.347,7.563
2019-09-13 06:00:00,0.319,7.329
2019-09-13 07:00:00,0.319,7.329
2019-09-13 08:00:00,0.299,7.175
2019-09-13 09:00:00,0.277,6.987
2019-09-13 10:00:00,0.28,7.008
2019-09-13 11:00:00,0.29,7.094
2019-09-13 12:00:00,0.313,7.287
2019-09-13 13:00:00,0.343,7.524
2019-09-13 14:00:00,0.325,7.384
2019-09-13 15:00:00,0.285,7.058
2019-09-13 16:00:00,0.25,6.748
2019-09-13 17:00:00,0.181,6.075
2019-09-13 18:00:00,0.136,5.562
2019-09-13 19:00:00,0.116,5.304
2019-09-13 20:00:00,0.062,4.439
2019-09-13 21:00:00,0.029,3.666
2019-09-13 22:00:00,0.029,3.653
2019-09-13 23:00:00,0.024,3.481
2019-09-14 00:00:00,0.022,3.438
2019-09-14 01:00:00,0.026,3.567
2019-09-14 02:00:00,0.027,3.583
2019-09-14 03:00:00,0.024,3.511
2019-09-14 04:00:00,0.029,3.672
2019-09-14 05:00:00,0.043,4.044
2019-09-14 06:00:00,0.073,4.644
2019-09-14 07:00:00,0.101,5.09
2019-09-14 08:00:00,0.128,5.468
2019-09-14 09:00:00,0.171,5.966
2019-09-14 10:00:00,0.246,6.713
2019-09-14 11:00:00,0.31,7.264
2019-09-14 12:00:00,0.374,7.765
2019-09-14 13:00:00,0.422,8.134
2019-09-14 14:00:00,0.46,8.407
2019-09-14 15:00:00,0.502,8.723
2019-09-14 16:00:00,0.558,9.139
2019-09-14 17:00:00,0.633,9.722
2019-09-14 18:00:00,0.71,10.389
2019-09-14 19:00:00,0.786,11.166
2019-09-14 20:00:00,0.824,11.638
2019-09-14 21:00:00,0.845,11.919
2019-09-14 22:00:00,0.856,12.094
2019-09-14 23:00:00,0.861,12.166
2019-09-15 00:00:00,0.867,12.275
2019-09-15 01:00:00,0.87,12.325
2019-09-15 02:00:00,0.851,12.016
2019-09-15 03:00:00,0.837,11.824
2019-09-15 04:00:00,0.841,11.88
2019-09-15 05:00:00,0.844,11.915
2019-09-15 06:00:00,0.835,11.783
2019-09-15 07:00:00,0.763,10.904
2019-09-15 08:00:00,0.676,10.078
2019-09-15 09:00:00,0.66,9.942
2019-09-15 10:00:00,0.642,9.801
2019-09-15 11:00:00,0.608,9.526
2019-09-15 12:00:00,0.537,8.976
2019-09-15 13:00:00,0.456,8.38
2019-09-15 14:00:00,0.426,8.149
2019-09-15 15:00:00,0.369,7.73
2019-09-15 16:00:00,0.298,7.165
2019-09-15 17:00:00,0.229,6.565
2019-09-15 18:00:00,0.166,5.926
2019-09-15 19:00:00,0.109,5.218
2019-09-15 20:00:00,0.106,5.173
2019-09-15 21:00:00,0.118,5.322
2019-09-15 22:00:00,0.117,5.312
2019-09-15 23:00:00,0.112,5.26
2019-09-16 00:00:00,0.1,5.083
2019-09-16 01:00:00,0.084,4.829
2019-09-16 02:00:00,0.071,4.614
2019-09-16 03:00:00,0.062,4.439
2019-09-16 04:00:00,0.052,4.236
2019-09-16 05:00:00,0.044,4.054
2019-09-16 06:00:00,0.045,4.079
2019-09-16 07:00:00,0.056,4.323
2019-09-16 08:00:00,0.075,4.69
2019-09-16 09:00:00,0.105,5.151
2019-09-16 10:00:00,0.162,5.876
2019-09-16 11:00:00,0.241,6.668
2019-09-16 12:00:00,0.294,7.132
2019-09-16 13:00:00,0.359,7.643
2019-09-16 14:00:00,0.409,8.026
2019-09-16 15:00:00,0.434,8.218
2019-09-16 16:00:00,0.446,8.307
2019-09-16 17:00:00,0.458,8.391
2019-09-16 18:00:00,0.465,8.445
2019-09-16 19:00:00,0.484,8.59
2019-09-16 20:00:00,0.499,8.69
2019-09-16 21:00:00,0.497,8.677
2019-09-16 22:00:00,0.503,8.73
2019-09-16 23:00:00,0.567,9.205
2019-09-17 00:00:00,0.65,9.865
2019-09-17 01:00:00,0.722,10.502
2019-09-17 02:00:00,0.76,10.876
2019-09-17 03:00:00,0.779,11.083
2019-09-17 04:00:00,0.783,11.13
2019-09-17 05:00:00,0.801,11.336
2019-09-17 06:00:00,0.822,11.607
2019-09-17 07:00:00,0.838,11.826
2019-09-17 08:00:00,0.85,11.991
2019-09-17 09:00:00,0.862,12.189
2019-09-17 10:00:00,0.873,12.366
2019-09-17 11:00:00,0.871,12.334
2019-09-17 12:00:00,0.873,12.379
2019-09-17 13:00:00,0.871,12.333
2019-09-17 14:00:00,0.855,12.083
2019-09-17 15:00:00,0.846,11.955
2019-09-17 16:00:00,0.838,11.827
2019-09-17 17:00:00,0.814,11.502
2019-09-17 18:00:00,0.777,11.067
2019-09-17 19:00:00,0.722,10.497
2019-09-17 20:00:00,0.651,9.872
2019-09-17 21:00:00,0.579,9.3
2019-09-17 22:00:00,0.515,8.813
2019-09-17 23:00:00,0.467,8.464
2019-09-18 00:00:00,0.45,8.326
2019-09-18 01:00:00,0.456,8.38
2019-09-18 02:00:00,0.471,8.486
2019-09-18 03:00:00,0.484,8.575
2019-09-18 04:00:00,0.497,8.682
2019-09-18 05:00:00,0.509,8.766
2019-09-18 06:00:00,0.471,8.487
2019-09-18 07:00:00,0.419,8.1
2019-09-18 08:00:00,0.372,7.754
2019-09-18 09:00:00,0.324,7.377
2019-09-18 10:00:00,0.289,7.085
2019-09-18 11:00:00,0.27,6.927
2019-09-18 12:00:00,0.25,6.75
2019-09-18 13:00:00,0.222,6.482
2019-09-18 14:00:00,0.204,6.32
2019-09-18 15:00:00,0.185,6.122
2019-09-18 16:00:00,0.16,5.855
2019-09-18 17:00:00,0.142,5.644
2019-09-18 18:00:00,0.118,5.331
2019-09-18 19:00:00,0.088,4.906
2019-09-18 20:00:00,0.059,4.378
2019-09-18 21:00:00,0.04,3.953
2019-09-18 22:00:00,0.031,3.703
2019-09-18 23:00:00,0.026,3.572
2019-09-19 00:00:00,0.024,3.516
2019-09-19 01:00:00,0.021,3.41
2019-09-19 02:00:00,0.02,3.357
2019-09-19 03:00:00,0.024,3.484
2019-09-19 04:00:00,0.029,3.675
2019-09-19 05:00:00,0.041,3.985
2019-09-19 06:00:00,0.042,4.014
2019-09-19 07:00:00,0.027,3.595
2019-09-19 08:00:00,0.017,3.215
2019-09-19 09:00:00,0.009,2.848
2019-09-19 10:00:00,0.006,2.617
2019-09-19 11:00:00,0.008,2.727
2019-09-19 12:00:00,0.014,3.111
2019-09-19 13:00:00,0.026,3.563
2019-09-19 14:00:00,0.032,3.741
2019-09-19 15:00:00,0.026,3.577
2019-09-19 16:00:00,0.017,3.224
2019-09-19 17:00:00,0.011,2.941
2019-09-19 18:00:00,0.011,2.955
2019-09-19 19:00:00,0.021,3.406
2019-09-19 20:00:00,0.042,4.012
2019-09-19 21:00:00,0.073,4.643
2019-09-19 22:00:00,0.1,5.077
2019-09-19 23:00:00,0.124,5.415
2019-09-20 00:00:00,0.15,5.734
2019-09-20 01:00:00,0.179,6.063
2019-09-20 02:00:00,0.206,6.33
2019-09-20 03:00:00,0.219,6.467
2019-09-20 04:00:00,0.215,6.425
2019-09-20 05:00:00,0.197,6.249
2019-09-20 06:00:00,0.175,6.016
2019-09-20 07:00:00,0.155,5.787
2019-09-20 08:00:00,0.139,5.61
2019-09-20 09:00:00,0.131,5.501
2019-09-20 10:00:00,0.126,5.442
2019-09-20 11:00:00,0.117,5.307
2019-09-20 12:00:00,0.1,5.086
2019-09-20 13:00:00,0.088,4.898
2019-09-20 14:00:00,0.082,4.796
2019-09-20 15:00:00,0.09,4.926
2019-09-20 16:00:00,0.116,5.305
2019-09-20 17:00:00,0.161,5.869
2019-09-20 18:00:00,0.227,6.547
2019-09-20 19:00:00,0.31,7.259
2019-09-20 20:00:00,0.402,7.979
2019-09-20 21:00:00,0.499,8.7
2019-09-20 22:00:00,0.58,9.304
2019-09-20 23:00:00,0.636,9.74
2019-09-21 00:00:00,0.667,10.005
2019-09-21 01:00:00,0.68,10.119
2019-09-21 02:00:00,0.689,10.194
2019-09-21 03:00:00,0.69,10.205
2019-09-21 04:00:00,0.693,10.232
2019-09-21 05:00:00,0.706,10.347
2019-09-21 06:00:00,0.733,10.597
2019-09-21 07:00:00,0.76,10.882
2019-09-21 08:00:00,0.779,11.084
2019-09-21 09:00:00,0.768,10.966
2019-09-21 10:00:00,0.747,10.736
2019-09-21 11:00:00,0.741,10.685
2019-09-21 12:00:00,0.768,10.963
2019-09-21 13:00:00,0.802,11.351
2019-09-21 14:00:00,0.818,11.561
2019-09-21 15:00:00,0.827,11.674
2019-09-21 16:00:00,0.841,11.871
2019-09-21 17:00:00,0.862,12.186
2019-09-21 18:00:00,0.879,12.475
2019-09-21 19:00:00,0.887,12.622
2019-09-21 20:00:00,0.889,12.661
2019-09-21 21:00:00,0.886,12.603
2019-09-21 22:00:00,0.898,12.843
2019-09-21 23:00:00,0.856,12.1
2019-09-22 00:00:00,0.815,11.51
2019-09-22 01:00:00,0.76,10.871
2019-09-22 02:00:00,0.74,10.674
2019-09-22 03:00:00,0.75,10.78
2019-09-22 04:00:00,0.762,10.898
2019-09-22 05:00:00,0.772,11.005
2019-09-22 06:00:00,0.785,11.146
2019-09-22 07:00:00,0.808,11.433
2019-09-22 08:00:00,0.818,11.558
2019-09-22 09:00:00,0.801,11.336
2019-09-22 10:00:00,0.775,11.041
2019-09-22 11:00:00,0.773,11.026
2019-09-22 12:00:00,0.781,11.105
2019-09-22 13:00:00,0.771,10.997
2019-09-22 14:00:00,0.738,10.658
2019-09-22 15:00:00,0.702,10.316
2019-09-22 16:00:00,0.679,10.102
2019-09-22 17:00:00,0.659,9.934
2019-09-22 18:00:00,0.633,9.718
2019-09-22 19:00:00,0.614,9.57
2019-09-22 20:00:00,0.605,9.498
2019-09-22 21:00:00,0.605,9.491
2019-09-22 22:00:00,0.594,9.407
2019-09-22 23:00:00,0.542,9.016
2019-09-23 00:00:00,0.482,8.566
2019-09-23 01:00:00,0.475,8.518
2019-09-23 02:00:00,0.515,8.819
2019-09-23 03:00:00,0.486,8.603
2019-09-23 04:00:00,0.455,8.376
2019-09-23 05:00:00,0.509,8.765
2019-09-23 06:00:00,0.52,8.85
2019-09-23 07:00:00,0.485,8.597
2019-09-23 08:00:00,0.452,8.345
2019-09-23 09:00:00,0.431,8.199
2019-09-23 10:00:00,0.429,8.183
2019-09-23 11:00:00,0.455,8.374
2019-09-23 12:00:00,0.453,8.352
2019-09-23 13:00:00,0.407,8.015
2019-09-23 14:00:00,0.373,7.756
2019-09-23 15:00:00,0.383,7.832
2019-09-23 16:00:00,0.429,8.185
2019-09-23 17:00:00,0.544,9.025
2019-09-23 18:00:00,0.647,9.837
2019-09-23 19:00:00,0.718,10.464
2019-09-23 20:00:00,0.748,10.754
2019-09-23 21:00:00,0.758,10.863
2019-09-23 22:00:00,0.774,11.034
2019-09-23 23:00:00,0.822,11.613
2019-09-24 00:00:00,0.86,12.152
2019-09-24 01:00:00,0.898,12.839
2019-09-24 02:00:00,0.915,13.205
2019-09-24 03:00:00,0.909,13.075
2019-09-24 04:00:00,0.909,13.068
2019-09-24 05:00:00,0.91,13.097
2019-09-24 06:00:00,0.911,13.122
2019-09-24 07:00:00,0.905,12.985
2019-09-24 08:00:00,0.896,12.798
2019-09-24 09:00:00,0.9,12.891
2019-09-24 10:00:00,0.917,13.26
2019-09-24 11:00:00,0.927,13.503
2019-09-24 12:00:00,0.946,14.095
2019-09-24 13:00:00,0.96,14.618
2019-09-24 14:00:00,0.968,15.005
2019-09-24 15:00:00,0.976,15.468
2019-09-24 16:00:00,0.974,15.335
2019-09-24 17:00:00,0.968,14.984
2019-09-24 18:00:00,0.949,14.192
2019-09-24 19:00:00,0.917,13.266
2019-09-24 20:00:00,0.849,11.983
2019-09-24 21:00:00,0.748,10.754
2019-09-24 22:00:00,0.594,9.405
2019-09-24 23:00:00,0.469,8.475
2019-09-25 00:00:00,0.413,8.06
2019-09-25 01:00:00,0.377,7.783
2019-09-25 02:00:00,0.342,7.522
2019-09-25 03:00:00,0.324,7.374
2019-09-25 04:00:00,0.319,7.337
2019-09-25 05:00:00,0.334,7.463
2019-09-25 06:00:00,0.377,7.788
2019-09-25 07:00:00,0.411,8.044
2019-09-25 08:00:00,0.437,8.236
2019-09-25 09:00:00,0.455,8.373
2019-09-25 10:00:00,0.491,8.636
2019-09-25 11:00:00,0.566,9.196
2019-09-25 12:00:00,0.642,9.8
2019-09-25 13:00:00,0.666,10.002
2019-09-25 14:00:00,0.67,10.036
2019-09-25 15:00:00,0.669,10.02
2019-09-25 16:00:00,0.661,9.951
2019-09-25 17:00:00,0.654,9.892
2019-09-25 18:00:00,0.622,9.633
2019-09-25 19:00:00,0.544,9.026
2019-09-25 20:00:00,0.452,8.345
2019-09-25 21:00:00,0.383,7.83
2019-09-25 22:00:00,0.386,7.856
2019-09-25 23:00:00,0.443,8.278
2019-09-26 00:00:00,0.509,8.77
2019-09-26 01:00:00,0.527,8.896
2019-09-26 02:00:00,0.487,8.612
2019-09-26 03:00:00,0.506,8.751
2019-09-26 04:00:00,0.59,9.379
2019-09-26 05:00:00,0.663,9.97
2019-09-26 06:00:00,0.739,10.669
2019-09-26 07:00:00,0.813,11.491
2019-09-26 08:00:00,0.875,12.412
2019-09-26 09:00:00,0.903,12.951
2019-09-26 10:00:00,0.886,12.61
2019-09-26 11:00:00,0.857,12.12
2019-09-26 12:00:00,0.814,11.504
2019-09-26 13:00:00,0.729,10.566
2019-09-26 14:00:00,0.658,9.926
2019-09-26 15:00:00,0.629,9.684
2019-09-26 16:00:00,0.632,9.71
2019-09-26 17:00:00,0.621,9.624
2019-09-26 18:00:00,0.645,9.821
2019-09-26 19:00:00,0.682,10.134
2019-09-26 20:00:00,0.722,10.497
2019-09-26 21:00:00,0.764,10.924
2019-09-26 22:00:00,0.782,11.116
2019-09-26 23:00:00,0.806,11.409
2019-09-27 00:00:00,0.833,11.757
2019-09-27 01:00:00,0.855,12.083
2019-09-27 02:00:00,0.849,11.989
2019-09-27 03:00:00,0.836,11.799
2019-09-27 04:00:00,0.828,11.687
2019-09-27 05:00:00,0.829,11.707
2019-09-27 06:00:00,0.831,11.735
2019-09-27 07:00:00,0.836,11.8
2019-09-27 08:00:00,0.843,11.896
2019-09-27 09:00:00,0.849,11.986
2019-09-27 10:00:00,0.856,12.097
2019-09-27 11:00:00,0.873,12.377
2019-09-27 12:00:00,0.899,12.848
2019-09-27 13:00:00,0.922,13.369
2019-09-27 14:00:00,0.945,14.044
2019-09-27 15:00:00,0.961,14.643
2019-09-27 16:00:00,0.968,14.99
2019-09-27 17:00:00,0.974,15.305
2019-09-27 18:00:00,0.979,15.693
2019-09-27 19:00:00,0.978,15.623
2019-09-27 20:00:00,0.976,15.483
2019-09-27 21:00:00,0.977,15.567
2019-09-27 22:00:00,0.978,15.598
2019-09-27 23:00:00,0.973,15.272
2019-09-28 00:00:00,0.962,14.712
2019-09-28 01:00:00,0.948,14.149
2019-09-28 02:00:00,0.931,13.614
2019-09-28 03:00:00,0.917,13.27
2019-09-28 04:00:00,0.913,13.169
2019-09-28 05:00:00,0.928,13.525
2019-09-28 06:00:00,0.957,14.497
2019-09-28 07:00:00,0.983,16.008
2019-09-28 08:00:00,0.989,17.166
2019-09-28 09:00:00,0.989,17.468
2019-09-28 10:00:00,0.989,17.367
2019-09-28 11:00:00,0.989,17.343
2019-09-28 12:00:00,0.989,16.996
2019-09-28 13:00:00,0.981,15.837
2019-09-28 14:00:00,0.948,14.161
2019-09-28 15:00:00,0.875,12.402
2019-09-28 16:00:00,0.782,11.115
2019-09-28 17:00:00,0.71,10.389
2019-09-28 18:00:00,0.686,10.166
2019-09-28 19:00:00,0.716,10.448
2019-09-28 20:00:00,0.75,10.777
2019-09-28 21:00:00,0.788,11.196
2019-09-28 22:00:00,0.819,11.572
2019-09-28 23:00:00,0.808,11.436
2019-09-29 00:00:00,0.746,10.734
2019-09-29 01:00:00,0.577,9.281
2019-09-29 02:00:00,0.45,8.329
2019-09-29 03:00:00,0.619,9.61
2019-09-29 04:00:00,0.801,11.344
2019-09-29 05:00:00,0.869,12.312
2019-09-29 06:00:00,0.883,12.564
2019-09-29 07:00:00,0.88,12.5
2019-09-29 08:00:00,0.889,12.65
2019-09-29 09:00:00,0.88,12.496
2019-09-29 10:00:00,0.826,11.658
2019-09-29 11:00:00,0.751,10.793
2019-09-29 12:00:00,0.659,9.936
2019-09-29 13:00:00,0.545,9.033
2019-09-29 14:00:00,0.502,8.71
2019-09-29 15:00:00,0.478,8.542
2019-09-29 16:00:00,0.563,9.17
2019-09-29 17:00:00,0.758,10.853
2019-09-29 18:00:00,0.912,13.136
2019-09-29 19:00:00,0.962,14.683
2019-09-29 20:00:00,0.969,15.032
2019-09-29 21:00:00,0.965,14.834
2019-09-29 22:00:00,0.964,14.792
2019-09-29 23:00:00,0.963,14.766
2019-09-30 00:00:00,0.959,14.589
2019-09-30 01:00:00,0.948,14.156
2019-09-30 02:00:00,0.93,13.592
2019-09-30 03:00:00,0.915,13.224
2019-09-30 04:00:00,0.913,13.157
2019-09-30 05:00:00,0.91,13.083
2019-09-30 06:00:00,0.896,12.796
2019-09-30 07:00:00,0.856,12.099
2019-09-30 08:00:00,0.805,11.393
2019-09-30 09:00:00,0.733,10.608
2019-09-30 10:00:00,0.674,10.065
2019-09-30 11:00:00,0.617,9.592
2019-09-30 12:00:00,0.532,8.94
2019-09-30 13:00:00,0.453,8.35
2019-09-30 14:00:00,0.349,7.574
2019-09-30 15:00:00,0.237,6.634
2019-09-30 16:00:00,0.142,5.646
2019-09-30 17:00:00,0.085,4.847
2019-09-30 18:00:00,0.069,4.581
2019-09-30 19:00:00,0.051,4.227
2019-09-30 20:00:00,0.062,4.447
2019-09-30 21:00:00,0.06,4.403
2019-09-30 22:00:00,0.079,4.748
2019-09-30 23:00:00,0.217,6.441
2019-10-01 00:00:00,0.426,8.155
2019-10-01 01:00:00,0.578,9.288
2019-10-01 02:00:00,0.576,9.271
2019-10-01 03:00:00,0.513,8.795
2019-10-01 04:00:00,0.488,8.616
2019-10-01 05:00:00,0.503,8.725
2019-10-01 06:00:00,0.524,8.885
2019-10-01 07:00:00,0.522,8.866
2019-10-01 08:00:00,0.541,9.006
2019-10-01 09:00:00,0.585,9.346
2019-10-01 10:00:00,0.65,9.867
2019-10-01 11:00:00,0.722,10.499
2019-10-01 12:00:00,0.76,10.869
2019-10-01 13:00:00,0.772,11.007
2019-10-01 14:00:00,0.779,11.081
2019-10-01 15:00:00,0.771,11.0
2019-10-01 16:00:00,0.766,10.951
2019-10-01 17:00:00,0.768,10.971
2019-10-01 18:00:00,0.773,11.01
2019-10-01 19:00:00,0.783,11.137
2019-10-01 20:00:00,0.801,11.335
2019-10-01 21:00:00,0.808,11.435
2019-10-01 22:00:00,0.805,11.395
2019-10-01 23:00:00,0.819,11.57
2019-10-02 00:00:00,0.847,11.959
2019-10-02 01:00:00,0.871,12.336
2019-10-02 02:00:00,0.884,12.571
2019-10-02 03:00:00,0.889,12.665
2019-10-02 04:00:00,0.894,12.763
2019-10-02 05:00:00,0.902,12.923
2019-10-02 06:00:00,0.915,13.22
2019-10-02 07:00:00,0.933,13.69
2019-10-02 08:00:00,0.95,14.236
2019-10-02 09:00:00,0.961,14.662
2019-10-02 10:00:00,0.968,14.996
2019-10-02 11:00:00,0.973,15.267
2019-10-02 12:00:00,0.977,15.554
2019-10-02 13:00:00,0.978,15.616
2019-10-02 14:00:00,0.971,15.154
2019-10-02 15:00:00,0.952,14.291
2019-10-02 16:00:00,0.925,13.463
2019-10-02 17:00:00,0.904,12.965
2019-10-02 18:00:00,0.902,12.918
2019-10-02 19:00:00,0.899,12.869
2019-10-02 20:00:00,0.88,12.495
2019-10-02 21:00:00,0.854,12.061
2019-10-02 22:00:00,0.839,11.853
2019-10-02 23:00:00,0.832,11.751
2019-10-03 00:00:00,0.824,11.641
2019-10-03 01:00:00,0.809,11.44
2019-10-03 02:00:00,0.794,11.258
2019-10-03 03:00:00,0.765,10.933
2019-10-03 04:00:00,0.698,10.277
2019-10-03 05:00:00,0.618,9.601
2019-10-03 06:00:00,0.537,8.978
2019-10-03 07:00:00,0.433,8.209
2019-10-03 08:00:00,0.319,7.34
2019-10-03 09:00:00,0.247,6.724
2019-10-03 10:00:00,0.201,6.295
2019-10-03 11:00:00,0.137,5.575
2019-10-03 12:00:00,0.079,4.758
2019-10-03 13:00:00,0.063,4.456
2019-10-03 14:00:00,0.067,4.535
2019-10-03 15:00:00,0.074,4.671
2019-10-03 16:00:00,0.088,4.892
2019-10-03 17:00:00,0.128,5.456
2019-10-03 18:00:00,0.22,6.476
2019-10-03 19:00:00,0.34,7.504
2019-10-03 20:00:00,0.422,8.126
2019-10-03 21:00:00,0.515,8.819
2019-10-03 22:00:00,0.607,9.507
2019-10-03 23:00:00,0.694,10.242
2019-10-04 00:00:00,0.783,11.132
2019-10-04 01:00:00,0.854,12.063
2019-10-04 02:00:00,0.893,12.742
2019-10-04 03:00:00,0.893,12.743
2019-10-04 04:00:00,0.869,12.308
2019-10-04 05:00:00,0.817,11.531
2019-10-04 06:00:00,0.717,10.44
2019-10-04 07:00:00,0.588,9.364
2019-10-04 08:00:00,0.471,8.488
2019-10-04 09:00:00,0.386,7.858
2019-10-04 10:00:00,0.351,7.588
2019-10-04 11:00:00,0.36,7.652
2019-10-04 12:00:00,0.386,7.851
2019-10-04 13:00:00,0.422,8.13
2019-10-04 14:00:00,0.469,8.474
2019-10-04 15:00:00,0.524,8.886
2019-10-04 16:00:00,0.586,9.353
2019-10-04 17:00:00,0.614,9.57
2019-10-04 18:00:00,0.596,9.429
2019-10-04 19:00:00,0.523,8.874
2019-10-04 20:00:00,0.424,8.144
2019-10-04 21:00:00,0.36,7.649
2019-10-04 22:00:00,0.346,7.554
2019-10-04 23:00:00,0.36,7.65
2019-10-05 00:00:00,0.282,7.033
2019-10-05 01:00:00,0.223,6.503
2019-10-05 02:00:00,0.193,6.207
2019-10-05 03:00:00,0.162,5.872
2019-10-05 04:00:00,0.143,5.657
2019-10-05 05:00:00,0.149,5.721
2019-10-05 06:00:00,0.139,5.601
2019-10-05 07:00:00,0.135,5.547
2019-10-05 08:00:00,0.16,5.859
2019-10-05 09:00:00,0.188,6.158
2019-10-05 10:00:00,0.223,6.507
2019-10-05 11:00:00,0.272,6.94
2019-10-05 12:00:00,0.315,7.304
2019-10-05 13:00:00,0.353,7.61
2019-10-05 14:00:00,0.395,7.927
2019-10-05 15:00:00,0.429,8.185
2019-10-05 16:00:00,0.46,8.403
2019-10-05 17:00:00,0.496,8.668
2019-10-05 18:00:00,0.544,9.025
2019-10-05 19:00:00,0.609,9.533
2019-10-05 20:00:00,0.677,10.088
2019-10-05 21:00:00,0.736,10.636
2019-10-05 22:00:00,0.797,11.299
2019-10-05 23:00:00,0.859,12.144
2019-10-06 00:00:00,0.899,12.847
2019-10-06 01:00:00,0.91,13.104
2019-10-06 02:00:00,0.91,13.094
2019-10-06 03:00:00,0.914,13.189
2019-10-06 04:00:00,0.92,13.335
2019-10-06 05:00:00,0.931,13.618
2019-10-06 06:00:00,0.95,14.191
2019-10-06 07:00:00,0.966,14.893
2019-10-06 08:00:00,0.975,15.385
2019-10-06 09:00:00,0.979,15.69
2019-10-06 10:00:00,0.982,15.991
2019-10-06 11:00:00,0.985,16.339
2019-10-06 12:00:00,0.987,16.666
2019-10-06 13:00:00,0.988,16.705
2019-10-06 14:00:00,0.986,16.485
2019-10-06 15:00:00,0.983,16.026
2019-10-06 16:00:00,0.975,15.41
2019-10-06 17:00:00,0.969,15.031
2019-10-06 18:00:00,0.946,14.058
2019-10-06 19:00:00,0.88,12.496
2019-10-06 20:00:00,0.851,12.016
2019-10-06 21:00:00,0.851,12.011
2019-10-06 22:00:00,0.83,11.723
2019-10-06 23:00:00,0.812,11.482
2019-10-07 00:00:00,0.796,11.276
2019-10-07 01:00:00,0.746,10.736
2019-10-07 02:00:00,0.677,10.081
2019-10-07 03:00:00,0.67,10.032
2019-10-07 04:00:00,0.694,10.243
2019-10-07 05:00:00,0.687,10.179
2019-10-07 06:00:00,0.677,10.083
2019-10-07 07:00:00,0.714,10.419
2019-10-07 08:00:00,0.738,10.658
2019-10-07 09:00:00,0.741,10.683
2019-10-07 10:00:00,0.741,10.686
2019-10-07 11:00:00,0.757,10.843
2019-10-07 12:00:00,0.798,11.315
2019-10-07 13:00:00,0.823,11.62
2019-10-07 14:00:00,0.824,11.639
2019-10-07 15:00:00,0.828,11.692
2019-10-07 16:00:00,0.85,11.998
2019-10-07 17:00:00,0.892,12.717
2019-10-07 18:00:00,0.932,13.647
2019-10-07 19:00:00,0.952,14.282
2019-10-07 20:00:00,0.955,14.403
2019-10-07 21:00:00,0.943,13.976
2019-10-07 22:00:00,0.906,13.01
2019-10-07 23:00:00,0.822,11.612
2019-10-08 00:00:00,0.769,10.979
2019-10-08 01:00:00,0.745,10.731
2019-10-08 02:00:00,0.767,10.961
2019-10-08 03:00:00,0.729,10.567
2019-10-08 04:00:00,0.687,10.182
2019-10-08 05:00:00,0.669,10.024
2019-10-08 06:00:00,0.681,10.126
2019-10-08 07:00:00,0.726,10.538
2019-10-08 08:00:00,0.766,10.951
2019-10-08 09:00:00,0.816,11.526
2019-10-08 10:00:00,0.853,12.046
2019-10-08 11:00:00,0.874,12.393
2019-10-08 12:00:00,0.895,12.774
2019-10-08 13:00:00,0.91,13.082
2019-10-08 14:00:00,0.922,13.387
2019-10-08 15:00:00,0.933,13.672
2019-10-08 16:00:00,0.933,13.681
2019-10-08 17:00:00,0.939,13.868
2019-10-08 18:00:00,0.952,14.303
2019-10-08 19:00:00,0.964,14.781
2019-10-08 20:00:00,0.968,15.017
2019-10-08 21:00:00,0.972,15.222
2019-10-08 22:00:00,0.969,15.046
2019-10-08 23:00:00,0.965,14.848
2019-10-09 00:00:00,0.963,14.761
2019-10-09 01:00:00,0.956,14.448
2019-10-09 02:00:00,0.942,13.941
2019-10-09 03:00:00,0.927,13.494
2019-10-09 04:00:00,0.914,13.17
2019-10-09 05:00:00,0.899,12.872
2019-10-09 06:00:00,0.882,12.539
2019-10-09 07:00:00,0.859,12.143
2019-10-09 08:00:00,0.829,11.712
2019-10-09 09:00:00,0.802,11.359
2019-10-09 10:00:00,0.781,11.098
2019-10-09 11:00:00,0.767,10.961
2019-10-09 12:00:00,0.767,10.954
2019-10-09 13:00:00,0.771,10.995
2019-10-09 14:00:00,0.783,11.133
2019-10-09 15:00:00,0.809,11.447
2019-10-09 16:00:00,0.836,11.8
2019-10-09 17:00:00,0.862,12.197
2019-10-09 18:00:00,0.88,12.501
2019-10-09 19:00:00,0.888,12.647
2019-10-09 20:00:00,0.886,12.605
2019-10-09 21:00:00,0.878,12.457
2019-10-09 22:00:00,0.866,12.264
2019-10-09 23:00:00,0.854,12.072
2019-10-10 00:00:00,0.852,12.037
2019-10-10 01:00:00,0.871,12.333
2019-10-10 02:00:00,0.894,12.753
2019-10-10 03:00:00,0.915,13.21
2019-10-10 04:00:00,0.933,13.669
2019-10-10 05:00:00,0.948,14.158
2019-10-10 06:00:00,0.959,14.573
2019-10-10 07:00:00,0.968,15.006
2019-10-10 08:00:00,0.975,15.429
2019-10-10 09:00:00,0.979,15.691
2019-10-10 10:00:00,0.978,15.577
2019-10-10 11:00:00,0.971,15.132
2019-10-10 12:00:00,0.96,14.628
2019-10-10 13:00:00,0.946,14.066
2019-10-10 14:00:00,0.928,13.553
2019-10-10 15:00:00,0.931,13.635
2019-10-10 16:00:00,0.924,13.446
2019-10-10 17:00:00,0.935,13.724
2019-10-10 18:00:00,0.974,15.352
2019-10-10 19:00:00,0.989,16.952
2019-10-10 20:00:00,0.989,17.657
2019-10-10 21:00:00,0.989,17.585
2019-10-10 22:00:00,0.989,17.496
2019-10-10 23:00:00,0.989,17.539
2019-10-11 00:00:00,0.989,17.575
2019-10-11 01:00:00,0.989,17.371
2019-10-11 02:00:00,0.989,17.047
2019-10-11 03:00:00,0.987,16.609
2019-10-11 04:00:00,0.985,16.229
2019-10-11 05:00:00,0.985,16.271
2019-10-11 06:00:00,0.986,16.417
2019-10-11 07:00:00,0.986,16.393
2019-10-11 08:00:00,0.986,16.453
2019-10-11 09:00:00,0.986,16.42
2019-10-11 10:00:00,0.987,16.623
2019-10-11 11:00:00,0.987,16.586
2019-10-11 12:00:00,0.987,16.575
2019-10-11 13:00:00,0.986,16.473
2019-10-11 14:00:00,0.988,16.686
2019-10-11 15:00:00,0.988,16.69
2019-10-11 16:00:00,0.975,15.433
2019-10-11 17:00:00,0.936,13.756
2019-10-11 18:00:00,0.891,12.701
2019-10-11 19:00:00,0.826,11.663
2019-10-11 20:00:00,0.783,11.127
2019-10-11 21:00:00,0.771,10.99
2019-10-11 22:00:00,0.815,11.513
2019-10-11 23:00:00,0.874,12.387
2019-10-12 00:00:00,0.894,12.763
2019-10-12 01:00:00,0.885,12.581
2019-10-12 02:00:00,0.886,12.608
2019-10-12 03:00:00,0.887,12.631
2019-10-12 04:00:00,0.89,12.686
2019-10-12 05:00:00,0.888,12.64
2019-10-12 06:00:00,0.877,12.444
2019-10-12 07:00:00,0.862,12.193
2019-10-12 08:00:00,0.832,11.737
2019-10-12 09:00:00,0.779,11.086
2019-10-12 10:00:00,0.716,10.437
2019-10-12 11:00:00,0.628,9.68
2019-10-12 12:00:00,0.545,9.03
2019-10-12 13:00:00,0.494,8.654
2019-10-12 14:00:00,0.453,8.355
2019-10-12 15:00:00,0.395,7.928
2019-10-12 16:00:00,0.383,7.83
2019-10-12 17:00:00,0.399,7.962
2019-10-12 18:00:00,0.413,8.067
2019-10-12 19:00:00,0.41,8.033
2019-10-12 20:00:00,0.39,7.892
2019-10-12 21:00:00,0.388,7.874
2019-10-12 22:00:00,0.387,7.865
2019-10-12 23:00:00,0.359,7.644
2019-10-13 00:00:00,0.299,7.179
2019-10-13 01:00:00,0.222,6.485
2019-10-13 02:00:00,0.156,5.802
2019-10-13 03:00:00,0.128,5.474
2019-10-13 04:00:00,0.131,5.503
2019-10-13 05:00:00,0.175,6.021
2019-10-13 06:00:00,0.284,7.052
2019-10-13 07:00:00,0.459,8.398
2019-10-13 08:00:00,0.596,9.431
2019-10-13 09:00:00,0.672,10.046
2019-10-13 10:00:00,0.763,10.909
2019-10-13 11:00:00,0.886,12.608
2019-10-13 12:00:00,0.947,14.125
2019-10-13 13:00:00,0.958,14.523
2019-10-13 14:00:00,0.968,15.018
2019-10-13 15:00:00,0.978,15.583
2019-10-13 16:00:00,0.989,17.561
2019-10-13 17:00:00,0.978,18.907
2019-10-13 18:00:00,0.975,19.069
2019-10-13 19:00:00,0.982,18.624
2019-10-13 20:00:00,0.988,17.721
2019-10-13 21:00:00,0.986,16.388
2019-10-13 22:00:00,0.967,14.938
2019-10-13 23:00:00,0.927,13.514
2019-10-14 00:00:00,0.86,12.154
2019-10-14 01:00:00,0.749,10.769
2019-10-14 02:00:00,0.599,9.44
2019-10-14 03:00:00,0.446,8.304
2019-10-14 04:00:00,0.321,7.347
2019-10-14 05:00:00,0.213,6.41
2019-10-14 06:00:00,0.11,5.223
2019-10-14 07:00:00,0.037,3.881
2019-10-14 08:00:00,0.029,3.67
2019-10-14 09:00:00,0.073,4.639
2019-10-14 10:00:00,0.155,5.782
2019-10-14 11:00:00,0.181,6.085
2019-10-14 12:00:00,0.145,5.681
2019-10-14 13:00:00,0.217,6.449
2019-10-14 14:00:00,0.423,8.139
2019-10-14 15:00:00,0.638,9.768
2019-10-14 16:00:00,0.779,11.083
2019-10-14 17:00:00,0.834,11.769
2019-10-14 18:00:00,0.837,11.813
2019-10-14 19:00:00,0.783,11.121
2019-10-14 20:00:00,0.722,10.493
2019-10-14 21:00:00,0.676,10.079
2019-10-14 22:00:00,0.717,10.451
2019-10-14 23:00:00,0.758,10.861
2019-10-15 00:00:00,0.769,10.977
2019-10-15 01:00:00,0.803,11.372
2019-10-15 02:00:00,0.858,12.124
2019-10-15 03:00:00,0.876,12.423
2019-10-15 04:00:00,0.873,12.366
2019-10-15 05:00:00,0.878,12.468
2019-10-15 06:00:00,0.875,12.397
2019-10-15 07:00:00,0.886,12.597
2019-10-15 08:00:00,0.86,12.149
2019-10-15 09:00:00,0.797,11.293
2019-10-15 10:00:00,0.787,11.175
2019-10-15 11:00:00,0.78,11.094
2019-10-15 12:00:00,0.731,10.577
2019-10-15 13:00:00,0.68,10.118
2019-10-15 14:00:00,0.666,10.0
2019-10-15 15:00:00,0.647,9.841
2019-10-15 16:00:00,0.594,9.402
2019-10-15 17:00:00,0.535,8.964
2019-10-15 18:00:00,0.484,8.588
2019-10-15 19:00:00,0.404,7.993
2019-10-15 20:00:00,0.358,7.638
2019-10-15 21:00:00,0.356,7.631
2019-10-15 22:00:00,0.34,7.503
2019-10-15 23:00:00,0.329,7.416
2019-10-16 00:00:00,0.299,7.178
2019-10-16 01:00:00,0.283,7.041
2019-10-16 02:00:00,0.318,7.326
2019-10-16 03:00:00,0.39,7.888
2019-10-16 04:00:00,0.491,8.64
2019-10-16 05:00:00,0.606,9.505
2019-10-16 06:00:00,0.709,10.378
2019-10-16 07:00:00,0.783,11.126
2019-10-16 08:00:00,0.833,11.755
2019-10-16 09:00:00,0.871,12.337
2019-10-16 10:00:00,0.907,13.041
2019-10-16 11:00:00,0.928,13.532
2019-10-16 12:00:00,0.916,13.25
2019-10-16 13:00:00,0.876,12.429
2019-10-16 14:00:00,0.801,11.337
2019-10-16 15:00:00,0.702,10.312
2019-10-16 16:00:00,0.674,10.065
2019-10-16 17:00:00,0.725,10.53
2019-10-16 18:00:00,0.634,9.73
2019-10-16 19:00:00,0.583,9.329
2019-10-16 20:00:00,0.622,9.633
2019-10-16 21:00:00,0.655,9.896
2019-10-16 22:00:00,0.626,9.663
2019-10-16 23:00:00,0.586,9.354
2019-10-17 00:00:00,0.556,9.121
2019-10-17 01:00:00,0.497,8.673
2019-10-17 02:00:00,0.426,8.15
2019-10-17 03:00:00,0.356,7.623
2019-10-17 04:00:00,0.31,7.268
2019-10-17 05:00:00,0.303,7.206
2019-10-17 06:00:00,0.324,7.381
2019-10-17 07:00:00,0.367,7.713
2019-10-17 08:00:00,0.407,8.009
2019-10-17 09:00:00,0.437,8.236
2019-10-17 10:00:00,0.48,8.549
2019-10-17 11:00:00,0.517,8.825
2019-10-17 12:00:00,0.534,8.956
2019-10-17 13:00:00,0.528,8.908
2019-10-17 14:00:00,0.517,8.826
2019-10-17 15:00:00,0.523,8.872
2019-10-17 16:00:00,0.583,9.332
2019-10-17 17:00:00,0.695,10.256
2019-10-17 18:00:00,0.788,11.194
2019-10-17 19:00:00,0.839,11.843
2019-10-17 20:00:00,0.86,12.148
2019-10-17 21:00:00,0.866,12.254
2019-10-17 22:00:00,0.847,11.967
2019-10-17 23:00:00,0.815,11.518
2019-10-18 00:00:00,0.779,11.082
2019-10-18 01:00:00,0.749,10.763
2019-10-18 02:00:00,0.733,10.604
2019-10-18 03:00:00,0.731,10.579
2019-10-18 04:00:00,0.757,10.845
2019-10-18 05:00:00,0.796,11.28
2019-10-18 06:00:00,0.827,11.673
2019-10-18 07:00:00,0.828,11.693
2019-10-18 08:00:00,0.796,11.29
2019-10-18 09:00:00,0.773,11.01
2019-10-18 10:00:00,0.827,11.678
2019-10-18 11:00:00,0.921,13.344
2019-10-18 12:00:00,0.958,14.512
2019-10-18 13:00:00,0.954,14.374
2019-10-18 14:00:00,0.946,14.08
2019-10-18 15:00:00,0.948,14.141
2019-10-18 16:00:00,0.952,14.277
2019-10-18 17:00:00,0.96,14.595
2019-10-18 18:00:00,0.967,14.914
2019-10-18 19:00:00,0.962,14.683
2019-10-18 20:00:00,0.949,14.18
2019-10-18 21:00:00,0.944,14.013
2019-10-18 22:00:00,0.943,13.97
2019-10-18 23:00:00,0.94,13.885
2019-10-19 00:00:00,0.933,13.67
2019-10-19 01:00:00,0.916,13.235
2019-10-19 02:00:00,0.894,12.768
2019-10-19 03:00:00,0.873,12.365
2019-10-19 04:00:00,0.852,12.034
2019-10-19 05:00:00,0.834,11.764
2019-10-19 06:00:00,0.818,11.558
2019-10-19 07:00:00,0.789,11.206
2019-10-19 08:00:00,0.745,10.724
2019-10-19 09:00:00,0.69,10.205
2019-10-19 10:00:00,0.668,10.016
2019-10-19 11:00:00,0.672,10.049
2019-10-19 12:00:00,0.674,10.065
2019-10-19 13:00:00,0.663,9.97
2019-10-19 14:00:00,0.66,9.941
2019-10-19 15:00:00,0.67,10.034
2019-10-19 16:00:00,0.669,10.027
2019-10-19 17:00:00,0.666,10.002
2019-10-19 18:00:00,0.672,10.05
2019-10-19 19:00:00,0.666,9.997
2019-10-19 20:00:00,0.649,9.851
2019-10-19 21:00:00,0.619,9.61
2019-10-19 22:00:00,0.599,9.441
2019-10-19 23:00:00,0.587,9.358
2019-10-20 00:00:00,0.575,9.265
2019-10-20 01:00:00,0.556,9.124
2019-10-20 02:00:00,0.521,8.86
2019-10-20 03:00:00,0.495,8.663
2019-10-20 04:00:00,0.451,8.342
2019-10-20 05:00:00,0.383,7.83
2019-10-20 06:00:00,0.342,7.518
2019-10-20 07:00:00,0.299,7.179
2019-10-20 08:00:00,0.261,6.846
2019-10-20 09:00:00,0.222,6.498
2019-10-20 10:00:00,0.177,6.033
2019-10-20 11:00:00,0.147,5.698
2019-10-20 12:00:00,0.176,6.027
2019-10-20 13:00:00,0.228,6.553
2019-10-20 14:00:00,0.319,7.334
2019-10-20 15:00:00,0.391,7.893
2019-10-20 16:00:00,0.45,8.325
2019-10-20 17:00:00,0.523,8.877
2019-10-20 18:00:00,0.591,9.389
2019-10-20 19:00:00,0.641,9.793
2019-10-20 20:00:00,0.661,9.955
2019-10-20 21:00:00,0.697,10.271
2019-10-20 22:00:00,0.737,10.646
2019-10-20 23:00:00,0.755,10.826
2019-10-21 00:00:00,0.719,10.471
2019-10-21 01:00:00,0.734,10.613
2019-10-21 02:00:00,0.73,10.576
2019-10-21 03:00:00,0.736,10.636
2019-10-21 04:00:00,0.749,10.767
2019-10-21 05:00:00,0.774,11.029
2019-10-21 06:00:00,0.791,11.221
2019-10-21 07:00:00,0.784,11.141
2019-10-21 08:00:00,0.76,10.87
2019-10-21 09:00:00,0.737,10.642
2019-10-21 10:00:00,0.707,10.361
2019-10-21 11:00:00,0.656,9.906
2019-10-21 12:00:00,0.579,9.301
2019-10-21 13:00:00,0.483,8.571
2019-10-21 14:00:00,0.362,7.672
2019-10-21 15:00:00,0.333,7.451
2019-10-21 16:00:00,0.407,8.015
2019-10-21 17:00:00,0.431,8.2
2019-10-21 18:00:00,0.386,7.853
2019-10-21 19:00:00,0.315,7.309
2019-10-21 20:00:00,0.277,6.986
2019-10-21 21:00:00,0.267,6.909
2019-10-21 22:00:00,0.281,7.023
2019-10-21 23:00:00,0.275,6.972
2019-10-22 00:00:00,0.236,6.62
2019-10-22 01:00:00,0.216,6.436
2019-10-22 02:00:00,0.259,6.826
2019-10-22 03:00:00,0.299,7.179
2019-10-22 04:00:00,0.316,7.314
2019-10-22 05:00:00,0.356,7.631
2019-10-22 06:00:00,0.402,7.982
2019-10-22 07:00:00,0.434,8.219
2019-10-22 08:00:00,0.5,8.704
2019-10-22 09:00:00,0.566,9.202
2019-10-22 10:00:00,0.611,9.55
2019-10-22 11:00:00,0.634,9.73
2019-10-22 12:00:00,0.647,9.831
2019-10-22 13:00:00,0.637,9.758
2019-10-22 14:00:00,0.621,9.625
2019-10-22 15:00:00,0.58,9.303
2019-10-22 16:00:00,0.49,8.632
2019-10-22 17:00:00,0.467,8.462
2019-10-22 18:00:00,0.506,8.746
2019-10-22 19:00:00,0.536,8.969
2019-10-22 20:00:00,0.525,8.887
2019-10-22 21:00:00,0.528,8.907
2019-10-22 22:00:00,0.539,8.987
2019-10-22 23:00:00,0.554,9.106
2019-10-23 00:00:00,0.562,9.165
2019-10-23 01:00:00,0.533,8.95
2019-10-23 02:00:00,0.503,8.73
2019-10-23 03:00:00,0.453,8.356
2019-10-23 04:00:00,0.399,7.955
2019-10-23 05:00:00,0.358,7.639
2019-10-23 06:00:00,0.319,7.331
2019-10-23 07:00:00,0.289,7.084
2019-10-23 08:00:00,0.272,6.949
2019-10-23 09:00:00,0.252,6.767
2019-10-23 10:00:00,0.225,6.528
2019-10-23 11:00:00,0.234,6.598
2019-10-23 12:00:00,0.296,7.14
2019-10-23 13:00:00,0.379,7.807
2019-10-23 14:00:00,0.446,8.299
2019-10-23 15:00:00,0.469,8.476
2019-10-23 16:00:00,0.44,8.256
2019-10-23 17:00:00,0.419,8.101
2019-10-23 18:00:00,0.438,8.25
2019-10-23 19:00:00,0.451,8.341
2019-10-23 20:00:00,0.386,7.854
2019-10-23 21:00:00,0.272,6.951
2019-10-23 22:00:00,0.238,6.644
2019-10-23 23:00:00,0.297,7.154
2019-10-24 00:00:00,0.367,7.718
2019-10-24 01:00:00,0.303,7.209
2019-10-24 02:00:00,0.211,6.394
2019-10-24 03:00:00,0.228,6.555
2019-10-24 04:00:00,0.308,7.239
2019-10-24 05:00:00,0.334,7.457
2019-10-24 06:00:00,0.328,7.402
2019-10-24 07:00:00,0.364,7.692
2019-10-24 08:00:00,0.434,8.218
2019-10-24 09:00:00,0.444,8.284
2019-10-24 10:00:00,0.419,8.101
2019-10-24 11:00:00,0.356,7.624
2019-10-24 12:00:00,0.275,6.977
2019-10-24 13:00:00,0.27,6.931
2019-10-24 14:00:00,0.328,7.41
2019-10-24 15:00:00,0.362,7.669
2019-10-24 16:00:00,0.44,8.255
2019-10-24 17:00:00,0.63,9.688
2019-10-24 18:00:00,0.736,10.637
2019-10-24 19:00:00,0.763,10.906
2019-10-24 20:00:00,0.823,11.628
2019-10-24 21:00:00,0.865,12.243
2019-10-24 22:00:00,0.868,12.289
2019-10-24 23:00:00,0.839,11.843
2019-10-25 00:00:00,0.844,11.916
2019-10-25 01:00:00,0.847,11.964
2019-10-25 02:00:00,0.876,12.435
2019-10-25 03:00:00,0.881,12.508
2019-10-25 04:00:00,0.875,12.407
2019-10-25 05:00:00,0.852,12.044
2019-10-25 06:00:00,0.814,11.504
2019-10-25 07:00:00,0.735,10.63
2019-10-25 08:00:00,0.619,9.608
2019-10-25 09:00:00,0.499,8.688
2019-10-25 10:00:00,0.453,8.359
2019-10-25 11:00:00,0.477,8.527
2019-10-25 12:00:00,0.575,9.264
2019-10-25 13:00:00,0.679,10.114
2019-10-25 14:00:00,0.838,11.827
2019-10-25 15:00:00,0.937,13.788
2019-10-25 16:00:00,0.986,16.37
2019-10-25 17:00:00,0.981,18.714
2019-10-25 18:00:00,0.96,19.729
2019-10-25 19:00:00,0.952,19.988
2019-10-25 20:00:00,0.921,20.778
2019-10-25 21:00:00,0.802,22.466
2019-10-25 22:00:00,0.788,22.618
2019-10-25 23:00:00,0.877,21.537
2019-10-26 00:00:00,0.955,19.911
2019-10-26 01:00:00,0.989,17.604
2019-10-26 02:00:00,0.959,14.552
2019-10-26 03:00:00,0.796,11.289
2019-10-26 04:00:00,0.509,8.771
2019-10-26 05:00:00,0.262,6.862
2019-10-26 06:00:00,0.142,5.638
2019-10-26 07:00:00,0.121,5.38
2019-10-26 08:00:00,0.123,5.405
2019-10-26 09:00:00,0.149,5.729
2019-10-26 10:00:00,0.156,5.804
2019-10-26 11:00:00,0.25,6.749
2019-10-26 12:00:00,0.316,7.313
2019-10-26 13:00:00,0.313,7.28
2019-10-26 14:00:00,0.32,7.343
2019-10-26 15:00:00,0.328,7.408
2019-10-26 16:00:00,0.483,8.57
2019-10-26 17:00:00,0.638,9.763
2019-10-26 18:00:00,0.683,10.145
2019-10-26 19:00:00,0.677,10.09
2019-10-26 20:00:00,0.78,11.097
2019-10-26 21:00:00,0.898,12.843
2019-10-26 22:00:00,0.95,14.223
2019-10-26 23:00:00,0.968,14.972
2019-10-27 00:00:00,0.975,15.391
2019-10-27 01:00:00,0.979,15.661
2019-10-27 02:00:00,0.979,15.671
2019-10-27 03:00:00,0.972,15.234
2019-10-27 04:00:00,0.969,15.054
2019-10-27 05:00:00,0.971,15.142
2019-10-27 06:00:00,0.971,15.165
2019-10-27 07:00:00,0.967,14.938
2019-10-27 08:00:00,0.961,14.638
2019-10-27 09:00:00,0.96,14.596
2019-10-27 10:00:00,0.958,14.548
2019-10-27 11:00:00,0.954,14.369
2019-10-27 12:00:00,0.948,14.155
2019-10-27 13:00:00,0.947,14.114
2019-10-27 14:00:00,0.949,14.173
2019-10-27 15:00:00,0.948,14.14
2019-10-27 16:00:00,0.943,13.982
2019-10-27 17:00:00,0.93,13.594
2019-10-27 18:00:00,0.905,12.985
2019-10-27 19:00:00,0.872,12.356
2019-10-27 20:00:00,0.829,11.705
2019-10-27 21:00:00,0.774,11.038
2019-10-27 22:00:00,0.718,10.466
2019-10-27 23:00:00,0.656,9.907
2019-10-28 00:00:00,0.59,9.382
2019-10-28 01:00:00,0.54,8.997
2019-10-28 02:00:00,0.509,8.762
2019-10-28 03:00:00,0.484,8.59
2019-10-28 04:00:00,0.469,8.475
2019-10-28 05:00:00,0.469,8.476
2019-10-28 06:00:00,0.473,8.504
2019-10-28 07:00:00,0.466,8.452
2019-10-28 08:00:00,0.443,8.278
2019-10-28 09:00:00,0.422,8.126
2019-10-28 10:00:00,0.402,7.978
2019-10-28 11:00:00,0.377,7.792
2019-10-28 12:00:00,0.353,7.605
2019-10-28 13:00:00,0.342,7.518
2019-10-28 14:00:00,0.344,7.533
2019-10-28 15:00:00,0.353,7.603
2019-10-28 16:00:00,0.365,7.703
2019-10-28 17:00:00,0.378,7.801
2019-10-28 18:00:00,0.386,7.853
2019-10-28 19:00:00,0.377,7.793
2019-10-28 20:00:00,0.353,7.611
2019-10-28 21:00:00,0.321,7.346
2019-10-28 22:00:00,0.302,7.201
2019-10-28 23:00:00,0.32,7.346
2019-10-29 00:00:00,0.364,7.693
2019-10-29 01:00:00,0.411,8.044
2019-10-29 02:00:00,0.443,8.278
2019-10-29 03:00:00,0.467,8.461
2019-10-29 04:00:00,0.485,8.597
2019-10-29 05:00:00,0.491,8.639
2019-10-29 06:00:00,0.489,8.624
2019-10-29 07:00:00,0.483,8.574
2019-10-29 08:00:00,0.467,8.46
2019-10-29 09:00:00,0.445,8.295
2019-10-29 10:00:00,0.422,8.126
2019-10-29 11:00:00,0.403,7.984
2019-10-29 12:00:00,0.389,7.876
2019-10-29 13:00:00,0.379,7.806
2019-10-29 14:00:00,0.374,7.758
2019-10-29 15:00:00,0.368,7.722
2019-10-29 16:00:00,0.371,7.745
2019-10-29 17:00:00,0.383,7.83
2019-10-29 18:00:00,0.389,7.876
2019-10-29 19:00:00,0.383,7.837
2019-10-29 20:00:00,0.368,7.721
2019-10-29 21:00:00,0.351,7.584
2019-10-29 22:00:00,0.342,7.513
2019-10-29 23:00:00,0.346,7.55
2019-10-30 00:00:00,0.351,7.592
2019-10-30 01:00:00,0.348,7.569
2019-10-30 02:00:00,0.338,7.485
2019-10-30 03:00:00,0.319,7.338
2019-10-30 04:00:00,0.293,7.118
2019-10-30 05:00:00,0.274,6.957
2019-10-30 06:00:00,0.277,6.986
2019-10-30 07:00:00,0.304,7.216
2019-10-30 08:00:00,0.336,7.472
2019-10-30 09:00:00,0.357,7.633
2019-10-30 10:00:00,0.361,7.663
2019-10-30 11:00:00,0.355,7.615
2019-10-30 12:00:00,0.345,7.545
2019-10-30 13:00:00,0.351,7.587
2019-10-30 14:00:00,0.374,7.767
2019-10-30 15:00:00,0.401,7.97
2019-10-30 16:00:00,0.443,8.276
2019-10-30 17:00:00,0.499,8.692
2019-10-30 18:00:00,0.557,9.131
2019-10-30 19:00:00,0.601,9.47
2019-10-30 20:00:00,0.632,9.708
2019-10-30 21:00:00,0.654,9.894
2019-10-30 22:00:00,0.651,9.876
2019-10-30 23:00:00,0.616,9.589
2019-10-31 00:00:00,0.566,9.196
2019-10-31 01:00:00,0.531,8.937
2019-10-31 02:00:00,0.519,8.848
2019-10-31 03:00:00,0.513,8.796
2019-10-31 04:00:00,0.507,8.755
2019-10-31 05:00:00,0.511,8.783
2019-10-31 06:00:00,0.53,8.926
2019-10-31 07:00:00,0.563,9.166
2019-10-31 08:00:00,0.589,9.373
2019-10-31 09:00:00,0.609,9.532
2019-10-31 10:00:00,0.625,9.649
2019-10-31 11:00:00,0.625,9.648
2019-10-31 12:00:00,0.589,9.372
2019-10-31 13:00:00,0.545,9.03
2019-10-31 14:00:00,0.525,8.89
2019-10-31 15:00:00,0.542,9.007
2019-10-31 16:00:00,0.547,9.047
2019-10-31 17:00:00,0.556,9.125
2019-10-31 18:00:00,0.545,9.037
2019-10-31 19:00:00,0.538,8.983
2019-10-31 20:00:00,0.646,9.825
2019-10-31 21:00:00,0.619,9.609
2019-10-31 22:00:00,0.576,9.271
2019-10-31 23:00:00,0.564,9.181
2019-11-01 00:00:00,0.555,9.114
2019-11-01 01:00:00,0.513,8.796
2019-11-01 02:00:00,0.48,8.552
2019-11-01 03:00:00,0.478,8.536
2019-11-01 04:00:00,0.494,8.651
2019-11-01 05:00:00,0.484,8.585
2019-11-01 06:00:00,0.488,8.614
2019-11-01 07:00:00,0.511,8.78
2019-11-01 08:00:00,0.54,9.0
2019-11-01 09:00:00,0.585,9.342
2019-11-01 10:00:00,0.65,9.86
2019-11-01 11:00:00,0.709,10.379
2019-11-01 12:00:00,0.76,10.878
2019-11-01 13:00:00,0.818,11.554
2019-11-01 14:00:00,0.857,12.118
2019-11-01 15:00:00,0.869,12.31
2019-11-01 16:00:00,0.836,11.799
2019-11-01 17:00:00,0.758,10.856
2019-11-01 18:00:00,0.649,9.852
2019-11-01 19:00:00,0.573,9.252
2019-11-01 20:00:00,0.56,9.147
2019-11-01 21:00:00,0.573,9.245
2019-11-01 22:00:00,0.621,9.627
2019-11-01 23:00:00,0.66,9.946
2019-11-02 00:00:00,0.732,10.593
2019-11-02 01:00:00,0.827,11.673
2019-11-02 02:00:00,0.878,12.473
2019-11-02 03:00:00,0.92,13.328
2019-11-02 04:00:00,0.938,13.812
2019-11-02 05:00:00,0.953,14.311
2019-11-02 06:00:00,0.956,14.449
2019-11-02 07:00:00,0.934,13.705
2019-11-02 08:00:00,0.931,13.622
2019-11-02 09:00:00,0.939,13.862
2019-11-02 10:00:00,0.938,13.827
2019-11-02 11:00:00,0.951,14.258
2019-11-02 12:00:00,0.976,15.48
2019-11-02 13:00:00,0.989,17.312
2019-11-02 14:00:00,0.98,18.799
2019-11-02 15:00:00,0.979,18.806
2019-11-02 16:00:00,0.989,17.569
2019-11-02 17:00:00,0.988,16.735
2019-11-02 18:00:00,0.983,16.06
2019-11-02 19:00:00,0.966,14.893
2019-11-02 20:00:00,0.942,13.947
2019-11-02 21:00:00,0.921,13.35
2019-11-02 22:00:00,0.902,12.917
2019-11-02 23:00:00,0.888,12.639
2019-11-03 00:00:00,0.884,12.573
2019-11-03 01:00:00,0.884,12.565
2019-11-03 02:00:00,0.871,12.341
2019-11-03 03:00:00,0.84,11.855
2019-11-03 04:00:00,0.792,11.236
2019-11-03 05:00:00,0.731,10.581
2019-11-03 06:00:00,0.661,9.954
2019-11-03 07:00:00,0.594,9.41
2019-11-03 08:00:00,0.54,8.994
2019-11-03 09:00:00,0.475,8.519
2019-11-03 10:00:00,0.404,7.989
2019-11-03 11:00:00,0.321,7.352
2019-11-03 12:00:00,0.263,6.865
2019-11-03 13:00:00,0.252,6.769
2019-11-03 14:00:00,0.264,6.875
2019-11-03 15:00:00,0.281,7.025
2019-11-03 16:00:00,0.285,7.058
2019-11-03 17:00:00,0.279,7.003
2019-11-03 18:00:00,0.273,6.952
2019-11-03 19:00:00,0.267,6.909
2019-11-03 20:00:00,0.244,6.697
2019-11-03 21:00:00,0.192,6.195
2019-11-03 22:00:00,0.153,5.772
2019-11-03 23:00:00,0.149,5.722
2019-11-04 00:00:00,0.172,5.986
2019-11-04 01:00:00,0.204,6.321
2019-11-04 02:00:00,0.242,6.67
2019-11-04 03:00:00,0.267,6.904
2019-11-04 04:00:00,0.253,6.779
2019-11-04 05:00:00,0.224,6.516
2019-11-04 06:00:00,0.192,6.189
2019-11-04 07:00:00,0.157,5.821
2019-11-04 08:00:00,0.128,5.463
2019-11-04 09:00:00,0.101,5.09
2019-11-04 10:00:00,0.075,4.677
2019-11-04 11:00:00,0.058,4.356
2019-11-04 12:00:00,0.048,4.159
2019-11-04 13:00:00,0.052,4.234
2019-11-04 14:00:00,0.07,4.589
2019-11-04 15:00:00,0.091,4.944
2019-11-04 16:00:00,0.106,5.175
2019-11-04 17:00:00,0.115,5.283
2019-11-04 18:00:00,0.112,5.26
2019-11-04 19:00:00,0.109,5.206
2019-11-04 20:00:00,0.11,5.232
2019-11-04 21:00:00,0.119,5.351
2019-11-04 22:00:00,0.138,5.58
2019-11-04 23:00:00,0.156,5.81
2019-11-05 00:00:00,0.166,5.919
2019-11-05 01:00:00,0.16,5.855
2019-11-05 02:00:00,0.143,5.66
2019-11-05 03:00:00,0.132,5.514
2019-11-05 04:00:00,0.134,5.53
2019-11-05 05:00:00,0.159,5.839
2019-11-05 06:00:00,0.242,6.671
2019-11-05 07:00:00,0.38,7.814
2019-11-05 08:00:00,0.542,9.012
2019-11-05 09:00:00,0.651,9.868
2019-11-05 10:00:00,0.728,10.558
2019-11-05 11:00:00,0.786,11.164
2019-11-05 12:00:00,0.832,11.746
2019-11-05 13:00:00,0.873,12.366
2019-11-05 14:00:00,0.901,12.909
2019-11-05 15:00:00,0.913,13.155
2019-11-05 16:00:00,0.905,12.993
2019-11-05 17:00:00,0.88,12.495
2019-11-05 18:00:00,0.846,11.935
2019-11-05 19:00:00,0.814,11.503
2019-11-05 20:00:00,0.786,11.164
2019-11-05 21:00:00,0.753,10.81
2019-11-05 22:00:00,0.708,10.367
2019-11-05 23:00:00,0.647,9.834
2019-11-06 00:00:00,0.575,9.27
2019-11-06 01:00:00,0.497,8.676
2019-11-06 02:00:00,0.417,8.091
2019-11-06 03:00:00,0.351,7.592
2019-11-06 04:00:00,0.285,7.062
2019-11-06 05:00:00,0.213,6.409
2019-11-06 06:00:00,0.151,5.745
2019-11-06 07:00:00,0.094,4.992
2019-11-06 08:00:00,0.047,4.115
2019-11-06 09:00:00,0.014,3.11
2019-11-06 10:00:00,0.002,2.169
2019-11-06 11:00:00,0.002,2.077
2019-11-06 12:00:00,0.004,2.44
2019-11-06 13:00:00,0.006,2.614
2019-11-06 14:00:00,0.008,2.748
2019-11-06 15:00:00,0.01,2.858
2019-11-06 16:00:00,0.012,3.02
2019-11-06 17:00:00,0.022,3.434
2019-11-06 18:00:00,0.046,4.108
2019-11-06 19:00:00,0.084,4.838
2019-11-06 20:00:00,0.127,5.449
2019-11-06 21:00:00,0.159,5.838
2019-11-06 22:00:00,0.172,5.99
2019-11-06 23:00:00,0.192,6.2
2019-11-07 00:00:00,0.235,6.614
2019-11-07 01:00:00,0.277,6.986
2019-11-07 02:00:00,0.314,7.298
2019-11-07 03:00:00,0.404,7.996
2019-11-07 04:00:00,0.548,9.05
2019-11-07 05:00:00,0.681,10.126
2019-11-07 06:00:00,0.783,11.131
2019-11-07 07:00:00,0.851,12.02
2019-11-07 08:00:00,0.893,12.741
2019-11-07 09:00:00,0.914,13.191
2019-11-07 10:00:00,0.924,13.424
2019-11-07 11:00:00,0.927,13.49
2019-11-07 12:00:00,0.927,13.518
2019-11-07 13:00:00,0.929,13.576
2019-11-07 14:00:00,0.924,13.44
2019-11-07 15:00:00,0.899,12.868
2019-11-07 16:00:00,0.843,11.907
2019-11-07 17:00:00,0.718,10.463
2019-11-07 18:00:00,0.535,8.962
2019-11-07 19:00:00,0.438,8.238
2019-11-07 20:00:00,0.389,7.876
2019-11-07 21:00:00,0.356,7.626
2019-11-07 22:00:00,0.33,7.426
2019-11-07 23:00:00,0.308,7.249
2019-11-08 00:00:00,0.289,7.08
2019-11-08 01:00:00,0.252,6.766
2019-11-08 02:00:00,0.196,6.231
2019-11-08 03:00:00,0.166,5.926
2019-11-08 04:00:00,0.197,6.238
2019-11-08 05:00:00,0.208,6.35
2019-11-08 06:00:00,0.202,6.299
2019-11-08 07:00:00,0.204,6.318
2019-11-08 08:00:00,0.203,6.31
2019-11-08 09:00:00,0.195,6.228
2019-11-08 10:00:00,0.201,6.295
2019-11-08 11:00:00,0.236,6.62
2019-11-08 12:00:00,0.364,7.695
2019-11-08 13:00:00,0.542,9.014
2019-11-08 14:00:00,0.697,10.27
2019-11-08 15:00:00,0.793,11.241
2019-11-08 16:00:00,0.839,11.842
2019-11-08 17:00:00,0.866,12.264
2019-11-08 18:00:00,0.884,12.571
2019-11-08 19:00:00,0.894,12.772
2019-11-08 20:00:00,0.9,12.876
2019-11-08 21:00:00,0.904,12.976
2019-11-08 22:00:00,0.91,13.079
2019-11-08 23:00:00,0.918,13.295
2019-11-09 00:00:00,0.933,13.663
2019-11-09 01:00:00,0.943,13.974
2019-11-09 02:00:00,0.945,14.046
2019-11-09 03:00:00,0.934,13.716
2019-11-09 04:00:00,0.912,13.145
2019-11-09 05:00:00,0.882,12.534
2019-11-09 06:00:00,0.847,11.969
2019-11-09 07:00:00,0.81,11.455
2019-11-09 08:00:00,0.765,10.94
2019-11-09 09:00:00,0.737,10.645
2019-11-09 10:00:00,0.719,10.47
2019-11-09 11:00:00,0.686,10.168
2019-11-09 12:00:00,0.646,9.826
2019-11-09 13:00:00,0.628,9.67
2019-11-09 14:00:00,0.608,9.521
2019-11-09 15:00:00,0.553,9.103
2019-11-09 16:00:00,0.487,8.606
2019-11-09 17:00:00,0.413,8.06
2019-11-09 18:00:00,0.335,7.466
2019-11-09 19:00:00,0.259,6.835
2019-11-09 20:00:00,0.199,6.271
2019-11-09 21:00:00,0.168,5.941
2019-11-09 22:00:00,0.162,5.873
2019-11-09 23:00:00,0.172,5.986
2019-11-10 00:00:00,0.197,6.251
2019-11-10 01:00:00,0.251,6.754
2019-11-10 02:00:00,0.344,7.533
2019-11-10 03:00:00,0.458,8.394
2019-11-10 04:00:00,0.544,9.026
2019-11-10 05:00:00,0.592,9.395
2019-11-10 06:00:00,0.596,9.43
2019-11-10 07:00:00,0.567,9.209
2019-11-10 08:00:00,0.521,8.861
2019-11-10 09:00:00,0.485,8.592
2019-11-10 10:00:00,0.474,8.505
2019-11-10 11:00:00,0.494,8.65
2019-11-10 12:00:00,0.484,8.575
2019-11-10 13:00:00,0.377,7.782
2019-11-10 14:00:00,0.244,6.693
2019-11-10 15:00:00,0.155,5.789
2019-11-10 16:00:00,0.079,4.756
2019-11-10 17:00:00,0.018,3.276
2019-11-10 18:00:00,0.001,1.963
2019-11-10 19:00:00,0.007,2.705
2019-11-10 20:00:00,0.046,4.112
2019-11-10 21:00:00,0.125,5.428
2019-11-10 22:00:00,0.244,6.699
2019-11-10 23:00:00,0.387,7.866
2019-11-11 00:00:00,0.537,8.98
2019-11-11 01:00:00,0.673,10.056
2019-11-11 02:00:00,0.783,11.121
2019-11-11 03:00:00,0.845,11.922
2019-11-11 04:00:00,0.871,12.339
2019-11-11 05:00:00,0.887,12.636
2019-11-11 06:00:00,0.898,12.83
2019-11-11 07:00:00,0.89,12.694
2019-11-11 08:00:00,0.854,12.069
2019-11-11 09:00:00,0.753,10.812
2019-11-11 10:00:00,0.573,9.246
2019-11-11 11:00:00,0.475,8.51
2019-11-11 12:00:00,0.58,9.309
2019-11-11 13:00:00,0.731,10.579
2019-11-11 14:00:00,0.829,11.709
2019-11-11 15:00:00,0.889,12.663
2019-11-11 16:00:00,0.922,13.368
2019-11-11 17:00:00,0.937,13.803
2019-11-11 18:00:00,0.95,14.215
2019-11-11 19:00:00,0.96,14.613
2019-11-11 20:00:00,0.968,15.005
2019-11-11 21:00:00,0.973,15.291
2019-11-11 22:00:00,0.977,15.51
2019-11-11 23:00:00,0.979,15.681
2019-11-12 00:00:00,0.98,15.749
2019-11-12 01:00:00,0.979,15.709
2019-11-12 02:00:00,0.978,15.645
2019-11-12 03:00:00,0.978,15.585
2019-11-12 04:00:00,0.977,15.515
2019-11-12 05:00:00,0.976,15.454
2019-11-12 06:00:00,0.976,15.444
2019-11-12 07:00:00,0.975,15.377
2019-11-12 08:00:00,0.973,15.247
2019-11-12 09:00:00,0.969,15.052
2019-11-12 10:00:00,0.966,14.883
2019-11-12 11:00:00,0.959,14.559
2019-11-12 12:00:00,0.941,13.914
2019-11-12 13:00:00,0.899,12.848
2019-11-12 14:00:00,0.82,11.58
2019-11-12 15:00:00,0.713,10.415
2019-11-12 16:00:00,0.608,9.516
2019-11-12 17:00:00,0.552,9.094
2019-11-12 18:00:00,0.531,8.932
2019-11-12 19:00:00,0.547,9.046
2019-11-12 20:00:00,0.618,9.604
2019-11-12 21:00:00,0.709,10.377
2019-11-12 22:00:00,0.78,11.097
2019-11-12 23:00:00,0.835,11.792
2019-11-13 00:00:00,0.882,12.543
2019-11-13 01:00:00,0.915,13.206
2019-11-13 02:00:00,0.927,13.513
2019-11-13 03:00:00,0.925,13.451
2019-11-13 04:00:00,0.914,13.19
2019-11-13 05:00:00,0.903,12.934
2019-11-13 06:00:00,0.889,12.659
2019-11-13 07:00:00,0.867,12.283
2019-11-13 08:00:00,0.838,11.836
2019-11-13 09:00:00,0.797,11.301
2019-11-13 10:00:00,0.741,10.683
2019-11-13 11:00:00,0.656,9.907
2019-11-13 12:00:00,0.536,8.974
2019-11-13 13:00:00,0.389,7.886
2019-11-13 14:00:00,0.27,6.921
2019-11-13 15:00:00,0.201,6.287
2019-11-13 16:00:00,0.156,5.802
2019-11-13 17:00:00,0.113,5.262
2019-11-13 18:00:00,0.076,4.692
2019-11-13 19:00:00,0.068,4.542
2019-11-13 20:00:00,0.082,4.791
2019-11-13 21:00:00,0.102,5.111
2019-11-13 22:00:00,0.133,5.523
2019-11-13 23:00:00,0.18,6.068
2019-11-14 00:00:00,0.226,6.531
2019-11-14 01:00:00,0.265,6.886
2019-11-14 02:00:00,0.313,7.284
2019-11-14 03:00:00,0.374,7.761
2019-11-14 04:00:00,0.43,8.192
2019-11-14 05:00:00,0.483,8.571
2019-11-14 06:00:00,0.531,8.935
2019-11-14 07:00:00,0.566,9.2
2019-11-14 08:00:00,0.605,9.49
2019-11-14 09:00:00,0.667,10.004
2019-11-14 10:00:00,0.696,10.261
2019-11-14 11:00:00,0.707,10.352
2019-11-14 12:00:00,0.687,10.182
2019-11-14 13:00:00,0.655,9.899
2019-11-14 14:00:00,0.612,9.553
2019-11-14 15:00:00,0.581,9.312
2019-11-14 16:00:00,0.557,9.132
2019-11-14 17:00:00,0.518,8.838
2019-11-14 18:00:00,0.504,8.734
2019-11-14 19:00:00,0.486,8.601
2019-11-14 20:00:00,0.465,8.439
2019-11-14 21:00:00,0.443,8.278
2019-11-14 22:00:00,0.422,8.123
2019-11-14 23:00:00,0.422,8.122
2019-11-15 00:00:00,0.46,8.402
2019-11-15 01:00:00,0.518,8.839
2019-11-15 02:00:00,0.566,9.189
2019-11-15 03:00:00,0.663,9.975
2019-11-15 04:00:00,0.787,11.18
2019-11-15 05:00:00,0.867,12.273
2019-11-15 06:00:00,0.917,13.259
2019-11-15 07:00:00,0.949,14.189
2019-11-15 08:00:00,0.963,14.73
2019-11-15 09:00:00,0.971,15.156
2019-11-15 10:00:00,0.977,15.568
2019-11-15 11:00:00,0.975,15.424
2019-11-15 12:00:00,0.973,15.288
2019-11-15 13:00:00,0.973,15.287
2019-11-15 14:00:00,0.966,14.889
2019-11-15 15:00:00,0.952,14.291
2019-11-15 16:00:00,0.929,13.565
2019-11-15 17:00:00,0.892,12.731
2019-11-15 18:00:00,0.834,11.763
2019-11-15 19:00:00,0.742,10.694
2019-11-15 20:00:00,0.613,9.566
2019-11-15 21:00:00,0.414,8.071
2019-11-15 22:00:00,0.229,6.565
2019-11-15 23:00:00,0.137,5.569
2019-11-16 00:00:00,0.089,4.908
2019-11-16 01:00:00,0.042,4.009
2019-11-16 02:00:00,0.008,2.741
2019-11-16 03:00:00,0.001,1.884
2019-11-16 04:00:00,0.001,1.763
2019-11-16 05:00:00,0.001,1.871
2019-11-16 06:00:00,0.008,2.756
2019-11-16 07:00:00,0.054,4.283
2019-11-16 08:00:00,0.141,5.63
2019-11-16 09:00:00,0.206,6.34
2019-11-16 10:00:00,0.287,7.075
2019-11-16 11:00:00,0.389,7.877
2019-11-16 12:00:00,0.465,8.438
2019-11-16 13:00:00,0.506,8.747
2019-11-16 14:00:00,0.53,8.92
2019-11-16 15:00:00,0.554,9.107
2019-11-16 16:00:00,0.585,9.341
2019-11-16 17:00:00,0.602,9.477
2019-11-16 18:00:00,0.602,9.476
2019-11-16 19:00:00,0.601,9.466
2019-11-16 20:00:00,0.61,9.537
2019-11-16 21:00:00,0.618,9.602
2019-11-16 22:00:00,0.619,9.608
2019-11-16 23:00:00,0.606,9.502
2019-11-17 00:00:00,0.567,9.202
2019-11-17 01:00:00,0.501,8.705
2019-11-17 02:00:00,0.407,8.009
2019-11-17 03:00:00,0.293,7.122
2019-11-17 04:00:00,0.212,6.403
2019-11-17 05:00:00,0.175,6.022
2019-11-17 06:00:00,0.157,5.822
2019-11-17 07:00:00,0.138,5.586
2019-11-17 08:00:00,0.1,5.086
2019-11-17 09:00:00,0.055,4.29
2019-11-17 10:00:00,0.04,3.952
2019-11-17 11:00:00,0.031,3.719
2019-11-17 12:00:00,0.024,3.486
2019-11-17 13:00:00,0.021,3.408
2019-11-17 14:00:00,0.022,3.443
2019-11-17 15:00:00,0.048,4.146
2019-11-17 16:00:00,0.097,5.033
2019-11-17 17:00:00,0.185,6.126
2019-11-17 18:00:00,0.328,7.412
2019-11-17 19:00:00,0.523,8.872
2019-11-17 20:00:00,0.658,9.93
2019-11-17 21:00:00,0.735,10.628
2019-11-17 22:00:00,0.793,11.24
2019-11-17 23:00:00,0.84,11.866
2019-11-18 00:00:00,0.886,12.599
2019-11-18 01:00:00,0.927,13.521
2019-11-18 02:00:00,0.95,14.233
2019-11-18 03:00:00,0.955,14.396
2019-11-18 04:00:00,0.949,14.168
2019-11-18 05:00:00,0.939,13.833
2019-11-18 06:00:00,0.936,13.763
2019-11-18 07:00:00,0.938,13.818
2019-11-18 08:00:00,0.944,14.002
2019-11-18 09:00:00,0.951,14.274
2019-11-18 10:00:00,0.956,14.437
2019-11-18 11:00:00,0.953,14.314
2019-11-18 12:00:00,0.95,14.211
2019-11-18 13:00:00,0.953,14.307
2019-11-18 14:00:00,0.96,14.618
2019-11-18 15:00:00,0.966,14.868
2019-11-18 16:00:00,0.965,14.839
2019-11-18 17:00:00,0.958,14.53
2019-11-18 18:00:00,0.949,14.193
2019-11-18 19:00:00,0.941,13.914
2019-11-18 20:00:00,0.934,13.717
2019-11-18 21:00:00,0.931,13.616
2019-11-18 22:00:00,0.921,13.356
2019-11-18 23:00:00,0.902,12.917
2019-11-19 00:00:00,0.873,12.375
2019-11-19 01:00:00,0.835,11.784
2019-11-19 02:00:00,0.78,11.095
2019-11-19 03:00:00,0.71,10.388
2019-11-19 04:00:00,0.631,9.705
2019-11-19 05:00:00,0.542,9.017
2019-11-19 06:00:00,0.45,8.328
2019-11-19 07:00:00,0.347,7.564
2019-11-19 08:00:00,0.255,6.801
2019-11-19 09:00:00,0.199,6.267
2019-11-19 10:00:00,0.182,6.095
2019-11-19 11:00:00,0.193,6.203
2019-11-19 12:00:00,0.199,6.274
2019-11-19 13:00:00,0.172,5.976
2019-11-19 14:00:00,0.104,5.146
2019-11-19 15:00:00,0.043,4.025
2019-11-19 16:00:00,0.011,2.958
2019-11-19 17:00:00,0.003,2.23
2019-11-19 18:00:00,0.003,2.279
2019-11-19 19:00:00,0.01,2.895
2019-11-19 20:00:00,0.031,3.725
2019-11-19 21:00:00,0.074,4.665
2019-11-19 22:00:00,0.12,5.367
2019-11-19 23:00:00,0.157,5.824
2019-11-20 00:00:00,0.188,6.162
2019-11-20 01:00:00,0.216,6.434
2019-11-20 02:00:00,0.241,6.668
2019-11-20 03:00:00,0.274,6.957
2019-11-20 04:00:00,0.324,7.374
2019-11-20 05:00:00,0.379,7.811
2019-11-20 06:00:00,0.434,8.216
2019-11-20 07:00:00,0.476,8.525
2019-11-20 08:00:00,0.511,8.789
2019-11-20 09:00:00,0.531,8.935
2019-11-20 10:00:00,0.539,8.988
2019-11-20 11:00:00,0.548,9.056
2019-11-20 12:00:00,0.559,9.142
2019-11-20 13:00:00,0.57,9.23
2019-11-20 14:00:00,0.593,9.398
2019-11-20 15:00:00,0.635,9.736
2019-11-20 16:00:00,0.688,10.184
2019-11-20 17:00:00,0.734,10.612
2019-11-20 18:00:00,0.773,11.02
2019-11-20 19:00:00,0.804,11.386
2019-11-20 20:00:00,0.82,11.59
2019-11-20 21:00:00,0.813,11.497
2019-11-20 22:00:00,0.783,11.122
2019-11-20 23:00:00,0.739,10.665
2019-11-21 00:00:00,0.699,10.291
2019-11-21 01:00:00,0.677,10.085
2019-11-21 02:00:00,0.67,10.033
2019-11-21 03:00:00,0.67,10.029
2019-11-21 04:00:00,0.673,10.062
2019-11-21 05:00:00,0.69,10.205
2019-11-21 06:00:00,0.714,10.417
2019-11-21 07:00:00,0.728,10.564
2019-11-21 08:00:00,0.74,10.677
2019-11-21 09:00:00,0.76,10.88
2019-11-21 10:00:00,0.785,11.155
2019-11-21 11:00:00,0.795,11.265
2019-11-21 12:00:00,0.787,11.178
2019-11-21 13:00:00,0.756,10.831
2019-11-21 14:00:00,0.727,10.551
2019-11-21 15:00:00,0.722,10.502
2019-11-21 16:00:00,0.731,10.591
2019-11-21 17:00:00,0.743,10.709
2019-11-21 18:00:00,0.749,10.768
2019-11-21 19:00:00,0.736,10.641
2019-11-21 20:00:00,0.709,10.368
2019-11-21 21:00:00,0.66,9.944
2019-11-21 22:00:00,0.615,9.575
2019-11-21 23:00:00,0.581,9.31
2019-11-22 00:00:00,0.561,9.16
2019-11-22 01:00:00,0.561,9.156
2019-11-22 02:00:00,0.594,9.407
2019-11-22 03:00:00,0.649,9.851
2019-11-22 04:00:00,0.705,10.336
2019-11-22 05:00:00,0.743,10.705
2019-11-22 06:00:00,0.773,11.016
2019-11-22 07:00:00,0.79,11.211
2019-11-22 08:00:00,0.796,11.281
2019-11-22 09:00:00,0.794,11.255
2019-11-22 10:00:00,0.791,11.225
2019-11-22 11:00:00,0.79,11.217
2019-11-22 12:00:00,0.788,11.188
2019-11-22 13:00:00,0.779,11.078
2019-11-22 14:00:00,0.764,10.929
2019-11-22 15:00:00,0.754,10.818
2019-11-22 16:00:00,0.74,10.683
2019-11-22 17:00:00,0.749,10.758
2019-11-22 18:00:00,0.781,11.104
2019-11-22 19:00:00,0.826,11.65
2019-11-22 20:00:00,0.867,12.277
2019-11-22 21:00:00,0.894,12.769
2019-11-22 22:00:00,0.903,12.956
2019-11-22 23:00:00,0.896,12.799
2019-11-23 00:00:00,0.899,12.863
2019-11-23 01:00:00,0.906,13.003
2019-11-23 02:00:00,0.917,13.267
2019-11-23 03:00:00,0.936,13.753
2019-11-23 04:00:00,0.949,14.2
2019-11-23 05:00:00,0.951,14.249
2019-11-23 06:00:00,0.943,13.965
2019-11-23 07:00:00,0.936,13.769
2019-11-23 08:00:00,0.929,13.572
2019-11-23 09:00:00,0.921,13.358
2019-11-23 10:00:00,0.918,13.292
2019-11-23 11:00:00,0.901,12.908
2019-11-23 12:00:00,0.853,12.047
2019-11-23 13:00:00,0.818,11.56
2019-11-23 14:00:00,0.839,11.851
2019-11-23 15:00:00,0.864,12.211
2019-11-23 16:00:00,0.891,12.708
2019-11-23 17:00:00,0.922,13.372
2019-11-23 18:00:00,0.943,13.983
2019-11-23 19:00:00,0.946,14.068
2019-11-23 20:00:00,0.928,13.546
2019-11-23 21:00:00,0.905,12.989
2019-11-23 22:00:00,0.879,12.484
2019-11-23 23:00:00,0.849,11.988
2019-11-24 00:00:00,0.819,11.571
2019-11-24 01:00:00,0.795,11.273
2019-11-24 02:00:00,0.79,11.218
2019-11-24 03:00:00,0.776,11.054
2019-11-24 04:00:00,0.747,10.751
2019-11-24 05:00:00,0.711,10.393
2019-11-24 06:00:00,0.653,9.891
2019-11-24 07:00:00,0.575,9.262
2019-11-24 08:00:00,0.488,8.617
2019-11-24 09:00:00,0.422,8.129
2019-11-24 10:00:00,0.373,7.757
2019-11-24 11:00:00,0.333,7.449
2019-11-24 12:00:00,0.319,7.337
2019-11-24 13:00:00,0.339,7.495
2019-11-24 14:00:00,0.364,7.696
2019-11-24 15:00:00,0.417,8.084
2019-11-24 16:00:00,0.463,8.422
2019-11-24 17:00:00,0.499,8.692
2019-11-24 18:00:00,0.518,8.838
2019-11-24 19:00:00,0.528,8.902
2019-11-24 20:00:00,0.545,9.04
2019-11-24 21:00:00,0.572,9.237
2019-11-24 22:00:00,0.589,9.374
2019-11-24 23:00:00,0.574,9.255
2019-11-25 00:00:00,0.547,9.048
2019-11-25 01:00:00,0.524,8.879
2019-11-25 02:00:00,0.515,8.815
2019-11-25 03:00:00,0.528,8.905
2019-11-25 04:00:00,0.537,8.981
2019-11-25 05:00:00,0.573,9.242
2019-11-25 06:00:00,0.592,9.396
2019-11-25 07:00:00,0.608,9.526
2019-11-25 08:00:00,0.639,9.77
2019-11-25 09:00:00,0.666,9.995
2019-11-25 10:00:00,0.681,10.132
2019-11-25 11:00:00,0.673,10.06
2019-11-25 12:00:00,0.658,9.922
2019-11-25 13:00:00,0.648,9.847
2019-11-25 14:00:00,0.643,9.807
2019-11-25 15:00:00,0.649,9.852
2019-11-25 16:00:00,0.673,10.056
2019-11-25 17:00:00,0.708,10.364
2019-11-25 18:00:00,0.744,10.721
2019-11-25 19:00:00,0.752,10.795
2019-11-25 20:00:00,0.761,10.886
2019-11-25 21:00:00,0.758,10.859
2019-11-25 22:00:00,0.76,10.876
2019-11-25 23:00:00,0.753,10.814
2019-11-26 00:00:00,0.754,10.821
2019-11-26 01:00:00,0.733,10.598
2019-11-26 02:00:00,0.718,10.462
2019-11-26 03:00:00,0.723,10.509
2019-11-26 04:00:00,0.714,10.421
2019-11-26 05:00:00,0.717,10.451
2019-11-26 06:00:00,0.729,10.567
2019-11-26 07:00:00,0.749,10.768
2019-11-26 08:00:00,0.762,10.89
2019-11-26 09:00:00,0.729,10.571
2019-11-26 10:00:00,0.632,9.707
2019-11-26 11:00:00,0.62,9.621
2019-11-26 12:00:00,0.739,10.664
2019-11-26 13:00:00,0.862,12.188
2019-11-26 14:00:00,0.926,13.486
2019-11-26 15:00:00,0.936,13.741
2019-11-26 16:00:00,0.936,13.742
2019-11-26 17:00:00,0.917,13.262
2019-11-26 18:00:00,0.893,12.738
2019-11-26 19:00:00,0.878,12.459
2019-11-26 20:00:00,0.838,11.83
2019-11-26 21:00:00,0.793,11.249
2019-11-26 22:00:00,0.723,10.513
2019-11-26 23:00:00,0.625,9.654
2019-11-27 00:00:00,0.531,8.936
2019-11-27 01:00:00,0.502,8.711
2019-11-27 02:00:00,0.502,8.718
2019-11-27 03:00:00,0.587,9.363
2019-11-27 04:00:00,0.62,9.62
2019-11-27 05:00:00,0.596,9.428
2019-11-27 06:00:00,0.635,9.734
2019-11-27 07:00:00,0.692,10.226
2019-11-27 08:00:00,0.727,10.548
2019-11-27 09:00:00,0.679,10.101
2019-11-27 10:00:00,0.596,9.427
2019-11-27 11:00:00,0.519,8.848
2019-11-27 12:00:00,0.419,8.102
2019-11-27 13:00:00,0.358,7.641
2019-11-27 14:00:00,0.385,7.847
2019-11-27 15:00:00,0.441,8.272
2019-11-27 16:00:00,0.462,8.419
2019-11-27 17:00:00,0.444,8.287
2019-11-27 18:00:00,0.356,7.63
2019-11-27 19:00:00,0.253,6.78
2019-11-27 20:00:00,0.18,6.071
2019-11-27 21:00:00,0.126,5.444
2019-11-27 22:00:00,0.084,4.84
2019-11-27 23:00:00,0.04,3.954
2019-11-28 00:00:00,0.085,4.852
2019-11-28 01:00:00,0.179,6.066
2019-11-28 02:00:00,0.309,7.256
2019-11-28 03:00:00,0.428,8.167
2019-11-28 04:00:00,0.499,8.695
2019-11-28 05:00:00,0.534,8.955
2019-11-28 06:00:00,0.553,9.104
2019-11-28 07:00:00,0.585,9.345
2019-11-28 08:00:00,0.654,9.895
2019-11-28 09:00:00,0.765,10.937
2019-11-28 10:00:00,0.883,12.559
2019-11-28 11:00:00,0.937,13.805
2019-11-28 12:00:00,0.951,14.257
2019-11-28 13:00:00,0.953,14.324
2019-11-28 14:00:00,0.96,14.604
2019-11-28 15:00:00,0.966,14.881
2019-11-28 16:00:00,0.963,14.733
2019-11-28 17:00:00,0.957,14.471
2019-11-28 18:00:00,0.947,14.125
2019-11-28 19:00:00,0.933,13.689
2019-11-28 20:00:00,0.919,13.299
2019-11-28 21:00:00,0.904,12.972
2019-11-28 22:00:00,0.891,12.709
2019-11-28 23:00:00,0.889,12.658
2019-11-29 00:00:00,0.894,12.765
2019-11-29 01:00:00,0.901,12.898
2019-11-29 02:00:00,0.902,12.921
2019-11-29 03:00:00,0.902,12.916
2019-11-29 04:00:00,0.899,12.862
2019-11-29 05:00:00,0.889,12.657
2019-11-29 06:00:00,0.869,12.312
2019-11-29 07:00:00,0.844,11.913
2019-11-29 08:00:00,0.822,11.604
2019-11-29 09:00:00,0.801,11.336
2019-11-29 10:00:00,0.779,11.084
2019-11-29 11:00:00,0.761,10.889
2019-11-29 12:00:00,0.747,10.739
2019-11-29 13:00:00,0.722,10.497
2019-11-29 14:00:00,0.686,10.166
2019-11-29 15:00:00,0.645,9.819
2019-11-29 16:00:00,0.61,9.535
2019-11-29 17:00:00,0.573,9.247
2019-11-29 18:00:00,0.523,8.876
2019-11-29 19:00:00,0.465,8.439
2019-11-29 20:00:00,0.403,7.985
2019-11-29 21:00:00,0.353,7.598
2019-11-29 22:00:00,0.299,7.176
2019-11-29 23:00:00,0.249,6.734
2019-11-30 00:00:00,0.206,6.334
2019-11-30 01:00:00,0.171,5.963
2019-11-30 02:00:00,0.142,5.637
2019-11-30 03:00:00,0.124,5.41
2019-11-30 04:00:00,0.11,5.226
2019-11-30 05:00:00,0.096,5.017
2019-11-30 06:00:00,0.08,4.769
2019-11-30 07:00:00,0.059,4.374
2019-11-30 08:00:00,0.036,3.863
2019-11-30 09:00:00,0.023,3.457
2019-11-30 10:00:00,0.013,3.03
2019-11-30 11:00:00,0.009,2.79
2019-11-30 12:00:00,0.01,2.858
2019-11-30 13:00:00,0.015,3.142
2019-11-30 14:00:00,0.026,3.578
2019-11-30 15:00:00,0.049,4.171
2019-11-30 16:00:00,0.082,4.8
2019-11-30 17:00:00,0.107,5.18
2019-11-30 18:00:00,0.109,5.213
2019-11-30 19:00:00,0.092,4.962
2019-11-30 20:00:00,0.068,4.552
2019-11-30 21:00:00,0.048,4.162
2019-11-30 22:00:00,0.037,3.88
2019-11-30 23:00:00,0.038,3.916
2019-12-01 00:00:00,0.052,4.243
2019-12-01 01:00:00,0.078,4.731
2019-12-01 02:00:00,0.112,5.252
2019-12-01 03:00:00,0.143,5.652
2019-12-01 04:00:00,0.158,5.829
2019-12-01 05:00:00,0.172,5.983
2019-12-01 06:00:00,0.194,6.211
2019-12-01 07:00:00,0.21,6.376
2019-12-01 08:00:00,0.219,6.46
2019-12-01 09:00:00,0.205,6.326
2019-12-01 10:00:00,0.179,6.067
2019-12-01 11:00:00,0.164,5.895
2019-12-01 12:00:00,0.219,6.462
2019-12-01 13:00:00,0.348,7.568
2019-12-01 14:00:00,0.53,8.928
2019-12-01 15:00:00,0.687,10.178
2019-12-01 16:00:00,0.766,10.95
2019-12-01 17:00:00,0.779,11.079
2019-12-01 18:00:00,0.759,10.864
2019-12-01 19:00:00,0.747,10.741
2019-12-01 20:00:00,0.753,10.808
2019-12-01 21:00:00,0.783,11.134
2019-12-01 22:00:00,0.802,11.348
2019-12-01 23:00:00,0.799,11.317
2019-12-02 00:00:00,0.812,11.482
2019-12-02 01:00:00,0.829,11.708
2019-12-02 02:00:00,0.843,11.896
2019-12-02 03:00:00,0.854,12.064
2019-12-02 04:00:00,0.869,12.302
2019-12-02 05:00:00,0.881,12.522
2019-12-02 06:00:00,0.89,12.669
2019-12-02 07:00:00,0.877,12.445
2019-12-02 08:00:00,0.856,12.103
2019-12-02 09:00:00,0.817,11.55
2019-12-02 10:00:00,0.751,10.785
2019-12-02 11:00:00,0.676,10.077
2019-12-02 12:00:00,0.615,9.576
2019-12-02 13:00:00,0.574,9.256
2019-12-02 14:00:00,0.518,8.83
2019-12-02 15:00:00,0.486,8.6
2019-12-02 16:00:00,0.512,8.794
2019-12-02 17:00:00,0.509,8.76
2019-12-02 18:00:00,0.471,8.486
2019-12-02 19:00:00,0.437,8.238
2019-12-02 20:00:00,0.386,7.854
2019-12-02 21:00:00,0.386,7.851
2019-12-02 22:00:00,0.462,8.418
2019-12-02 23:00:00,0.489,8.621
2019-12-03 00:00:00,0.521,8.858
2019-12-03 01:00:00,0.563,9.169
2019-12-03 02:00:00,0.583,9.332
2019-12-03 03:00:00,0.585,9.346
2019-12-03 04:00:00,0.564,9.172
2019-12-03 05:00:00,0.567,9.208
2019-12-03 06:00:00,0.592,9.393
2019-12-03 07:00:00,0.611,9.55
2019-12-03 08:00:00,0.632,9.706
2019-12-03 09:00:00,0.658,9.928
2019-12-03 10:00:00,0.684,10.146
2019-12-03 11:00:00,0.682,10.134
2019-12-03 12:00:00,0.643,9.804
2019-12-03 13:00:00,0.574,9.256
2019-12-03 14:00:00,0.493,8.648
2019-12-03 15:00:00,0.456,8.383
2019-12-03 16:00:00,0.483,8.573
2019-12-03 17:00:00,0.531,8.935
2019-12-03 18:00:00,0.564,9.174
2019-12-03 19:00:00,0.57,9.225
2019-12-03 20:00:00,0.557,9.133
2019-12-03 21:00:00,0.535,8.964
2019-12-03 22:00:00,0.517,8.824
2019-12-03 23:00:00,0.513,8.796
2019-12-04 00:00:00,0.524,8.88
2019-12-04 01:00:00,0.543,9.024
2019-12-04 02:00:00,0.567,9.203
2019-12-04 03:00:00,0.609,9.53
2019-12-04 04:00:00,0.66,9.937
2019-12-04 05:00:00,0.694,10.245
2019-12-04 06:00:00,0.712,10.398
2019-12-04 07:00:00,0.71,10.391
2019-12-04 08:00:00,0.697,10.269
2019-12-04 09:00:00,0.677,10.093
2019-12-04 10:00:00,0.656,9.913
2019-12-04 11:00:00,0.643,9.803
2019-12-04 12:00:00,0.628,9.678
2019-12-04 13:00:00,0.621,9.626
2019-12-04 14:00:00,0.622,9.631
2019-12-04 15:00:00,0.628,9.671
2019-12-04 16:00:00,0.637,9.76
2019-12-04 17:00:00,0.636,9.745
2019-12-04 18:00:00,0.629,9.686
2019-12-04 19:00:00,0.629,9.687
2019-12-04 20:00:00,0.644,9.812
2019-12-04 21:00:00,0.67,10.036
2019-12-04 22:00:00,0.698,10.276
2019-12-04 23:00:00,0.712,10.397
2019-12-05 00:00:00,0.697,10.272
2019-12-05 01:00:00,0.676,10.078
2019-12-05 02:00:00,0.682,10.134
2019-12-05 03:00:00,0.677,10.083
2019-12-05 04:00:00,0.681,10.132
2019-12-05 05:00:00,0.697,10.267
2019-12-05 06:00:00,0.709,10.368
2019-12-05 07:00:00,0.726,10.544
2019-12-05 08:00:00,0.755,10.827
2019-12-05 09:00:00,0.8,11.326
2019-12-05 10:00:00,0.849,11.984
2019-12-05 11:00:00,0.888,12.647
2019-12-05 12:00:00,0.92,13.328
2019-12-05 13:00:00,0.949,14.182
2019-12-05 14:00:00,0.973,15.269
2019-12-05 15:00:00,0.986,16.467
2019-12-05 16:00:00,0.989,17.566
2019-12-05 17:00:00,0.982,18.621
2019-12-05 18:00:00,0.969,19.383
2019-12-05 19:00:00,0.958,19.826
2019-12-05 20:00:00,0.947,20.157
2019-12-05 21:00:00,0.936,20.437
2019-12-05 22:00:00,0.938,20.396
2019-12-05 23:00:00,0.957,19.839
2019-12-06 00:00:00,0.974,19.152
2019-12-06 01:00:00,0.986,18.171
2019-12-06 02:00:00,0.989,17.297
2019-12-06 03:00:00,0.986,16.45
2019-12-06 04:00:00,0.982,15.945
2019-12-06 05:00:00,0.982,15.961
2019-12-06 06:00:00,0.98,15.764
2019-12-06 07:00:00,0.979,15.663
2019-12-06 08:00:00,0.968,14.995
2019-12-06 09:00:00,0.975,15.429
2019-12-06 10:00:00,0.977,15.567
2019-12-06 11:00:00,0.975,15.421
2019-12-06 12:00:00,0.971,15.178
2019-12-06 13:00:00,0.962,14.719
2019-12-06 14:00:00,0.963,14.743
2019-12-06 15:00:00,0.972,15.203
2019-12-06 16:00:00,0.957,14.502
2019-12-06 17:00:00,0.936,13.776
2019-12-06 18:00:00,0.931,13.631
2019-12-06 19:00:00,0.95,14.216
2019-12-06 20:00:00,0.958,14.544
2019-12-06 21:00:00,0.965,14.821
2019-12-06 22:00:00,0.97,15.082
2019-12-06 23:00:00,0.97,15.09
2019-12-07 00:00:00,0.962,14.71
2019-12-07 01:00:00,0.953,14.332
2019-12-07 02:00:00,0.94,13.879
2019-12-07 03:00:00,0.939,13.831
2019-12-07 04:00:00,0.936,13.769
2019-12-07 05:00:00,0.924,13.427
2019-12-07 06:00:00,0.92,13.333
2019-12-07 07:00:00,0.921,13.359
2019-12-07 08:00:00,0.908,13.063
2019-12-07 09:00:00,0.882,12.536
2019-12-07 10:00:00,0.884,12.566
2019-12-07 11:00:00,0.856,12.101
2019-12-07 12:00:00,0.836,11.796
2019-12-07 13:00:00,0.864,12.211
2019-12-07 14:00:00,0.867,12.274
2019-12-07 15:00:00,0.871,12.34
2019-12-07 16:00:00,0.899,12.862
2019-12-07 17:00:00,0.917,13.252
2019-12-07 18:00:00,0.927,13.49
2019-12-07 19:00:00,0.958,14.538
2019-12-07 20:00:00,0.975,15.41
2019-12-07 21:00:00,0.981,15.868
2019-12-07 22:00:00,0.988,16.773
2019-12-07 23:00:00,0.986,18.155
2019-12-08 00:00:00,0.964,19.583
2019-12-08 01:00:00,0.915,20.886
2019-12-08 02:00:00,0.839,22.042
2019-12-08 03:00:00,0.702,23.424
2019-12-08 04:00:00,0.77,22.794
2019-12-08 05:00:00,0.953,19.975
2019-12-08 06:00:00,0.976,19.015
2019-12-08 07:00:00,0.981,18.721
2019-12-08 08:00:00,0.989,17.686
2019-12-08 09:00:00,0.989,17.435
2019-12-08 10:00:00,0.989,17.198
2019-12-08 11:00:00,0.989,17.568
2019-12-08 12:00:00,0.987,17.98
2019-12-08 13:00:00,0.985,18.338
2019-12-08 14:00:00,0.983,18.542
2019-12-08 15:00:00,0.984,18.457
2019-12-08 16:00:00,0.983,18.481
2019-12-08 17:00:00,0.981,18.672
2019-12-08 18:00:00,0.98,18.752
2019-12-08 19:00:00,0.981,18.698
2019-12-08 20:00:00,0.983,18.48
2019-12-08 21:00:00,0.985,18.338
2019-12-08 22:00:00,0.987,18.091
2019-12-08 23:00:00,0.989,17.597
2019-12-09 00:00:00,0.988,16.861
2019-12-09 01:00:00,0.981,15.89
2019-12-09 02:00:00,0.962,14.674
2019-12-09 03:00:00,0.923,13.412
2019-12-09 04:00:00,0.895,12.791
2019-12-09 05:00:00,0.903,12.951
2019-12-09 06:00:00,0.935,13.739
2019-12-09 07:00:00,0.974,15.346
2019-12-09 08:00:00,0.988,17.794
2019-12-09 09:00:00,0.972,19.257
2019-12-09 10:00:00,0.971,19.3
2019-12-09 11:00:00,0.966,19.498
2019-12-09 12:00:00,0.97,19.338
2019-12-09 13:00:00,0.978,18.932
2019-12-09 14:00:00,0.98,18.745
2019-12-09 15:00:00,0.986,18.203
2019-12-09 16:00:00,0.989,17.326
2019-12-09 17:00:00,0.986,16.444
2019-12-09 18:00:00,0.979,15.723
2019-12-09 19:00:00,0.959,14.584
2019-12-09 20:00:00,0.899,12.869
2019-12-09 21:00:00,0.781,11.105
2019-12-09 22:00:00,0.647,9.84
2019-12-09 23:00:00,0.466,8.452
2019-12-10 00:00:00,0.27,6.926
2019-12-10 01:00:00,0.266,6.889
2019-12-10 02:00:00,0.321,7.356
2019-12-10 03:00:00,0.389,7.881
2019-12-10 04:00:00,0.62,9.623
2019-12-10 05:00:00,0.808,11.437
2019-12-10 06:00:00,0.909,13.073
2019-12-10 07:00:00,0.957,14.48
2019-12-10 08:00:00,0.98,15.756
2019-12-10 09:00:00,0.989,17.076
2019-12-10 10:00:00,0.977,18.936
2019-12-10 11:00:00,0.922,20.756
2019-12-10 12:00:00,0.87,21.637
2019-12-10 13:00:00,0.806,22.423
2019-12-10 14:00:00,0.753,22.953
2019-12-10 15:00:00,0.723,23.23
2019-12-10 16:00:00,0.677,23.63
2019-12-10 17:00:00,0.616,24.127
2019-12-10 18:00:00,0.496,25.044
2019-12-10 19:00:00,0.474,25.209
2019-12-10 20:00:00,0.709,23.368
2019-12-10 21:00:00,0.955,19.903
2019-12-10 22:00:00,0.989,17.165
2019-12-10 23:00:00,0.969,15.061
2019-12-11 00:00:00,0.959,14.567
2019-12-11 01:00:00,0.966,14.871
2019-12-11 02:00:00,0.945,14.051
2019-12-11 03:00:00,0.915,13.213
2019-12-11 04:00:00,0.9,12.89
2019-12-11 05:00:00,0.868,12.293
2019-12-11 06:00:00,0.817,11.539
2019-12-11 07:00:00,0.769,10.978
2019-12-11 08:00:00,0.765,10.939
2019-12-11 09:00:00,0.775,11.046
2019-12-11 10:00:00,0.768,10.969
2019-12-11 11:00:00,0.77,10.986
2019-12-11 12:00:00,0.799,11.318
2019-12-11 13:00:00,0.82,11.588
2019-12-11 14:00:00,0.821,11.592
2019-12-11 15:00:00,0.817,11.55
2019-12-11 16:00:00,0.829,11.7
2019-12-11 17:00:00,0.84,11.867
2019-12-11 18:00:00,0.815,11.508
2019-12-11 19:00:00,0.726,10.537
2019-12-11 20:00:00,0.593,9.398
2019-12-11 21:00:00,0.514,8.8
2019-12-11 22:00:00,0.494,8.659
2019-12-11 23:00:00,0.507,8.753
2019-12-12 00:00:00,0.544,9.026
2019-12-12 01:00:00,0.581,9.311
2019-12-12 02:00:00,0.613,9.562
2019-12-12 03:00:00,0.634,9.732
2019-12-12 04:00:00,0.628,9.679
2019-12-12 05:00:00,0.629,9.685
2019-12-12 06:00:00,0.673,10.06
2019-12-12 07:00:00,0.719,10.477
2019-12-12 08:00:00,0.752,10.795
2019-12-12 09:00:00,0.788,11.194
2019-12-12 10:00:00,0.827,11.669
2019-12-12 11:00:00,0.872,12.357
2019-12-12 12:00:00,0.919,13.312
2019-12-12 13:00:00,0.962,14.672
2019-12-12 14:00:00,0.988,16.749
2019-12-12 15:00:00,0.981,18.653
2019-12-12 16:00:00,0.966,19.495
2019-12-12 17:00:00,0.962,19.68
2019-12-12 18:00:00,0.955,19.909
2019-12-12 19:00:00,0.941,20.302
2019-12-12 20:00:00,0.937,20.427
2019-12-12 21:00:00,0.964,19.602
2019-12-12 22:00:00,0.989,17.661
2019-12-12 23:00:00,0.962,14.716
2019-12-13 00:00:00,0.807,11.414
2019-12-13 01:00:00,0.514,8.812
2019-12-13 02:00:00,0.308,7.249
2019-12-13 03:00:00,0.212,6.399
2019-12-13 04:00:00,0.191,6.185
2019-12-13 05:00:00,0.199,6.259
2019-12-13 06:00:00,0.206,6.329
2019-12-13 07:00:00,0.222,6.494
2019-12-13 08:00:00,0.275,6.979
2019-12-13 09:00:00,0.377,7.794
2019-12-13 10:00:00,0.503,8.729
2019-12-13 11:00:00,0.618,9.602
2019-12-13 12:00:00,0.717,10.443
2019-12-13 13:00:00,0.782,11.119
2019-12-13 14:00:00,0.829,11.702
2019-12-13 15:00:00,0.869,12.314
2019-12-13 16:00:00,0.895,12.784
2019-12-13 17:00:00,0.911,13.119
2019-12-13 18:00:00,0.93,13.607
2019-12-13 19:00:00,0.947,14.125
2019-12-13 20:00:00,0.953,14.344
2019-12-13 21:00:00,0.954,14.354
2019-12-13 22:00:00,0.949,14.182
2019-12-13 23:00:00,0.949,14.163
2019-12-14 00:00:00,0.952,14.277
2019-12-14 01:00:00,0.959,14.59
2019-12-14 02:00:00,0.968,14.995
2019-12-14 03:00:00,0.977,15.537
2019-12-14 04:00:00,0.984,16.119
2019-12-14 05:00:00,0.988,16.83
2019-12-14 06:00:00,0.989,17.665
2019-12-14 07:00:00,0.983,18.528
2019-12-14 08:00:00,0.977,18.986
2019-12-14 09:00:00,0.975,19.091
2019-12-14 10:00:00,0.976,19.033
2019-12-14 11:00:00,0.975,19.057
2019-12-14 12:00:00,0.974,19.164
2019-12-14 13:00:00,0.98,18.731
2019-12-14 14:00:00,0.987,18.032
2019-12-14 15:00:00,0.988,17.759
2019-12-14 16:00:00,0.988,17.814
2019-12-14 17:00:00,0.988,17.934
2019-12-14 18:00:00,0.988,17.89
2019-12-14 19:00:00,0.989,17.48
2019-12-14 20:00:00,0.985,16.248
2019-12-14 21:00:00,0.965,14.864
2019-12-14 22:00:00,0.931,13.614
2019-12-14 23:00:00,0.918,13.297
2019-12-15 00:00:00,0.964,14.798
2019-12-15 01:00:00,0.989,17.31
2019-12-15 02:00:00,0.977,18.989
2019-12-15 03:00:00,0.909,21.015
2019-12-15 04:00:00,0.854,21.849
2019-12-15 05:00:00,0.642,23.913
2019-12-15 06:00:00,0.653,23.834
2019-12-15 07:00:00,0.844,21.985
2019-12-15 08:00:00,0.967,19.471
2019-12-15 09:00:00,0.982,18.637
2019-12-15 10:00:00,0.989,17.675
2019-12-15 11:00:00,0.987,16.502
2019-12-15 12:00:00,0.979,15.652
2019-12-15 13:00:00,0.964,14.805
2019-12-15 14:00:00,0.937,13.792
2019-12-15 15:00:00,0.9,12.879
2019-12-15 16:00:00,0.867,12.283
2019-12-15 17:00:00,0.854,12.069
2019-12-15 18:00:00,0.89,12.687
2019-12-15 19:00:00,0.928,13.548
2019-12-15 20:00:00,0.962,14.686
2019-12-15 21:00:00,0.969,15.028
2019-12-15 22:00:00,0.968,14.994
2019-12-15 23:00:00,0.971,15.142
2019-12-16 00:00:00,0.972,15.193
2019-12-16 01:00:00,0.968,15.0
2019-12-16 02:00:00,0.959,14.569
2019-12-16 03:00:00,0.962,14.699
2019-12-16 04:00:00,0.968,14.959
2019-12-16 05:00:00,0.948,14.133
2019-12-16 06:00:00,0.941,13.93
2019-12-16 07:00:00,0.938,13.811
2019-12-16 08:00:00,0.931,13.627
2019-12-16 09:00:00,0.919,13.309
2019-12-16 10:00:00,0.895,12.786
2019-12-16 11:00:00,0.864,12.231
2019-12-16 12:00:00,0.813,11.5
2019-12-16 13:00:00,0.731,10.589
2019-12-16 14:00:00,0.619,9.614
2019-12-16 15:00:00,0.505,8.735
2019-12-16 16:00:00,0.421,8.116
2019-12-16 17:00:00,0.349,7.573
2019-12-16 18:00:00,0.276,6.982
2019-12-16 19:00:00,0.22,6.474
2019-12-16 20:00:00,0.191,6.183
2019-12-16 21:00:00,0.173,5.995
2019-12-16 22:00:00,0.138,5.595
2019-12-16 23:00:00,0.088,4.891
2019-12-17 00:00:00,0.057,4.349
2019-12-17 01:00:00,0.062,4.445
2019-12-17 02:00:00,0.064,4.49
2019-12-17 03:00:00,0.083,4.805
2019-12-17 04:00:00,0.107,5.188
2019-12-17 05:00:00,0.087,4.882
2019-12-17 06:00:00,0.056,4.334
2019-12-17 07:00:00,0.041,3.99
2019-12-17 08:00:00,0.024,3.503
2019-12-17 09:00:00,0.052,4.242
2019-12-17 10:00:00,0.106,5.174
2019-12-17 11:00:00,0.147,5.699
2019-12-17 12:00:00,0.18,6.074
2019-12-17 13:00:00,0.226,6.536
2019-12-17 14:00:00,0.242,6.673
2019-12-17 15:00:00,0.207,6.346
2019-12-17 16:00:00,0.172,5.99
2019-12-17 17:00:00,0.17,5.959
2019-12-17 18:00:00,0.28,7.019
2019-12-17 19:00:00,0.511,8.782
2019-12-17 20:00:00,0.714,10.419
2019-12-17 21:00:00,0.793,11.251
2019-12-17 22:00:00,0.81,11.452
2019-12-17 23:00:00,0.818,11.561
2019-12-18 00:00:00,0.826,11.665
2019-12-18 01:00:00,0.802,11.35
2019-12-18 02:00:00,0.754,10.816
2019-12-18 03:00:00,0.687,10.171
2019-12-18 04:00:00,0.609,9.528
2019-12-18 05:00:00,0.53,8.924
2019-12-18 06:00:00,0.438,8.247
2019-12-18 07:00:00,0.366,7.706
2019-12-18 08:00:00,0.366,7.71
2019-12-18 09:00:00,0.356,7.63
2019-12-18 10:00:00,0.302,7.192
2019-12-18 11:00:00,0.27,6.932
2019-12-18 12:00:00,0.362,7.673
2019-12-18 13:00:00,0.428,8.167
2019-12-18 14:00:00,0.486,8.602
2019-12-18 15:00:00,0.611,9.543
2019-12-18 16:00:00,0.777,11.07
2019-12-18 17:00:00,0.89,12.689
2019-12-18 18:00:00,0.943,13.971
2019-12-18 19:00:00,0.956,14.461
2019-12-18 20:00:00,0.967,14.934
2019-12-18 21:00:00,0.974,15.359
2019-12-18 22:00:00,0.98,15.755
2019-12-18 23:00:00,0.982,15.983
2019-12-19 00:00:00,0.98,15.754
2019-12-19 01:00:00,0.968,15.017
2019-12-19 02:00:00,0.963,14.746
2019-12-19 03:00:00,0.962,14.678
2019-12-19 04:00:00,0.971,15.134
2019-12-19 05:00:00,0.96,14.603
2019-12-19 06:00:00,0.953,14.327
2019-12-19 07:00:00,0.959,14.554
2019-12-19 08:00:00,0.952,14.295
2019-12-19 09:00:00,0.953,14.329
2019-12-19 10:00:00,0.965,14.861
2019-12-19 11:00:00,0.965,14.814
2019-12-19 12:00:00,0.958,14.511
2019-12-19 13:00:00,0.953,14.343
2019-12-19 14:00:00,0.954,14.366
2019-12-19 15:00:00,0.955,14.413
2019-12-19 16:00:00,0.966,14.879
2019-12-19 17:00:00,0.98,15.771
2019-12-19 18:00:00,0.986,16.476
2019-12-19 19:00:00,0.988,17.855
2019-12-19 20:00:00,0.985,18.325
2019-12-19 21:00:00,0.988,16.76
2019-12-19 22:00:00,0.987,16.628
2019-12-19 23:00:00,0.98,15.799
2019-12-20 00:00:00,0.956,14.426
2019-12-20 01:00:00,0.934,13.699
2019-12-20 02:00:00,0.926,13.5
2019-12-20 03:00:00,0.89,12.673
2019-12-20 04:00:00,0.875,12.408
2019-12-20 05:00:00,0.907,13.035
2019-12-20 06:00:00,0.946,14.072
2019-12-20 07:00:00,0.969,15.063
2019-12-20 08:00:00,0.978,15.625
2019-12-20 09:00:00,0.989,17.331
2019-12-20 10:00:00,0.989,17.15
2019-12-20 11:00:00,0.985,16.242
2019-12-20 12:00:00,0.984,16.153
2019-12-20 13:00:00,0.968,14.984
2019-12-20 14:00:00,0.941,13.919
2019-12-20 15:00:00,0.946,14.086
2019-12-20 16:00:00,0.959,14.587
2019-12-20 17:00:00,0.965,14.832
2019-12-20 18:00:00,0.964,14.797
2019-12-20 19:00:00,0.967,14.944
2019-12-20 20:00:00,0.963,14.766
2019-12-20 21:00:00,0.952,14.283
2019-12-20 22:00:00,0.939,13.848
2019-12-20 23:00:00,0.934,13.719
2019-12-21 00:00:00,0.91,13.102
2019-12-21 01:00:00,0.851,12.017
2019-12-21 02:00:00,0.771,10.991
2019-12-21 03:00:00,0.668,10.016
2019-12-21 04:00:00,0.601,9.47
2019-12-21 05:00:00,0.641,9.792
2019-12-21 06:00:00,0.78,11.093
2019-12-21 07:00:00,0.905,12.994
2019-12-21 08:00:00,0.947,14.126
2019-12-21 09:00:00,0.951,14.251
2019-12-21 10:00:00,0.935,13.737
2019-12-21 11:00:00,0.925,13.45
2019-12-21 12:00:00,0.927,13.505
2019-12-21 13:00:00,0.933,13.672
2019-12-21 14:00:00,0.929,13.558
2019-12-21 15:00:00,0.903,12.953
2019-12-21 16:00:00,0.86,12.165
2019-12-21 17:00:00,0.847,11.967
2019-12-21 18:00:00,0.857,12.115
2019-12-21 19:00:00,0.843,11.899
2019-12-21 20:00:00,0.842,11.885
2019-12-21 21:00:00,0.87,12.326
2019-12-21 22:00:00,0.869,12.309
2019-12-21 23:00:00,0.83,11.722
2019-12-22 00:00:00,0.771,10.998
2019-12-22 01:00:00,0.714,10.416
2019-12-22 02:00:00,0.704,10.328
2019-12-22 03:00:00,0.708,10.363
2019-12-22 04:00:00,0.66,9.939
2019-12-22 05:00:00,0.575,9.266
2019-12-22 06:00:00,0.449,8.323
2019-12-22 07:00:00,0.316,7.319
2019-12-22 08:00:00,0.229,6.559
2019-12-22 09:00:00,0.161,5.862
2019-12-22 10:00:00,0.105,5.158
2019-12-22 11:00:00,0.113,5.267
2019-12-22 12:00:00,0.184,6.115
2019-12-22 13:00:00,0.246,6.708
2019-12-22 14:00:00,0.275,6.979
2019-12-22 15:00:00,0.312,7.278
2019-12-22 16:00:00,0.416,8.077
2019-12-22 17:00:00,0.557,9.13
2019-12-22 18:00:00,0.66,9.943
2019-12-22 19:00:00,0.696,10.262
2019-12-22 20:00:00,0.693,10.233
2019-12-22 21:00:00,0.656,9.905
2019-12-22 22:00:00,0.614,9.572
2019-12-22 23:00:00,0.636,9.742
2019-12-23 00:00:00,0.702,10.319
2019-12-23 01:00:00,0.771,10.988
2019-12-23 02:00:00,0.82,11.575
2019-12-23 03:00:00,0.829,11.71
2019-12-23 04:00:00,0.796,11.28
2019-12-23 05:00:00,0.751,10.79
2019-12-23 06:00:00,0.747,10.742
2019-12-23 07:00:00,0.797,11.296
2019-12-23 08:00:00,0.854,12.069
2019-12-23 09:00:00,0.883,12.546
2019-12-23 10:00:00,0.903,12.953
2019-12-23 11:00:00,0.937,13.803
2019-12-23 12:00:00,0.954,14.385
2019-12-23 13:00:00,0.957,14.507
2019-12-23 14:00:00,0.954,14.377
2019-12-23 15:00:00,0.949,14.166
2019-12-23 16:00:00,0.948,14.14
2019-12-23 17:00:00,0.954,14.368
2019-12-23 18:00:00,0.95,14.226
2019-12-23 19:00:00,0.939,13.864
2019-12-23 20:00:00,0.933,13.689
2019-12-23 21:00:00,0.945,14.042
2019-12-23 22:00:00,0.94,13.884
2019-12-23 23:00:00,0.893,12.734
2019-12-24 00:00:00,0.785,11.157
2019-12-24 01:00:00,0.682,10.132
2019-12-24 02:00:00,0.632,9.708
2019-12-24 03:00:00,0.585,9.344
2019-12-24 04:00:00,0.54,8.992
2019-12-24 05:00:00,0.482,8.568
2019-12-24 06:00:00,0.441,8.272
2019-12-24 07:00:00,0.392,7.908
2019-12-24 08:00:00,0.28,7.009
2019-12-24 09:00:00,0.138,5.587
2019-12-24 10:00:00,0.039,3.945
2019-12-24 11:00:00,0.034,3.808
2019-12-24 12:00:00,0.087,4.888
2019-12-24 13:00:00,0.17,5.96
2019-12-24 14:00:00,0.22,6.474
2019-12-24 15:00:00,0.231,6.576
2019-12-24 16:00:00,0.222,6.489
2019-12-24 17:00:00,0.186,6.137
2019-12-24 18:00:00,0.156,5.8
2019-12-24 19:00:00,0.118,5.34
2019-12-24 20:00:00,0.118,5.322
2019-12-24 21:00:00,0.159,5.846
2019-12-24 22:00:00,0.234,6.602
2019-12-24 23:00:00,0.349,7.572
2019-12-25 00:00:00,0.511,8.779
2019-12-25 01:00:00,0.663,9.973
2019-12-25 02:00:00,0.762,10.894
2019-12-25 03:00:00,0.804,11.378
2019-12-25 04:00:00,0.827,11.671
2019-12-25 05:00:00,0.834,11.764
2019-12-25 06:00:00,0.818,11.554
2019-12-25 07:00:00,0.764,10.925
2019-12-25 08:00:00,0.681,10.131
2019-12-25 09:00:00,0.567,9.208
2019-12-25 10:00:00,0.466,8.458
2019-12-25 11:00:00,0.389,7.884
2019-12-25 12:00:00,0.344,7.537
2019-12-25 13:00:00,0.328,7.405
2019-12-25 14:00:00,0.32,7.343
2019-12-25 15:00:00,0.3,7.182
2019-12-25 16:00:00,0.24,6.663
2019-12-25 17:00:00,0.148,5.719
2019-12-25 18:00:00,0.091,4.948
2019-12-25 19:00:00,0.08,4.76
2019-12-25 20:00:00,0.105,5.151
2019-12-25 21:00:00,0.118,5.334
2019-12-25 22:00:00,0.097,5.025
2019-12-25 23:00:00,0.072,4.63
2019-12-26 00:00:00,0.047,4.124
2019-12-26 01:00:00,0.038,3.899
2019-12-26 02:00:00,0.049,4.173
2019-12-26 03:00:00,0.08,4.764
2019-12-26 04:00:00,0.12,5.363
2019-12-26 05:00:00,0.17,5.956
2019-12-26 06:00:00,0.219,6.468
2019-12-26 07:00:00,0.28,7.014
2019-12-26 08:00:00,0.362,7.681
2019-12-26 09:00:00,0.489,8.626
2019-12-26 10:00:00,0.641,9.792
2019-12-26 11:00:00,0.766,10.942
2019-12-26 12:00:00,0.836,11.803
2019-12-26 13:00:00,0.875,12.399
2019-12-26 14:00:00,0.902,12.931
2019-12-26 15:00:00,0.921,13.36
2019-12-26 16:00:00,0.927,13.512
2019-12-26 17:00:00,0.927,13.518
2019-12-26 18:00:00,0.925,13.45
2019-12-26 19:00:00,0.917,13.265
2019-12-26 20:00:00,0.904,12.968
2019-12-26 21:00:00,0.889,12.655
2019-12-26 22:00:00,0.877,12.449
2019-12-26 23:00:00,0.868,12.286
2019-12-27 00:00:00,0.864,12.225
2019-12-27 01:00:00,0.867,12.268
2019-12-27 02:00:00,0.846,11.95
2019-12-27 03:00:00,0.771,10.992
2019-12-27 04:00:00,0.677,10.085
2019-12-27 05:00:00,0.633,9.717
2019-12-27 06:00:00,0.625,9.661
2019-12-27 07:00:00,0.626,9.662
2019-12-27 08:00:00,0.606,9.505
2019-12-27 09:00:00,0.596,9.427
2019-12-27 10:00:00,0.594,9.407
2019-12-27 11:00:00,0.595,9.417
2019-12-27 12:00:00,0.602,9.477
2019-12-27 13:00:00,0.588,9.37
2019-12-27 14:00:00,0.569,9.217
2019-12-27 15:00:00,0.573,9.245
2019-12-27 16:00:00,0.604,9.487
2019-12-27 17:00:00,0.639,9.772
2019-12-27 18:00:00,0.642,9.794
2019-12-27 19:00:00,0.636,9.747
2019-12-27 20:00:00,0.647,9.834
2019-12-27 21:00:00,0.667,10.004
2019-12-27 22:00:00,0.664,9.98
2019-12-27 23:00:00,0.671,10.045
2019-12-28 00:00:00,0.675,10.071
2019-12-28 01:00:00,0.647,9.828
2019-12-28 02:00:00,0.622,9.631
2019-12-28 03:00:00,0.622,9.635
2019-12-28 04:00:00,0.633,9.72
2019-12-28 05:00:00,0.647,9.838
2019-12-28 06:00:00,0.677,10.082
2019-12-28 07:00:00,0.717,10.445
2019-12-28 08:00:00,0.756,10.841
2019-12-28 09:00:00,0.786,11.173
2019-12-28 10:00:00,0.808,11.433
2019-12-28 11:00:00,0.807,11.419
2019-12-28 12:00:00,0.783,11.123
2019-12-28 13:00:00,0.773,11.013
2019-12-28 14:00:00,0.765,10.936
2019-12-28 15:00:00,0.807,11.417
2019-12-28 16:00:00,0.846,11.936
2019-12-28 17:00:00,0.851,12.01
2019-12-28 18:00:00,0.826,11.649
2019-12-28 19:00:00,0.758,10.853
2019-12-28 20:00:00,0.768,10.972
2019-12-28 21:00:00,0.813,11.497
2019-12-28 22:00:00,0.828,11.69
2019-12-28 23:00:00,0.841,11.869
2019-12-29 00:00:00,0.832,11.737
2019-12-29 01:00:00,0.838,11.825
2019-12-29 02:00:00,0.829,11.711
2019-12-29 03:00:00,0.818,11.561
2019-12-29 04:00:00,0.799,11.318
2019-12-29 05:00:00,0.774,11.031
2019-12-29 06:00:00,0.771,10.992
2019-12-29 07:00:00,0.807,11.415
2019-12-29 08:00:00,0.853,12.047
2019-12-29 09:00:00,0.882,12.54
2019-12-29 10:00:00,0.893,12.749
2019-12-29 11:00:00,0.896,12.799
2019-12-29 12:00:00,0.893,12.74
2019-12-29 13:00:00,0.89,12.67
2019-12-29 14:00:00,0.891,12.7
2019-12-29 15:00:00,0.899,12.857
2019-12-29 16:00:00,0.91,13.105
2019-12-29 17:00:00,0.916,13.25
2019-12-29 18:00:00,0.917,13.254
2019-12-29 19:00:00,0.918,13.294
2019-12-29 20:00:00,0.925,13.473
2019-12-29 21:00:00,0.93,13.583
2019-12-29 22:00:00,0.92,13.336
2019-12-29 23:00:00,0.903,12.936
2019-12-30 00:00:00,0.886,12.601
2019-12-30 01:00:00,0.873,12.378
2019-12-30 02:00:00,0.859,12.14
2019-12-30 03:00:00,0.835,11.788
2019-12-30 04:00:00,0.817,11.552
2019-12-30 05:00:00,0.818,11.556
2019-12-30 06:00:00,0.827,11.685
2019-12-30 07:00:00,0.83,11.716
2019-12-30 08:00:00,0.824,11.641
2019-12-30 09:00:00,0.822,11.615
2019-12-30 10:00:00,0.816,11.525
2019-12-30 11:00:00,0.801,11.33
2019-12-30 12:00:00,0.783,11.126
2019-12-30 13:00:00,0.763,10.899
2019-12-30 14:00:00,0.738,10.649
2019-12-30 15:00:00,0.714,10.428
2019-12-30 16:00:00,0.716,10.438
2019-12-30 17:00:00,0.741,10.683
2019-12-30 18:00:00,0.74,10.674
2019-12-30 19:00:00,0.733,10.603
2019-12-30 20:00:00,0.712,10.406
2019-12-30 21:00:00,0.698,10.277
2019-12-30 22:00:00,0.67,10.033
2019-12-30 23:00:00,0.658,9.927
2019-12-31 00:00:00,0.65,9.861
2019-12-31 01:00:00,0.587,9.359
2019-12-31 02:00:00,0.46,8.401
2019-12-31 03:00:00,0.342,7.518
2019-12-31 04:00:00,0.222,6.487
2019-12-31 05:00:00,0.154,5.778
2019-12-31 06:00:00,0.158,5.832
2019-12-31 07:00:00,0.179,6.065
2019-12-31 08:00:00,0.159,5.84
2019-12-31 09:00:00,0.13,5.487
2019-12-31 10:00:00,0.073,4.644
2019-12-31 11:00:00,0.053,4.257
2019-12-31 12:00:00,0.052,4.239
2019-12-31 13:00:00,0.043,4.048
2019-12-31 14:00:00,0.038,3.914
2019-12-31 15:00:00,0.038,3.925
2019-12-31 16:00:00,0.048,4.155
2019-12-31 17:00:00,0.085,4.849
2019-12-31 18:00:00,0.137,5.572
2019-12-31 19:00:00,0.189,6.164
2019-12-31 20:00:00,0.251,6.75
2019-12-31 21:00:00,0.313,7.284
2019-12-31 22:00:00,0.38,7.819
2019-12-31 23:00:00,0.45,8.338
